checkpoint,train_h,train_r,train_t,test_h,test_r,test_t,influence
model_10.pt,MONDO:0012176,predicate:20,HP:0003028,CHEBI:88548,predicate:1,HMDB:HMDB0073866,0.0
model_10.pt,CHEBI:16959,predicate:17,CHEBI:172284,CHEBI:88548,predicate:1,HMDB:HMDB0073866,0.0
model_10.pt,PUBCHEM.COMPOUND:68020555,predicate:0,PUBCHEM.COMPOUND:44459583,CHEBI:88548,predicate:1,HMDB:HMDB0073866,0.0
model_10.pt,PUBCHEM.COMPOUND:137636752,predicate:0,CHEBI:134753,CHEBI:88548,predicate:1,HMDB:HMDB0073866,0.0
model_10.pt,PUBCHEM.COMPOUND:124221273,predicate:23,MONDO:0015691,CHEBI:88548,predicate:1,HMDB:HMDB0073866,0.0
model_10.pt,PUBCHEM.COMPOUND:130200977,predicate:18,CHEBI:144991,CHEBI:88548,predicate:1,HMDB:HMDB0073866,0.0
model_10.pt,MONDO:0005044,predicate:11,MONDO:0056796,CHEBI:88548,predicate:1,HMDB:HMDB0073866,0.0
model_10.pt,CHEBI:16592,predicate:41,CHEBI:114693,CHEBI:88548,predicate:1,HMDB:HMDB0073866,0.0
model_10.pt,CHEBI:166772,predicate:15,CHEBI:175537,CHEBI:88548,predicate:1,HMDB:HMDB0073866,0.0
model_10.pt,DRUGBANK:DB11158,predicate:2,MONDO:0005147,CHEBI:88548,predicate:1,HMDB:HMDB0073866,0.0
model_10.pt,CHEBI:145008,predicate:2,MONDO:0001076,CHEBI:88548,predicate:1,HMDB:HMDB0073866,0.0
model_10.pt,CHEBI:172333,predicate:11,CHEBI:84017,CHEBI:88548,predicate:1,HMDB:HMDB0073866,0.0
model_10.pt,CHEBI:188563,predicate:12,PUBCHEM.COMPOUND:52924335,CHEBI:88548,predicate:1,HMDB:HMDB0073866,0.0
model_10.pt,CHEBI:190239,predicate:11,HMDB:HMDB0072989,CHEBI:88548,predicate:1,HMDB:HMDB0073866,0.0
model_10.pt,CHEBI:135278,predicate:22,MONDO:0005559,CHEBI:88548,predicate:1,HMDB:HMDB0073866,0.0
model_10.pt,CHEBI:47040,predicate:15,CHEBI:146256,CHEBI:88548,predicate:1,HMDB:HMDB0073866,0.0
model_10.pt,CHEMBL.COMPOUND:CHEMBL4747062,predicate:0,CHEBI:71479,CHEBI:88548,predicate:1,HMDB:HMDB0073866,0.0
model_10.pt,CHEBI:42371,predicate:17,CHEBI:135736,CHEBI:88548,predicate:1,HMDB:HMDB0073866,0.0
model_10.pt,CHEBI:143114,predicate:1,CHEBI:125432,CHEBI:88548,predicate:1,HMDB:HMDB0073866,-71.67643737792969
model_10.pt,CHEBI:185767,predicate:1,CHEBI:16264,CHEBI:88548,predicate:1,HMDB:HMDB0073866,-39.54631042480469
model_10.pt,CHEBI:109317,predicate:14,CHEBI:170587,CHEBI:88548,predicate:1,HMDB:HMDB0073866,0.0
model_10.pt,CHEMBL.COMPOUND:CHEMBL4877928,predicate:1,PUBCHEM.COMPOUND:130363355,CHEBI:88548,predicate:1,HMDB:HMDB0073866,-57.12114715576172
model_10.pt,CHEBI:136073,predicate:10,MONDO:0007263,CHEBI:88548,predicate:1,HMDB:HMDB0073866,0.0
model_10.pt,PUBCHEM.COMPOUND:131762323,predicate:13,CHEBI:149534,CHEBI:88548,predicate:1,HMDB:HMDB0073866,0.0
model_10.pt,PUBCHEM.COMPOUND:54325967,predicate:0,CHEBI:149800,CHEBI:88548,predicate:1,HMDB:HMDB0073866,0.0
model_10.pt,HP:0000021,predicate:0,CHEBI:167578,CHEBI:88548,predicate:1,HMDB:HMDB0073866,0.0
model_10.pt,CHEMBL.COMPOUND:CHEMBL4782467,predicate:15,CHEBI:134948,CHEBI:88548,predicate:1,HMDB:HMDB0073866,0.0
model_10.pt,NCBIGene:23163,predicate:18,NCBIGene:100528017,CHEBI:88548,predicate:1,HMDB:HMDB0073866,0.0
model_10.pt,CHEBI:142271,predicate:1,CHEBI:192396,CHEBI:88548,predicate:1,HMDB:HMDB0073866,-56.18060302734375
model_10.pt,CHEBI:146285,predicate:12,PUBCHEM.COMPOUND:53478731,CHEBI:88548,predicate:1,HMDB:HMDB0073866,0.0
model_10.pt,CHEBI:136073,predicate:15,CHEBI:125586,CHEBI:88548,predicate:1,HMDB:HMDB0073866,0.0
model_10.pt,CHEMBL.COMPOUND:CHEMBL596806,predicate:20,HP:0000253,CHEBI:88548,predicate:1,HMDB:HMDB0073866,0.0
model_10.pt,NCBIGene:838170,predicate:13,CHEBI:75099,CHEBI:88548,predicate:1,HMDB:HMDB0073866,0.0
model_10.pt,PUBCHEM.COMPOUND:117859783,predicate:11,PUBCHEM.COMPOUND:10525997,CHEBI:88548,predicate:1,HMDB:HMDB0073866,0.0
model_10.pt,PUBCHEM.COMPOUND:127036977,predicate:0,CHEBI:103739,CHEBI:88548,predicate:1,HMDB:HMDB0073866,0.0
model_10.pt,PUBCHEM.COMPOUND:44433263,predicate:0,CHEBI:119893,CHEBI:88548,predicate:1,HMDB:HMDB0073866,0.0
model_10.pt,CHEBI:3914,predicate:15,CHEBI:190153,CHEBI:88548,predicate:1,HMDB:HMDB0073866,0.0
model_10.pt,PUBCHEM.COMPOUND:44314087,predicate:0,CHEBI:140407,CHEBI:88548,predicate:1,HMDB:HMDB0073866,0.0
model_10.pt,PUBCHEM.COMPOUND:25093440,predicate:0,CHEBI:113553,CHEBI:88548,predicate:1,HMDB:HMDB0073866,0.0
model_10.pt,CHEBI:65179,predicate:11,PUBCHEM.COMPOUND:11274029,CHEBI:88548,predicate:1,HMDB:HMDB0073866,0.0
model_10.pt,CHEBI:71580,predicate:22,MONDO:0005068,CHEBI:88548,predicate:1,HMDB:HMDB0073866,0.0
model_10.pt,CHEBI:190006,predicate:14,PUBCHEM.COMPOUND:118471641,CHEBI:88548,predicate:1,HMDB:HMDB0073866,0.0
model_10.pt,PUBCHEM.COMPOUND:59268935,predicate:0,CHEBI:113373,CHEBI:88548,predicate:1,HMDB:HMDB0073866,0.0
model_10.pt,CHEBI:157642,predicate:1,PUBCHEM.COMPOUND:130345144,CHEBI:88548,predicate:1,HMDB:HMDB0073866,-38.550086975097656
model_10.pt,PUBCHEM.COMPOUND:57395067,predicate:0,CHEBI:167320,CHEBI:88548,predicate:1,HMDB:HMDB0073866,0.0
model_10.pt,PUBCHEM.COMPOUND:2744597,predicate:11,PUBCHEM.COMPOUND:2930224,CHEBI:88548,predicate:1,HMDB:HMDB0073866,0.0
model_10.pt,CHEBI:137225,predicate:17,CHEBI:131804,CHEBI:88548,predicate:1,HMDB:HMDB0073866,0.0
model_10.pt,CHEBI:111166,predicate:1,CHEBI:93303,CHEBI:88548,predicate:1,HMDB:HMDB0073866,48.18394470214844
model_10.pt,MONDO:0013171,predicate:20,MONDO:0001071,CHEBI:88548,predicate:1,HMDB:HMDB0073866,0.0
model_10.pt,CHEBI:143170,predicate:1,CHEBI:166778,CHEBI:88548,predicate:1,HMDB:HMDB0073866,39.60846710205078
model_10.pt,CHEBI:51561,predicate:2,HP:0001945,CHEBI:88548,predicate:1,HMDB:HMDB0073866,0.0
model_10.pt,UNII:5M691HL4BO,predicate:23,HP:0001288,CHEBI:88548,predicate:1,HMDB:HMDB0073866,0.0
model_10.pt,MONDO:0011122,predicate:18,CHEBI:132752,CHEBI:88548,predicate:1,HMDB:HMDB0073866,0.0
model_10.pt,PUBCHEM.COMPOUND:10314049,predicate:13,CHEBI:18086,CHEBI:88548,predicate:1,HMDB:HMDB0073866,0.0
model_10.pt,CHEBI:144357,predicate:20,HP:0002857,CHEBI:88548,predicate:1,HMDB:HMDB0073866,0.0
model_10.pt,CHEBI:16207,predicate:15,CHEBI:129768,CHEBI:88548,predicate:1,HMDB:HMDB0073866,0.0
model_10.pt,CHEBI:139081,predicate:20,HP:0010864,CHEBI:88548,predicate:1,HMDB:HMDB0073866,0.0
model_10.pt,PUBCHEM.COMPOUND:5702107,predicate:3,CHEBI:109116,CHEBI:88548,predicate:1,HMDB:HMDB0073866,0.0
model_10.pt,CHEBI:71289,predicate:17,CHEBI:180867,CHEBI:88548,predicate:1,HMDB:HMDB0073866,0.0
model_10.pt,PUBCHEM.COMPOUND:9834864,predicate:21,CHEBI:113373,CHEBI:88548,predicate:1,HMDB:HMDB0073866,0.0
model_10.pt,PUBCHEM.COMPOUND:44431492,predicate:18,CHEBI:121826,CHEBI:88548,predicate:1,HMDB:HMDB0073866,0.0
model_10.pt,PUBCHEM.COMPOUND:10432760,predicate:25,CHEBI:166658,CHEBI:88548,predicate:1,HMDB:HMDB0073866,0.0
model_10.pt,PUBCHEM.COMPOUND:25015107,predicate:0,CHEBI:127989,CHEBI:88548,predicate:1,HMDB:HMDB0073866,0.0
model_10.pt,PUBCHEM.COMPOUND:131757266,predicate:13,MONDO:0006749,CHEBI:88548,predicate:1,HMDB:HMDB0073866,0.0
model_10.pt,CHEBI:72619,predicate:1,CHEBI:196198,CHEBI:88548,predicate:1,HMDB:HMDB0073866,17.50813102722168
model_10.pt,CHEBI:71600,predicate:1,HMDB:HMDB0009929,CHEBI:88548,predicate:1,HMDB:HMDB0073866,-29.333255767822266
model_10.pt,CHEBI:184579,predicate:11,CHEBI:144250,CHEBI:88548,predicate:1,HMDB:HMDB0073866,0.0
model_10.pt,CHEBI:88497,predicate:1,CHEBI:144822,CHEBI:88548,predicate:1,HMDB:HMDB0073866,22.42305374145508
model_10.pt,CHEBI:15040,predicate:16,MONDO:0013171,CHEBI:88548,predicate:1,HMDB:HMDB0073866,0.0
model_10.pt,MONDO:0005272,predicate:1,CHEBI:18262,CHEBI:88548,predicate:1,HMDB:HMDB0073866,46.280067443847656
model_10.pt,CHEBI:126004,predicate:17,CHEBI:175375,CHEBI:88548,predicate:1,HMDB:HMDB0073866,0.0
model_10.pt,MONDO:0035764,predicate:1,HMDB:HMDB0083268,CHEBI:88548,predicate:1,HMDB:HMDB0073866,-34.21177291870117
model_10.pt,PUBCHEM.COMPOUND:155512592,predicate:0,CHEBI:103843,CHEBI:88548,predicate:1,HMDB:HMDB0073866,0.0
model_10.pt,CHEBI:15490,predicate:15,CHEBI:170609,CHEBI:88548,predicate:1,HMDB:HMDB0073866,0.0
model_10.pt,CHEBI:138520,predicate:28,CHEBI:171141,CHEBI:88548,predicate:1,HMDB:HMDB0073866,0.0
model_10.pt,CHEBI:131557,predicate:1,CHEBI:73731,CHEBI:88548,predicate:1,HMDB:HMDB0073866,-61.67395782470703
model_10.pt,CHEBI:134948,predicate:22,MONDO:0000831,CHEBI:88548,predicate:1,HMDB:HMDB0073866,0.0
model_10.pt,PUBCHEM.COMPOUND:10578760,predicate:0,CHEBI:92697,CHEBI:88548,predicate:1,HMDB:HMDB0073866,0.0
model_10.pt,HMDB:HMDB0076696,predicate:17,CHEBI:170784,CHEBI:88548,predicate:1,HMDB:HMDB0073866,0.0
model_10.pt,MONDO:0859265,predicate:3,CHEBI:176304,CHEBI:88548,predicate:1,HMDB:HMDB0073866,0.0
model_10.pt,CHEBI:113553,predicate:1,HMDB:HMDB0077232,CHEBI:88548,predicate:1,HMDB:HMDB0073866,-18.03284072875977
model_10.pt,PUBCHEM.COMPOUND:137226420,predicate:0,CHEBI:109116,CHEBI:88548,predicate:1,HMDB:HMDB0073866,0.0
model_10.pt,MONDO:0010691,predicate:20,HP:0007957,CHEBI:88548,predicate:1,HMDB:HMDB0073866,0.0
model_10.pt,CHEMBL.COMPOUND:CHEMBL536308,predicate:1,CHEBI:163814,CHEBI:88548,predicate:1,HMDB:HMDB0073866,30.75038146972656
model_10.pt,CHEBI:83370,predicate:16,CHEBI:72635,CHEBI:88548,predicate:1,HMDB:HMDB0073866,0.0
model_10.pt,PUBCHEM.COMPOUND:122196132,predicate:0,CHEBI:172159,CHEBI:88548,predicate:1,HMDB:HMDB0073866,0.0
model_10.pt,MONDO:0011730,predicate:1,CHEMBL.COMPOUND:CHEMBL54465,CHEBI:88548,predicate:1,HMDB:HMDB0073866,-25.563549041748047
model_10.pt,MONDO:0011840,predicate:1,CHEBI:139280,CHEBI:88548,predicate:1,HMDB:HMDB0073866,0.0804271697998046
model_10.pt,CHEBI:17482,predicate:23,MONDO:0001382,CHEBI:88548,predicate:1,HMDB:HMDB0073866,0.0
model_10.pt,PUBCHEM.COMPOUND:25263321,predicate:11,PUBCHEM.COMPOUND:3003511,CHEBI:88548,predicate:1,HMDB:HMDB0073866,0.0
model_10.pt,PUBCHEM.COMPOUND:10216381,predicate:11,PUBCHEM.COMPOUND:10431492,CHEBI:88548,predicate:1,HMDB:HMDB0073866,0.0
model_10.pt,NCBIGene:820781,predicate:12,PUBCHEM.COMPOUND:131761197,CHEBI:88548,predicate:1,HMDB:HMDB0073866,0.0
model_10.pt,CHEBI:51068,predicate:17,HMDB:HMDB0009399,CHEBI:88548,predicate:1,HMDB:HMDB0073866,0.0
model_10.pt,CHEBI:9330,predicate:22,MONDO:0005011,CHEBI:88548,predicate:1,HMDB:HMDB0073866,0.0
model_10.pt,PUBCHEM.COMPOUND:10048208,predicate:26,CHEMBL.COMPOUND:CHEMBL151630,CHEBI:88548,predicate:1,HMDB:HMDB0073866,0.0
model_10.pt,PUBCHEM.COMPOUND:44176335,predicate:0,CHEBI:105317,CHEBI:88548,predicate:1,HMDB:HMDB0073866,0.0
model_10.pt,PUBCHEM.COMPOUND:49864838,predicate:18,CHEBI:109533,CHEBI:88548,predicate:1,HMDB:HMDB0073866,0.0
model_10.pt,CHEBI:185985,predicate:16,CHEBI:70967,CHEBI:88548,predicate:1,HMDB:HMDB0073866,0.0
model_10.pt,CHEMBL.COMPOUND:CHEMBL4798272,predicate:15,CHEBI:167641,CHEBI:88548,predicate:1,HMDB:HMDB0073866,0.0
model_10.pt,PUBCHEM.COMPOUND:126739109,predicate:11,MONDO:0006996,CHEBI:88548,predicate:1,HMDB:HMDB0073866,0.0
model_10.pt,MONDO:0012176,predicate:20,HP:0003028,CHEBI:156386,predicate:11,CHEBI:171141,0.0
model_10.pt,CHEBI:16959,predicate:17,CHEBI:172284,CHEBI:156386,predicate:11,CHEBI:171141,0.0
model_10.pt,PUBCHEM.COMPOUND:68020555,predicate:0,PUBCHEM.COMPOUND:44459583,CHEBI:156386,predicate:11,CHEBI:171141,0.0
model_10.pt,PUBCHEM.COMPOUND:137636752,predicate:0,CHEBI:134753,CHEBI:156386,predicate:11,CHEBI:171141,0.0
model_10.pt,PUBCHEM.COMPOUND:124221273,predicate:23,MONDO:0015691,CHEBI:156386,predicate:11,CHEBI:171141,0.0
model_10.pt,PUBCHEM.COMPOUND:130200977,predicate:18,CHEBI:144991,CHEBI:156386,predicate:11,CHEBI:171141,0.0
model_10.pt,MONDO:0005044,predicate:11,MONDO:0056796,CHEBI:156386,predicate:11,CHEBI:171141,29.997068405151367
model_10.pt,CHEBI:16592,predicate:41,CHEBI:114693,CHEBI:156386,predicate:11,CHEBI:171141,0.0
model_10.pt,CHEBI:166772,predicate:15,CHEBI:175537,CHEBI:156386,predicate:11,CHEBI:171141,0.0
model_10.pt,DRUGBANK:DB11158,predicate:2,MONDO:0005147,CHEBI:156386,predicate:11,CHEBI:171141,0.0
model_10.pt,CHEBI:145008,predicate:2,MONDO:0001076,CHEBI:156386,predicate:11,CHEBI:171141,0.0
model_10.pt,CHEBI:172333,predicate:11,CHEBI:84017,CHEBI:156386,predicate:11,CHEBI:171141,25.2277889251709
model_10.pt,CHEBI:188563,predicate:12,PUBCHEM.COMPOUND:52924335,CHEBI:156386,predicate:11,CHEBI:171141,0.0
model_10.pt,CHEBI:190239,predicate:11,HMDB:HMDB0072989,CHEBI:156386,predicate:11,CHEBI:171141,14.5107421875
model_10.pt,CHEBI:135278,predicate:22,MONDO:0005559,CHEBI:156386,predicate:11,CHEBI:171141,0.0
model_10.pt,CHEBI:47040,predicate:15,CHEBI:146256,CHEBI:156386,predicate:11,CHEBI:171141,0.0
model_10.pt,CHEMBL.COMPOUND:CHEMBL4747062,predicate:0,CHEBI:71479,CHEBI:156386,predicate:11,CHEBI:171141,0.0
model_10.pt,CHEBI:42371,predicate:17,CHEBI:135736,CHEBI:156386,predicate:11,CHEBI:171141,0.0
model_10.pt,CHEBI:143114,predicate:1,CHEBI:125432,CHEBI:156386,predicate:11,CHEBI:171141,0.0
model_10.pt,CHEBI:185767,predicate:1,CHEBI:16264,CHEBI:156386,predicate:11,CHEBI:171141,0.0
model_10.pt,CHEBI:109317,predicate:14,CHEBI:170587,CHEBI:156386,predicate:11,CHEBI:171141,0.0
model_10.pt,CHEMBL.COMPOUND:CHEMBL4877928,predicate:1,PUBCHEM.COMPOUND:130363355,CHEBI:156386,predicate:11,CHEBI:171141,0.0
model_10.pt,CHEBI:136073,predicate:10,MONDO:0007263,CHEBI:156386,predicate:11,CHEBI:171141,0.0
model_10.pt,PUBCHEM.COMPOUND:131762323,predicate:13,CHEBI:149534,CHEBI:156386,predicate:11,CHEBI:171141,0.0
model_10.pt,PUBCHEM.COMPOUND:54325967,predicate:0,CHEBI:149800,CHEBI:156386,predicate:11,CHEBI:171141,0.0
model_10.pt,HP:0000021,predicate:0,CHEBI:167578,CHEBI:156386,predicate:11,CHEBI:171141,0.0
model_10.pt,CHEMBL.COMPOUND:CHEMBL4782467,predicate:15,CHEBI:134948,CHEBI:156386,predicate:11,CHEBI:171141,0.0
model_10.pt,NCBIGene:23163,predicate:18,NCBIGene:100528017,CHEBI:156386,predicate:11,CHEBI:171141,0.0
model_10.pt,CHEBI:142271,predicate:1,CHEBI:192396,CHEBI:156386,predicate:11,CHEBI:171141,0.0
model_10.pt,CHEBI:146285,predicate:12,PUBCHEM.COMPOUND:53478731,CHEBI:156386,predicate:11,CHEBI:171141,0.0
model_10.pt,CHEBI:136073,predicate:15,CHEBI:125586,CHEBI:156386,predicate:11,CHEBI:171141,0.0
model_10.pt,CHEMBL.COMPOUND:CHEMBL596806,predicate:20,HP:0000253,CHEBI:156386,predicate:11,CHEBI:171141,0.0
model_10.pt,NCBIGene:838170,predicate:13,CHEBI:75099,CHEBI:156386,predicate:11,CHEBI:171141,0.0
model_10.pt,PUBCHEM.COMPOUND:117859783,predicate:11,PUBCHEM.COMPOUND:10525997,CHEBI:156386,predicate:11,CHEBI:171141,20.230430603027344
model_10.pt,PUBCHEM.COMPOUND:127036977,predicate:0,CHEBI:103739,CHEBI:156386,predicate:11,CHEBI:171141,0.0
model_10.pt,PUBCHEM.COMPOUND:44433263,predicate:0,CHEBI:119893,CHEBI:156386,predicate:11,CHEBI:171141,0.0
model_10.pt,CHEBI:3914,predicate:15,CHEBI:190153,CHEBI:156386,predicate:11,CHEBI:171141,0.0
model_10.pt,PUBCHEM.COMPOUND:44314087,predicate:0,CHEBI:140407,CHEBI:156386,predicate:11,CHEBI:171141,0.0
model_10.pt,PUBCHEM.COMPOUND:25093440,predicate:0,CHEBI:113553,CHEBI:156386,predicate:11,CHEBI:171141,0.0
model_10.pt,CHEBI:65179,predicate:11,PUBCHEM.COMPOUND:11274029,CHEBI:156386,predicate:11,CHEBI:171141,35.79368591308594
model_10.pt,CHEBI:71580,predicate:22,MONDO:0005068,CHEBI:156386,predicate:11,CHEBI:171141,0.0
model_10.pt,CHEBI:190006,predicate:14,PUBCHEM.COMPOUND:118471641,CHEBI:156386,predicate:11,CHEBI:171141,0.0
model_10.pt,PUBCHEM.COMPOUND:59268935,predicate:0,CHEBI:113373,CHEBI:156386,predicate:11,CHEBI:171141,0.0
model_10.pt,CHEBI:157642,predicate:1,PUBCHEM.COMPOUND:130345144,CHEBI:156386,predicate:11,CHEBI:171141,0.0
model_10.pt,PUBCHEM.COMPOUND:57395067,predicate:0,CHEBI:167320,CHEBI:156386,predicate:11,CHEBI:171141,0.0
model_10.pt,PUBCHEM.COMPOUND:2744597,predicate:11,PUBCHEM.COMPOUND:2930224,CHEBI:156386,predicate:11,CHEBI:171141,-4.521337509155273
model_10.pt,CHEBI:137225,predicate:17,CHEBI:131804,CHEBI:156386,predicate:11,CHEBI:171141,0.0
model_10.pt,CHEBI:111166,predicate:1,CHEBI:93303,CHEBI:156386,predicate:11,CHEBI:171141,0.0
model_10.pt,MONDO:0013171,predicate:20,MONDO:0001071,CHEBI:156386,predicate:11,CHEBI:171141,0.0
model_10.pt,CHEBI:143170,predicate:1,CHEBI:166778,CHEBI:156386,predicate:11,CHEBI:171141,0.0
model_10.pt,CHEBI:51561,predicate:2,HP:0001945,CHEBI:156386,predicate:11,CHEBI:171141,0.0
model_10.pt,UNII:5M691HL4BO,predicate:23,HP:0001288,CHEBI:156386,predicate:11,CHEBI:171141,0.0
model_10.pt,MONDO:0011122,predicate:18,CHEBI:132752,CHEBI:156386,predicate:11,CHEBI:171141,0.0
model_10.pt,PUBCHEM.COMPOUND:10314049,predicate:13,CHEBI:18086,CHEBI:156386,predicate:11,CHEBI:171141,0.0
model_10.pt,CHEBI:144357,predicate:20,HP:0002857,CHEBI:156386,predicate:11,CHEBI:171141,0.0
model_10.pt,CHEBI:16207,predicate:15,CHEBI:129768,CHEBI:156386,predicate:11,CHEBI:171141,0.0
model_10.pt,CHEBI:139081,predicate:20,HP:0010864,CHEBI:156386,predicate:11,CHEBI:171141,0.0
model_10.pt,PUBCHEM.COMPOUND:5702107,predicate:3,CHEBI:109116,CHEBI:156386,predicate:11,CHEBI:171141,0.0
model_10.pt,CHEBI:71289,predicate:17,CHEBI:180867,CHEBI:156386,predicate:11,CHEBI:171141,0.0
model_10.pt,PUBCHEM.COMPOUND:9834864,predicate:21,CHEBI:113373,CHEBI:156386,predicate:11,CHEBI:171141,0.0
model_10.pt,PUBCHEM.COMPOUND:44431492,predicate:18,CHEBI:121826,CHEBI:156386,predicate:11,CHEBI:171141,0.0
model_10.pt,PUBCHEM.COMPOUND:10432760,predicate:25,CHEBI:166658,CHEBI:156386,predicate:11,CHEBI:171141,0.0
model_10.pt,PUBCHEM.COMPOUND:25015107,predicate:0,CHEBI:127989,CHEBI:156386,predicate:11,CHEBI:171141,0.0
model_10.pt,PUBCHEM.COMPOUND:131757266,predicate:13,MONDO:0006749,CHEBI:156386,predicate:11,CHEBI:171141,0.0
model_10.pt,CHEBI:72619,predicate:1,CHEBI:196198,CHEBI:156386,predicate:11,CHEBI:171141,0.0
model_10.pt,CHEBI:71600,predicate:1,HMDB:HMDB0009929,CHEBI:156386,predicate:11,CHEBI:171141,0.0
model_10.pt,CHEBI:184579,predicate:11,CHEBI:144250,CHEBI:156386,predicate:11,CHEBI:171141,57.145145416259766
model_10.pt,CHEBI:88497,predicate:1,CHEBI:144822,CHEBI:156386,predicate:11,CHEBI:171141,0.0
model_10.pt,CHEBI:15040,predicate:16,MONDO:0013171,CHEBI:156386,predicate:11,CHEBI:171141,0.0
model_10.pt,MONDO:0005272,predicate:1,CHEBI:18262,CHEBI:156386,predicate:11,CHEBI:171141,0.0
model_10.pt,CHEBI:126004,predicate:17,CHEBI:175375,CHEBI:156386,predicate:11,CHEBI:171141,0.0
model_10.pt,MONDO:0035764,predicate:1,HMDB:HMDB0083268,CHEBI:156386,predicate:11,CHEBI:171141,0.0
model_10.pt,PUBCHEM.COMPOUND:155512592,predicate:0,CHEBI:103843,CHEBI:156386,predicate:11,CHEBI:171141,0.0
model_10.pt,CHEBI:15490,predicate:15,CHEBI:170609,CHEBI:156386,predicate:11,CHEBI:171141,0.0
model_10.pt,CHEBI:138520,predicate:28,CHEBI:171141,CHEBI:156386,predicate:11,CHEBI:171141,169.24606323242188
model_10.pt,CHEBI:131557,predicate:1,CHEBI:73731,CHEBI:156386,predicate:11,CHEBI:171141,0.0
model_10.pt,CHEBI:134948,predicate:22,MONDO:0000831,CHEBI:156386,predicate:11,CHEBI:171141,0.0
model_10.pt,PUBCHEM.COMPOUND:10578760,predicate:0,CHEBI:92697,CHEBI:156386,predicate:11,CHEBI:171141,0.0
model_10.pt,HMDB:HMDB0076696,predicate:17,CHEBI:170784,CHEBI:156386,predicate:11,CHEBI:171141,0.0
model_10.pt,MONDO:0859265,predicate:3,CHEBI:176304,CHEBI:156386,predicate:11,CHEBI:171141,0.0
model_10.pt,CHEBI:113553,predicate:1,HMDB:HMDB0077232,CHEBI:156386,predicate:11,CHEBI:171141,0.0
model_10.pt,PUBCHEM.COMPOUND:137226420,predicate:0,CHEBI:109116,CHEBI:156386,predicate:11,CHEBI:171141,0.0
model_10.pt,MONDO:0010691,predicate:20,HP:0007957,CHEBI:156386,predicate:11,CHEBI:171141,0.0
model_10.pt,CHEMBL.COMPOUND:CHEMBL536308,predicate:1,CHEBI:163814,CHEBI:156386,predicate:11,CHEBI:171141,0.0
model_10.pt,CHEBI:83370,predicate:16,CHEBI:72635,CHEBI:156386,predicate:11,CHEBI:171141,0.0
model_10.pt,PUBCHEM.COMPOUND:122196132,predicate:0,CHEBI:172159,CHEBI:156386,predicate:11,CHEBI:171141,0.0
model_10.pt,MONDO:0011730,predicate:1,CHEMBL.COMPOUND:CHEMBL54465,CHEBI:156386,predicate:11,CHEBI:171141,0.0
model_10.pt,MONDO:0011840,predicate:1,CHEBI:139280,CHEBI:156386,predicate:11,CHEBI:171141,0.0
model_10.pt,CHEBI:17482,predicate:23,MONDO:0001382,CHEBI:156386,predicate:11,CHEBI:171141,0.0
model_10.pt,PUBCHEM.COMPOUND:25263321,predicate:11,PUBCHEM.COMPOUND:3003511,CHEBI:156386,predicate:11,CHEBI:171141,-52.74119567871094
model_10.pt,PUBCHEM.COMPOUND:10216381,predicate:11,PUBCHEM.COMPOUND:10431492,CHEBI:156386,predicate:11,CHEBI:171141,-29.651268005371094
model_10.pt,NCBIGene:820781,predicate:12,PUBCHEM.COMPOUND:131761197,CHEBI:156386,predicate:11,CHEBI:171141,0.0
model_10.pt,CHEBI:51068,predicate:17,HMDB:HMDB0009399,CHEBI:156386,predicate:11,CHEBI:171141,0.0
model_10.pt,CHEBI:9330,predicate:22,MONDO:0005011,CHEBI:156386,predicate:11,CHEBI:171141,0.0
model_10.pt,PUBCHEM.COMPOUND:10048208,predicate:26,CHEMBL.COMPOUND:CHEMBL151630,CHEBI:156386,predicate:11,CHEBI:171141,0.0
model_10.pt,PUBCHEM.COMPOUND:44176335,predicate:0,CHEBI:105317,CHEBI:156386,predicate:11,CHEBI:171141,0.0
model_10.pt,PUBCHEM.COMPOUND:49864838,predicate:18,CHEBI:109533,CHEBI:156386,predicate:11,CHEBI:171141,0.0
model_10.pt,CHEBI:185985,predicate:16,CHEBI:70967,CHEBI:156386,predicate:11,CHEBI:171141,0.0
model_10.pt,CHEMBL.COMPOUND:CHEMBL4798272,predicate:15,CHEBI:167641,CHEBI:156386,predicate:11,CHEBI:171141,0.0
model_10.pt,PUBCHEM.COMPOUND:126739109,predicate:11,MONDO:0006996,CHEBI:156386,predicate:11,CHEBI:171141,-8.378499984741211
model_10.pt,MONDO:0012176,predicate:20,HP:0003028,CHEBI:145509,predicate:28,CHEBI:156320,0.0
model_10.pt,CHEBI:16959,predicate:17,CHEBI:172284,CHEBI:145509,predicate:28,CHEBI:156320,0.0
model_10.pt,PUBCHEM.COMPOUND:68020555,predicate:0,PUBCHEM.COMPOUND:44459583,CHEBI:145509,predicate:28,CHEBI:156320,0.0
model_10.pt,PUBCHEM.COMPOUND:137636752,predicate:0,CHEBI:134753,CHEBI:145509,predicate:28,CHEBI:156320,0.0
model_10.pt,PUBCHEM.COMPOUND:124221273,predicate:23,MONDO:0015691,CHEBI:145509,predicate:28,CHEBI:156320,0.0
model_10.pt,PUBCHEM.COMPOUND:130200977,predicate:18,CHEBI:144991,CHEBI:145509,predicate:28,CHEBI:156320,0.0
model_10.pt,MONDO:0005044,predicate:11,MONDO:0056796,CHEBI:145509,predicate:28,CHEBI:156320,0.0
model_10.pt,CHEBI:16592,predicate:41,CHEBI:114693,CHEBI:145509,predicate:28,CHEBI:156320,0.0
model_10.pt,CHEBI:166772,predicate:15,CHEBI:175537,CHEBI:145509,predicate:28,CHEBI:156320,0.0
model_10.pt,DRUGBANK:DB11158,predicate:2,MONDO:0005147,CHEBI:145509,predicate:28,CHEBI:156320,0.0
model_10.pt,CHEBI:145008,predicate:2,MONDO:0001076,CHEBI:145509,predicate:28,CHEBI:156320,0.0
model_10.pt,CHEBI:172333,predicate:11,CHEBI:84017,CHEBI:145509,predicate:28,CHEBI:156320,0.0
model_10.pt,CHEBI:188563,predicate:12,PUBCHEM.COMPOUND:52924335,CHEBI:145509,predicate:28,CHEBI:156320,0.0
model_10.pt,CHEBI:190239,predicate:11,HMDB:HMDB0072989,CHEBI:145509,predicate:28,CHEBI:156320,0.0
model_10.pt,CHEBI:135278,predicate:22,MONDO:0005559,CHEBI:145509,predicate:28,CHEBI:156320,0.0
model_10.pt,CHEBI:47040,predicate:15,CHEBI:146256,CHEBI:145509,predicate:28,CHEBI:156320,0.0
model_10.pt,CHEMBL.COMPOUND:CHEMBL4747062,predicate:0,CHEBI:71479,CHEBI:145509,predicate:28,CHEBI:156320,0.0
model_10.pt,CHEBI:42371,predicate:17,CHEBI:135736,CHEBI:145509,predicate:28,CHEBI:156320,0.0
model_10.pt,CHEBI:143114,predicate:1,CHEBI:125432,CHEBI:145509,predicate:28,CHEBI:156320,0.0
model_10.pt,CHEBI:185767,predicate:1,CHEBI:16264,CHEBI:145509,predicate:28,CHEBI:156320,0.0
model_10.pt,CHEBI:109317,predicate:14,CHEBI:170587,CHEBI:145509,predicate:28,CHEBI:156320,0.0
model_10.pt,CHEMBL.COMPOUND:CHEMBL4877928,predicate:1,PUBCHEM.COMPOUND:130363355,CHEBI:145509,predicate:28,CHEBI:156320,0.0
model_10.pt,CHEBI:136073,predicate:10,MONDO:0007263,CHEBI:145509,predicate:28,CHEBI:156320,0.0
model_10.pt,PUBCHEM.COMPOUND:131762323,predicate:13,CHEBI:149534,CHEBI:145509,predicate:28,CHEBI:156320,0.0
model_10.pt,PUBCHEM.COMPOUND:54325967,predicate:0,CHEBI:149800,CHEBI:145509,predicate:28,CHEBI:156320,0.0
model_10.pt,HP:0000021,predicate:0,CHEBI:167578,CHEBI:145509,predicate:28,CHEBI:156320,0.0
model_10.pt,CHEMBL.COMPOUND:CHEMBL4782467,predicate:15,CHEBI:134948,CHEBI:145509,predicate:28,CHEBI:156320,0.0
model_10.pt,NCBIGene:23163,predicate:18,NCBIGene:100528017,CHEBI:145509,predicate:28,CHEBI:156320,0.0
model_10.pt,CHEBI:142271,predicate:1,CHEBI:192396,CHEBI:145509,predicate:28,CHEBI:156320,0.0
model_10.pt,CHEBI:146285,predicate:12,PUBCHEM.COMPOUND:53478731,CHEBI:145509,predicate:28,CHEBI:156320,0.0
model_10.pt,CHEBI:136073,predicate:15,CHEBI:125586,CHEBI:145509,predicate:28,CHEBI:156320,0.0
model_10.pt,CHEMBL.COMPOUND:CHEMBL596806,predicate:20,HP:0000253,CHEBI:145509,predicate:28,CHEBI:156320,0.0
model_10.pt,NCBIGene:838170,predicate:13,CHEBI:75099,CHEBI:145509,predicate:28,CHEBI:156320,0.0
model_10.pt,PUBCHEM.COMPOUND:117859783,predicate:11,PUBCHEM.COMPOUND:10525997,CHEBI:145509,predicate:28,CHEBI:156320,0.0
model_10.pt,PUBCHEM.COMPOUND:127036977,predicate:0,CHEBI:103739,CHEBI:145509,predicate:28,CHEBI:156320,0.0
model_10.pt,PUBCHEM.COMPOUND:44433263,predicate:0,CHEBI:119893,CHEBI:145509,predicate:28,CHEBI:156320,0.0
model_10.pt,CHEBI:3914,predicate:15,CHEBI:190153,CHEBI:145509,predicate:28,CHEBI:156320,0.0
model_10.pt,PUBCHEM.COMPOUND:44314087,predicate:0,CHEBI:140407,CHEBI:145509,predicate:28,CHEBI:156320,0.0
model_10.pt,PUBCHEM.COMPOUND:25093440,predicate:0,CHEBI:113553,CHEBI:145509,predicate:28,CHEBI:156320,0.0
model_10.pt,CHEBI:65179,predicate:11,PUBCHEM.COMPOUND:11274029,CHEBI:145509,predicate:28,CHEBI:156320,0.0
model_10.pt,CHEBI:71580,predicate:22,MONDO:0005068,CHEBI:145509,predicate:28,CHEBI:156320,0.0
model_10.pt,CHEBI:190006,predicate:14,PUBCHEM.COMPOUND:118471641,CHEBI:145509,predicate:28,CHEBI:156320,0.0
model_10.pt,PUBCHEM.COMPOUND:59268935,predicate:0,CHEBI:113373,CHEBI:145509,predicate:28,CHEBI:156320,0.0
model_10.pt,CHEBI:157642,predicate:1,PUBCHEM.COMPOUND:130345144,CHEBI:145509,predicate:28,CHEBI:156320,0.0
model_10.pt,PUBCHEM.COMPOUND:57395067,predicate:0,CHEBI:167320,CHEBI:145509,predicate:28,CHEBI:156320,0.0
model_10.pt,PUBCHEM.COMPOUND:2744597,predicate:11,PUBCHEM.COMPOUND:2930224,CHEBI:145509,predicate:28,CHEBI:156320,0.0
model_10.pt,CHEBI:137225,predicate:17,CHEBI:131804,CHEBI:145509,predicate:28,CHEBI:156320,0.0
model_10.pt,CHEBI:111166,predicate:1,CHEBI:93303,CHEBI:145509,predicate:28,CHEBI:156320,0.0
model_10.pt,MONDO:0013171,predicate:20,MONDO:0001071,CHEBI:145509,predicate:28,CHEBI:156320,0.0
model_10.pt,CHEBI:143170,predicate:1,CHEBI:166778,CHEBI:145509,predicate:28,CHEBI:156320,0.0
model_10.pt,CHEBI:51561,predicate:2,HP:0001945,CHEBI:145509,predicate:28,CHEBI:156320,0.0
model_10.pt,UNII:5M691HL4BO,predicate:23,HP:0001288,CHEBI:145509,predicate:28,CHEBI:156320,0.0
model_10.pt,MONDO:0011122,predicate:18,CHEBI:132752,CHEBI:145509,predicate:28,CHEBI:156320,0.0
model_10.pt,PUBCHEM.COMPOUND:10314049,predicate:13,CHEBI:18086,CHEBI:145509,predicate:28,CHEBI:156320,0.0
model_10.pt,CHEBI:144357,predicate:20,HP:0002857,CHEBI:145509,predicate:28,CHEBI:156320,0.0
model_10.pt,CHEBI:16207,predicate:15,CHEBI:129768,CHEBI:145509,predicate:28,CHEBI:156320,0.0
model_10.pt,CHEBI:139081,predicate:20,HP:0010864,CHEBI:145509,predicate:28,CHEBI:156320,0.0
model_10.pt,PUBCHEM.COMPOUND:5702107,predicate:3,CHEBI:109116,CHEBI:145509,predicate:28,CHEBI:156320,0.0
model_10.pt,CHEBI:71289,predicate:17,CHEBI:180867,CHEBI:145509,predicate:28,CHEBI:156320,0.0
model_10.pt,PUBCHEM.COMPOUND:9834864,predicate:21,CHEBI:113373,CHEBI:145509,predicate:28,CHEBI:156320,0.0
model_10.pt,PUBCHEM.COMPOUND:44431492,predicate:18,CHEBI:121826,CHEBI:145509,predicate:28,CHEBI:156320,0.0
model_10.pt,PUBCHEM.COMPOUND:10432760,predicate:25,CHEBI:166658,CHEBI:145509,predicate:28,CHEBI:156320,0.0
model_10.pt,PUBCHEM.COMPOUND:25015107,predicate:0,CHEBI:127989,CHEBI:145509,predicate:28,CHEBI:156320,0.0
model_10.pt,PUBCHEM.COMPOUND:131757266,predicate:13,MONDO:0006749,CHEBI:145509,predicate:28,CHEBI:156320,0.0
model_10.pt,CHEBI:72619,predicate:1,CHEBI:196198,CHEBI:145509,predicate:28,CHEBI:156320,0.0
model_10.pt,CHEBI:71600,predicate:1,HMDB:HMDB0009929,CHEBI:145509,predicate:28,CHEBI:156320,0.0
model_10.pt,CHEBI:184579,predicate:11,CHEBI:144250,CHEBI:145509,predicate:28,CHEBI:156320,0.0
model_10.pt,CHEBI:88497,predicate:1,CHEBI:144822,CHEBI:145509,predicate:28,CHEBI:156320,0.0
model_10.pt,CHEBI:15040,predicate:16,MONDO:0013171,CHEBI:145509,predicate:28,CHEBI:156320,0.0
model_10.pt,MONDO:0005272,predicate:1,CHEBI:18262,CHEBI:145509,predicate:28,CHEBI:156320,0.0
model_10.pt,CHEBI:126004,predicate:17,CHEBI:175375,CHEBI:145509,predicate:28,CHEBI:156320,0.0
model_10.pt,MONDO:0035764,predicate:1,HMDB:HMDB0083268,CHEBI:145509,predicate:28,CHEBI:156320,0.0
model_10.pt,PUBCHEM.COMPOUND:155512592,predicate:0,CHEBI:103843,CHEBI:145509,predicate:28,CHEBI:156320,0.0
model_10.pt,CHEBI:15490,predicate:15,CHEBI:170609,CHEBI:145509,predicate:28,CHEBI:156320,0.0
model_10.pt,CHEBI:138520,predicate:28,CHEBI:171141,CHEBI:145509,predicate:28,CHEBI:156320,-26.911211013793945
model_10.pt,CHEBI:131557,predicate:1,CHEBI:73731,CHEBI:145509,predicate:28,CHEBI:156320,0.0
model_10.pt,CHEBI:134948,predicate:22,MONDO:0000831,CHEBI:145509,predicate:28,CHEBI:156320,0.0
model_10.pt,PUBCHEM.COMPOUND:10578760,predicate:0,CHEBI:92697,CHEBI:145509,predicate:28,CHEBI:156320,0.0
model_10.pt,HMDB:HMDB0076696,predicate:17,CHEBI:170784,CHEBI:145509,predicate:28,CHEBI:156320,0.0
model_10.pt,MONDO:0859265,predicate:3,CHEBI:176304,CHEBI:145509,predicate:28,CHEBI:156320,0.0
model_10.pt,CHEBI:113553,predicate:1,HMDB:HMDB0077232,CHEBI:145509,predicate:28,CHEBI:156320,0.0
model_10.pt,PUBCHEM.COMPOUND:137226420,predicate:0,CHEBI:109116,CHEBI:145509,predicate:28,CHEBI:156320,0.0
model_10.pt,MONDO:0010691,predicate:20,HP:0007957,CHEBI:145509,predicate:28,CHEBI:156320,0.0
model_10.pt,CHEMBL.COMPOUND:CHEMBL536308,predicate:1,CHEBI:163814,CHEBI:145509,predicate:28,CHEBI:156320,0.0
model_10.pt,CHEBI:83370,predicate:16,CHEBI:72635,CHEBI:145509,predicate:28,CHEBI:156320,0.0
model_10.pt,PUBCHEM.COMPOUND:122196132,predicate:0,CHEBI:172159,CHEBI:145509,predicate:28,CHEBI:156320,0.0
model_10.pt,MONDO:0011730,predicate:1,CHEMBL.COMPOUND:CHEMBL54465,CHEBI:145509,predicate:28,CHEBI:156320,0.0
model_10.pt,MONDO:0011840,predicate:1,CHEBI:139280,CHEBI:145509,predicate:28,CHEBI:156320,0.0
model_10.pt,CHEBI:17482,predicate:23,MONDO:0001382,CHEBI:145509,predicate:28,CHEBI:156320,0.0
model_10.pt,PUBCHEM.COMPOUND:25263321,predicate:11,PUBCHEM.COMPOUND:3003511,CHEBI:145509,predicate:28,CHEBI:156320,0.0
model_10.pt,PUBCHEM.COMPOUND:10216381,predicate:11,PUBCHEM.COMPOUND:10431492,CHEBI:145509,predicate:28,CHEBI:156320,0.0
model_10.pt,NCBIGene:820781,predicate:12,PUBCHEM.COMPOUND:131761197,CHEBI:145509,predicate:28,CHEBI:156320,0.0
model_10.pt,CHEBI:51068,predicate:17,HMDB:HMDB0009399,CHEBI:145509,predicate:28,CHEBI:156320,0.0
model_10.pt,CHEBI:9330,predicate:22,MONDO:0005011,CHEBI:145509,predicate:28,CHEBI:156320,0.0
model_10.pt,PUBCHEM.COMPOUND:10048208,predicate:26,CHEMBL.COMPOUND:CHEMBL151630,CHEBI:145509,predicate:28,CHEBI:156320,0.0
model_10.pt,PUBCHEM.COMPOUND:44176335,predicate:0,CHEBI:105317,CHEBI:145509,predicate:28,CHEBI:156320,0.0
model_10.pt,PUBCHEM.COMPOUND:49864838,predicate:18,CHEBI:109533,CHEBI:145509,predicate:28,CHEBI:156320,0.0
model_10.pt,CHEBI:185985,predicate:16,CHEBI:70967,CHEBI:145509,predicate:28,CHEBI:156320,0.0
model_10.pt,CHEMBL.COMPOUND:CHEMBL4798272,predicate:15,CHEBI:167641,CHEBI:145509,predicate:28,CHEBI:156320,0.0
model_10.pt,PUBCHEM.COMPOUND:126739109,predicate:11,MONDO:0006996,CHEBI:145509,predicate:28,CHEBI:156320,0.0
model_10.pt,MONDO:0012176,predicate:20,HP:0003028,PUBCHEM.COMPOUND:131766841,predicate:13,PUBCHEM.COMPOUND:118111582,0.0
model_10.pt,CHEBI:16959,predicate:17,CHEBI:172284,PUBCHEM.COMPOUND:131766841,predicate:13,PUBCHEM.COMPOUND:118111582,0.0
model_10.pt,PUBCHEM.COMPOUND:68020555,predicate:0,PUBCHEM.COMPOUND:44459583,PUBCHEM.COMPOUND:131766841,predicate:13,PUBCHEM.COMPOUND:118111582,0.0
model_10.pt,PUBCHEM.COMPOUND:137636752,predicate:0,CHEBI:134753,PUBCHEM.COMPOUND:131766841,predicate:13,PUBCHEM.COMPOUND:118111582,0.0
model_10.pt,PUBCHEM.COMPOUND:124221273,predicate:23,MONDO:0015691,PUBCHEM.COMPOUND:131766841,predicate:13,PUBCHEM.COMPOUND:118111582,0.0
model_10.pt,PUBCHEM.COMPOUND:130200977,predicate:18,CHEBI:144991,PUBCHEM.COMPOUND:131766841,predicate:13,PUBCHEM.COMPOUND:118111582,0.0
model_10.pt,MONDO:0005044,predicate:11,MONDO:0056796,PUBCHEM.COMPOUND:131766841,predicate:13,PUBCHEM.COMPOUND:118111582,0.0
model_10.pt,CHEBI:16592,predicate:41,CHEBI:114693,PUBCHEM.COMPOUND:131766841,predicate:13,PUBCHEM.COMPOUND:118111582,0.0
model_10.pt,CHEBI:166772,predicate:15,CHEBI:175537,PUBCHEM.COMPOUND:131766841,predicate:13,PUBCHEM.COMPOUND:118111582,0.0
model_10.pt,DRUGBANK:DB11158,predicate:2,MONDO:0005147,PUBCHEM.COMPOUND:131766841,predicate:13,PUBCHEM.COMPOUND:118111582,0.0
model_10.pt,CHEBI:145008,predicate:2,MONDO:0001076,PUBCHEM.COMPOUND:131766841,predicate:13,PUBCHEM.COMPOUND:118111582,0.0
model_10.pt,CHEBI:172333,predicate:11,CHEBI:84017,PUBCHEM.COMPOUND:131766841,predicate:13,PUBCHEM.COMPOUND:118111582,0.0
model_10.pt,CHEBI:188563,predicate:12,PUBCHEM.COMPOUND:52924335,PUBCHEM.COMPOUND:131766841,predicate:13,PUBCHEM.COMPOUND:118111582,0.0
model_10.pt,CHEBI:190239,predicate:11,HMDB:HMDB0072989,PUBCHEM.COMPOUND:131766841,predicate:13,PUBCHEM.COMPOUND:118111582,0.0
model_10.pt,CHEBI:135278,predicate:22,MONDO:0005559,PUBCHEM.COMPOUND:131766841,predicate:13,PUBCHEM.COMPOUND:118111582,0.0
model_10.pt,CHEBI:47040,predicate:15,CHEBI:146256,PUBCHEM.COMPOUND:131766841,predicate:13,PUBCHEM.COMPOUND:118111582,0.0
model_10.pt,CHEMBL.COMPOUND:CHEMBL4747062,predicate:0,CHEBI:71479,PUBCHEM.COMPOUND:131766841,predicate:13,PUBCHEM.COMPOUND:118111582,0.0
model_10.pt,CHEBI:42371,predicate:17,CHEBI:135736,PUBCHEM.COMPOUND:131766841,predicate:13,PUBCHEM.COMPOUND:118111582,0.0
model_10.pt,CHEBI:143114,predicate:1,CHEBI:125432,PUBCHEM.COMPOUND:131766841,predicate:13,PUBCHEM.COMPOUND:118111582,0.0
model_10.pt,CHEBI:185767,predicate:1,CHEBI:16264,PUBCHEM.COMPOUND:131766841,predicate:13,PUBCHEM.COMPOUND:118111582,0.0
model_10.pt,CHEBI:109317,predicate:14,CHEBI:170587,PUBCHEM.COMPOUND:131766841,predicate:13,PUBCHEM.COMPOUND:118111582,0.0
model_10.pt,CHEMBL.COMPOUND:CHEMBL4877928,predicate:1,PUBCHEM.COMPOUND:130363355,PUBCHEM.COMPOUND:131766841,predicate:13,PUBCHEM.COMPOUND:118111582,0.0
model_10.pt,CHEBI:136073,predicate:10,MONDO:0007263,PUBCHEM.COMPOUND:131766841,predicate:13,PUBCHEM.COMPOUND:118111582,0.0
model_10.pt,PUBCHEM.COMPOUND:131762323,predicate:13,CHEBI:149534,PUBCHEM.COMPOUND:131766841,predicate:13,PUBCHEM.COMPOUND:118111582,22.577852249145508
model_10.pt,PUBCHEM.COMPOUND:54325967,predicate:0,CHEBI:149800,PUBCHEM.COMPOUND:131766841,predicate:13,PUBCHEM.COMPOUND:118111582,0.0
model_10.pt,HP:0000021,predicate:0,CHEBI:167578,PUBCHEM.COMPOUND:131766841,predicate:13,PUBCHEM.COMPOUND:118111582,0.0
model_10.pt,CHEMBL.COMPOUND:CHEMBL4782467,predicate:15,CHEBI:134948,PUBCHEM.COMPOUND:131766841,predicate:13,PUBCHEM.COMPOUND:118111582,0.0
model_10.pt,NCBIGene:23163,predicate:18,NCBIGene:100528017,PUBCHEM.COMPOUND:131766841,predicate:13,PUBCHEM.COMPOUND:118111582,0.0
model_10.pt,CHEBI:142271,predicate:1,CHEBI:192396,PUBCHEM.COMPOUND:131766841,predicate:13,PUBCHEM.COMPOUND:118111582,0.0
model_10.pt,CHEBI:146285,predicate:12,PUBCHEM.COMPOUND:53478731,PUBCHEM.COMPOUND:131766841,predicate:13,PUBCHEM.COMPOUND:118111582,0.0
model_10.pt,CHEBI:136073,predicate:15,CHEBI:125586,PUBCHEM.COMPOUND:131766841,predicate:13,PUBCHEM.COMPOUND:118111582,0.0
model_10.pt,CHEMBL.COMPOUND:CHEMBL596806,predicate:20,HP:0000253,PUBCHEM.COMPOUND:131766841,predicate:13,PUBCHEM.COMPOUND:118111582,0.0
model_10.pt,NCBIGene:838170,predicate:13,CHEBI:75099,PUBCHEM.COMPOUND:131766841,predicate:13,PUBCHEM.COMPOUND:118111582,-15.789916038513184
model_10.pt,PUBCHEM.COMPOUND:117859783,predicate:11,PUBCHEM.COMPOUND:10525997,PUBCHEM.COMPOUND:131766841,predicate:13,PUBCHEM.COMPOUND:118111582,0.0
model_10.pt,PUBCHEM.COMPOUND:127036977,predicate:0,CHEBI:103739,PUBCHEM.COMPOUND:131766841,predicate:13,PUBCHEM.COMPOUND:118111582,0.0
model_10.pt,PUBCHEM.COMPOUND:44433263,predicate:0,CHEBI:119893,PUBCHEM.COMPOUND:131766841,predicate:13,PUBCHEM.COMPOUND:118111582,0.0
model_10.pt,CHEBI:3914,predicate:15,CHEBI:190153,PUBCHEM.COMPOUND:131766841,predicate:13,PUBCHEM.COMPOUND:118111582,0.0
model_10.pt,PUBCHEM.COMPOUND:44314087,predicate:0,CHEBI:140407,PUBCHEM.COMPOUND:131766841,predicate:13,PUBCHEM.COMPOUND:118111582,0.0
model_10.pt,PUBCHEM.COMPOUND:25093440,predicate:0,CHEBI:113553,PUBCHEM.COMPOUND:131766841,predicate:13,PUBCHEM.COMPOUND:118111582,0.0
model_10.pt,CHEBI:65179,predicate:11,PUBCHEM.COMPOUND:11274029,PUBCHEM.COMPOUND:131766841,predicate:13,PUBCHEM.COMPOUND:118111582,0.0
model_10.pt,CHEBI:71580,predicate:22,MONDO:0005068,PUBCHEM.COMPOUND:131766841,predicate:13,PUBCHEM.COMPOUND:118111582,0.0
model_10.pt,CHEBI:190006,predicate:14,PUBCHEM.COMPOUND:118471641,PUBCHEM.COMPOUND:131766841,predicate:13,PUBCHEM.COMPOUND:118111582,0.0
model_10.pt,PUBCHEM.COMPOUND:59268935,predicate:0,CHEBI:113373,PUBCHEM.COMPOUND:131766841,predicate:13,PUBCHEM.COMPOUND:118111582,0.0
model_10.pt,CHEBI:157642,predicate:1,PUBCHEM.COMPOUND:130345144,PUBCHEM.COMPOUND:131766841,predicate:13,PUBCHEM.COMPOUND:118111582,0.0
model_10.pt,PUBCHEM.COMPOUND:57395067,predicate:0,CHEBI:167320,PUBCHEM.COMPOUND:131766841,predicate:13,PUBCHEM.COMPOUND:118111582,0.0
model_10.pt,PUBCHEM.COMPOUND:2744597,predicate:11,PUBCHEM.COMPOUND:2930224,PUBCHEM.COMPOUND:131766841,predicate:13,PUBCHEM.COMPOUND:118111582,0.0
model_10.pt,CHEBI:137225,predicate:17,CHEBI:131804,PUBCHEM.COMPOUND:131766841,predicate:13,PUBCHEM.COMPOUND:118111582,0.0
model_10.pt,CHEBI:111166,predicate:1,CHEBI:93303,PUBCHEM.COMPOUND:131766841,predicate:13,PUBCHEM.COMPOUND:118111582,0.0
model_10.pt,MONDO:0013171,predicate:20,MONDO:0001071,PUBCHEM.COMPOUND:131766841,predicate:13,PUBCHEM.COMPOUND:118111582,0.0
model_10.pt,CHEBI:143170,predicate:1,CHEBI:166778,PUBCHEM.COMPOUND:131766841,predicate:13,PUBCHEM.COMPOUND:118111582,0.0
model_10.pt,CHEBI:51561,predicate:2,HP:0001945,PUBCHEM.COMPOUND:131766841,predicate:13,PUBCHEM.COMPOUND:118111582,0.0
model_10.pt,UNII:5M691HL4BO,predicate:23,HP:0001288,PUBCHEM.COMPOUND:131766841,predicate:13,PUBCHEM.COMPOUND:118111582,0.0
model_10.pt,MONDO:0011122,predicate:18,CHEBI:132752,PUBCHEM.COMPOUND:131766841,predicate:13,PUBCHEM.COMPOUND:118111582,0.0
model_10.pt,PUBCHEM.COMPOUND:10314049,predicate:13,CHEBI:18086,PUBCHEM.COMPOUND:131766841,predicate:13,PUBCHEM.COMPOUND:118111582,5.62115478515625
model_10.pt,CHEBI:144357,predicate:20,HP:0002857,PUBCHEM.COMPOUND:131766841,predicate:13,PUBCHEM.COMPOUND:118111582,0.0
model_10.pt,CHEBI:16207,predicate:15,CHEBI:129768,PUBCHEM.COMPOUND:131766841,predicate:13,PUBCHEM.COMPOUND:118111582,0.0
model_10.pt,CHEBI:139081,predicate:20,HP:0010864,PUBCHEM.COMPOUND:131766841,predicate:13,PUBCHEM.COMPOUND:118111582,0.0
model_10.pt,PUBCHEM.COMPOUND:5702107,predicate:3,CHEBI:109116,PUBCHEM.COMPOUND:131766841,predicate:13,PUBCHEM.COMPOUND:118111582,0.0
model_10.pt,CHEBI:71289,predicate:17,CHEBI:180867,PUBCHEM.COMPOUND:131766841,predicate:13,PUBCHEM.COMPOUND:118111582,0.0
model_10.pt,PUBCHEM.COMPOUND:9834864,predicate:21,CHEBI:113373,PUBCHEM.COMPOUND:131766841,predicate:13,PUBCHEM.COMPOUND:118111582,0.0
model_10.pt,PUBCHEM.COMPOUND:44431492,predicate:18,CHEBI:121826,PUBCHEM.COMPOUND:131766841,predicate:13,PUBCHEM.COMPOUND:118111582,0.0
model_10.pt,PUBCHEM.COMPOUND:10432760,predicate:25,CHEBI:166658,PUBCHEM.COMPOUND:131766841,predicate:13,PUBCHEM.COMPOUND:118111582,0.0
model_10.pt,PUBCHEM.COMPOUND:25015107,predicate:0,CHEBI:127989,PUBCHEM.COMPOUND:131766841,predicate:13,PUBCHEM.COMPOUND:118111582,0.0
model_10.pt,PUBCHEM.COMPOUND:131757266,predicate:13,MONDO:0006749,PUBCHEM.COMPOUND:131766841,predicate:13,PUBCHEM.COMPOUND:118111582,-91.96034240722656
model_10.pt,CHEBI:72619,predicate:1,CHEBI:196198,PUBCHEM.COMPOUND:131766841,predicate:13,PUBCHEM.COMPOUND:118111582,0.0
model_10.pt,CHEBI:71600,predicate:1,HMDB:HMDB0009929,PUBCHEM.COMPOUND:131766841,predicate:13,PUBCHEM.COMPOUND:118111582,0.0
model_10.pt,CHEBI:184579,predicate:11,CHEBI:144250,PUBCHEM.COMPOUND:131766841,predicate:13,PUBCHEM.COMPOUND:118111582,0.0
model_10.pt,CHEBI:88497,predicate:1,CHEBI:144822,PUBCHEM.COMPOUND:131766841,predicate:13,PUBCHEM.COMPOUND:118111582,0.0
model_10.pt,CHEBI:15040,predicate:16,MONDO:0013171,PUBCHEM.COMPOUND:131766841,predicate:13,PUBCHEM.COMPOUND:118111582,0.0
model_10.pt,MONDO:0005272,predicate:1,CHEBI:18262,PUBCHEM.COMPOUND:131766841,predicate:13,PUBCHEM.COMPOUND:118111582,0.0
model_10.pt,CHEBI:126004,predicate:17,CHEBI:175375,PUBCHEM.COMPOUND:131766841,predicate:13,PUBCHEM.COMPOUND:118111582,0.0
model_10.pt,MONDO:0035764,predicate:1,HMDB:HMDB0083268,PUBCHEM.COMPOUND:131766841,predicate:13,PUBCHEM.COMPOUND:118111582,0.0
model_10.pt,PUBCHEM.COMPOUND:155512592,predicate:0,CHEBI:103843,PUBCHEM.COMPOUND:131766841,predicate:13,PUBCHEM.COMPOUND:118111582,0.0
model_10.pt,CHEBI:15490,predicate:15,CHEBI:170609,PUBCHEM.COMPOUND:131766841,predicate:13,PUBCHEM.COMPOUND:118111582,0.0
model_10.pt,CHEBI:138520,predicate:28,CHEBI:171141,PUBCHEM.COMPOUND:131766841,predicate:13,PUBCHEM.COMPOUND:118111582,0.0
model_10.pt,CHEBI:131557,predicate:1,CHEBI:73731,PUBCHEM.COMPOUND:131766841,predicate:13,PUBCHEM.COMPOUND:118111582,0.0
model_10.pt,CHEBI:134948,predicate:22,MONDO:0000831,PUBCHEM.COMPOUND:131766841,predicate:13,PUBCHEM.COMPOUND:118111582,0.0
model_10.pt,PUBCHEM.COMPOUND:10578760,predicate:0,CHEBI:92697,PUBCHEM.COMPOUND:131766841,predicate:13,PUBCHEM.COMPOUND:118111582,0.0
model_10.pt,HMDB:HMDB0076696,predicate:17,CHEBI:170784,PUBCHEM.COMPOUND:131766841,predicate:13,PUBCHEM.COMPOUND:118111582,0.0
model_10.pt,MONDO:0859265,predicate:3,CHEBI:176304,PUBCHEM.COMPOUND:131766841,predicate:13,PUBCHEM.COMPOUND:118111582,0.0
model_10.pt,CHEBI:113553,predicate:1,HMDB:HMDB0077232,PUBCHEM.COMPOUND:131766841,predicate:13,PUBCHEM.COMPOUND:118111582,0.0
model_10.pt,PUBCHEM.COMPOUND:137226420,predicate:0,CHEBI:109116,PUBCHEM.COMPOUND:131766841,predicate:13,PUBCHEM.COMPOUND:118111582,0.0
model_10.pt,MONDO:0010691,predicate:20,HP:0007957,PUBCHEM.COMPOUND:131766841,predicate:13,PUBCHEM.COMPOUND:118111582,0.0
model_10.pt,CHEMBL.COMPOUND:CHEMBL536308,predicate:1,CHEBI:163814,PUBCHEM.COMPOUND:131766841,predicate:13,PUBCHEM.COMPOUND:118111582,0.0
model_10.pt,CHEBI:83370,predicate:16,CHEBI:72635,PUBCHEM.COMPOUND:131766841,predicate:13,PUBCHEM.COMPOUND:118111582,0.0
model_10.pt,PUBCHEM.COMPOUND:122196132,predicate:0,CHEBI:172159,PUBCHEM.COMPOUND:131766841,predicate:13,PUBCHEM.COMPOUND:118111582,0.0
model_10.pt,MONDO:0011730,predicate:1,CHEMBL.COMPOUND:CHEMBL54465,PUBCHEM.COMPOUND:131766841,predicate:13,PUBCHEM.COMPOUND:118111582,0.0
model_10.pt,MONDO:0011840,predicate:1,CHEBI:139280,PUBCHEM.COMPOUND:131766841,predicate:13,PUBCHEM.COMPOUND:118111582,0.0
model_10.pt,CHEBI:17482,predicate:23,MONDO:0001382,PUBCHEM.COMPOUND:131766841,predicate:13,PUBCHEM.COMPOUND:118111582,0.0
model_10.pt,PUBCHEM.COMPOUND:25263321,predicate:11,PUBCHEM.COMPOUND:3003511,PUBCHEM.COMPOUND:131766841,predicate:13,PUBCHEM.COMPOUND:118111582,0.0
model_10.pt,PUBCHEM.COMPOUND:10216381,predicate:11,PUBCHEM.COMPOUND:10431492,PUBCHEM.COMPOUND:131766841,predicate:13,PUBCHEM.COMPOUND:118111582,0.0
model_10.pt,NCBIGene:820781,predicate:12,PUBCHEM.COMPOUND:131761197,PUBCHEM.COMPOUND:131766841,predicate:13,PUBCHEM.COMPOUND:118111582,0.0
model_10.pt,CHEBI:51068,predicate:17,HMDB:HMDB0009399,PUBCHEM.COMPOUND:131766841,predicate:13,PUBCHEM.COMPOUND:118111582,0.0
model_10.pt,CHEBI:9330,predicate:22,MONDO:0005011,PUBCHEM.COMPOUND:131766841,predicate:13,PUBCHEM.COMPOUND:118111582,0.0
model_10.pt,PUBCHEM.COMPOUND:10048208,predicate:26,CHEMBL.COMPOUND:CHEMBL151630,PUBCHEM.COMPOUND:131766841,predicate:13,PUBCHEM.COMPOUND:118111582,0.0
model_10.pt,PUBCHEM.COMPOUND:44176335,predicate:0,CHEBI:105317,PUBCHEM.COMPOUND:131766841,predicate:13,PUBCHEM.COMPOUND:118111582,0.0
model_10.pt,PUBCHEM.COMPOUND:49864838,predicate:18,CHEBI:109533,PUBCHEM.COMPOUND:131766841,predicate:13,PUBCHEM.COMPOUND:118111582,0.0
model_10.pt,CHEBI:185985,predicate:16,CHEBI:70967,PUBCHEM.COMPOUND:131766841,predicate:13,PUBCHEM.COMPOUND:118111582,0.0
model_10.pt,CHEMBL.COMPOUND:CHEMBL4798272,predicate:15,CHEBI:167641,PUBCHEM.COMPOUND:131766841,predicate:13,PUBCHEM.COMPOUND:118111582,0.0
model_10.pt,PUBCHEM.COMPOUND:126739109,predicate:11,MONDO:0006996,PUBCHEM.COMPOUND:131766841,predicate:13,PUBCHEM.COMPOUND:118111582,0.0
model_10.pt,MONDO:0012176,predicate:20,HP:0003028,CHEBI:120702,predicate:20,MONDO:0006610,-93.14094543457033
model_10.pt,CHEBI:16959,predicate:17,CHEBI:172284,CHEBI:120702,predicate:20,MONDO:0006610,0.0
model_10.pt,PUBCHEM.COMPOUND:68020555,predicate:0,PUBCHEM.COMPOUND:44459583,CHEBI:120702,predicate:20,MONDO:0006610,0.0
model_10.pt,PUBCHEM.COMPOUND:137636752,predicate:0,CHEBI:134753,CHEBI:120702,predicate:20,MONDO:0006610,0.0
model_10.pt,PUBCHEM.COMPOUND:124221273,predicate:23,MONDO:0015691,CHEBI:120702,predicate:20,MONDO:0006610,0.0
model_10.pt,PUBCHEM.COMPOUND:130200977,predicate:18,CHEBI:144991,CHEBI:120702,predicate:20,MONDO:0006610,0.0
model_10.pt,MONDO:0005044,predicate:11,MONDO:0056796,CHEBI:120702,predicate:20,MONDO:0006610,0.0
model_10.pt,CHEBI:16592,predicate:41,CHEBI:114693,CHEBI:120702,predicate:20,MONDO:0006610,0.0
model_10.pt,CHEBI:166772,predicate:15,CHEBI:175537,CHEBI:120702,predicate:20,MONDO:0006610,0.0
model_10.pt,DRUGBANK:DB11158,predicate:2,MONDO:0005147,CHEBI:120702,predicate:20,MONDO:0006610,0.0
model_10.pt,CHEBI:145008,predicate:2,MONDO:0001076,CHEBI:120702,predicate:20,MONDO:0006610,0.0
model_10.pt,CHEBI:172333,predicate:11,CHEBI:84017,CHEBI:120702,predicate:20,MONDO:0006610,0.0
model_10.pt,CHEBI:188563,predicate:12,PUBCHEM.COMPOUND:52924335,CHEBI:120702,predicate:20,MONDO:0006610,0.0
model_10.pt,CHEBI:190239,predicate:11,HMDB:HMDB0072989,CHEBI:120702,predicate:20,MONDO:0006610,0.0
model_10.pt,CHEBI:135278,predicate:22,MONDO:0005559,CHEBI:120702,predicate:20,MONDO:0006610,0.0
model_10.pt,CHEBI:47040,predicate:15,CHEBI:146256,CHEBI:120702,predicate:20,MONDO:0006610,0.0
model_10.pt,CHEMBL.COMPOUND:CHEMBL4747062,predicate:0,CHEBI:71479,CHEBI:120702,predicate:20,MONDO:0006610,0.0
model_10.pt,CHEBI:42371,predicate:17,CHEBI:135736,CHEBI:120702,predicate:20,MONDO:0006610,0.0
model_10.pt,CHEBI:143114,predicate:1,CHEBI:125432,CHEBI:120702,predicate:20,MONDO:0006610,0.0
model_10.pt,CHEBI:185767,predicate:1,CHEBI:16264,CHEBI:120702,predicate:20,MONDO:0006610,0.0
model_10.pt,CHEBI:109317,predicate:14,CHEBI:170587,CHEBI:120702,predicate:20,MONDO:0006610,0.0
model_10.pt,CHEMBL.COMPOUND:CHEMBL4877928,predicate:1,PUBCHEM.COMPOUND:130363355,CHEBI:120702,predicate:20,MONDO:0006610,0.0
model_10.pt,CHEBI:136073,predicate:10,MONDO:0007263,CHEBI:120702,predicate:20,MONDO:0006610,0.0
model_10.pt,PUBCHEM.COMPOUND:131762323,predicate:13,CHEBI:149534,CHEBI:120702,predicate:20,MONDO:0006610,0.0
model_10.pt,PUBCHEM.COMPOUND:54325967,predicate:0,CHEBI:149800,CHEBI:120702,predicate:20,MONDO:0006610,0.0
model_10.pt,HP:0000021,predicate:0,CHEBI:167578,CHEBI:120702,predicate:20,MONDO:0006610,0.0
model_10.pt,CHEMBL.COMPOUND:CHEMBL4782467,predicate:15,CHEBI:134948,CHEBI:120702,predicate:20,MONDO:0006610,0.0
model_10.pt,NCBIGene:23163,predicate:18,NCBIGene:100528017,CHEBI:120702,predicate:20,MONDO:0006610,0.0
model_10.pt,CHEBI:142271,predicate:1,CHEBI:192396,CHEBI:120702,predicate:20,MONDO:0006610,0.0
model_10.pt,CHEBI:146285,predicate:12,PUBCHEM.COMPOUND:53478731,CHEBI:120702,predicate:20,MONDO:0006610,0.0
model_10.pt,CHEBI:136073,predicate:15,CHEBI:125586,CHEBI:120702,predicate:20,MONDO:0006610,0.0
model_10.pt,CHEMBL.COMPOUND:CHEMBL596806,predicate:20,HP:0000253,CHEBI:120702,predicate:20,MONDO:0006610,20.0262451171875
model_10.pt,NCBIGene:838170,predicate:13,CHEBI:75099,CHEBI:120702,predicate:20,MONDO:0006610,0.0
model_10.pt,PUBCHEM.COMPOUND:117859783,predicate:11,PUBCHEM.COMPOUND:10525997,CHEBI:120702,predicate:20,MONDO:0006610,0.0
model_10.pt,PUBCHEM.COMPOUND:127036977,predicate:0,CHEBI:103739,CHEBI:120702,predicate:20,MONDO:0006610,0.0
model_10.pt,PUBCHEM.COMPOUND:44433263,predicate:0,CHEBI:119893,CHEBI:120702,predicate:20,MONDO:0006610,0.0
model_10.pt,CHEBI:3914,predicate:15,CHEBI:190153,CHEBI:120702,predicate:20,MONDO:0006610,0.0
model_10.pt,PUBCHEM.COMPOUND:44314087,predicate:0,CHEBI:140407,CHEBI:120702,predicate:20,MONDO:0006610,0.0
model_10.pt,PUBCHEM.COMPOUND:25093440,predicate:0,CHEBI:113553,CHEBI:120702,predicate:20,MONDO:0006610,0.0
model_10.pt,CHEBI:65179,predicate:11,PUBCHEM.COMPOUND:11274029,CHEBI:120702,predicate:20,MONDO:0006610,0.0
model_10.pt,CHEBI:71580,predicate:22,MONDO:0005068,CHEBI:120702,predicate:20,MONDO:0006610,0.0
model_10.pt,CHEBI:190006,predicate:14,PUBCHEM.COMPOUND:118471641,CHEBI:120702,predicate:20,MONDO:0006610,0.0
model_10.pt,PUBCHEM.COMPOUND:59268935,predicate:0,CHEBI:113373,CHEBI:120702,predicate:20,MONDO:0006610,0.0
model_10.pt,CHEBI:157642,predicate:1,PUBCHEM.COMPOUND:130345144,CHEBI:120702,predicate:20,MONDO:0006610,0.0
model_10.pt,PUBCHEM.COMPOUND:57395067,predicate:0,CHEBI:167320,CHEBI:120702,predicate:20,MONDO:0006610,0.0
model_10.pt,PUBCHEM.COMPOUND:2744597,predicate:11,PUBCHEM.COMPOUND:2930224,CHEBI:120702,predicate:20,MONDO:0006610,0.0
model_10.pt,CHEBI:137225,predicate:17,CHEBI:131804,CHEBI:120702,predicate:20,MONDO:0006610,0.0
model_10.pt,CHEBI:111166,predicate:1,CHEBI:93303,CHEBI:120702,predicate:20,MONDO:0006610,0.0
model_10.pt,MONDO:0013171,predicate:20,MONDO:0001071,CHEBI:120702,predicate:20,MONDO:0006610,36.133544921875
model_10.pt,CHEBI:143170,predicate:1,CHEBI:166778,CHEBI:120702,predicate:20,MONDO:0006610,0.0
model_10.pt,CHEBI:51561,predicate:2,HP:0001945,CHEBI:120702,predicate:20,MONDO:0006610,0.0
model_10.pt,UNII:5M691HL4BO,predicate:23,HP:0001288,CHEBI:120702,predicate:20,MONDO:0006610,0.0
model_10.pt,MONDO:0011122,predicate:18,CHEBI:132752,CHEBI:120702,predicate:20,MONDO:0006610,0.0
model_10.pt,PUBCHEM.COMPOUND:10314049,predicate:13,CHEBI:18086,CHEBI:120702,predicate:20,MONDO:0006610,0.0
model_10.pt,CHEBI:144357,predicate:20,HP:0002857,CHEBI:120702,predicate:20,MONDO:0006610,40.58708953857422
model_10.pt,CHEBI:16207,predicate:15,CHEBI:129768,CHEBI:120702,predicate:20,MONDO:0006610,0.0
model_10.pt,CHEBI:139081,predicate:20,HP:0010864,CHEBI:120702,predicate:20,MONDO:0006610,-47.247314453125
model_10.pt,PUBCHEM.COMPOUND:5702107,predicate:3,CHEBI:109116,CHEBI:120702,predicate:20,MONDO:0006610,0.0
model_10.pt,CHEBI:71289,predicate:17,CHEBI:180867,CHEBI:120702,predicate:20,MONDO:0006610,0.0
model_10.pt,PUBCHEM.COMPOUND:9834864,predicate:21,CHEBI:113373,CHEBI:120702,predicate:20,MONDO:0006610,0.0
model_10.pt,PUBCHEM.COMPOUND:44431492,predicate:18,CHEBI:121826,CHEBI:120702,predicate:20,MONDO:0006610,0.0
model_10.pt,PUBCHEM.COMPOUND:10432760,predicate:25,CHEBI:166658,CHEBI:120702,predicate:20,MONDO:0006610,0.0
model_10.pt,PUBCHEM.COMPOUND:25015107,predicate:0,CHEBI:127989,CHEBI:120702,predicate:20,MONDO:0006610,0.0
model_10.pt,PUBCHEM.COMPOUND:131757266,predicate:13,MONDO:0006749,CHEBI:120702,predicate:20,MONDO:0006610,0.0
model_10.pt,CHEBI:72619,predicate:1,CHEBI:196198,CHEBI:120702,predicate:20,MONDO:0006610,0.0
model_10.pt,CHEBI:71600,predicate:1,HMDB:HMDB0009929,CHEBI:120702,predicate:20,MONDO:0006610,0.0
model_10.pt,CHEBI:184579,predicate:11,CHEBI:144250,CHEBI:120702,predicate:20,MONDO:0006610,0.0
model_10.pt,CHEBI:88497,predicate:1,CHEBI:144822,CHEBI:120702,predicate:20,MONDO:0006610,0.0
model_10.pt,CHEBI:15040,predicate:16,MONDO:0013171,CHEBI:120702,predicate:20,MONDO:0006610,0.0
model_10.pt,MONDO:0005272,predicate:1,CHEBI:18262,CHEBI:120702,predicate:20,MONDO:0006610,0.0
model_10.pt,CHEBI:126004,predicate:17,CHEBI:175375,CHEBI:120702,predicate:20,MONDO:0006610,0.0
model_10.pt,MONDO:0035764,predicate:1,HMDB:HMDB0083268,CHEBI:120702,predicate:20,MONDO:0006610,0.0
model_10.pt,PUBCHEM.COMPOUND:155512592,predicate:0,CHEBI:103843,CHEBI:120702,predicate:20,MONDO:0006610,0.0
model_10.pt,CHEBI:15490,predicate:15,CHEBI:170609,CHEBI:120702,predicate:20,MONDO:0006610,0.0
model_10.pt,CHEBI:138520,predicate:28,CHEBI:171141,CHEBI:120702,predicate:20,MONDO:0006610,0.0
model_10.pt,CHEBI:131557,predicate:1,CHEBI:73731,CHEBI:120702,predicate:20,MONDO:0006610,0.0
model_10.pt,CHEBI:134948,predicate:22,MONDO:0000831,CHEBI:120702,predicate:20,MONDO:0006610,0.0
model_10.pt,PUBCHEM.COMPOUND:10578760,predicate:0,CHEBI:92697,CHEBI:120702,predicate:20,MONDO:0006610,0.0
model_10.pt,HMDB:HMDB0076696,predicate:17,CHEBI:170784,CHEBI:120702,predicate:20,MONDO:0006610,0.0
model_10.pt,MONDO:0859265,predicate:3,CHEBI:176304,CHEBI:120702,predicate:20,MONDO:0006610,0.0
model_10.pt,CHEBI:113553,predicate:1,HMDB:HMDB0077232,CHEBI:120702,predicate:20,MONDO:0006610,0.0
model_10.pt,PUBCHEM.COMPOUND:137226420,predicate:0,CHEBI:109116,CHEBI:120702,predicate:20,MONDO:0006610,0.0
model_10.pt,MONDO:0010691,predicate:20,HP:0007957,CHEBI:120702,predicate:20,MONDO:0006610,-47.35581588745117
model_10.pt,CHEMBL.COMPOUND:CHEMBL536308,predicate:1,CHEBI:163814,CHEBI:120702,predicate:20,MONDO:0006610,0.0
model_10.pt,CHEBI:83370,predicate:16,CHEBI:72635,CHEBI:120702,predicate:20,MONDO:0006610,0.0
model_10.pt,PUBCHEM.COMPOUND:122196132,predicate:0,CHEBI:172159,CHEBI:120702,predicate:20,MONDO:0006610,0.0
model_10.pt,MONDO:0011730,predicate:1,CHEMBL.COMPOUND:CHEMBL54465,CHEBI:120702,predicate:20,MONDO:0006610,0.0
model_10.pt,MONDO:0011840,predicate:1,CHEBI:139280,CHEBI:120702,predicate:20,MONDO:0006610,0.0
model_10.pt,CHEBI:17482,predicate:23,MONDO:0001382,CHEBI:120702,predicate:20,MONDO:0006610,0.0
model_10.pt,PUBCHEM.COMPOUND:25263321,predicate:11,PUBCHEM.COMPOUND:3003511,CHEBI:120702,predicate:20,MONDO:0006610,0.0
model_10.pt,PUBCHEM.COMPOUND:10216381,predicate:11,PUBCHEM.COMPOUND:10431492,CHEBI:120702,predicate:20,MONDO:0006610,0.0
model_10.pt,NCBIGene:820781,predicate:12,PUBCHEM.COMPOUND:131761197,CHEBI:120702,predicate:20,MONDO:0006610,0.0
model_10.pt,CHEBI:51068,predicate:17,HMDB:HMDB0009399,CHEBI:120702,predicate:20,MONDO:0006610,0.0
model_10.pt,CHEBI:9330,predicate:22,MONDO:0005011,CHEBI:120702,predicate:20,MONDO:0006610,0.0
model_10.pt,PUBCHEM.COMPOUND:10048208,predicate:26,CHEMBL.COMPOUND:CHEMBL151630,CHEBI:120702,predicate:20,MONDO:0006610,0.0
model_10.pt,PUBCHEM.COMPOUND:44176335,predicate:0,CHEBI:105317,CHEBI:120702,predicate:20,MONDO:0006610,0.0
model_10.pt,PUBCHEM.COMPOUND:49864838,predicate:18,CHEBI:109533,CHEBI:120702,predicate:20,MONDO:0006610,0.0
model_10.pt,CHEBI:185985,predicate:16,CHEBI:70967,CHEBI:120702,predicate:20,MONDO:0006610,0.0
model_10.pt,CHEMBL.COMPOUND:CHEMBL4798272,predicate:15,CHEBI:167641,CHEBI:120702,predicate:20,MONDO:0006610,0.0
model_10.pt,PUBCHEM.COMPOUND:126739109,predicate:11,MONDO:0006996,CHEBI:120702,predicate:20,MONDO:0006610,0.0
model_2.pt,MONDO:0012176,predicate:20,HP:0003028,CHEBI:88548,predicate:1,HMDB:HMDB0073866,0.0
model_2.pt,CHEBI:16959,predicate:17,CHEBI:172284,CHEBI:88548,predicate:1,HMDB:HMDB0073866,0.0
model_2.pt,PUBCHEM.COMPOUND:68020555,predicate:0,PUBCHEM.COMPOUND:44459583,CHEBI:88548,predicate:1,HMDB:HMDB0073866,0.0
model_2.pt,PUBCHEM.COMPOUND:137636752,predicate:0,CHEBI:134753,CHEBI:88548,predicate:1,HMDB:HMDB0073866,0.0
model_2.pt,PUBCHEM.COMPOUND:124221273,predicate:23,MONDO:0015691,CHEBI:88548,predicate:1,HMDB:HMDB0073866,0.0
model_2.pt,PUBCHEM.COMPOUND:130200977,predicate:18,CHEBI:144991,CHEBI:88548,predicate:1,HMDB:HMDB0073866,0.0
model_2.pt,MONDO:0005044,predicate:11,MONDO:0056796,CHEBI:88548,predicate:1,HMDB:HMDB0073866,0.0
model_2.pt,CHEBI:16592,predicate:41,CHEBI:114693,CHEBI:88548,predicate:1,HMDB:HMDB0073866,0.0
model_2.pt,CHEBI:166772,predicate:15,CHEBI:175537,CHEBI:88548,predicate:1,HMDB:HMDB0073866,0.0
model_2.pt,DRUGBANK:DB11158,predicate:2,MONDO:0005147,CHEBI:88548,predicate:1,HMDB:HMDB0073866,0.0
model_2.pt,CHEBI:145008,predicate:2,MONDO:0001076,CHEBI:88548,predicate:1,HMDB:HMDB0073866,0.0
model_2.pt,CHEBI:172333,predicate:11,CHEBI:84017,CHEBI:88548,predicate:1,HMDB:HMDB0073866,0.0
model_2.pt,CHEBI:188563,predicate:12,PUBCHEM.COMPOUND:52924335,CHEBI:88548,predicate:1,HMDB:HMDB0073866,0.0
model_2.pt,CHEBI:190239,predicate:11,HMDB:HMDB0072989,CHEBI:88548,predicate:1,HMDB:HMDB0073866,0.0
model_2.pt,CHEBI:135278,predicate:22,MONDO:0005559,CHEBI:88548,predicate:1,HMDB:HMDB0073866,0.0
model_2.pt,CHEBI:47040,predicate:15,CHEBI:146256,CHEBI:88548,predicate:1,HMDB:HMDB0073866,0.0
model_2.pt,CHEMBL.COMPOUND:CHEMBL4747062,predicate:0,CHEBI:71479,CHEBI:88548,predicate:1,HMDB:HMDB0073866,0.0
model_2.pt,CHEBI:42371,predicate:17,CHEBI:135736,CHEBI:88548,predicate:1,HMDB:HMDB0073866,0.0
model_2.pt,CHEBI:143114,predicate:1,CHEBI:125432,CHEBI:88548,predicate:1,HMDB:HMDB0073866,65.65591430664062
model_2.pt,CHEBI:185767,predicate:1,CHEBI:16264,CHEBI:88548,predicate:1,HMDB:HMDB0073866,53.080810546875
model_2.pt,CHEBI:109317,predicate:14,CHEBI:170587,CHEBI:88548,predicate:1,HMDB:HMDB0073866,0.0
model_2.pt,CHEMBL.COMPOUND:CHEMBL4877928,predicate:1,PUBCHEM.COMPOUND:130363355,CHEBI:88548,predicate:1,HMDB:HMDB0073866,-10.789287567138672
model_2.pt,CHEBI:136073,predicate:10,MONDO:0007263,CHEBI:88548,predicate:1,HMDB:HMDB0073866,0.0
model_2.pt,PUBCHEM.COMPOUND:131762323,predicate:13,CHEBI:149534,CHEBI:88548,predicate:1,HMDB:HMDB0073866,0.0
model_2.pt,PUBCHEM.COMPOUND:54325967,predicate:0,CHEBI:149800,CHEBI:88548,predicate:1,HMDB:HMDB0073866,0.0
model_2.pt,HP:0000021,predicate:0,CHEBI:167578,CHEBI:88548,predicate:1,HMDB:HMDB0073866,0.0
model_2.pt,CHEMBL.COMPOUND:CHEMBL4782467,predicate:15,CHEBI:134948,CHEBI:88548,predicate:1,HMDB:HMDB0073866,0.0
model_2.pt,NCBIGene:23163,predicate:18,NCBIGene:100528017,CHEBI:88548,predicate:1,HMDB:HMDB0073866,0.0
model_2.pt,CHEBI:142271,predicate:1,CHEBI:192396,CHEBI:88548,predicate:1,HMDB:HMDB0073866,38.39537048339844
model_2.pt,CHEBI:146285,predicate:12,PUBCHEM.COMPOUND:53478731,CHEBI:88548,predicate:1,HMDB:HMDB0073866,0.0
model_2.pt,CHEBI:136073,predicate:15,CHEBI:125586,CHEBI:88548,predicate:1,HMDB:HMDB0073866,0.0
model_2.pt,CHEMBL.COMPOUND:CHEMBL596806,predicate:20,HP:0000253,CHEBI:88548,predicate:1,HMDB:HMDB0073866,0.0
model_2.pt,NCBIGene:838170,predicate:13,CHEBI:75099,CHEBI:88548,predicate:1,HMDB:HMDB0073866,0.0
model_2.pt,PUBCHEM.COMPOUND:117859783,predicate:11,PUBCHEM.COMPOUND:10525997,CHEBI:88548,predicate:1,HMDB:HMDB0073866,0.0
model_2.pt,PUBCHEM.COMPOUND:127036977,predicate:0,CHEBI:103739,CHEBI:88548,predicate:1,HMDB:HMDB0073866,0.0
model_2.pt,PUBCHEM.COMPOUND:44433263,predicate:0,CHEBI:119893,CHEBI:88548,predicate:1,HMDB:HMDB0073866,0.0
model_2.pt,CHEBI:3914,predicate:15,CHEBI:190153,CHEBI:88548,predicate:1,HMDB:HMDB0073866,0.0
model_2.pt,PUBCHEM.COMPOUND:44314087,predicate:0,CHEBI:140407,CHEBI:88548,predicate:1,HMDB:HMDB0073866,0.0
model_2.pt,PUBCHEM.COMPOUND:25093440,predicate:0,CHEBI:113553,CHEBI:88548,predicate:1,HMDB:HMDB0073866,0.0
model_2.pt,CHEBI:65179,predicate:11,PUBCHEM.COMPOUND:11274029,CHEBI:88548,predicate:1,HMDB:HMDB0073866,0.0
model_2.pt,CHEBI:71580,predicate:22,MONDO:0005068,CHEBI:88548,predicate:1,HMDB:HMDB0073866,0.0
model_2.pt,CHEBI:190006,predicate:14,PUBCHEM.COMPOUND:118471641,CHEBI:88548,predicate:1,HMDB:HMDB0073866,0.0
model_2.pt,PUBCHEM.COMPOUND:59268935,predicate:0,CHEBI:113373,CHEBI:88548,predicate:1,HMDB:HMDB0073866,0.0
model_2.pt,CHEBI:157642,predicate:1,PUBCHEM.COMPOUND:130345144,CHEBI:88548,predicate:1,HMDB:HMDB0073866,79.79403686523438
model_2.pt,PUBCHEM.COMPOUND:57395067,predicate:0,CHEBI:167320,CHEBI:88548,predicate:1,HMDB:HMDB0073866,0.0
model_2.pt,PUBCHEM.COMPOUND:2744597,predicate:11,PUBCHEM.COMPOUND:2930224,CHEBI:88548,predicate:1,HMDB:HMDB0073866,0.0
model_2.pt,CHEBI:137225,predicate:17,CHEBI:131804,CHEBI:88548,predicate:1,HMDB:HMDB0073866,0.0
model_2.pt,CHEBI:111166,predicate:1,CHEBI:93303,CHEBI:88548,predicate:1,HMDB:HMDB0073866,-19.38354110717773
model_2.pt,MONDO:0013171,predicate:20,MONDO:0001071,CHEBI:88548,predicate:1,HMDB:HMDB0073866,0.0
model_2.pt,CHEBI:143170,predicate:1,CHEBI:166778,CHEBI:88548,predicate:1,HMDB:HMDB0073866,-6.582024574279785
model_2.pt,CHEBI:51561,predicate:2,HP:0001945,CHEBI:88548,predicate:1,HMDB:HMDB0073866,0.0
model_2.pt,UNII:5M691HL4BO,predicate:23,HP:0001288,CHEBI:88548,predicate:1,HMDB:HMDB0073866,0.0
model_2.pt,MONDO:0011122,predicate:18,CHEBI:132752,CHEBI:88548,predicate:1,HMDB:HMDB0073866,0.0
model_2.pt,PUBCHEM.COMPOUND:10314049,predicate:13,CHEBI:18086,CHEBI:88548,predicate:1,HMDB:HMDB0073866,0.0
model_2.pt,CHEBI:144357,predicate:20,HP:0002857,CHEBI:88548,predicate:1,HMDB:HMDB0073866,0.0
model_2.pt,CHEBI:16207,predicate:15,CHEBI:129768,CHEBI:88548,predicate:1,HMDB:HMDB0073866,0.0
model_2.pt,CHEBI:139081,predicate:20,HP:0010864,CHEBI:88548,predicate:1,HMDB:HMDB0073866,0.0
model_2.pt,PUBCHEM.COMPOUND:5702107,predicate:3,CHEBI:109116,CHEBI:88548,predicate:1,HMDB:HMDB0073866,0.0
model_2.pt,CHEBI:71289,predicate:17,CHEBI:180867,CHEBI:88548,predicate:1,HMDB:HMDB0073866,0.0
model_2.pt,PUBCHEM.COMPOUND:9834864,predicate:21,CHEBI:113373,CHEBI:88548,predicate:1,HMDB:HMDB0073866,0.0
model_2.pt,PUBCHEM.COMPOUND:44431492,predicate:18,CHEBI:121826,CHEBI:88548,predicate:1,HMDB:HMDB0073866,0.0
model_2.pt,PUBCHEM.COMPOUND:10432760,predicate:25,CHEBI:166658,CHEBI:88548,predicate:1,HMDB:HMDB0073866,0.0
model_2.pt,PUBCHEM.COMPOUND:25015107,predicate:0,CHEBI:127989,CHEBI:88548,predicate:1,HMDB:HMDB0073866,0.0
model_2.pt,PUBCHEM.COMPOUND:131757266,predicate:13,MONDO:0006749,CHEBI:88548,predicate:1,HMDB:HMDB0073866,0.0
model_2.pt,CHEBI:72619,predicate:1,CHEBI:196198,CHEBI:88548,predicate:1,HMDB:HMDB0073866,6.220527648925781
model_2.pt,CHEBI:71600,predicate:1,HMDB:HMDB0009929,CHEBI:88548,predicate:1,HMDB:HMDB0073866,-0.445871353149414
model_2.pt,CHEBI:184579,predicate:11,CHEBI:144250,CHEBI:88548,predicate:1,HMDB:HMDB0073866,0.0
model_2.pt,CHEBI:88497,predicate:1,CHEBI:144822,CHEBI:88548,predicate:1,HMDB:HMDB0073866,-34.40303039550781
model_2.pt,CHEBI:15040,predicate:16,MONDO:0013171,CHEBI:88548,predicate:1,HMDB:HMDB0073866,0.0
model_2.pt,MONDO:0005272,predicate:1,CHEBI:18262,CHEBI:88548,predicate:1,HMDB:HMDB0073866,51.82021331787109
model_2.pt,CHEBI:126004,predicate:17,CHEBI:175375,CHEBI:88548,predicate:1,HMDB:HMDB0073866,0.0
model_2.pt,MONDO:0035764,predicate:1,HMDB:HMDB0083268,CHEBI:88548,predicate:1,HMDB:HMDB0073866,-101.57833099365234
model_2.pt,PUBCHEM.COMPOUND:155512592,predicate:0,CHEBI:103843,CHEBI:88548,predicate:1,HMDB:HMDB0073866,0.0
model_2.pt,CHEBI:15490,predicate:15,CHEBI:170609,CHEBI:88548,predicate:1,HMDB:HMDB0073866,0.0
model_2.pt,CHEBI:138520,predicate:28,CHEBI:171141,CHEBI:88548,predicate:1,HMDB:HMDB0073866,0.0
model_2.pt,CHEBI:131557,predicate:1,CHEBI:73731,CHEBI:88548,predicate:1,HMDB:HMDB0073866,-2.7040328979492188
model_2.pt,CHEBI:134948,predicate:22,MONDO:0000831,CHEBI:88548,predicate:1,HMDB:HMDB0073866,0.0
model_2.pt,PUBCHEM.COMPOUND:10578760,predicate:0,CHEBI:92697,CHEBI:88548,predicate:1,HMDB:HMDB0073866,0.0
model_2.pt,HMDB:HMDB0076696,predicate:17,CHEBI:170784,CHEBI:88548,predicate:1,HMDB:HMDB0073866,0.0
model_2.pt,MONDO:0859265,predicate:3,CHEBI:176304,CHEBI:88548,predicate:1,HMDB:HMDB0073866,0.0
model_2.pt,CHEBI:113553,predicate:1,HMDB:HMDB0077232,CHEBI:88548,predicate:1,HMDB:HMDB0073866,13.128823280334473
model_2.pt,PUBCHEM.COMPOUND:137226420,predicate:0,CHEBI:109116,CHEBI:88548,predicate:1,HMDB:HMDB0073866,0.0
model_2.pt,MONDO:0010691,predicate:20,HP:0007957,CHEBI:88548,predicate:1,HMDB:HMDB0073866,0.0
model_2.pt,CHEMBL.COMPOUND:CHEMBL536308,predicate:1,CHEBI:163814,CHEBI:88548,predicate:1,HMDB:HMDB0073866,9.067270278930664
model_2.pt,CHEBI:83370,predicate:16,CHEBI:72635,CHEBI:88548,predicate:1,HMDB:HMDB0073866,0.0
model_2.pt,PUBCHEM.COMPOUND:122196132,predicate:0,CHEBI:172159,CHEBI:88548,predicate:1,HMDB:HMDB0073866,0.0
model_2.pt,MONDO:0011730,predicate:1,CHEMBL.COMPOUND:CHEMBL54465,CHEBI:88548,predicate:1,HMDB:HMDB0073866,-36.79672622680664
model_2.pt,MONDO:0011840,predicate:1,CHEBI:139280,CHEBI:88548,predicate:1,HMDB:HMDB0073866,-92.42708587646484
model_2.pt,CHEBI:17482,predicate:23,MONDO:0001382,CHEBI:88548,predicate:1,HMDB:HMDB0073866,0.0
model_2.pt,PUBCHEM.COMPOUND:25263321,predicate:11,PUBCHEM.COMPOUND:3003511,CHEBI:88548,predicate:1,HMDB:HMDB0073866,0.0
model_2.pt,PUBCHEM.COMPOUND:10216381,predicate:11,PUBCHEM.COMPOUND:10431492,CHEBI:88548,predicate:1,HMDB:HMDB0073866,0.0
model_2.pt,NCBIGene:820781,predicate:12,PUBCHEM.COMPOUND:131761197,CHEBI:88548,predicate:1,HMDB:HMDB0073866,0.0
model_2.pt,CHEBI:51068,predicate:17,HMDB:HMDB0009399,CHEBI:88548,predicate:1,HMDB:HMDB0073866,0.0
model_2.pt,CHEBI:9330,predicate:22,MONDO:0005011,CHEBI:88548,predicate:1,HMDB:HMDB0073866,0.0
model_2.pt,PUBCHEM.COMPOUND:10048208,predicate:26,CHEMBL.COMPOUND:CHEMBL151630,CHEBI:88548,predicate:1,HMDB:HMDB0073866,0.0
model_2.pt,PUBCHEM.COMPOUND:44176335,predicate:0,CHEBI:105317,CHEBI:88548,predicate:1,HMDB:HMDB0073866,0.0
model_2.pt,PUBCHEM.COMPOUND:49864838,predicate:18,CHEBI:109533,CHEBI:88548,predicate:1,HMDB:HMDB0073866,0.0
model_2.pt,CHEBI:185985,predicate:16,CHEBI:70967,CHEBI:88548,predicate:1,HMDB:HMDB0073866,0.0
model_2.pt,CHEMBL.COMPOUND:CHEMBL4798272,predicate:15,CHEBI:167641,CHEBI:88548,predicate:1,HMDB:HMDB0073866,0.0
model_2.pt,PUBCHEM.COMPOUND:126739109,predicate:11,MONDO:0006996,CHEBI:88548,predicate:1,HMDB:HMDB0073866,0.0
model_2.pt,MONDO:0012176,predicate:20,HP:0003028,CHEBI:156386,predicate:11,CHEBI:171141,0.0
model_2.pt,CHEBI:16959,predicate:17,CHEBI:172284,CHEBI:156386,predicate:11,CHEBI:171141,0.0
model_2.pt,PUBCHEM.COMPOUND:68020555,predicate:0,PUBCHEM.COMPOUND:44459583,CHEBI:156386,predicate:11,CHEBI:171141,0.0
model_2.pt,PUBCHEM.COMPOUND:137636752,predicate:0,CHEBI:134753,CHEBI:156386,predicate:11,CHEBI:171141,0.0
model_2.pt,PUBCHEM.COMPOUND:124221273,predicate:23,MONDO:0015691,CHEBI:156386,predicate:11,CHEBI:171141,0.0
model_2.pt,PUBCHEM.COMPOUND:130200977,predicate:18,CHEBI:144991,CHEBI:156386,predicate:11,CHEBI:171141,0.0
model_2.pt,MONDO:0005044,predicate:11,MONDO:0056796,CHEBI:156386,predicate:11,CHEBI:171141,48.07379913330078
model_2.pt,CHEBI:16592,predicate:41,CHEBI:114693,CHEBI:156386,predicate:11,CHEBI:171141,0.0
model_2.pt,CHEBI:166772,predicate:15,CHEBI:175537,CHEBI:156386,predicate:11,CHEBI:171141,0.0
model_2.pt,DRUGBANK:DB11158,predicate:2,MONDO:0005147,CHEBI:156386,predicate:11,CHEBI:171141,0.0
model_2.pt,CHEBI:145008,predicate:2,MONDO:0001076,CHEBI:156386,predicate:11,CHEBI:171141,0.0
model_2.pt,CHEBI:172333,predicate:11,CHEBI:84017,CHEBI:156386,predicate:11,CHEBI:171141,32.37138366699219
model_2.pt,CHEBI:188563,predicate:12,PUBCHEM.COMPOUND:52924335,CHEBI:156386,predicate:11,CHEBI:171141,0.0
model_2.pt,CHEBI:190239,predicate:11,HMDB:HMDB0072989,CHEBI:156386,predicate:11,CHEBI:171141,-70.947998046875
model_2.pt,CHEBI:135278,predicate:22,MONDO:0005559,CHEBI:156386,predicate:11,CHEBI:171141,0.0
model_2.pt,CHEBI:47040,predicate:15,CHEBI:146256,CHEBI:156386,predicate:11,CHEBI:171141,0.0
model_2.pt,CHEMBL.COMPOUND:CHEMBL4747062,predicate:0,CHEBI:71479,CHEBI:156386,predicate:11,CHEBI:171141,0.0
model_2.pt,CHEBI:42371,predicate:17,CHEBI:135736,CHEBI:156386,predicate:11,CHEBI:171141,0.0
model_2.pt,CHEBI:143114,predicate:1,CHEBI:125432,CHEBI:156386,predicate:11,CHEBI:171141,0.0
model_2.pt,CHEBI:185767,predicate:1,CHEBI:16264,CHEBI:156386,predicate:11,CHEBI:171141,0.0
model_2.pt,CHEBI:109317,predicate:14,CHEBI:170587,CHEBI:156386,predicate:11,CHEBI:171141,0.0
model_2.pt,CHEMBL.COMPOUND:CHEMBL4877928,predicate:1,PUBCHEM.COMPOUND:130363355,CHEBI:156386,predicate:11,CHEBI:171141,0.0
model_2.pt,CHEBI:136073,predicate:10,MONDO:0007263,CHEBI:156386,predicate:11,CHEBI:171141,0.0
model_2.pt,PUBCHEM.COMPOUND:131762323,predicate:13,CHEBI:149534,CHEBI:156386,predicate:11,CHEBI:171141,0.0
model_2.pt,PUBCHEM.COMPOUND:54325967,predicate:0,CHEBI:149800,CHEBI:156386,predicate:11,CHEBI:171141,0.0
model_2.pt,HP:0000021,predicate:0,CHEBI:167578,CHEBI:156386,predicate:11,CHEBI:171141,0.0
model_2.pt,CHEMBL.COMPOUND:CHEMBL4782467,predicate:15,CHEBI:134948,CHEBI:156386,predicate:11,CHEBI:171141,0.0
model_2.pt,NCBIGene:23163,predicate:18,NCBIGene:100528017,CHEBI:156386,predicate:11,CHEBI:171141,0.0
model_2.pt,CHEBI:142271,predicate:1,CHEBI:192396,CHEBI:156386,predicate:11,CHEBI:171141,0.0
model_2.pt,CHEBI:146285,predicate:12,PUBCHEM.COMPOUND:53478731,CHEBI:156386,predicate:11,CHEBI:171141,0.0
model_2.pt,CHEBI:136073,predicate:15,CHEBI:125586,CHEBI:156386,predicate:11,CHEBI:171141,0.0
model_2.pt,CHEMBL.COMPOUND:CHEMBL596806,predicate:20,HP:0000253,CHEBI:156386,predicate:11,CHEBI:171141,0.0
model_2.pt,NCBIGene:838170,predicate:13,CHEBI:75099,CHEBI:156386,predicate:11,CHEBI:171141,0.0
model_2.pt,PUBCHEM.COMPOUND:117859783,predicate:11,PUBCHEM.COMPOUND:10525997,CHEBI:156386,predicate:11,CHEBI:171141,-112.63972473144533
model_2.pt,PUBCHEM.COMPOUND:127036977,predicate:0,CHEBI:103739,CHEBI:156386,predicate:11,CHEBI:171141,0.0
model_2.pt,PUBCHEM.COMPOUND:44433263,predicate:0,CHEBI:119893,CHEBI:156386,predicate:11,CHEBI:171141,0.0
model_2.pt,CHEBI:3914,predicate:15,CHEBI:190153,CHEBI:156386,predicate:11,CHEBI:171141,0.0
model_2.pt,PUBCHEM.COMPOUND:44314087,predicate:0,CHEBI:140407,CHEBI:156386,predicate:11,CHEBI:171141,0.0
model_2.pt,PUBCHEM.COMPOUND:25093440,predicate:0,CHEBI:113553,CHEBI:156386,predicate:11,CHEBI:171141,0.0
model_2.pt,CHEBI:65179,predicate:11,PUBCHEM.COMPOUND:11274029,CHEBI:156386,predicate:11,CHEBI:171141,-69.87104034423828
model_2.pt,CHEBI:71580,predicate:22,MONDO:0005068,CHEBI:156386,predicate:11,CHEBI:171141,0.0
model_2.pt,CHEBI:190006,predicate:14,PUBCHEM.COMPOUND:118471641,CHEBI:156386,predicate:11,CHEBI:171141,0.0
model_2.pt,PUBCHEM.COMPOUND:59268935,predicate:0,CHEBI:113373,CHEBI:156386,predicate:11,CHEBI:171141,0.0
model_2.pt,CHEBI:157642,predicate:1,PUBCHEM.COMPOUND:130345144,CHEBI:156386,predicate:11,CHEBI:171141,0.0
model_2.pt,PUBCHEM.COMPOUND:57395067,predicate:0,CHEBI:167320,CHEBI:156386,predicate:11,CHEBI:171141,0.0
model_2.pt,PUBCHEM.COMPOUND:2744597,predicate:11,PUBCHEM.COMPOUND:2930224,CHEBI:156386,predicate:11,CHEBI:171141,-38.085899353027344
model_2.pt,CHEBI:137225,predicate:17,CHEBI:131804,CHEBI:156386,predicate:11,CHEBI:171141,0.0
model_2.pt,CHEBI:111166,predicate:1,CHEBI:93303,CHEBI:156386,predicate:11,CHEBI:171141,0.0
model_2.pt,MONDO:0013171,predicate:20,MONDO:0001071,CHEBI:156386,predicate:11,CHEBI:171141,0.0
model_2.pt,CHEBI:143170,predicate:1,CHEBI:166778,CHEBI:156386,predicate:11,CHEBI:171141,0.0
model_2.pt,CHEBI:51561,predicate:2,HP:0001945,CHEBI:156386,predicate:11,CHEBI:171141,0.0
model_2.pt,UNII:5M691HL4BO,predicate:23,HP:0001288,CHEBI:156386,predicate:11,CHEBI:171141,0.0
model_2.pt,MONDO:0011122,predicate:18,CHEBI:132752,CHEBI:156386,predicate:11,CHEBI:171141,0.0
model_2.pt,PUBCHEM.COMPOUND:10314049,predicate:13,CHEBI:18086,CHEBI:156386,predicate:11,CHEBI:171141,0.0
model_2.pt,CHEBI:144357,predicate:20,HP:0002857,CHEBI:156386,predicate:11,CHEBI:171141,0.0
model_2.pt,CHEBI:16207,predicate:15,CHEBI:129768,CHEBI:156386,predicate:11,CHEBI:171141,0.0
model_2.pt,CHEBI:139081,predicate:20,HP:0010864,CHEBI:156386,predicate:11,CHEBI:171141,0.0
model_2.pt,PUBCHEM.COMPOUND:5702107,predicate:3,CHEBI:109116,CHEBI:156386,predicate:11,CHEBI:171141,0.0
model_2.pt,CHEBI:71289,predicate:17,CHEBI:180867,CHEBI:156386,predicate:11,CHEBI:171141,0.0
model_2.pt,PUBCHEM.COMPOUND:9834864,predicate:21,CHEBI:113373,CHEBI:156386,predicate:11,CHEBI:171141,0.0
model_2.pt,PUBCHEM.COMPOUND:44431492,predicate:18,CHEBI:121826,CHEBI:156386,predicate:11,CHEBI:171141,0.0
model_2.pt,PUBCHEM.COMPOUND:10432760,predicate:25,CHEBI:166658,CHEBI:156386,predicate:11,CHEBI:171141,0.0
model_2.pt,PUBCHEM.COMPOUND:25015107,predicate:0,CHEBI:127989,CHEBI:156386,predicate:11,CHEBI:171141,0.0
model_2.pt,PUBCHEM.COMPOUND:131757266,predicate:13,MONDO:0006749,CHEBI:156386,predicate:11,CHEBI:171141,0.0
model_2.pt,CHEBI:72619,predicate:1,CHEBI:196198,CHEBI:156386,predicate:11,CHEBI:171141,0.0
model_2.pt,CHEBI:71600,predicate:1,HMDB:HMDB0009929,CHEBI:156386,predicate:11,CHEBI:171141,0.0
model_2.pt,CHEBI:184579,predicate:11,CHEBI:144250,CHEBI:156386,predicate:11,CHEBI:171141,12.245845794677734
model_2.pt,CHEBI:88497,predicate:1,CHEBI:144822,CHEBI:156386,predicate:11,CHEBI:171141,0.0
model_2.pt,CHEBI:15040,predicate:16,MONDO:0013171,CHEBI:156386,predicate:11,CHEBI:171141,0.0
model_2.pt,MONDO:0005272,predicate:1,CHEBI:18262,CHEBI:156386,predicate:11,CHEBI:171141,0.0
model_2.pt,CHEBI:126004,predicate:17,CHEBI:175375,CHEBI:156386,predicate:11,CHEBI:171141,0.0
model_2.pt,MONDO:0035764,predicate:1,HMDB:HMDB0083268,CHEBI:156386,predicate:11,CHEBI:171141,0.0
model_2.pt,PUBCHEM.COMPOUND:155512592,predicate:0,CHEBI:103843,CHEBI:156386,predicate:11,CHEBI:171141,0.0
model_2.pt,CHEBI:15490,predicate:15,CHEBI:170609,CHEBI:156386,predicate:11,CHEBI:171141,0.0
model_2.pt,CHEBI:138520,predicate:28,CHEBI:171141,CHEBI:156386,predicate:11,CHEBI:171141,194.32049560546875
model_2.pt,CHEBI:131557,predicate:1,CHEBI:73731,CHEBI:156386,predicate:11,CHEBI:171141,0.0
model_2.pt,CHEBI:134948,predicate:22,MONDO:0000831,CHEBI:156386,predicate:11,CHEBI:171141,0.0
model_2.pt,PUBCHEM.COMPOUND:10578760,predicate:0,CHEBI:92697,CHEBI:156386,predicate:11,CHEBI:171141,0.0
model_2.pt,HMDB:HMDB0076696,predicate:17,CHEBI:170784,CHEBI:156386,predicate:11,CHEBI:171141,0.0
model_2.pt,MONDO:0859265,predicate:3,CHEBI:176304,CHEBI:156386,predicate:11,CHEBI:171141,0.0
model_2.pt,CHEBI:113553,predicate:1,HMDB:HMDB0077232,CHEBI:156386,predicate:11,CHEBI:171141,0.0
model_2.pt,PUBCHEM.COMPOUND:137226420,predicate:0,CHEBI:109116,CHEBI:156386,predicate:11,CHEBI:171141,0.0
model_2.pt,MONDO:0010691,predicate:20,HP:0007957,CHEBI:156386,predicate:11,CHEBI:171141,0.0
model_2.pt,CHEMBL.COMPOUND:CHEMBL536308,predicate:1,CHEBI:163814,CHEBI:156386,predicate:11,CHEBI:171141,0.0
model_2.pt,CHEBI:83370,predicate:16,CHEBI:72635,CHEBI:156386,predicate:11,CHEBI:171141,0.0
model_2.pt,PUBCHEM.COMPOUND:122196132,predicate:0,CHEBI:172159,CHEBI:156386,predicate:11,CHEBI:171141,0.0
model_2.pt,MONDO:0011730,predicate:1,CHEMBL.COMPOUND:CHEMBL54465,CHEBI:156386,predicate:11,CHEBI:171141,0.0
model_2.pt,MONDO:0011840,predicate:1,CHEBI:139280,CHEBI:156386,predicate:11,CHEBI:171141,0.0
model_2.pt,CHEBI:17482,predicate:23,MONDO:0001382,CHEBI:156386,predicate:11,CHEBI:171141,0.0
model_2.pt,PUBCHEM.COMPOUND:25263321,predicate:11,PUBCHEM.COMPOUND:3003511,CHEBI:156386,predicate:11,CHEBI:171141,27.961376190185547
model_2.pt,PUBCHEM.COMPOUND:10216381,predicate:11,PUBCHEM.COMPOUND:10431492,CHEBI:156386,predicate:11,CHEBI:171141,42.24571990966797
model_2.pt,NCBIGene:820781,predicate:12,PUBCHEM.COMPOUND:131761197,CHEBI:156386,predicate:11,CHEBI:171141,0.0
model_2.pt,CHEBI:51068,predicate:17,HMDB:HMDB0009399,CHEBI:156386,predicate:11,CHEBI:171141,0.0
model_2.pt,CHEBI:9330,predicate:22,MONDO:0005011,CHEBI:156386,predicate:11,CHEBI:171141,0.0
model_2.pt,PUBCHEM.COMPOUND:10048208,predicate:26,CHEMBL.COMPOUND:CHEMBL151630,CHEBI:156386,predicate:11,CHEBI:171141,0.0
model_2.pt,PUBCHEM.COMPOUND:44176335,predicate:0,CHEBI:105317,CHEBI:156386,predicate:11,CHEBI:171141,0.0
model_2.pt,PUBCHEM.COMPOUND:49864838,predicate:18,CHEBI:109533,CHEBI:156386,predicate:11,CHEBI:171141,0.0
model_2.pt,CHEBI:185985,predicate:16,CHEBI:70967,CHEBI:156386,predicate:11,CHEBI:171141,0.0
model_2.pt,CHEMBL.COMPOUND:CHEMBL4798272,predicate:15,CHEBI:167641,CHEBI:156386,predicate:11,CHEBI:171141,0.0
model_2.pt,PUBCHEM.COMPOUND:126739109,predicate:11,MONDO:0006996,CHEBI:156386,predicate:11,CHEBI:171141,23.124134063720703
model_2.pt,MONDO:0012176,predicate:20,HP:0003028,CHEBI:145509,predicate:28,CHEBI:156320,0.0
model_2.pt,CHEBI:16959,predicate:17,CHEBI:172284,CHEBI:145509,predicate:28,CHEBI:156320,0.0
model_2.pt,PUBCHEM.COMPOUND:68020555,predicate:0,PUBCHEM.COMPOUND:44459583,CHEBI:145509,predicate:28,CHEBI:156320,0.0
model_2.pt,PUBCHEM.COMPOUND:137636752,predicate:0,CHEBI:134753,CHEBI:145509,predicate:28,CHEBI:156320,0.0
model_2.pt,PUBCHEM.COMPOUND:124221273,predicate:23,MONDO:0015691,CHEBI:145509,predicate:28,CHEBI:156320,0.0
model_2.pt,PUBCHEM.COMPOUND:130200977,predicate:18,CHEBI:144991,CHEBI:145509,predicate:28,CHEBI:156320,0.0
model_2.pt,MONDO:0005044,predicate:11,MONDO:0056796,CHEBI:145509,predicate:28,CHEBI:156320,0.0
model_2.pt,CHEBI:16592,predicate:41,CHEBI:114693,CHEBI:145509,predicate:28,CHEBI:156320,0.0
model_2.pt,CHEBI:166772,predicate:15,CHEBI:175537,CHEBI:145509,predicate:28,CHEBI:156320,0.0
model_2.pt,DRUGBANK:DB11158,predicate:2,MONDO:0005147,CHEBI:145509,predicate:28,CHEBI:156320,0.0
model_2.pt,CHEBI:145008,predicate:2,MONDO:0001076,CHEBI:145509,predicate:28,CHEBI:156320,0.0
model_2.pt,CHEBI:172333,predicate:11,CHEBI:84017,CHEBI:145509,predicate:28,CHEBI:156320,0.0
model_2.pt,CHEBI:188563,predicate:12,PUBCHEM.COMPOUND:52924335,CHEBI:145509,predicate:28,CHEBI:156320,0.0
model_2.pt,CHEBI:190239,predicate:11,HMDB:HMDB0072989,CHEBI:145509,predicate:28,CHEBI:156320,0.0
model_2.pt,CHEBI:135278,predicate:22,MONDO:0005559,CHEBI:145509,predicate:28,CHEBI:156320,0.0
model_2.pt,CHEBI:47040,predicate:15,CHEBI:146256,CHEBI:145509,predicate:28,CHEBI:156320,0.0
model_2.pt,CHEMBL.COMPOUND:CHEMBL4747062,predicate:0,CHEBI:71479,CHEBI:145509,predicate:28,CHEBI:156320,0.0
model_2.pt,CHEBI:42371,predicate:17,CHEBI:135736,CHEBI:145509,predicate:28,CHEBI:156320,0.0
model_2.pt,CHEBI:143114,predicate:1,CHEBI:125432,CHEBI:145509,predicate:28,CHEBI:156320,0.0
model_2.pt,CHEBI:185767,predicate:1,CHEBI:16264,CHEBI:145509,predicate:28,CHEBI:156320,0.0
model_2.pt,CHEBI:109317,predicate:14,CHEBI:170587,CHEBI:145509,predicate:28,CHEBI:156320,0.0
model_2.pt,CHEMBL.COMPOUND:CHEMBL4877928,predicate:1,PUBCHEM.COMPOUND:130363355,CHEBI:145509,predicate:28,CHEBI:156320,0.0
model_2.pt,CHEBI:136073,predicate:10,MONDO:0007263,CHEBI:145509,predicate:28,CHEBI:156320,0.0
model_2.pt,PUBCHEM.COMPOUND:131762323,predicate:13,CHEBI:149534,CHEBI:145509,predicate:28,CHEBI:156320,0.0
model_2.pt,PUBCHEM.COMPOUND:54325967,predicate:0,CHEBI:149800,CHEBI:145509,predicate:28,CHEBI:156320,0.0
model_2.pt,HP:0000021,predicate:0,CHEBI:167578,CHEBI:145509,predicate:28,CHEBI:156320,0.0
model_2.pt,CHEMBL.COMPOUND:CHEMBL4782467,predicate:15,CHEBI:134948,CHEBI:145509,predicate:28,CHEBI:156320,0.0
model_2.pt,NCBIGene:23163,predicate:18,NCBIGene:100528017,CHEBI:145509,predicate:28,CHEBI:156320,0.0
model_2.pt,CHEBI:142271,predicate:1,CHEBI:192396,CHEBI:145509,predicate:28,CHEBI:156320,0.0
model_2.pt,CHEBI:146285,predicate:12,PUBCHEM.COMPOUND:53478731,CHEBI:145509,predicate:28,CHEBI:156320,0.0
model_2.pt,CHEBI:136073,predicate:15,CHEBI:125586,CHEBI:145509,predicate:28,CHEBI:156320,0.0
model_2.pt,CHEMBL.COMPOUND:CHEMBL596806,predicate:20,HP:0000253,CHEBI:145509,predicate:28,CHEBI:156320,0.0
model_2.pt,NCBIGene:838170,predicate:13,CHEBI:75099,CHEBI:145509,predicate:28,CHEBI:156320,0.0
model_2.pt,PUBCHEM.COMPOUND:117859783,predicate:11,PUBCHEM.COMPOUND:10525997,CHEBI:145509,predicate:28,CHEBI:156320,0.0
model_2.pt,PUBCHEM.COMPOUND:127036977,predicate:0,CHEBI:103739,CHEBI:145509,predicate:28,CHEBI:156320,0.0
model_2.pt,PUBCHEM.COMPOUND:44433263,predicate:0,CHEBI:119893,CHEBI:145509,predicate:28,CHEBI:156320,0.0
model_2.pt,CHEBI:3914,predicate:15,CHEBI:190153,CHEBI:145509,predicate:28,CHEBI:156320,0.0
model_2.pt,PUBCHEM.COMPOUND:44314087,predicate:0,CHEBI:140407,CHEBI:145509,predicate:28,CHEBI:156320,0.0
model_2.pt,PUBCHEM.COMPOUND:25093440,predicate:0,CHEBI:113553,CHEBI:145509,predicate:28,CHEBI:156320,0.0
model_2.pt,CHEBI:65179,predicate:11,PUBCHEM.COMPOUND:11274029,CHEBI:145509,predicate:28,CHEBI:156320,0.0
model_2.pt,CHEBI:71580,predicate:22,MONDO:0005068,CHEBI:145509,predicate:28,CHEBI:156320,0.0
model_2.pt,CHEBI:190006,predicate:14,PUBCHEM.COMPOUND:118471641,CHEBI:145509,predicate:28,CHEBI:156320,0.0
model_2.pt,PUBCHEM.COMPOUND:59268935,predicate:0,CHEBI:113373,CHEBI:145509,predicate:28,CHEBI:156320,0.0
model_2.pt,CHEBI:157642,predicate:1,PUBCHEM.COMPOUND:130345144,CHEBI:145509,predicate:28,CHEBI:156320,0.0
model_2.pt,PUBCHEM.COMPOUND:57395067,predicate:0,CHEBI:167320,CHEBI:145509,predicate:28,CHEBI:156320,0.0
model_2.pt,PUBCHEM.COMPOUND:2744597,predicate:11,PUBCHEM.COMPOUND:2930224,CHEBI:145509,predicate:28,CHEBI:156320,0.0
model_2.pt,CHEBI:137225,predicate:17,CHEBI:131804,CHEBI:145509,predicate:28,CHEBI:156320,0.0
model_2.pt,CHEBI:111166,predicate:1,CHEBI:93303,CHEBI:145509,predicate:28,CHEBI:156320,0.0
model_2.pt,MONDO:0013171,predicate:20,MONDO:0001071,CHEBI:145509,predicate:28,CHEBI:156320,0.0
model_2.pt,CHEBI:143170,predicate:1,CHEBI:166778,CHEBI:145509,predicate:28,CHEBI:156320,0.0
model_2.pt,CHEBI:51561,predicate:2,HP:0001945,CHEBI:145509,predicate:28,CHEBI:156320,0.0
model_2.pt,UNII:5M691HL4BO,predicate:23,HP:0001288,CHEBI:145509,predicate:28,CHEBI:156320,0.0
model_2.pt,MONDO:0011122,predicate:18,CHEBI:132752,CHEBI:145509,predicate:28,CHEBI:156320,0.0
model_2.pt,PUBCHEM.COMPOUND:10314049,predicate:13,CHEBI:18086,CHEBI:145509,predicate:28,CHEBI:156320,0.0
model_2.pt,CHEBI:144357,predicate:20,HP:0002857,CHEBI:145509,predicate:28,CHEBI:156320,0.0
model_2.pt,CHEBI:16207,predicate:15,CHEBI:129768,CHEBI:145509,predicate:28,CHEBI:156320,0.0
model_2.pt,CHEBI:139081,predicate:20,HP:0010864,CHEBI:145509,predicate:28,CHEBI:156320,0.0
model_2.pt,PUBCHEM.COMPOUND:5702107,predicate:3,CHEBI:109116,CHEBI:145509,predicate:28,CHEBI:156320,0.0
model_2.pt,CHEBI:71289,predicate:17,CHEBI:180867,CHEBI:145509,predicate:28,CHEBI:156320,0.0
model_2.pt,PUBCHEM.COMPOUND:9834864,predicate:21,CHEBI:113373,CHEBI:145509,predicate:28,CHEBI:156320,0.0
model_2.pt,PUBCHEM.COMPOUND:44431492,predicate:18,CHEBI:121826,CHEBI:145509,predicate:28,CHEBI:156320,0.0
model_2.pt,PUBCHEM.COMPOUND:10432760,predicate:25,CHEBI:166658,CHEBI:145509,predicate:28,CHEBI:156320,0.0
model_2.pt,PUBCHEM.COMPOUND:25015107,predicate:0,CHEBI:127989,CHEBI:145509,predicate:28,CHEBI:156320,0.0
model_2.pt,PUBCHEM.COMPOUND:131757266,predicate:13,MONDO:0006749,CHEBI:145509,predicate:28,CHEBI:156320,0.0
model_2.pt,CHEBI:72619,predicate:1,CHEBI:196198,CHEBI:145509,predicate:28,CHEBI:156320,0.0
model_2.pt,CHEBI:71600,predicate:1,HMDB:HMDB0009929,CHEBI:145509,predicate:28,CHEBI:156320,0.0
model_2.pt,CHEBI:184579,predicate:11,CHEBI:144250,CHEBI:145509,predicate:28,CHEBI:156320,0.0
model_2.pt,CHEBI:88497,predicate:1,CHEBI:144822,CHEBI:145509,predicate:28,CHEBI:156320,0.0
model_2.pt,CHEBI:15040,predicate:16,MONDO:0013171,CHEBI:145509,predicate:28,CHEBI:156320,0.0
model_2.pt,MONDO:0005272,predicate:1,CHEBI:18262,CHEBI:145509,predicate:28,CHEBI:156320,0.0
model_2.pt,CHEBI:126004,predicate:17,CHEBI:175375,CHEBI:145509,predicate:28,CHEBI:156320,0.0
model_2.pt,MONDO:0035764,predicate:1,HMDB:HMDB0083268,CHEBI:145509,predicate:28,CHEBI:156320,0.0
model_2.pt,PUBCHEM.COMPOUND:155512592,predicate:0,CHEBI:103843,CHEBI:145509,predicate:28,CHEBI:156320,0.0
model_2.pt,CHEBI:15490,predicate:15,CHEBI:170609,CHEBI:145509,predicate:28,CHEBI:156320,0.0
model_2.pt,CHEBI:138520,predicate:28,CHEBI:171141,CHEBI:145509,predicate:28,CHEBI:156320,-39.10613250732422
model_2.pt,CHEBI:131557,predicate:1,CHEBI:73731,CHEBI:145509,predicate:28,CHEBI:156320,0.0
model_2.pt,CHEBI:134948,predicate:22,MONDO:0000831,CHEBI:145509,predicate:28,CHEBI:156320,0.0
model_2.pt,PUBCHEM.COMPOUND:10578760,predicate:0,CHEBI:92697,CHEBI:145509,predicate:28,CHEBI:156320,0.0
model_2.pt,HMDB:HMDB0076696,predicate:17,CHEBI:170784,CHEBI:145509,predicate:28,CHEBI:156320,0.0
model_2.pt,MONDO:0859265,predicate:3,CHEBI:176304,CHEBI:145509,predicate:28,CHEBI:156320,0.0
model_2.pt,CHEBI:113553,predicate:1,HMDB:HMDB0077232,CHEBI:145509,predicate:28,CHEBI:156320,0.0
model_2.pt,PUBCHEM.COMPOUND:137226420,predicate:0,CHEBI:109116,CHEBI:145509,predicate:28,CHEBI:156320,0.0
model_2.pt,MONDO:0010691,predicate:20,HP:0007957,CHEBI:145509,predicate:28,CHEBI:156320,0.0
model_2.pt,CHEMBL.COMPOUND:CHEMBL536308,predicate:1,CHEBI:163814,CHEBI:145509,predicate:28,CHEBI:156320,0.0
model_2.pt,CHEBI:83370,predicate:16,CHEBI:72635,CHEBI:145509,predicate:28,CHEBI:156320,0.0
model_2.pt,PUBCHEM.COMPOUND:122196132,predicate:0,CHEBI:172159,CHEBI:145509,predicate:28,CHEBI:156320,0.0
model_2.pt,MONDO:0011730,predicate:1,CHEMBL.COMPOUND:CHEMBL54465,CHEBI:145509,predicate:28,CHEBI:156320,0.0
model_2.pt,MONDO:0011840,predicate:1,CHEBI:139280,CHEBI:145509,predicate:28,CHEBI:156320,0.0
model_2.pt,CHEBI:17482,predicate:23,MONDO:0001382,CHEBI:145509,predicate:28,CHEBI:156320,0.0
model_2.pt,PUBCHEM.COMPOUND:25263321,predicate:11,PUBCHEM.COMPOUND:3003511,CHEBI:145509,predicate:28,CHEBI:156320,0.0
model_2.pt,PUBCHEM.COMPOUND:10216381,predicate:11,PUBCHEM.COMPOUND:10431492,CHEBI:145509,predicate:28,CHEBI:156320,0.0
model_2.pt,NCBIGene:820781,predicate:12,PUBCHEM.COMPOUND:131761197,CHEBI:145509,predicate:28,CHEBI:156320,0.0
model_2.pt,CHEBI:51068,predicate:17,HMDB:HMDB0009399,CHEBI:145509,predicate:28,CHEBI:156320,0.0
model_2.pt,CHEBI:9330,predicate:22,MONDO:0005011,CHEBI:145509,predicate:28,CHEBI:156320,0.0
model_2.pt,PUBCHEM.COMPOUND:10048208,predicate:26,CHEMBL.COMPOUND:CHEMBL151630,CHEBI:145509,predicate:28,CHEBI:156320,0.0
model_2.pt,PUBCHEM.COMPOUND:44176335,predicate:0,CHEBI:105317,CHEBI:145509,predicate:28,CHEBI:156320,0.0
model_2.pt,PUBCHEM.COMPOUND:49864838,predicate:18,CHEBI:109533,CHEBI:145509,predicate:28,CHEBI:156320,0.0
model_2.pt,CHEBI:185985,predicate:16,CHEBI:70967,CHEBI:145509,predicate:28,CHEBI:156320,0.0
model_2.pt,CHEMBL.COMPOUND:CHEMBL4798272,predicate:15,CHEBI:167641,CHEBI:145509,predicate:28,CHEBI:156320,0.0
model_2.pt,PUBCHEM.COMPOUND:126739109,predicate:11,MONDO:0006996,CHEBI:145509,predicate:28,CHEBI:156320,0.0
model_2.pt,MONDO:0012176,predicate:20,HP:0003028,PUBCHEM.COMPOUND:131766841,predicate:13,PUBCHEM.COMPOUND:118111582,0.0
model_2.pt,CHEBI:16959,predicate:17,CHEBI:172284,PUBCHEM.COMPOUND:131766841,predicate:13,PUBCHEM.COMPOUND:118111582,0.0
model_2.pt,PUBCHEM.COMPOUND:68020555,predicate:0,PUBCHEM.COMPOUND:44459583,PUBCHEM.COMPOUND:131766841,predicate:13,PUBCHEM.COMPOUND:118111582,0.0
model_2.pt,PUBCHEM.COMPOUND:137636752,predicate:0,CHEBI:134753,PUBCHEM.COMPOUND:131766841,predicate:13,PUBCHEM.COMPOUND:118111582,0.0
model_2.pt,PUBCHEM.COMPOUND:124221273,predicate:23,MONDO:0015691,PUBCHEM.COMPOUND:131766841,predicate:13,PUBCHEM.COMPOUND:118111582,0.0
model_2.pt,PUBCHEM.COMPOUND:130200977,predicate:18,CHEBI:144991,PUBCHEM.COMPOUND:131766841,predicate:13,PUBCHEM.COMPOUND:118111582,0.0
model_2.pt,MONDO:0005044,predicate:11,MONDO:0056796,PUBCHEM.COMPOUND:131766841,predicate:13,PUBCHEM.COMPOUND:118111582,0.0
model_2.pt,CHEBI:16592,predicate:41,CHEBI:114693,PUBCHEM.COMPOUND:131766841,predicate:13,PUBCHEM.COMPOUND:118111582,0.0
model_2.pt,CHEBI:166772,predicate:15,CHEBI:175537,PUBCHEM.COMPOUND:131766841,predicate:13,PUBCHEM.COMPOUND:118111582,0.0
model_2.pt,DRUGBANK:DB11158,predicate:2,MONDO:0005147,PUBCHEM.COMPOUND:131766841,predicate:13,PUBCHEM.COMPOUND:118111582,0.0
model_2.pt,CHEBI:145008,predicate:2,MONDO:0001076,PUBCHEM.COMPOUND:131766841,predicate:13,PUBCHEM.COMPOUND:118111582,0.0
model_2.pt,CHEBI:172333,predicate:11,CHEBI:84017,PUBCHEM.COMPOUND:131766841,predicate:13,PUBCHEM.COMPOUND:118111582,0.0
model_2.pt,CHEBI:188563,predicate:12,PUBCHEM.COMPOUND:52924335,PUBCHEM.COMPOUND:131766841,predicate:13,PUBCHEM.COMPOUND:118111582,0.0
model_2.pt,CHEBI:190239,predicate:11,HMDB:HMDB0072989,PUBCHEM.COMPOUND:131766841,predicate:13,PUBCHEM.COMPOUND:118111582,0.0
model_2.pt,CHEBI:135278,predicate:22,MONDO:0005559,PUBCHEM.COMPOUND:131766841,predicate:13,PUBCHEM.COMPOUND:118111582,0.0
model_2.pt,CHEBI:47040,predicate:15,CHEBI:146256,PUBCHEM.COMPOUND:131766841,predicate:13,PUBCHEM.COMPOUND:118111582,0.0
model_2.pt,CHEMBL.COMPOUND:CHEMBL4747062,predicate:0,CHEBI:71479,PUBCHEM.COMPOUND:131766841,predicate:13,PUBCHEM.COMPOUND:118111582,0.0
model_2.pt,CHEBI:42371,predicate:17,CHEBI:135736,PUBCHEM.COMPOUND:131766841,predicate:13,PUBCHEM.COMPOUND:118111582,0.0
model_2.pt,CHEBI:143114,predicate:1,CHEBI:125432,PUBCHEM.COMPOUND:131766841,predicate:13,PUBCHEM.COMPOUND:118111582,0.0
model_2.pt,CHEBI:185767,predicate:1,CHEBI:16264,PUBCHEM.COMPOUND:131766841,predicate:13,PUBCHEM.COMPOUND:118111582,0.0
model_2.pt,CHEBI:109317,predicate:14,CHEBI:170587,PUBCHEM.COMPOUND:131766841,predicate:13,PUBCHEM.COMPOUND:118111582,0.0
model_2.pt,CHEMBL.COMPOUND:CHEMBL4877928,predicate:1,PUBCHEM.COMPOUND:130363355,PUBCHEM.COMPOUND:131766841,predicate:13,PUBCHEM.COMPOUND:118111582,0.0
model_2.pt,CHEBI:136073,predicate:10,MONDO:0007263,PUBCHEM.COMPOUND:131766841,predicate:13,PUBCHEM.COMPOUND:118111582,0.0
model_2.pt,PUBCHEM.COMPOUND:131762323,predicate:13,CHEBI:149534,PUBCHEM.COMPOUND:131766841,predicate:13,PUBCHEM.COMPOUND:118111582,-93.5831298828125
model_2.pt,PUBCHEM.COMPOUND:54325967,predicate:0,CHEBI:149800,PUBCHEM.COMPOUND:131766841,predicate:13,PUBCHEM.COMPOUND:118111582,0.0
model_2.pt,HP:0000021,predicate:0,CHEBI:167578,PUBCHEM.COMPOUND:131766841,predicate:13,PUBCHEM.COMPOUND:118111582,0.0
model_2.pt,CHEMBL.COMPOUND:CHEMBL4782467,predicate:15,CHEBI:134948,PUBCHEM.COMPOUND:131766841,predicate:13,PUBCHEM.COMPOUND:118111582,0.0
model_2.pt,NCBIGene:23163,predicate:18,NCBIGene:100528017,PUBCHEM.COMPOUND:131766841,predicate:13,PUBCHEM.COMPOUND:118111582,0.0
model_2.pt,CHEBI:142271,predicate:1,CHEBI:192396,PUBCHEM.COMPOUND:131766841,predicate:13,PUBCHEM.COMPOUND:118111582,0.0
model_2.pt,CHEBI:146285,predicate:12,PUBCHEM.COMPOUND:53478731,PUBCHEM.COMPOUND:131766841,predicate:13,PUBCHEM.COMPOUND:118111582,0.0
model_2.pt,CHEBI:136073,predicate:15,CHEBI:125586,PUBCHEM.COMPOUND:131766841,predicate:13,PUBCHEM.COMPOUND:118111582,0.0
model_2.pt,CHEMBL.COMPOUND:CHEMBL596806,predicate:20,HP:0000253,PUBCHEM.COMPOUND:131766841,predicate:13,PUBCHEM.COMPOUND:118111582,0.0
model_2.pt,NCBIGene:838170,predicate:13,CHEBI:75099,PUBCHEM.COMPOUND:131766841,predicate:13,PUBCHEM.COMPOUND:118111582,-43.75973129272461
model_2.pt,PUBCHEM.COMPOUND:117859783,predicate:11,PUBCHEM.COMPOUND:10525997,PUBCHEM.COMPOUND:131766841,predicate:13,PUBCHEM.COMPOUND:118111582,0.0
model_2.pt,PUBCHEM.COMPOUND:127036977,predicate:0,CHEBI:103739,PUBCHEM.COMPOUND:131766841,predicate:13,PUBCHEM.COMPOUND:118111582,0.0
model_2.pt,PUBCHEM.COMPOUND:44433263,predicate:0,CHEBI:119893,PUBCHEM.COMPOUND:131766841,predicate:13,PUBCHEM.COMPOUND:118111582,0.0
model_2.pt,CHEBI:3914,predicate:15,CHEBI:190153,PUBCHEM.COMPOUND:131766841,predicate:13,PUBCHEM.COMPOUND:118111582,0.0
model_2.pt,PUBCHEM.COMPOUND:44314087,predicate:0,CHEBI:140407,PUBCHEM.COMPOUND:131766841,predicate:13,PUBCHEM.COMPOUND:118111582,0.0
model_2.pt,PUBCHEM.COMPOUND:25093440,predicate:0,CHEBI:113553,PUBCHEM.COMPOUND:131766841,predicate:13,PUBCHEM.COMPOUND:118111582,0.0
model_2.pt,CHEBI:65179,predicate:11,PUBCHEM.COMPOUND:11274029,PUBCHEM.COMPOUND:131766841,predicate:13,PUBCHEM.COMPOUND:118111582,0.0
model_2.pt,CHEBI:71580,predicate:22,MONDO:0005068,PUBCHEM.COMPOUND:131766841,predicate:13,PUBCHEM.COMPOUND:118111582,0.0
model_2.pt,CHEBI:190006,predicate:14,PUBCHEM.COMPOUND:118471641,PUBCHEM.COMPOUND:131766841,predicate:13,PUBCHEM.COMPOUND:118111582,0.0
model_2.pt,PUBCHEM.COMPOUND:59268935,predicate:0,CHEBI:113373,PUBCHEM.COMPOUND:131766841,predicate:13,PUBCHEM.COMPOUND:118111582,0.0
model_2.pt,CHEBI:157642,predicate:1,PUBCHEM.COMPOUND:130345144,PUBCHEM.COMPOUND:131766841,predicate:13,PUBCHEM.COMPOUND:118111582,0.0
model_2.pt,PUBCHEM.COMPOUND:57395067,predicate:0,CHEBI:167320,PUBCHEM.COMPOUND:131766841,predicate:13,PUBCHEM.COMPOUND:118111582,0.0
model_2.pt,PUBCHEM.COMPOUND:2744597,predicate:11,PUBCHEM.COMPOUND:2930224,PUBCHEM.COMPOUND:131766841,predicate:13,PUBCHEM.COMPOUND:118111582,0.0
model_2.pt,CHEBI:137225,predicate:17,CHEBI:131804,PUBCHEM.COMPOUND:131766841,predicate:13,PUBCHEM.COMPOUND:118111582,0.0
model_2.pt,CHEBI:111166,predicate:1,CHEBI:93303,PUBCHEM.COMPOUND:131766841,predicate:13,PUBCHEM.COMPOUND:118111582,0.0
model_2.pt,MONDO:0013171,predicate:20,MONDO:0001071,PUBCHEM.COMPOUND:131766841,predicate:13,PUBCHEM.COMPOUND:118111582,0.0
model_2.pt,CHEBI:143170,predicate:1,CHEBI:166778,PUBCHEM.COMPOUND:131766841,predicate:13,PUBCHEM.COMPOUND:118111582,0.0
model_2.pt,CHEBI:51561,predicate:2,HP:0001945,PUBCHEM.COMPOUND:131766841,predicate:13,PUBCHEM.COMPOUND:118111582,0.0
model_2.pt,UNII:5M691HL4BO,predicate:23,HP:0001288,PUBCHEM.COMPOUND:131766841,predicate:13,PUBCHEM.COMPOUND:118111582,0.0
model_2.pt,MONDO:0011122,predicate:18,CHEBI:132752,PUBCHEM.COMPOUND:131766841,predicate:13,PUBCHEM.COMPOUND:118111582,0.0
model_2.pt,PUBCHEM.COMPOUND:10314049,predicate:13,CHEBI:18086,PUBCHEM.COMPOUND:131766841,predicate:13,PUBCHEM.COMPOUND:118111582,16.639026641845703
model_2.pt,CHEBI:144357,predicate:20,HP:0002857,PUBCHEM.COMPOUND:131766841,predicate:13,PUBCHEM.COMPOUND:118111582,0.0
model_2.pt,CHEBI:16207,predicate:15,CHEBI:129768,PUBCHEM.COMPOUND:131766841,predicate:13,PUBCHEM.COMPOUND:118111582,0.0
model_2.pt,CHEBI:139081,predicate:20,HP:0010864,PUBCHEM.COMPOUND:131766841,predicate:13,PUBCHEM.COMPOUND:118111582,0.0
model_2.pt,PUBCHEM.COMPOUND:5702107,predicate:3,CHEBI:109116,PUBCHEM.COMPOUND:131766841,predicate:13,PUBCHEM.COMPOUND:118111582,0.0
model_2.pt,CHEBI:71289,predicate:17,CHEBI:180867,PUBCHEM.COMPOUND:131766841,predicate:13,PUBCHEM.COMPOUND:118111582,0.0
model_2.pt,PUBCHEM.COMPOUND:9834864,predicate:21,CHEBI:113373,PUBCHEM.COMPOUND:131766841,predicate:13,PUBCHEM.COMPOUND:118111582,0.0
model_2.pt,PUBCHEM.COMPOUND:44431492,predicate:18,CHEBI:121826,PUBCHEM.COMPOUND:131766841,predicate:13,PUBCHEM.COMPOUND:118111582,0.0
model_2.pt,PUBCHEM.COMPOUND:10432760,predicate:25,CHEBI:166658,PUBCHEM.COMPOUND:131766841,predicate:13,PUBCHEM.COMPOUND:118111582,0.0
model_2.pt,PUBCHEM.COMPOUND:25015107,predicate:0,CHEBI:127989,PUBCHEM.COMPOUND:131766841,predicate:13,PUBCHEM.COMPOUND:118111582,0.0
model_2.pt,PUBCHEM.COMPOUND:131757266,predicate:13,MONDO:0006749,PUBCHEM.COMPOUND:131766841,predicate:13,PUBCHEM.COMPOUND:118111582,36.12150192260742
model_2.pt,CHEBI:72619,predicate:1,CHEBI:196198,PUBCHEM.COMPOUND:131766841,predicate:13,PUBCHEM.COMPOUND:118111582,0.0
model_2.pt,CHEBI:71600,predicate:1,HMDB:HMDB0009929,PUBCHEM.COMPOUND:131766841,predicate:13,PUBCHEM.COMPOUND:118111582,0.0
model_2.pt,CHEBI:184579,predicate:11,CHEBI:144250,PUBCHEM.COMPOUND:131766841,predicate:13,PUBCHEM.COMPOUND:118111582,0.0
model_2.pt,CHEBI:88497,predicate:1,CHEBI:144822,PUBCHEM.COMPOUND:131766841,predicate:13,PUBCHEM.COMPOUND:118111582,0.0
model_2.pt,CHEBI:15040,predicate:16,MONDO:0013171,PUBCHEM.COMPOUND:131766841,predicate:13,PUBCHEM.COMPOUND:118111582,0.0
model_2.pt,MONDO:0005272,predicate:1,CHEBI:18262,PUBCHEM.COMPOUND:131766841,predicate:13,PUBCHEM.COMPOUND:118111582,0.0
model_2.pt,CHEBI:126004,predicate:17,CHEBI:175375,PUBCHEM.COMPOUND:131766841,predicate:13,PUBCHEM.COMPOUND:118111582,0.0
model_2.pt,MONDO:0035764,predicate:1,HMDB:HMDB0083268,PUBCHEM.COMPOUND:131766841,predicate:13,PUBCHEM.COMPOUND:118111582,0.0
model_2.pt,PUBCHEM.COMPOUND:155512592,predicate:0,CHEBI:103843,PUBCHEM.COMPOUND:131766841,predicate:13,PUBCHEM.COMPOUND:118111582,0.0
model_2.pt,CHEBI:15490,predicate:15,CHEBI:170609,PUBCHEM.COMPOUND:131766841,predicate:13,PUBCHEM.COMPOUND:118111582,0.0
model_2.pt,CHEBI:138520,predicate:28,CHEBI:171141,PUBCHEM.COMPOUND:131766841,predicate:13,PUBCHEM.COMPOUND:118111582,0.0
model_2.pt,CHEBI:131557,predicate:1,CHEBI:73731,PUBCHEM.COMPOUND:131766841,predicate:13,PUBCHEM.COMPOUND:118111582,0.0
model_2.pt,CHEBI:134948,predicate:22,MONDO:0000831,PUBCHEM.COMPOUND:131766841,predicate:13,PUBCHEM.COMPOUND:118111582,0.0
model_2.pt,PUBCHEM.COMPOUND:10578760,predicate:0,CHEBI:92697,PUBCHEM.COMPOUND:131766841,predicate:13,PUBCHEM.COMPOUND:118111582,0.0
model_2.pt,HMDB:HMDB0076696,predicate:17,CHEBI:170784,PUBCHEM.COMPOUND:131766841,predicate:13,PUBCHEM.COMPOUND:118111582,0.0
model_2.pt,MONDO:0859265,predicate:3,CHEBI:176304,PUBCHEM.COMPOUND:131766841,predicate:13,PUBCHEM.COMPOUND:118111582,0.0
model_2.pt,CHEBI:113553,predicate:1,HMDB:HMDB0077232,PUBCHEM.COMPOUND:131766841,predicate:13,PUBCHEM.COMPOUND:118111582,0.0
model_2.pt,PUBCHEM.COMPOUND:137226420,predicate:0,CHEBI:109116,PUBCHEM.COMPOUND:131766841,predicate:13,PUBCHEM.COMPOUND:118111582,0.0
model_2.pt,MONDO:0010691,predicate:20,HP:0007957,PUBCHEM.COMPOUND:131766841,predicate:13,PUBCHEM.COMPOUND:118111582,0.0
model_2.pt,CHEMBL.COMPOUND:CHEMBL536308,predicate:1,CHEBI:163814,PUBCHEM.COMPOUND:131766841,predicate:13,PUBCHEM.COMPOUND:118111582,0.0
model_2.pt,CHEBI:83370,predicate:16,CHEBI:72635,PUBCHEM.COMPOUND:131766841,predicate:13,PUBCHEM.COMPOUND:118111582,0.0
model_2.pt,PUBCHEM.COMPOUND:122196132,predicate:0,CHEBI:172159,PUBCHEM.COMPOUND:131766841,predicate:13,PUBCHEM.COMPOUND:118111582,0.0
model_2.pt,MONDO:0011730,predicate:1,CHEMBL.COMPOUND:CHEMBL54465,PUBCHEM.COMPOUND:131766841,predicate:13,PUBCHEM.COMPOUND:118111582,0.0
model_2.pt,MONDO:0011840,predicate:1,CHEBI:139280,PUBCHEM.COMPOUND:131766841,predicate:13,PUBCHEM.COMPOUND:118111582,0.0
model_2.pt,CHEBI:17482,predicate:23,MONDO:0001382,PUBCHEM.COMPOUND:131766841,predicate:13,PUBCHEM.COMPOUND:118111582,0.0
model_2.pt,PUBCHEM.COMPOUND:25263321,predicate:11,PUBCHEM.COMPOUND:3003511,PUBCHEM.COMPOUND:131766841,predicate:13,PUBCHEM.COMPOUND:118111582,0.0
model_2.pt,PUBCHEM.COMPOUND:10216381,predicate:11,PUBCHEM.COMPOUND:10431492,PUBCHEM.COMPOUND:131766841,predicate:13,PUBCHEM.COMPOUND:118111582,0.0
model_2.pt,NCBIGene:820781,predicate:12,PUBCHEM.COMPOUND:131761197,PUBCHEM.COMPOUND:131766841,predicate:13,PUBCHEM.COMPOUND:118111582,0.0
model_2.pt,CHEBI:51068,predicate:17,HMDB:HMDB0009399,PUBCHEM.COMPOUND:131766841,predicate:13,PUBCHEM.COMPOUND:118111582,0.0
model_2.pt,CHEBI:9330,predicate:22,MONDO:0005011,PUBCHEM.COMPOUND:131766841,predicate:13,PUBCHEM.COMPOUND:118111582,0.0
model_2.pt,PUBCHEM.COMPOUND:10048208,predicate:26,CHEMBL.COMPOUND:CHEMBL151630,PUBCHEM.COMPOUND:131766841,predicate:13,PUBCHEM.COMPOUND:118111582,0.0
model_2.pt,PUBCHEM.COMPOUND:44176335,predicate:0,CHEBI:105317,PUBCHEM.COMPOUND:131766841,predicate:13,PUBCHEM.COMPOUND:118111582,0.0
model_2.pt,PUBCHEM.COMPOUND:49864838,predicate:18,CHEBI:109533,PUBCHEM.COMPOUND:131766841,predicate:13,PUBCHEM.COMPOUND:118111582,0.0
model_2.pt,CHEBI:185985,predicate:16,CHEBI:70967,PUBCHEM.COMPOUND:131766841,predicate:13,PUBCHEM.COMPOUND:118111582,0.0
model_2.pt,CHEMBL.COMPOUND:CHEMBL4798272,predicate:15,CHEBI:167641,PUBCHEM.COMPOUND:131766841,predicate:13,PUBCHEM.COMPOUND:118111582,0.0
model_2.pt,PUBCHEM.COMPOUND:126739109,predicate:11,MONDO:0006996,PUBCHEM.COMPOUND:131766841,predicate:13,PUBCHEM.COMPOUND:118111582,0.0
model_2.pt,MONDO:0012176,predicate:20,HP:0003028,CHEBI:120702,predicate:20,MONDO:0006610,48.859619140625
model_2.pt,CHEBI:16959,predicate:17,CHEBI:172284,CHEBI:120702,predicate:20,MONDO:0006610,0.0
model_2.pt,PUBCHEM.COMPOUND:68020555,predicate:0,PUBCHEM.COMPOUND:44459583,CHEBI:120702,predicate:20,MONDO:0006610,0.0
model_2.pt,PUBCHEM.COMPOUND:137636752,predicate:0,CHEBI:134753,CHEBI:120702,predicate:20,MONDO:0006610,0.0
model_2.pt,PUBCHEM.COMPOUND:124221273,predicate:23,MONDO:0015691,CHEBI:120702,predicate:20,MONDO:0006610,0.0
model_2.pt,PUBCHEM.COMPOUND:130200977,predicate:18,CHEBI:144991,CHEBI:120702,predicate:20,MONDO:0006610,0.0
model_2.pt,MONDO:0005044,predicate:11,MONDO:0056796,CHEBI:120702,predicate:20,MONDO:0006610,0.0
model_2.pt,CHEBI:16592,predicate:41,CHEBI:114693,CHEBI:120702,predicate:20,MONDO:0006610,0.0
model_2.pt,CHEBI:166772,predicate:15,CHEBI:175537,CHEBI:120702,predicate:20,MONDO:0006610,0.0
model_2.pt,DRUGBANK:DB11158,predicate:2,MONDO:0005147,CHEBI:120702,predicate:20,MONDO:0006610,0.0
model_2.pt,CHEBI:145008,predicate:2,MONDO:0001076,CHEBI:120702,predicate:20,MONDO:0006610,0.0
model_2.pt,CHEBI:172333,predicate:11,CHEBI:84017,CHEBI:120702,predicate:20,MONDO:0006610,0.0
model_2.pt,CHEBI:188563,predicate:12,PUBCHEM.COMPOUND:52924335,CHEBI:120702,predicate:20,MONDO:0006610,0.0
model_2.pt,CHEBI:190239,predicate:11,HMDB:HMDB0072989,CHEBI:120702,predicate:20,MONDO:0006610,0.0
model_2.pt,CHEBI:135278,predicate:22,MONDO:0005559,CHEBI:120702,predicate:20,MONDO:0006610,0.0
model_2.pt,CHEBI:47040,predicate:15,CHEBI:146256,CHEBI:120702,predicate:20,MONDO:0006610,0.0
model_2.pt,CHEMBL.COMPOUND:CHEMBL4747062,predicate:0,CHEBI:71479,CHEBI:120702,predicate:20,MONDO:0006610,0.0
model_2.pt,CHEBI:42371,predicate:17,CHEBI:135736,CHEBI:120702,predicate:20,MONDO:0006610,0.0
model_2.pt,CHEBI:143114,predicate:1,CHEBI:125432,CHEBI:120702,predicate:20,MONDO:0006610,0.0
model_2.pt,CHEBI:185767,predicate:1,CHEBI:16264,CHEBI:120702,predicate:20,MONDO:0006610,0.0
model_2.pt,CHEBI:109317,predicate:14,CHEBI:170587,CHEBI:120702,predicate:20,MONDO:0006610,0.0
model_2.pt,CHEMBL.COMPOUND:CHEMBL4877928,predicate:1,PUBCHEM.COMPOUND:130363355,CHEBI:120702,predicate:20,MONDO:0006610,0.0
model_2.pt,CHEBI:136073,predicate:10,MONDO:0007263,CHEBI:120702,predicate:20,MONDO:0006610,0.0
model_2.pt,PUBCHEM.COMPOUND:131762323,predicate:13,CHEBI:149534,CHEBI:120702,predicate:20,MONDO:0006610,0.0
model_2.pt,PUBCHEM.COMPOUND:54325967,predicate:0,CHEBI:149800,CHEBI:120702,predicate:20,MONDO:0006610,0.0
model_2.pt,HP:0000021,predicate:0,CHEBI:167578,CHEBI:120702,predicate:20,MONDO:0006610,0.0
model_2.pt,CHEMBL.COMPOUND:CHEMBL4782467,predicate:15,CHEBI:134948,CHEBI:120702,predicate:20,MONDO:0006610,0.0
model_2.pt,NCBIGene:23163,predicate:18,NCBIGene:100528017,CHEBI:120702,predicate:20,MONDO:0006610,0.0
model_2.pt,CHEBI:142271,predicate:1,CHEBI:192396,CHEBI:120702,predicate:20,MONDO:0006610,0.0
model_2.pt,CHEBI:146285,predicate:12,PUBCHEM.COMPOUND:53478731,CHEBI:120702,predicate:20,MONDO:0006610,0.0
model_2.pt,CHEBI:136073,predicate:15,CHEBI:125586,CHEBI:120702,predicate:20,MONDO:0006610,0.0
model_2.pt,CHEMBL.COMPOUND:CHEMBL596806,predicate:20,HP:0000253,CHEBI:120702,predicate:20,MONDO:0006610,-46.97859954833984
model_2.pt,NCBIGene:838170,predicate:13,CHEBI:75099,CHEBI:120702,predicate:20,MONDO:0006610,0.0
model_2.pt,PUBCHEM.COMPOUND:117859783,predicate:11,PUBCHEM.COMPOUND:10525997,CHEBI:120702,predicate:20,MONDO:0006610,0.0
model_2.pt,PUBCHEM.COMPOUND:127036977,predicate:0,CHEBI:103739,CHEBI:120702,predicate:20,MONDO:0006610,0.0
model_2.pt,PUBCHEM.COMPOUND:44433263,predicate:0,CHEBI:119893,CHEBI:120702,predicate:20,MONDO:0006610,0.0
model_2.pt,CHEBI:3914,predicate:15,CHEBI:190153,CHEBI:120702,predicate:20,MONDO:0006610,0.0
model_2.pt,PUBCHEM.COMPOUND:44314087,predicate:0,CHEBI:140407,CHEBI:120702,predicate:20,MONDO:0006610,0.0
model_2.pt,PUBCHEM.COMPOUND:25093440,predicate:0,CHEBI:113553,CHEBI:120702,predicate:20,MONDO:0006610,0.0
model_2.pt,CHEBI:65179,predicate:11,PUBCHEM.COMPOUND:11274029,CHEBI:120702,predicate:20,MONDO:0006610,0.0
model_2.pt,CHEBI:71580,predicate:22,MONDO:0005068,CHEBI:120702,predicate:20,MONDO:0006610,0.0
model_2.pt,CHEBI:190006,predicate:14,PUBCHEM.COMPOUND:118471641,CHEBI:120702,predicate:20,MONDO:0006610,0.0
model_2.pt,PUBCHEM.COMPOUND:59268935,predicate:0,CHEBI:113373,CHEBI:120702,predicate:20,MONDO:0006610,0.0
model_2.pt,CHEBI:157642,predicate:1,PUBCHEM.COMPOUND:130345144,CHEBI:120702,predicate:20,MONDO:0006610,0.0
model_2.pt,PUBCHEM.COMPOUND:57395067,predicate:0,CHEBI:167320,CHEBI:120702,predicate:20,MONDO:0006610,0.0
model_2.pt,PUBCHEM.COMPOUND:2744597,predicate:11,PUBCHEM.COMPOUND:2930224,CHEBI:120702,predicate:20,MONDO:0006610,0.0
model_2.pt,CHEBI:137225,predicate:17,CHEBI:131804,CHEBI:120702,predicate:20,MONDO:0006610,0.0
model_2.pt,CHEBI:111166,predicate:1,CHEBI:93303,CHEBI:120702,predicate:20,MONDO:0006610,0.0
model_2.pt,MONDO:0013171,predicate:20,MONDO:0001071,CHEBI:120702,predicate:20,MONDO:0006610,12.630332946777344
model_2.pt,CHEBI:143170,predicate:1,CHEBI:166778,CHEBI:120702,predicate:20,MONDO:0006610,0.0
model_2.pt,CHEBI:51561,predicate:2,HP:0001945,CHEBI:120702,predicate:20,MONDO:0006610,0.0
model_2.pt,UNII:5M691HL4BO,predicate:23,HP:0001288,CHEBI:120702,predicate:20,MONDO:0006610,0.0
model_2.pt,MONDO:0011122,predicate:18,CHEBI:132752,CHEBI:120702,predicate:20,MONDO:0006610,0.0
model_2.pt,PUBCHEM.COMPOUND:10314049,predicate:13,CHEBI:18086,CHEBI:120702,predicate:20,MONDO:0006610,0.0
model_2.pt,CHEBI:144357,predicate:20,HP:0002857,CHEBI:120702,predicate:20,MONDO:0006610,50.982688903808594
model_2.pt,CHEBI:16207,predicate:15,CHEBI:129768,CHEBI:120702,predicate:20,MONDO:0006610,0.0
model_2.pt,CHEBI:139081,predicate:20,HP:0010864,CHEBI:120702,predicate:20,MONDO:0006610,84.61875915527344
model_2.pt,PUBCHEM.COMPOUND:5702107,predicate:3,CHEBI:109116,CHEBI:120702,predicate:20,MONDO:0006610,0.0
model_2.pt,CHEBI:71289,predicate:17,CHEBI:180867,CHEBI:120702,predicate:20,MONDO:0006610,0.0
model_2.pt,PUBCHEM.COMPOUND:9834864,predicate:21,CHEBI:113373,CHEBI:120702,predicate:20,MONDO:0006610,0.0
model_2.pt,PUBCHEM.COMPOUND:44431492,predicate:18,CHEBI:121826,CHEBI:120702,predicate:20,MONDO:0006610,0.0
model_2.pt,PUBCHEM.COMPOUND:10432760,predicate:25,CHEBI:166658,CHEBI:120702,predicate:20,MONDO:0006610,0.0
model_2.pt,PUBCHEM.COMPOUND:25015107,predicate:0,CHEBI:127989,CHEBI:120702,predicate:20,MONDO:0006610,0.0
model_2.pt,PUBCHEM.COMPOUND:131757266,predicate:13,MONDO:0006749,CHEBI:120702,predicate:20,MONDO:0006610,0.0
model_2.pt,CHEBI:72619,predicate:1,CHEBI:196198,CHEBI:120702,predicate:20,MONDO:0006610,0.0
model_2.pt,CHEBI:71600,predicate:1,HMDB:HMDB0009929,CHEBI:120702,predicate:20,MONDO:0006610,0.0
model_2.pt,CHEBI:184579,predicate:11,CHEBI:144250,CHEBI:120702,predicate:20,MONDO:0006610,0.0
model_2.pt,CHEBI:88497,predicate:1,CHEBI:144822,CHEBI:120702,predicate:20,MONDO:0006610,0.0
model_2.pt,CHEBI:15040,predicate:16,MONDO:0013171,CHEBI:120702,predicate:20,MONDO:0006610,0.0
model_2.pt,MONDO:0005272,predicate:1,CHEBI:18262,CHEBI:120702,predicate:20,MONDO:0006610,0.0
model_2.pt,CHEBI:126004,predicate:17,CHEBI:175375,CHEBI:120702,predicate:20,MONDO:0006610,0.0
model_2.pt,MONDO:0035764,predicate:1,HMDB:HMDB0083268,CHEBI:120702,predicate:20,MONDO:0006610,0.0
model_2.pt,PUBCHEM.COMPOUND:155512592,predicate:0,CHEBI:103843,CHEBI:120702,predicate:20,MONDO:0006610,0.0
model_2.pt,CHEBI:15490,predicate:15,CHEBI:170609,CHEBI:120702,predicate:20,MONDO:0006610,0.0
model_2.pt,CHEBI:138520,predicate:28,CHEBI:171141,CHEBI:120702,predicate:20,MONDO:0006610,0.0
model_2.pt,CHEBI:131557,predicate:1,CHEBI:73731,CHEBI:120702,predicate:20,MONDO:0006610,0.0
model_2.pt,CHEBI:134948,predicate:22,MONDO:0000831,CHEBI:120702,predicate:20,MONDO:0006610,0.0
model_2.pt,PUBCHEM.COMPOUND:10578760,predicate:0,CHEBI:92697,CHEBI:120702,predicate:20,MONDO:0006610,0.0
model_2.pt,HMDB:HMDB0076696,predicate:17,CHEBI:170784,CHEBI:120702,predicate:20,MONDO:0006610,0.0
model_2.pt,MONDO:0859265,predicate:3,CHEBI:176304,CHEBI:120702,predicate:20,MONDO:0006610,0.0
model_2.pt,CHEBI:113553,predicate:1,HMDB:HMDB0077232,CHEBI:120702,predicate:20,MONDO:0006610,0.0
model_2.pt,PUBCHEM.COMPOUND:137226420,predicate:0,CHEBI:109116,CHEBI:120702,predicate:20,MONDO:0006610,0.0
model_2.pt,MONDO:0010691,predicate:20,HP:0007957,CHEBI:120702,predicate:20,MONDO:0006610,61.1425666809082
model_2.pt,CHEMBL.COMPOUND:CHEMBL536308,predicate:1,CHEBI:163814,CHEBI:120702,predicate:20,MONDO:0006610,0.0
model_2.pt,CHEBI:83370,predicate:16,CHEBI:72635,CHEBI:120702,predicate:20,MONDO:0006610,0.0
model_2.pt,PUBCHEM.COMPOUND:122196132,predicate:0,CHEBI:172159,CHEBI:120702,predicate:20,MONDO:0006610,0.0
model_2.pt,MONDO:0011730,predicate:1,CHEMBL.COMPOUND:CHEMBL54465,CHEBI:120702,predicate:20,MONDO:0006610,0.0
model_2.pt,MONDO:0011840,predicate:1,CHEBI:139280,CHEBI:120702,predicate:20,MONDO:0006610,0.0
model_2.pt,CHEBI:17482,predicate:23,MONDO:0001382,CHEBI:120702,predicate:20,MONDO:0006610,0.0
model_2.pt,PUBCHEM.COMPOUND:25263321,predicate:11,PUBCHEM.COMPOUND:3003511,CHEBI:120702,predicate:20,MONDO:0006610,0.0
model_2.pt,PUBCHEM.COMPOUND:10216381,predicate:11,PUBCHEM.COMPOUND:10431492,CHEBI:120702,predicate:20,MONDO:0006610,0.0
model_2.pt,NCBIGene:820781,predicate:12,PUBCHEM.COMPOUND:131761197,CHEBI:120702,predicate:20,MONDO:0006610,0.0
model_2.pt,CHEBI:51068,predicate:17,HMDB:HMDB0009399,CHEBI:120702,predicate:20,MONDO:0006610,0.0
model_2.pt,CHEBI:9330,predicate:22,MONDO:0005011,CHEBI:120702,predicate:20,MONDO:0006610,0.0
model_2.pt,PUBCHEM.COMPOUND:10048208,predicate:26,CHEMBL.COMPOUND:CHEMBL151630,CHEBI:120702,predicate:20,MONDO:0006610,0.0
model_2.pt,PUBCHEM.COMPOUND:44176335,predicate:0,CHEBI:105317,CHEBI:120702,predicate:20,MONDO:0006610,0.0
model_2.pt,PUBCHEM.COMPOUND:49864838,predicate:18,CHEBI:109533,CHEBI:120702,predicate:20,MONDO:0006610,0.0
model_2.pt,CHEBI:185985,predicate:16,CHEBI:70967,CHEBI:120702,predicate:20,MONDO:0006610,0.0
model_2.pt,CHEMBL.COMPOUND:CHEMBL4798272,predicate:15,CHEBI:167641,CHEBI:120702,predicate:20,MONDO:0006610,0.0
model_2.pt,PUBCHEM.COMPOUND:126739109,predicate:11,MONDO:0006996,CHEBI:120702,predicate:20,MONDO:0006610,0.0
model_26.pt,MONDO:0012176,predicate:20,HP:0003028,CHEBI:88548,predicate:1,HMDB:HMDB0073866,0.0
model_26.pt,CHEBI:16959,predicate:17,CHEBI:172284,CHEBI:88548,predicate:1,HMDB:HMDB0073866,0.0
model_26.pt,PUBCHEM.COMPOUND:68020555,predicate:0,PUBCHEM.COMPOUND:44459583,CHEBI:88548,predicate:1,HMDB:HMDB0073866,0.0
model_26.pt,PUBCHEM.COMPOUND:137636752,predicate:0,CHEBI:134753,CHEBI:88548,predicate:1,HMDB:HMDB0073866,0.0
model_26.pt,PUBCHEM.COMPOUND:124221273,predicate:23,MONDO:0015691,CHEBI:88548,predicate:1,HMDB:HMDB0073866,0.0
model_26.pt,PUBCHEM.COMPOUND:130200977,predicate:18,CHEBI:144991,CHEBI:88548,predicate:1,HMDB:HMDB0073866,0.0
model_26.pt,MONDO:0005044,predicate:11,MONDO:0056796,CHEBI:88548,predicate:1,HMDB:HMDB0073866,0.0
model_26.pt,CHEBI:16592,predicate:41,CHEBI:114693,CHEBI:88548,predicate:1,HMDB:HMDB0073866,0.0
model_26.pt,CHEBI:166772,predicate:15,CHEBI:175537,CHEBI:88548,predicate:1,HMDB:HMDB0073866,0.0
model_26.pt,DRUGBANK:DB11158,predicate:2,MONDO:0005147,CHEBI:88548,predicate:1,HMDB:HMDB0073866,0.0
model_26.pt,CHEBI:145008,predicate:2,MONDO:0001076,CHEBI:88548,predicate:1,HMDB:HMDB0073866,0.0
model_26.pt,CHEBI:172333,predicate:11,CHEBI:84017,CHEBI:88548,predicate:1,HMDB:HMDB0073866,0.0
model_26.pt,CHEBI:188563,predicate:12,PUBCHEM.COMPOUND:52924335,CHEBI:88548,predicate:1,HMDB:HMDB0073866,0.0
model_26.pt,CHEBI:190239,predicate:11,HMDB:HMDB0072989,CHEBI:88548,predicate:1,HMDB:HMDB0073866,0.0
model_26.pt,CHEBI:135278,predicate:22,MONDO:0005559,CHEBI:88548,predicate:1,HMDB:HMDB0073866,0.0
model_26.pt,CHEBI:47040,predicate:15,CHEBI:146256,CHEBI:88548,predicate:1,HMDB:HMDB0073866,0.0
model_26.pt,CHEMBL.COMPOUND:CHEMBL4747062,predicate:0,CHEBI:71479,CHEBI:88548,predicate:1,HMDB:HMDB0073866,0.0
model_26.pt,CHEBI:42371,predicate:17,CHEBI:135736,CHEBI:88548,predicate:1,HMDB:HMDB0073866,0.0
model_26.pt,CHEBI:143114,predicate:1,CHEBI:125432,CHEBI:88548,predicate:1,HMDB:HMDB0073866,-116.78634643554688
model_26.pt,CHEBI:185767,predicate:1,CHEBI:16264,CHEBI:88548,predicate:1,HMDB:HMDB0073866,68.22782897949219
model_26.pt,CHEBI:109317,predicate:14,CHEBI:170587,CHEBI:88548,predicate:1,HMDB:HMDB0073866,0.0
model_26.pt,CHEMBL.COMPOUND:CHEMBL4877928,predicate:1,PUBCHEM.COMPOUND:130363355,CHEBI:88548,predicate:1,HMDB:HMDB0073866,-15.286813735961914
model_26.pt,CHEBI:136073,predicate:10,MONDO:0007263,CHEBI:88548,predicate:1,HMDB:HMDB0073866,0.0
model_26.pt,PUBCHEM.COMPOUND:131762323,predicate:13,CHEBI:149534,CHEBI:88548,predicate:1,HMDB:HMDB0073866,0.0
model_26.pt,PUBCHEM.COMPOUND:54325967,predicate:0,CHEBI:149800,CHEBI:88548,predicate:1,HMDB:HMDB0073866,0.0
model_26.pt,HP:0000021,predicate:0,CHEBI:167578,CHEBI:88548,predicate:1,HMDB:HMDB0073866,0.0
model_26.pt,CHEMBL.COMPOUND:CHEMBL4782467,predicate:15,CHEBI:134948,CHEBI:88548,predicate:1,HMDB:HMDB0073866,0.0
model_26.pt,NCBIGene:23163,predicate:18,NCBIGene:100528017,CHEBI:88548,predicate:1,HMDB:HMDB0073866,0.0
model_26.pt,CHEBI:142271,predicate:1,CHEBI:192396,CHEBI:88548,predicate:1,HMDB:HMDB0073866,15.02162742614746
model_26.pt,CHEBI:146285,predicate:12,PUBCHEM.COMPOUND:53478731,CHEBI:88548,predicate:1,HMDB:HMDB0073866,0.0
model_26.pt,CHEBI:136073,predicate:15,CHEBI:125586,CHEBI:88548,predicate:1,HMDB:HMDB0073866,0.0
model_26.pt,CHEMBL.COMPOUND:CHEMBL596806,predicate:20,HP:0000253,CHEBI:88548,predicate:1,HMDB:HMDB0073866,0.0
model_26.pt,NCBIGene:838170,predicate:13,CHEBI:75099,CHEBI:88548,predicate:1,HMDB:HMDB0073866,0.0
model_26.pt,PUBCHEM.COMPOUND:117859783,predicate:11,PUBCHEM.COMPOUND:10525997,CHEBI:88548,predicate:1,HMDB:HMDB0073866,0.0
model_26.pt,PUBCHEM.COMPOUND:127036977,predicate:0,CHEBI:103739,CHEBI:88548,predicate:1,HMDB:HMDB0073866,0.0
model_26.pt,PUBCHEM.COMPOUND:44433263,predicate:0,CHEBI:119893,CHEBI:88548,predicate:1,HMDB:HMDB0073866,0.0
model_26.pt,CHEBI:3914,predicate:15,CHEBI:190153,CHEBI:88548,predicate:1,HMDB:HMDB0073866,0.0
model_26.pt,PUBCHEM.COMPOUND:44314087,predicate:0,CHEBI:140407,CHEBI:88548,predicate:1,HMDB:HMDB0073866,0.0
model_26.pt,PUBCHEM.COMPOUND:25093440,predicate:0,CHEBI:113553,CHEBI:88548,predicate:1,HMDB:HMDB0073866,0.0
model_26.pt,CHEBI:65179,predicate:11,PUBCHEM.COMPOUND:11274029,CHEBI:88548,predicate:1,HMDB:HMDB0073866,0.0
model_26.pt,CHEBI:71580,predicate:22,MONDO:0005068,CHEBI:88548,predicate:1,HMDB:HMDB0073866,0.0
model_26.pt,CHEBI:190006,predicate:14,PUBCHEM.COMPOUND:118471641,CHEBI:88548,predicate:1,HMDB:HMDB0073866,0.0
model_26.pt,PUBCHEM.COMPOUND:59268935,predicate:0,CHEBI:113373,CHEBI:88548,predicate:1,HMDB:HMDB0073866,0.0
model_26.pt,CHEBI:157642,predicate:1,PUBCHEM.COMPOUND:130345144,CHEBI:88548,predicate:1,HMDB:HMDB0073866,5.041660308837891
model_26.pt,PUBCHEM.COMPOUND:57395067,predicate:0,CHEBI:167320,CHEBI:88548,predicate:1,HMDB:HMDB0073866,0.0
model_26.pt,PUBCHEM.COMPOUND:2744597,predicate:11,PUBCHEM.COMPOUND:2930224,CHEBI:88548,predicate:1,HMDB:HMDB0073866,0.0
model_26.pt,CHEBI:137225,predicate:17,CHEBI:131804,CHEBI:88548,predicate:1,HMDB:HMDB0073866,0.0
model_26.pt,CHEBI:111166,predicate:1,CHEBI:93303,CHEBI:88548,predicate:1,HMDB:HMDB0073866,91.4738311767578
model_26.pt,MONDO:0013171,predicate:20,MONDO:0001071,CHEBI:88548,predicate:1,HMDB:HMDB0073866,0.0
model_26.pt,CHEBI:143170,predicate:1,CHEBI:166778,CHEBI:88548,predicate:1,HMDB:HMDB0073866,-35.59104919433594
model_26.pt,CHEBI:51561,predicate:2,HP:0001945,CHEBI:88548,predicate:1,HMDB:HMDB0073866,0.0
model_26.pt,UNII:5M691HL4BO,predicate:23,HP:0001288,CHEBI:88548,predicate:1,HMDB:HMDB0073866,0.0
model_26.pt,MONDO:0011122,predicate:18,CHEBI:132752,CHEBI:88548,predicate:1,HMDB:HMDB0073866,0.0
model_26.pt,PUBCHEM.COMPOUND:10314049,predicate:13,CHEBI:18086,CHEBI:88548,predicate:1,HMDB:HMDB0073866,0.0
model_26.pt,CHEBI:144357,predicate:20,HP:0002857,CHEBI:88548,predicate:1,HMDB:HMDB0073866,0.0
model_26.pt,CHEBI:16207,predicate:15,CHEBI:129768,CHEBI:88548,predicate:1,HMDB:HMDB0073866,0.0
model_26.pt,CHEBI:139081,predicate:20,HP:0010864,CHEBI:88548,predicate:1,HMDB:HMDB0073866,0.0
model_26.pt,PUBCHEM.COMPOUND:5702107,predicate:3,CHEBI:109116,CHEBI:88548,predicate:1,HMDB:HMDB0073866,0.0
model_26.pt,CHEBI:71289,predicate:17,CHEBI:180867,CHEBI:88548,predicate:1,HMDB:HMDB0073866,0.0
model_26.pt,PUBCHEM.COMPOUND:9834864,predicate:21,CHEBI:113373,CHEBI:88548,predicate:1,HMDB:HMDB0073866,0.0
model_26.pt,PUBCHEM.COMPOUND:44431492,predicate:18,CHEBI:121826,CHEBI:88548,predicate:1,HMDB:HMDB0073866,0.0
model_26.pt,PUBCHEM.COMPOUND:10432760,predicate:25,CHEBI:166658,CHEBI:88548,predicate:1,HMDB:HMDB0073866,0.0
model_26.pt,PUBCHEM.COMPOUND:25015107,predicate:0,CHEBI:127989,CHEBI:88548,predicate:1,HMDB:HMDB0073866,0.0
model_26.pt,PUBCHEM.COMPOUND:131757266,predicate:13,MONDO:0006749,CHEBI:88548,predicate:1,HMDB:HMDB0073866,0.0
model_26.pt,CHEBI:72619,predicate:1,CHEBI:196198,CHEBI:88548,predicate:1,HMDB:HMDB0073866,-9.233585357666016
model_26.pt,CHEBI:71600,predicate:1,HMDB:HMDB0009929,CHEBI:88548,predicate:1,HMDB:HMDB0073866,-57.74990081787109
model_26.pt,CHEBI:184579,predicate:11,CHEBI:144250,CHEBI:88548,predicate:1,HMDB:HMDB0073866,0.0
model_26.pt,CHEBI:88497,predicate:1,CHEBI:144822,CHEBI:88548,predicate:1,HMDB:HMDB0073866,34.25617218017578
model_26.pt,CHEBI:15040,predicate:16,MONDO:0013171,CHEBI:88548,predicate:1,HMDB:HMDB0073866,0.0
model_26.pt,MONDO:0005272,predicate:1,CHEBI:18262,CHEBI:88548,predicate:1,HMDB:HMDB0073866,-70.83467102050781
model_26.pt,CHEBI:126004,predicate:17,CHEBI:175375,CHEBI:88548,predicate:1,HMDB:HMDB0073866,0.0
model_26.pt,MONDO:0035764,predicate:1,HMDB:HMDB0083268,CHEBI:88548,predicate:1,HMDB:HMDB0073866,19.338943481445312
model_26.pt,PUBCHEM.COMPOUND:155512592,predicate:0,CHEBI:103843,CHEBI:88548,predicate:1,HMDB:HMDB0073866,0.0
model_26.pt,CHEBI:15490,predicate:15,CHEBI:170609,CHEBI:88548,predicate:1,HMDB:HMDB0073866,0.0
model_26.pt,CHEBI:138520,predicate:28,CHEBI:171141,CHEBI:88548,predicate:1,HMDB:HMDB0073866,0.0
model_26.pt,CHEBI:131557,predicate:1,CHEBI:73731,CHEBI:88548,predicate:1,HMDB:HMDB0073866,-4.873099327087402
model_26.pt,CHEBI:134948,predicate:22,MONDO:0000831,CHEBI:88548,predicate:1,HMDB:HMDB0073866,0.0
model_26.pt,PUBCHEM.COMPOUND:10578760,predicate:0,CHEBI:92697,CHEBI:88548,predicate:1,HMDB:HMDB0073866,0.0
model_26.pt,HMDB:HMDB0076696,predicate:17,CHEBI:170784,CHEBI:88548,predicate:1,HMDB:HMDB0073866,0.0
model_26.pt,MONDO:0859265,predicate:3,CHEBI:176304,CHEBI:88548,predicate:1,HMDB:HMDB0073866,0.0
model_26.pt,CHEBI:113553,predicate:1,HMDB:HMDB0077232,CHEBI:88548,predicate:1,HMDB:HMDB0073866,11.376264572143556
model_26.pt,PUBCHEM.COMPOUND:137226420,predicate:0,CHEBI:109116,CHEBI:88548,predicate:1,HMDB:HMDB0073866,0.0
model_26.pt,MONDO:0010691,predicate:20,HP:0007957,CHEBI:88548,predicate:1,HMDB:HMDB0073866,0.0
model_26.pt,CHEMBL.COMPOUND:CHEMBL536308,predicate:1,CHEBI:163814,CHEBI:88548,predicate:1,HMDB:HMDB0073866,-13.34735107421875
model_26.pt,CHEBI:83370,predicate:16,CHEBI:72635,CHEBI:88548,predicate:1,HMDB:HMDB0073866,0.0
model_26.pt,PUBCHEM.COMPOUND:122196132,predicate:0,CHEBI:172159,CHEBI:88548,predicate:1,HMDB:HMDB0073866,0.0
model_26.pt,MONDO:0011730,predicate:1,CHEMBL.COMPOUND:CHEMBL54465,CHEBI:88548,predicate:1,HMDB:HMDB0073866,25.318212509155277
model_26.pt,MONDO:0011840,predicate:1,CHEBI:139280,CHEBI:88548,predicate:1,HMDB:HMDB0073866,39.228172302246094
model_26.pt,CHEBI:17482,predicate:23,MONDO:0001382,CHEBI:88548,predicate:1,HMDB:HMDB0073866,0.0
model_26.pt,PUBCHEM.COMPOUND:25263321,predicate:11,PUBCHEM.COMPOUND:3003511,CHEBI:88548,predicate:1,HMDB:HMDB0073866,0.0
model_26.pt,PUBCHEM.COMPOUND:10216381,predicate:11,PUBCHEM.COMPOUND:10431492,CHEBI:88548,predicate:1,HMDB:HMDB0073866,0.0
model_26.pt,NCBIGene:820781,predicate:12,PUBCHEM.COMPOUND:131761197,CHEBI:88548,predicate:1,HMDB:HMDB0073866,0.0
model_26.pt,CHEBI:51068,predicate:17,HMDB:HMDB0009399,CHEBI:88548,predicate:1,HMDB:HMDB0073866,0.0
model_26.pt,CHEBI:9330,predicate:22,MONDO:0005011,CHEBI:88548,predicate:1,HMDB:HMDB0073866,0.0
model_26.pt,PUBCHEM.COMPOUND:10048208,predicate:26,CHEMBL.COMPOUND:CHEMBL151630,CHEBI:88548,predicate:1,HMDB:HMDB0073866,0.0
model_26.pt,PUBCHEM.COMPOUND:44176335,predicate:0,CHEBI:105317,CHEBI:88548,predicate:1,HMDB:HMDB0073866,0.0
model_26.pt,PUBCHEM.COMPOUND:49864838,predicate:18,CHEBI:109533,CHEBI:88548,predicate:1,HMDB:HMDB0073866,0.0
model_26.pt,CHEBI:185985,predicate:16,CHEBI:70967,CHEBI:88548,predicate:1,HMDB:HMDB0073866,0.0
model_26.pt,CHEMBL.COMPOUND:CHEMBL4798272,predicate:15,CHEBI:167641,CHEBI:88548,predicate:1,HMDB:HMDB0073866,0.0
model_26.pt,PUBCHEM.COMPOUND:126739109,predicate:11,MONDO:0006996,CHEBI:88548,predicate:1,HMDB:HMDB0073866,0.0
model_26.pt,MONDO:0012176,predicate:20,HP:0003028,CHEBI:156386,predicate:11,CHEBI:171141,0.0
model_26.pt,CHEBI:16959,predicate:17,CHEBI:172284,CHEBI:156386,predicate:11,CHEBI:171141,0.0
model_26.pt,PUBCHEM.COMPOUND:68020555,predicate:0,PUBCHEM.COMPOUND:44459583,CHEBI:156386,predicate:11,CHEBI:171141,0.0
model_26.pt,PUBCHEM.COMPOUND:137636752,predicate:0,CHEBI:134753,CHEBI:156386,predicate:11,CHEBI:171141,0.0
model_26.pt,PUBCHEM.COMPOUND:124221273,predicate:23,MONDO:0015691,CHEBI:156386,predicate:11,CHEBI:171141,0.0
model_26.pt,PUBCHEM.COMPOUND:130200977,predicate:18,CHEBI:144991,CHEBI:156386,predicate:11,CHEBI:171141,0.0
model_26.pt,MONDO:0005044,predicate:11,MONDO:0056796,CHEBI:156386,predicate:11,CHEBI:171141,-34.688411712646484
model_26.pt,CHEBI:16592,predicate:41,CHEBI:114693,CHEBI:156386,predicate:11,CHEBI:171141,0.0
model_26.pt,CHEBI:166772,predicate:15,CHEBI:175537,CHEBI:156386,predicate:11,CHEBI:171141,0.0
model_26.pt,DRUGBANK:DB11158,predicate:2,MONDO:0005147,CHEBI:156386,predicate:11,CHEBI:171141,0.0
model_26.pt,CHEBI:145008,predicate:2,MONDO:0001076,CHEBI:156386,predicate:11,CHEBI:171141,0.0
model_26.pt,CHEBI:172333,predicate:11,CHEBI:84017,CHEBI:156386,predicate:11,CHEBI:171141,-31.773239135742188
model_26.pt,CHEBI:188563,predicate:12,PUBCHEM.COMPOUND:52924335,CHEBI:156386,predicate:11,CHEBI:171141,0.0
model_26.pt,CHEBI:190239,predicate:11,HMDB:HMDB0072989,CHEBI:156386,predicate:11,CHEBI:171141,-32.625755310058594
model_26.pt,CHEBI:135278,predicate:22,MONDO:0005559,CHEBI:156386,predicate:11,CHEBI:171141,0.0
model_26.pt,CHEBI:47040,predicate:15,CHEBI:146256,CHEBI:156386,predicate:11,CHEBI:171141,0.0
model_26.pt,CHEMBL.COMPOUND:CHEMBL4747062,predicate:0,CHEBI:71479,CHEBI:156386,predicate:11,CHEBI:171141,0.0
model_26.pt,CHEBI:42371,predicate:17,CHEBI:135736,CHEBI:156386,predicate:11,CHEBI:171141,0.0
model_26.pt,CHEBI:143114,predicate:1,CHEBI:125432,CHEBI:156386,predicate:11,CHEBI:171141,0.0
model_26.pt,CHEBI:185767,predicate:1,CHEBI:16264,CHEBI:156386,predicate:11,CHEBI:171141,0.0
model_26.pt,CHEBI:109317,predicate:14,CHEBI:170587,CHEBI:156386,predicate:11,CHEBI:171141,0.0
model_26.pt,CHEMBL.COMPOUND:CHEMBL4877928,predicate:1,PUBCHEM.COMPOUND:130363355,CHEBI:156386,predicate:11,CHEBI:171141,0.0
model_26.pt,CHEBI:136073,predicate:10,MONDO:0007263,CHEBI:156386,predicate:11,CHEBI:171141,0.0
model_26.pt,PUBCHEM.COMPOUND:131762323,predicate:13,CHEBI:149534,CHEBI:156386,predicate:11,CHEBI:171141,0.0
model_26.pt,PUBCHEM.COMPOUND:54325967,predicate:0,CHEBI:149800,CHEBI:156386,predicate:11,CHEBI:171141,0.0
model_26.pt,HP:0000021,predicate:0,CHEBI:167578,CHEBI:156386,predicate:11,CHEBI:171141,0.0
model_26.pt,CHEMBL.COMPOUND:CHEMBL4782467,predicate:15,CHEBI:134948,CHEBI:156386,predicate:11,CHEBI:171141,0.0
model_26.pt,NCBIGene:23163,predicate:18,NCBIGene:100528017,CHEBI:156386,predicate:11,CHEBI:171141,0.0
model_26.pt,CHEBI:142271,predicate:1,CHEBI:192396,CHEBI:156386,predicate:11,CHEBI:171141,0.0
model_26.pt,CHEBI:146285,predicate:12,PUBCHEM.COMPOUND:53478731,CHEBI:156386,predicate:11,CHEBI:171141,0.0
model_26.pt,CHEBI:136073,predicate:15,CHEBI:125586,CHEBI:156386,predicate:11,CHEBI:171141,0.0
model_26.pt,CHEMBL.COMPOUND:CHEMBL596806,predicate:20,HP:0000253,CHEBI:156386,predicate:11,CHEBI:171141,0.0
model_26.pt,NCBIGene:838170,predicate:13,CHEBI:75099,CHEBI:156386,predicate:11,CHEBI:171141,0.0
model_26.pt,PUBCHEM.COMPOUND:117859783,predicate:11,PUBCHEM.COMPOUND:10525997,CHEBI:156386,predicate:11,CHEBI:171141,-90.07942962646484
model_26.pt,PUBCHEM.COMPOUND:127036977,predicate:0,CHEBI:103739,CHEBI:156386,predicate:11,CHEBI:171141,0.0
model_26.pt,PUBCHEM.COMPOUND:44433263,predicate:0,CHEBI:119893,CHEBI:156386,predicate:11,CHEBI:171141,0.0
model_26.pt,CHEBI:3914,predicate:15,CHEBI:190153,CHEBI:156386,predicate:11,CHEBI:171141,0.0
model_26.pt,PUBCHEM.COMPOUND:44314087,predicate:0,CHEBI:140407,CHEBI:156386,predicate:11,CHEBI:171141,0.0
model_26.pt,PUBCHEM.COMPOUND:25093440,predicate:0,CHEBI:113553,CHEBI:156386,predicate:11,CHEBI:171141,0.0
model_26.pt,CHEBI:65179,predicate:11,PUBCHEM.COMPOUND:11274029,CHEBI:156386,predicate:11,CHEBI:171141,98.8427505493164
model_26.pt,CHEBI:71580,predicate:22,MONDO:0005068,CHEBI:156386,predicate:11,CHEBI:171141,0.0
model_26.pt,CHEBI:190006,predicate:14,PUBCHEM.COMPOUND:118471641,CHEBI:156386,predicate:11,CHEBI:171141,0.0
model_26.pt,PUBCHEM.COMPOUND:59268935,predicate:0,CHEBI:113373,CHEBI:156386,predicate:11,CHEBI:171141,0.0
model_26.pt,CHEBI:157642,predicate:1,PUBCHEM.COMPOUND:130345144,CHEBI:156386,predicate:11,CHEBI:171141,0.0
model_26.pt,PUBCHEM.COMPOUND:57395067,predicate:0,CHEBI:167320,CHEBI:156386,predicate:11,CHEBI:171141,0.0
model_26.pt,PUBCHEM.COMPOUND:2744597,predicate:11,PUBCHEM.COMPOUND:2930224,CHEBI:156386,predicate:11,CHEBI:171141,-1.267120361328125
model_26.pt,CHEBI:137225,predicate:17,CHEBI:131804,CHEBI:156386,predicate:11,CHEBI:171141,0.0
model_26.pt,CHEBI:111166,predicate:1,CHEBI:93303,CHEBI:156386,predicate:11,CHEBI:171141,0.0
model_26.pt,MONDO:0013171,predicate:20,MONDO:0001071,CHEBI:156386,predicate:11,CHEBI:171141,0.0
model_26.pt,CHEBI:143170,predicate:1,CHEBI:166778,CHEBI:156386,predicate:11,CHEBI:171141,0.0
model_26.pt,CHEBI:51561,predicate:2,HP:0001945,CHEBI:156386,predicate:11,CHEBI:171141,0.0
model_26.pt,UNII:5M691HL4BO,predicate:23,HP:0001288,CHEBI:156386,predicate:11,CHEBI:171141,0.0
model_26.pt,MONDO:0011122,predicate:18,CHEBI:132752,CHEBI:156386,predicate:11,CHEBI:171141,0.0
model_26.pt,PUBCHEM.COMPOUND:10314049,predicate:13,CHEBI:18086,CHEBI:156386,predicate:11,CHEBI:171141,0.0
model_26.pt,CHEBI:144357,predicate:20,HP:0002857,CHEBI:156386,predicate:11,CHEBI:171141,0.0
model_26.pt,CHEBI:16207,predicate:15,CHEBI:129768,CHEBI:156386,predicate:11,CHEBI:171141,0.0
model_26.pt,CHEBI:139081,predicate:20,HP:0010864,CHEBI:156386,predicate:11,CHEBI:171141,0.0
model_26.pt,PUBCHEM.COMPOUND:5702107,predicate:3,CHEBI:109116,CHEBI:156386,predicate:11,CHEBI:171141,0.0
model_26.pt,CHEBI:71289,predicate:17,CHEBI:180867,CHEBI:156386,predicate:11,CHEBI:171141,0.0
model_26.pt,PUBCHEM.COMPOUND:9834864,predicate:21,CHEBI:113373,CHEBI:156386,predicate:11,CHEBI:171141,0.0
model_26.pt,PUBCHEM.COMPOUND:44431492,predicate:18,CHEBI:121826,CHEBI:156386,predicate:11,CHEBI:171141,0.0
model_26.pt,PUBCHEM.COMPOUND:10432760,predicate:25,CHEBI:166658,CHEBI:156386,predicate:11,CHEBI:171141,0.0
model_26.pt,PUBCHEM.COMPOUND:25015107,predicate:0,CHEBI:127989,CHEBI:156386,predicate:11,CHEBI:171141,0.0
model_26.pt,PUBCHEM.COMPOUND:131757266,predicate:13,MONDO:0006749,CHEBI:156386,predicate:11,CHEBI:171141,0.0
model_26.pt,CHEBI:72619,predicate:1,CHEBI:196198,CHEBI:156386,predicate:11,CHEBI:171141,0.0
model_26.pt,CHEBI:71600,predicate:1,HMDB:HMDB0009929,CHEBI:156386,predicate:11,CHEBI:171141,0.0
model_26.pt,CHEBI:184579,predicate:11,CHEBI:144250,CHEBI:156386,predicate:11,CHEBI:171141,58.12662506103516
model_26.pt,CHEBI:88497,predicate:1,CHEBI:144822,CHEBI:156386,predicate:11,CHEBI:171141,0.0
model_26.pt,CHEBI:15040,predicate:16,MONDO:0013171,CHEBI:156386,predicate:11,CHEBI:171141,0.0
model_26.pt,MONDO:0005272,predicate:1,CHEBI:18262,CHEBI:156386,predicate:11,CHEBI:171141,0.0
model_26.pt,CHEBI:126004,predicate:17,CHEBI:175375,CHEBI:156386,predicate:11,CHEBI:171141,0.0
model_26.pt,MONDO:0035764,predicate:1,HMDB:HMDB0083268,CHEBI:156386,predicate:11,CHEBI:171141,0.0
model_26.pt,PUBCHEM.COMPOUND:155512592,predicate:0,CHEBI:103843,CHEBI:156386,predicate:11,CHEBI:171141,0.0
model_26.pt,CHEBI:15490,predicate:15,CHEBI:170609,CHEBI:156386,predicate:11,CHEBI:171141,0.0
model_26.pt,CHEBI:138520,predicate:28,CHEBI:171141,CHEBI:156386,predicate:11,CHEBI:171141,194.8747100830078
model_26.pt,CHEBI:131557,predicate:1,CHEBI:73731,CHEBI:156386,predicate:11,CHEBI:171141,0.0
model_26.pt,CHEBI:134948,predicate:22,MONDO:0000831,CHEBI:156386,predicate:11,CHEBI:171141,0.0
model_26.pt,PUBCHEM.COMPOUND:10578760,predicate:0,CHEBI:92697,CHEBI:156386,predicate:11,CHEBI:171141,0.0
model_26.pt,HMDB:HMDB0076696,predicate:17,CHEBI:170784,CHEBI:156386,predicate:11,CHEBI:171141,0.0
model_26.pt,MONDO:0859265,predicate:3,CHEBI:176304,CHEBI:156386,predicate:11,CHEBI:171141,0.0
model_26.pt,CHEBI:113553,predicate:1,HMDB:HMDB0077232,CHEBI:156386,predicate:11,CHEBI:171141,0.0
model_26.pt,PUBCHEM.COMPOUND:137226420,predicate:0,CHEBI:109116,CHEBI:156386,predicate:11,CHEBI:171141,0.0
model_26.pt,MONDO:0010691,predicate:20,HP:0007957,CHEBI:156386,predicate:11,CHEBI:171141,0.0
model_26.pt,CHEMBL.COMPOUND:CHEMBL536308,predicate:1,CHEBI:163814,CHEBI:156386,predicate:11,CHEBI:171141,0.0
model_26.pt,CHEBI:83370,predicate:16,CHEBI:72635,CHEBI:156386,predicate:11,CHEBI:171141,0.0
model_26.pt,PUBCHEM.COMPOUND:122196132,predicate:0,CHEBI:172159,CHEBI:156386,predicate:11,CHEBI:171141,0.0
model_26.pt,MONDO:0011730,predicate:1,CHEMBL.COMPOUND:CHEMBL54465,CHEBI:156386,predicate:11,CHEBI:171141,0.0
model_26.pt,MONDO:0011840,predicate:1,CHEBI:139280,CHEBI:156386,predicate:11,CHEBI:171141,0.0
model_26.pt,CHEBI:17482,predicate:23,MONDO:0001382,CHEBI:156386,predicate:11,CHEBI:171141,0.0
model_26.pt,PUBCHEM.COMPOUND:25263321,predicate:11,PUBCHEM.COMPOUND:3003511,CHEBI:156386,predicate:11,CHEBI:171141,-29.371776580810547
model_26.pt,PUBCHEM.COMPOUND:10216381,predicate:11,PUBCHEM.COMPOUND:10431492,CHEBI:156386,predicate:11,CHEBI:171141,62.67442321777344
model_26.pt,NCBIGene:820781,predicate:12,PUBCHEM.COMPOUND:131761197,CHEBI:156386,predicate:11,CHEBI:171141,0.0
model_26.pt,CHEBI:51068,predicate:17,HMDB:HMDB0009399,CHEBI:156386,predicate:11,CHEBI:171141,0.0
model_26.pt,CHEBI:9330,predicate:22,MONDO:0005011,CHEBI:156386,predicate:11,CHEBI:171141,0.0
model_26.pt,PUBCHEM.COMPOUND:10048208,predicate:26,CHEMBL.COMPOUND:CHEMBL151630,CHEBI:156386,predicate:11,CHEBI:171141,0.0
model_26.pt,PUBCHEM.COMPOUND:44176335,predicate:0,CHEBI:105317,CHEBI:156386,predicate:11,CHEBI:171141,0.0
model_26.pt,PUBCHEM.COMPOUND:49864838,predicate:18,CHEBI:109533,CHEBI:156386,predicate:11,CHEBI:171141,0.0
model_26.pt,CHEBI:185985,predicate:16,CHEBI:70967,CHEBI:156386,predicate:11,CHEBI:171141,0.0
model_26.pt,CHEMBL.COMPOUND:CHEMBL4798272,predicate:15,CHEBI:167641,CHEBI:156386,predicate:11,CHEBI:171141,0.0
model_26.pt,PUBCHEM.COMPOUND:126739109,predicate:11,MONDO:0006996,CHEBI:156386,predicate:11,CHEBI:171141,40.31709289550781
model_26.pt,MONDO:0012176,predicate:20,HP:0003028,CHEBI:145509,predicate:28,CHEBI:156320,0.0
model_26.pt,CHEBI:16959,predicate:17,CHEBI:172284,CHEBI:145509,predicate:28,CHEBI:156320,0.0
model_26.pt,PUBCHEM.COMPOUND:68020555,predicate:0,PUBCHEM.COMPOUND:44459583,CHEBI:145509,predicate:28,CHEBI:156320,0.0
model_26.pt,PUBCHEM.COMPOUND:137636752,predicate:0,CHEBI:134753,CHEBI:145509,predicate:28,CHEBI:156320,0.0
model_26.pt,PUBCHEM.COMPOUND:124221273,predicate:23,MONDO:0015691,CHEBI:145509,predicate:28,CHEBI:156320,0.0
model_26.pt,PUBCHEM.COMPOUND:130200977,predicate:18,CHEBI:144991,CHEBI:145509,predicate:28,CHEBI:156320,0.0
model_26.pt,MONDO:0005044,predicate:11,MONDO:0056796,CHEBI:145509,predicate:28,CHEBI:156320,0.0
model_26.pt,CHEBI:16592,predicate:41,CHEBI:114693,CHEBI:145509,predicate:28,CHEBI:156320,0.0
model_26.pt,CHEBI:166772,predicate:15,CHEBI:175537,CHEBI:145509,predicate:28,CHEBI:156320,0.0
model_26.pt,DRUGBANK:DB11158,predicate:2,MONDO:0005147,CHEBI:145509,predicate:28,CHEBI:156320,0.0
model_26.pt,CHEBI:145008,predicate:2,MONDO:0001076,CHEBI:145509,predicate:28,CHEBI:156320,0.0
model_26.pt,CHEBI:172333,predicate:11,CHEBI:84017,CHEBI:145509,predicate:28,CHEBI:156320,0.0
model_26.pt,CHEBI:188563,predicate:12,PUBCHEM.COMPOUND:52924335,CHEBI:145509,predicate:28,CHEBI:156320,0.0
model_26.pt,CHEBI:190239,predicate:11,HMDB:HMDB0072989,CHEBI:145509,predicate:28,CHEBI:156320,0.0
model_26.pt,CHEBI:135278,predicate:22,MONDO:0005559,CHEBI:145509,predicate:28,CHEBI:156320,0.0
model_26.pt,CHEBI:47040,predicate:15,CHEBI:146256,CHEBI:145509,predicate:28,CHEBI:156320,0.0
model_26.pt,CHEMBL.COMPOUND:CHEMBL4747062,predicate:0,CHEBI:71479,CHEBI:145509,predicate:28,CHEBI:156320,0.0
model_26.pt,CHEBI:42371,predicate:17,CHEBI:135736,CHEBI:145509,predicate:28,CHEBI:156320,0.0
model_26.pt,CHEBI:143114,predicate:1,CHEBI:125432,CHEBI:145509,predicate:28,CHEBI:156320,0.0
model_26.pt,CHEBI:185767,predicate:1,CHEBI:16264,CHEBI:145509,predicate:28,CHEBI:156320,0.0
model_26.pt,CHEBI:109317,predicate:14,CHEBI:170587,CHEBI:145509,predicate:28,CHEBI:156320,0.0
model_26.pt,CHEMBL.COMPOUND:CHEMBL4877928,predicate:1,PUBCHEM.COMPOUND:130363355,CHEBI:145509,predicate:28,CHEBI:156320,0.0
model_26.pt,CHEBI:136073,predicate:10,MONDO:0007263,CHEBI:145509,predicate:28,CHEBI:156320,0.0
model_26.pt,PUBCHEM.COMPOUND:131762323,predicate:13,CHEBI:149534,CHEBI:145509,predicate:28,CHEBI:156320,0.0
model_26.pt,PUBCHEM.COMPOUND:54325967,predicate:0,CHEBI:149800,CHEBI:145509,predicate:28,CHEBI:156320,0.0
model_26.pt,HP:0000021,predicate:0,CHEBI:167578,CHEBI:145509,predicate:28,CHEBI:156320,0.0
model_26.pt,CHEMBL.COMPOUND:CHEMBL4782467,predicate:15,CHEBI:134948,CHEBI:145509,predicate:28,CHEBI:156320,0.0
model_26.pt,NCBIGene:23163,predicate:18,NCBIGene:100528017,CHEBI:145509,predicate:28,CHEBI:156320,0.0
model_26.pt,CHEBI:142271,predicate:1,CHEBI:192396,CHEBI:145509,predicate:28,CHEBI:156320,0.0
model_26.pt,CHEBI:146285,predicate:12,PUBCHEM.COMPOUND:53478731,CHEBI:145509,predicate:28,CHEBI:156320,0.0
model_26.pt,CHEBI:136073,predicate:15,CHEBI:125586,CHEBI:145509,predicate:28,CHEBI:156320,0.0
model_26.pt,CHEMBL.COMPOUND:CHEMBL596806,predicate:20,HP:0000253,CHEBI:145509,predicate:28,CHEBI:156320,0.0
model_26.pt,NCBIGene:838170,predicate:13,CHEBI:75099,CHEBI:145509,predicate:28,CHEBI:156320,0.0
model_26.pt,PUBCHEM.COMPOUND:117859783,predicate:11,PUBCHEM.COMPOUND:10525997,CHEBI:145509,predicate:28,CHEBI:156320,0.0
model_26.pt,PUBCHEM.COMPOUND:127036977,predicate:0,CHEBI:103739,CHEBI:145509,predicate:28,CHEBI:156320,0.0
model_26.pt,PUBCHEM.COMPOUND:44433263,predicate:0,CHEBI:119893,CHEBI:145509,predicate:28,CHEBI:156320,0.0
model_26.pt,CHEBI:3914,predicate:15,CHEBI:190153,CHEBI:145509,predicate:28,CHEBI:156320,0.0
model_26.pt,PUBCHEM.COMPOUND:44314087,predicate:0,CHEBI:140407,CHEBI:145509,predicate:28,CHEBI:156320,0.0
model_26.pt,PUBCHEM.COMPOUND:25093440,predicate:0,CHEBI:113553,CHEBI:145509,predicate:28,CHEBI:156320,0.0
model_26.pt,CHEBI:65179,predicate:11,PUBCHEM.COMPOUND:11274029,CHEBI:145509,predicate:28,CHEBI:156320,0.0
model_26.pt,CHEBI:71580,predicate:22,MONDO:0005068,CHEBI:145509,predicate:28,CHEBI:156320,0.0
model_26.pt,CHEBI:190006,predicate:14,PUBCHEM.COMPOUND:118471641,CHEBI:145509,predicate:28,CHEBI:156320,0.0
model_26.pt,PUBCHEM.COMPOUND:59268935,predicate:0,CHEBI:113373,CHEBI:145509,predicate:28,CHEBI:156320,0.0
model_26.pt,CHEBI:157642,predicate:1,PUBCHEM.COMPOUND:130345144,CHEBI:145509,predicate:28,CHEBI:156320,0.0
model_26.pt,PUBCHEM.COMPOUND:57395067,predicate:0,CHEBI:167320,CHEBI:145509,predicate:28,CHEBI:156320,0.0
model_26.pt,PUBCHEM.COMPOUND:2744597,predicate:11,PUBCHEM.COMPOUND:2930224,CHEBI:145509,predicate:28,CHEBI:156320,0.0
model_26.pt,CHEBI:137225,predicate:17,CHEBI:131804,CHEBI:145509,predicate:28,CHEBI:156320,0.0
model_26.pt,CHEBI:111166,predicate:1,CHEBI:93303,CHEBI:145509,predicate:28,CHEBI:156320,0.0
model_26.pt,MONDO:0013171,predicate:20,MONDO:0001071,CHEBI:145509,predicate:28,CHEBI:156320,0.0
model_26.pt,CHEBI:143170,predicate:1,CHEBI:166778,CHEBI:145509,predicate:28,CHEBI:156320,0.0
model_26.pt,CHEBI:51561,predicate:2,HP:0001945,CHEBI:145509,predicate:28,CHEBI:156320,0.0
model_26.pt,UNII:5M691HL4BO,predicate:23,HP:0001288,CHEBI:145509,predicate:28,CHEBI:156320,0.0
model_26.pt,MONDO:0011122,predicate:18,CHEBI:132752,CHEBI:145509,predicate:28,CHEBI:156320,0.0
model_26.pt,PUBCHEM.COMPOUND:10314049,predicate:13,CHEBI:18086,CHEBI:145509,predicate:28,CHEBI:156320,0.0
model_26.pt,CHEBI:144357,predicate:20,HP:0002857,CHEBI:145509,predicate:28,CHEBI:156320,0.0
model_26.pt,CHEBI:16207,predicate:15,CHEBI:129768,CHEBI:145509,predicate:28,CHEBI:156320,0.0
model_26.pt,CHEBI:139081,predicate:20,HP:0010864,CHEBI:145509,predicate:28,CHEBI:156320,0.0
model_26.pt,PUBCHEM.COMPOUND:5702107,predicate:3,CHEBI:109116,CHEBI:145509,predicate:28,CHEBI:156320,0.0
model_26.pt,CHEBI:71289,predicate:17,CHEBI:180867,CHEBI:145509,predicate:28,CHEBI:156320,0.0
model_26.pt,PUBCHEM.COMPOUND:9834864,predicate:21,CHEBI:113373,CHEBI:145509,predicate:28,CHEBI:156320,0.0
model_26.pt,PUBCHEM.COMPOUND:44431492,predicate:18,CHEBI:121826,CHEBI:145509,predicate:28,CHEBI:156320,0.0
model_26.pt,PUBCHEM.COMPOUND:10432760,predicate:25,CHEBI:166658,CHEBI:145509,predicate:28,CHEBI:156320,0.0
model_26.pt,PUBCHEM.COMPOUND:25015107,predicate:0,CHEBI:127989,CHEBI:145509,predicate:28,CHEBI:156320,0.0
model_26.pt,PUBCHEM.COMPOUND:131757266,predicate:13,MONDO:0006749,CHEBI:145509,predicate:28,CHEBI:156320,0.0
model_26.pt,CHEBI:72619,predicate:1,CHEBI:196198,CHEBI:145509,predicate:28,CHEBI:156320,0.0
model_26.pt,CHEBI:71600,predicate:1,HMDB:HMDB0009929,CHEBI:145509,predicate:28,CHEBI:156320,0.0
model_26.pt,CHEBI:184579,predicate:11,CHEBI:144250,CHEBI:145509,predicate:28,CHEBI:156320,0.0
model_26.pt,CHEBI:88497,predicate:1,CHEBI:144822,CHEBI:145509,predicate:28,CHEBI:156320,0.0
model_26.pt,CHEBI:15040,predicate:16,MONDO:0013171,CHEBI:145509,predicate:28,CHEBI:156320,0.0
model_26.pt,MONDO:0005272,predicate:1,CHEBI:18262,CHEBI:145509,predicate:28,CHEBI:156320,0.0
model_26.pt,CHEBI:126004,predicate:17,CHEBI:175375,CHEBI:145509,predicate:28,CHEBI:156320,0.0
model_26.pt,MONDO:0035764,predicate:1,HMDB:HMDB0083268,CHEBI:145509,predicate:28,CHEBI:156320,0.0
model_26.pt,PUBCHEM.COMPOUND:155512592,predicate:0,CHEBI:103843,CHEBI:145509,predicate:28,CHEBI:156320,0.0
model_26.pt,CHEBI:15490,predicate:15,CHEBI:170609,CHEBI:145509,predicate:28,CHEBI:156320,0.0
model_26.pt,CHEBI:138520,predicate:28,CHEBI:171141,CHEBI:145509,predicate:28,CHEBI:156320,-10.210827827453612
model_26.pt,CHEBI:131557,predicate:1,CHEBI:73731,CHEBI:145509,predicate:28,CHEBI:156320,0.0
model_26.pt,CHEBI:134948,predicate:22,MONDO:0000831,CHEBI:145509,predicate:28,CHEBI:156320,0.0
model_26.pt,PUBCHEM.COMPOUND:10578760,predicate:0,CHEBI:92697,CHEBI:145509,predicate:28,CHEBI:156320,0.0
model_26.pt,HMDB:HMDB0076696,predicate:17,CHEBI:170784,CHEBI:145509,predicate:28,CHEBI:156320,0.0
model_26.pt,MONDO:0859265,predicate:3,CHEBI:176304,CHEBI:145509,predicate:28,CHEBI:156320,0.0
model_26.pt,CHEBI:113553,predicate:1,HMDB:HMDB0077232,CHEBI:145509,predicate:28,CHEBI:156320,0.0
model_26.pt,PUBCHEM.COMPOUND:137226420,predicate:0,CHEBI:109116,CHEBI:145509,predicate:28,CHEBI:156320,0.0
model_26.pt,MONDO:0010691,predicate:20,HP:0007957,CHEBI:145509,predicate:28,CHEBI:156320,0.0
model_26.pt,CHEMBL.COMPOUND:CHEMBL536308,predicate:1,CHEBI:163814,CHEBI:145509,predicate:28,CHEBI:156320,0.0
model_26.pt,CHEBI:83370,predicate:16,CHEBI:72635,CHEBI:145509,predicate:28,CHEBI:156320,0.0
model_26.pt,PUBCHEM.COMPOUND:122196132,predicate:0,CHEBI:172159,CHEBI:145509,predicate:28,CHEBI:156320,0.0
model_26.pt,MONDO:0011730,predicate:1,CHEMBL.COMPOUND:CHEMBL54465,CHEBI:145509,predicate:28,CHEBI:156320,0.0
model_26.pt,MONDO:0011840,predicate:1,CHEBI:139280,CHEBI:145509,predicate:28,CHEBI:156320,0.0
model_26.pt,CHEBI:17482,predicate:23,MONDO:0001382,CHEBI:145509,predicate:28,CHEBI:156320,0.0
model_26.pt,PUBCHEM.COMPOUND:25263321,predicate:11,PUBCHEM.COMPOUND:3003511,CHEBI:145509,predicate:28,CHEBI:156320,0.0
model_26.pt,PUBCHEM.COMPOUND:10216381,predicate:11,PUBCHEM.COMPOUND:10431492,CHEBI:145509,predicate:28,CHEBI:156320,0.0
model_26.pt,NCBIGene:820781,predicate:12,PUBCHEM.COMPOUND:131761197,CHEBI:145509,predicate:28,CHEBI:156320,0.0
model_26.pt,CHEBI:51068,predicate:17,HMDB:HMDB0009399,CHEBI:145509,predicate:28,CHEBI:156320,0.0
model_26.pt,CHEBI:9330,predicate:22,MONDO:0005011,CHEBI:145509,predicate:28,CHEBI:156320,0.0
model_26.pt,PUBCHEM.COMPOUND:10048208,predicate:26,CHEMBL.COMPOUND:CHEMBL151630,CHEBI:145509,predicate:28,CHEBI:156320,0.0
model_26.pt,PUBCHEM.COMPOUND:44176335,predicate:0,CHEBI:105317,CHEBI:145509,predicate:28,CHEBI:156320,0.0
model_26.pt,PUBCHEM.COMPOUND:49864838,predicate:18,CHEBI:109533,CHEBI:145509,predicate:28,CHEBI:156320,0.0
model_26.pt,CHEBI:185985,predicate:16,CHEBI:70967,CHEBI:145509,predicate:28,CHEBI:156320,0.0
model_26.pt,CHEMBL.COMPOUND:CHEMBL4798272,predicate:15,CHEBI:167641,CHEBI:145509,predicate:28,CHEBI:156320,0.0
model_26.pt,PUBCHEM.COMPOUND:126739109,predicate:11,MONDO:0006996,CHEBI:145509,predicate:28,CHEBI:156320,0.0
model_26.pt,MONDO:0012176,predicate:20,HP:0003028,PUBCHEM.COMPOUND:131766841,predicate:13,PUBCHEM.COMPOUND:118111582,0.0
model_26.pt,CHEBI:16959,predicate:17,CHEBI:172284,PUBCHEM.COMPOUND:131766841,predicate:13,PUBCHEM.COMPOUND:118111582,0.0
model_26.pt,PUBCHEM.COMPOUND:68020555,predicate:0,PUBCHEM.COMPOUND:44459583,PUBCHEM.COMPOUND:131766841,predicate:13,PUBCHEM.COMPOUND:118111582,0.0
model_26.pt,PUBCHEM.COMPOUND:137636752,predicate:0,CHEBI:134753,PUBCHEM.COMPOUND:131766841,predicate:13,PUBCHEM.COMPOUND:118111582,0.0
model_26.pt,PUBCHEM.COMPOUND:124221273,predicate:23,MONDO:0015691,PUBCHEM.COMPOUND:131766841,predicate:13,PUBCHEM.COMPOUND:118111582,0.0
model_26.pt,PUBCHEM.COMPOUND:130200977,predicate:18,CHEBI:144991,PUBCHEM.COMPOUND:131766841,predicate:13,PUBCHEM.COMPOUND:118111582,0.0
model_26.pt,MONDO:0005044,predicate:11,MONDO:0056796,PUBCHEM.COMPOUND:131766841,predicate:13,PUBCHEM.COMPOUND:118111582,0.0
model_26.pt,CHEBI:16592,predicate:41,CHEBI:114693,PUBCHEM.COMPOUND:131766841,predicate:13,PUBCHEM.COMPOUND:118111582,0.0
model_26.pt,CHEBI:166772,predicate:15,CHEBI:175537,PUBCHEM.COMPOUND:131766841,predicate:13,PUBCHEM.COMPOUND:118111582,0.0
model_26.pt,DRUGBANK:DB11158,predicate:2,MONDO:0005147,PUBCHEM.COMPOUND:131766841,predicate:13,PUBCHEM.COMPOUND:118111582,0.0
model_26.pt,CHEBI:145008,predicate:2,MONDO:0001076,PUBCHEM.COMPOUND:131766841,predicate:13,PUBCHEM.COMPOUND:118111582,0.0
model_26.pt,CHEBI:172333,predicate:11,CHEBI:84017,PUBCHEM.COMPOUND:131766841,predicate:13,PUBCHEM.COMPOUND:118111582,0.0
model_26.pt,CHEBI:188563,predicate:12,PUBCHEM.COMPOUND:52924335,PUBCHEM.COMPOUND:131766841,predicate:13,PUBCHEM.COMPOUND:118111582,0.0
model_26.pt,CHEBI:190239,predicate:11,HMDB:HMDB0072989,PUBCHEM.COMPOUND:131766841,predicate:13,PUBCHEM.COMPOUND:118111582,0.0
model_26.pt,CHEBI:135278,predicate:22,MONDO:0005559,PUBCHEM.COMPOUND:131766841,predicate:13,PUBCHEM.COMPOUND:118111582,0.0
model_26.pt,CHEBI:47040,predicate:15,CHEBI:146256,PUBCHEM.COMPOUND:131766841,predicate:13,PUBCHEM.COMPOUND:118111582,0.0
model_26.pt,CHEMBL.COMPOUND:CHEMBL4747062,predicate:0,CHEBI:71479,PUBCHEM.COMPOUND:131766841,predicate:13,PUBCHEM.COMPOUND:118111582,0.0
model_26.pt,CHEBI:42371,predicate:17,CHEBI:135736,PUBCHEM.COMPOUND:131766841,predicate:13,PUBCHEM.COMPOUND:118111582,0.0
model_26.pt,CHEBI:143114,predicate:1,CHEBI:125432,PUBCHEM.COMPOUND:131766841,predicate:13,PUBCHEM.COMPOUND:118111582,0.0
model_26.pt,CHEBI:185767,predicate:1,CHEBI:16264,PUBCHEM.COMPOUND:131766841,predicate:13,PUBCHEM.COMPOUND:118111582,0.0
model_26.pt,CHEBI:109317,predicate:14,CHEBI:170587,PUBCHEM.COMPOUND:131766841,predicate:13,PUBCHEM.COMPOUND:118111582,0.0
model_26.pt,CHEMBL.COMPOUND:CHEMBL4877928,predicate:1,PUBCHEM.COMPOUND:130363355,PUBCHEM.COMPOUND:131766841,predicate:13,PUBCHEM.COMPOUND:118111582,0.0
model_26.pt,CHEBI:136073,predicate:10,MONDO:0007263,PUBCHEM.COMPOUND:131766841,predicate:13,PUBCHEM.COMPOUND:118111582,0.0
model_26.pt,PUBCHEM.COMPOUND:131762323,predicate:13,CHEBI:149534,PUBCHEM.COMPOUND:131766841,predicate:13,PUBCHEM.COMPOUND:118111582,1.5211334228515625
model_26.pt,PUBCHEM.COMPOUND:54325967,predicate:0,CHEBI:149800,PUBCHEM.COMPOUND:131766841,predicate:13,PUBCHEM.COMPOUND:118111582,0.0
model_26.pt,HP:0000021,predicate:0,CHEBI:167578,PUBCHEM.COMPOUND:131766841,predicate:13,PUBCHEM.COMPOUND:118111582,0.0
model_26.pt,CHEMBL.COMPOUND:CHEMBL4782467,predicate:15,CHEBI:134948,PUBCHEM.COMPOUND:131766841,predicate:13,PUBCHEM.COMPOUND:118111582,0.0
model_26.pt,NCBIGene:23163,predicate:18,NCBIGene:100528017,PUBCHEM.COMPOUND:131766841,predicate:13,PUBCHEM.COMPOUND:118111582,0.0
model_26.pt,CHEBI:142271,predicate:1,CHEBI:192396,PUBCHEM.COMPOUND:131766841,predicate:13,PUBCHEM.COMPOUND:118111582,0.0
model_26.pt,CHEBI:146285,predicate:12,PUBCHEM.COMPOUND:53478731,PUBCHEM.COMPOUND:131766841,predicate:13,PUBCHEM.COMPOUND:118111582,0.0
model_26.pt,CHEBI:136073,predicate:15,CHEBI:125586,PUBCHEM.COMPOUND:131766841,predicate:13,PUBCHEM.COMPOUND:118111582,0.0
model_26.pt,CHEMBL.COMPOUND:CHEMBL596806,predicate:20,HP:0000253,PUBCHEM.COMPOUND:131766841,predicate:13,PUBCHEM.COMPOUND:118111582,0.0
model_26.pt,NCBIGene:838170,predicate:13,CHEBI:75099,PUBCHEM.COMPOUND:131766841,predicate:13,PUBCHEM.COMPOUND:118111582,-11.195311546325684
model_26.pt,PUBCHEM.COMPOUND:117859783,predicate:11,PUBCHEM.COMPOUND:10525997,PUBCHEM.COMPOUND:131766841,predicate:13,PUBCHEM.COMPOUND:118111582,0.0
model_26.pt,PUBCHEM.COMPOUND:127036977,predicate:0,CHEBI:103739,PUBCHEM.COMPOUND:131766841,predicate:13,PUBCHEM.COMPOUND:118111582,0.0
model_26.pt,PUBCHEM.COMPOUND:44433263,predicate:0,CHEBI:119893,PUBCHEM.COMPOUND:131766841,predicate:13,PUBCHEM.COMPOUND:118111582,0.0
model_26.pt,CHEBI:3914,predicate:15,CHEBI:190153,PUBCHEM.COMPOUND:131766841,predicate:13,PUBCHEM.COMPOUND:118111582,0.0
model_26.pt,PUBCHEM.COMPOUND:44314087,predicate:0,CHEBI:140407,PUBCHEM.COMPOUND:131766841,predicate:13,PUBCHEM.COMPOUND:118111582,0.0
model_26.pt,PUBCHEM.COMPOUND:25093440,predicate:0,CHEBI:113553,PUBCHEM.COMPOUND:131766841,predicate:13,PUBCHEM.COMPOUND:118111582,0.0
model_26.pt,CHEBI:65179,predicate:11,PUBCHEM.COMPOUND:11274029,PUBCHEM.COMPOUND:131766841,predicate:13,PUBCHEM.COMPOUND:118111582,0.0
model_26.pt,CHEBI:71580,predicate:22,MONDO:0005068,PUBCHEM.COMPOUND:131766841,predicate:13,PUBCHEM.COMPOUND:118111582,0.0
model_26.pt,CHEBI:190006,predicate:14,PUBCHEM.COMPOUND:118471641,PUBCHEM.COMPOUND:131766841,predicate:13,PUBCHEM.COMPOUND:118111582,0.0
model_26.pt,PUBCHEM.COMPOUND:59268935,predicate:0,CHEBI:113373,PUBCHEM.COMPOUND:131766841,predicate:13,PUBCHEM.COMPOUND:118111582,0.0
model_26.pt,CHEBI:157642,predicate:1,PUBCHEM.COMPOUND:130345144,PUBCHEM.COMPOUND:131766841,predicate:13,PUBCHEM.COMPOUND:118111582,0.0
model_26.pt,PUBCHEM.COMPOUND:57395067,predicate:0,CHEBI:167320,PUBCHEM.COMPOUND:131766841,predicate:13,PUBCHEM.COMPOUND:118111582,0.0
model_26.pt,PUBCHEM.COMPOUND:2744597,predicate:11,PUBCHEM.COMPOUND:2930224,PUBCHEM.COMPOUND:131766841,predicate:13,PUBCHEM.COMPOUND:118111582,0.0
model_26.pt,CHEBI:137225,predicate:17,CHEBI:131804,PUBCHEM.COMPOUND:131766841,predicate:13,PUBCHEM.COMPOUND:118111582,0.0
model_26.pt,CHEBI:111166,predicate:1,CHEBI:93303,PUBCHEM.COMPOUND:131766841,predicate:13,PUBCHEM.COMPOUND:118111582,0.0
model_26.pt,MONDO:0013171,predicate:20,MONDO:0001071,PUBCHEM.COMPOUND:131766841,predicate:13,PUBCHEM.COMPOUND:118111582,0.0
model_26.pt,CHEBI:143170,predicate:1,CHEBI:166778,PUBCHEM.COMPOUND:131766841,predicate:13,PUBCHEM.COMPOUND:118111582,0.0
model_26.pt,CHEBI:51561,predicate:2,HP:0001945,PUBCHEM.COMPOUND:131766841,predicate:13,PUBCHEM.COMPOUND:118111582,0.0
model_26.pt,UNII:5M691HL4BO,predicate:23,HP:0001288,PUBCHEM.COMPOUND:131766841,predicate:13,PUBCHEM.COMPOUND:118111582,0.0
model_26.pt,MONDO:0011122,predicate:18,CHEBI:132752,PUBCHEM.COMPOUND:131766841,predicate:13,PUBCHEM.COMPOUND:118111582,0.0
model_26.pt,PUBCHEM.COMPOUND:10314049,predicate:13,CHEBI:18086,PUBCHEM.COMPOUND:131766841,predicate:13,PUBCHEM.COMPOUND:118111582,-0.1877765655517578
model_26.pt,CHEBI:144357,predicate:20,HP:0002857,PUBCHEM.COMPOUND:131766841,predicate:13,PUBCHEM.COMPOUND:118111582,0.0
model_26.pt,CHEBI:16207,predicate:15,CHEBI:129768,PUBCHEM.COMPOUND:131766841,predicate:13,PUBCHEM.COMPOUND:118111582,0.0
model_26.pt,CHEBI:139081,predicate:20,HP:0010864,PUBCHEM.COMPOUND:131766841,predicate:13,PUBCHEM.COMPOUND:118111582,0.0
model_26.pt,PUBCHEM.COMPOUND:5702107,predicate:3,CHEBI:109116,PUBCHEM.COMPOUND:131766841,predicate:13,PUBCHEM.COMPOUND:118111582,0.0
model_26.pt,CHEBI:71289,predicate:17,CHEBI:180867,PUBCHEM.COMPOUND:131766841,predicate:13,PUBCHEM.COMPOUND:118111582,0.0
model_26.pt,PUBCHEM.COMPOUND:9834864,predicate:21,CHEBI:113373,PUBCHEM.COMPOUND:131766841,predicate:13,PUBCHEM.COMPOUND:118111582,0.0
model_26.pt,PUBCHEM.COMPOUND:44431492,predicate:18,CHEBI:121826,PUBCHEM.COMPOUND:131766841,predicate:13,PUBCHEM.COMPOUND:118111582,0.0
model_26.pt,PUBCHEM.COMPOUND:10432760,predicate:25,CHEBI:166658,PUBCHEM.COMPOUND:131766841,predicate:13,PUBCHEM.COMPOUND:118111582,0.0
model_26.pt,PUBCHEM.COMPOUND:25015107,predicate:0,CHEBI:127989,PUBCHEM.COMPOUND:131766841,predicate:13,PUBCHEM.COMPOUND:118111582,0.0
model_26.pt,PUBCHEM.COMPOUND:131757266,predicate:13,MONDO:0006749,PUBCHEM.COMPOUND:131766841,predicate:13,PUBCHEM.COMPOUND:118111582,-31.390535354614254
model_26.pt,CHEBI:72619,predicate:1,CHEBI:196198,PUBCHEM.COMPOUND:131766841,predicate:13,PUBCHEM.COMPOUND:118111582,0.0
model_26.pt,CHEBI:71600,predicate:1,HMDB:HMDB0009929,PUBCHEM.COMPOUND:131766841,predicate:13,PUBCHEM.COMPOUND:118111582,0.0
model_26.pt,CHEBI:184579,predicate:11,CHEBI:144250,PUBCHEM.COMPOUND:131766841,predicate:13,PUBCHEM.COMPOUND:118111582,0.0
model_26.pt,CHEBI:88497,predicate:1,CHEBI:144822,PUBCHEM.COMPOUND:131766841,predicate:13,PUBCHEM.COMPOUND:118111582,0.0
model_26.pt,CHEBI:15040,predicate:16,MONDO:0013171,PUBCHEM.COMPOUND:131766841,predicate:13,PUBCHEM.COMPOUND:118111582,0.0
model_26.pt,MONDO:0005272,predicate:1,CHEBI:18262,PUBCHEM.COMPOUND:131766841,predicate:13,PUBCHEM.COMPOUND:118111582,0.0
model_26.pt,CHEBI:126004,predicate:17,CHEBI:175375,PUBCHEM.COMPOUND:131766841,predicate:13,PUBCHEM.COMPOUND:118111582,0.0
model_26.pt,MONDO:0035764,predicate:1,HMDB:HMDB0083268,PUBCHEM.COMPOUND:131766841,predicate:13,PUBCHEM.COMPOUND:118111582,0.0
model_26.pt,PUBCHEM.COMPOUND:155512592,predicate:0,CHEBI:103843,PUBCHEM.COMPOUND:131766841,predicate:13,PUBCHEM.COMPOUND:118111582,0.0
model_26.pt,CHEBI:15490,predicate:15,CHEBI:170609,PUBCHEM.COMPOUND:131766841,predicate:13,PUBCHEM.COMPOUND:118111582,0.0
model_26.pt,CHEBI:138520,predicate:28,CHEBI:171141,PUBCHEM.COMPOUND:131766841,predicate:13,PUBCHEM.COMPOUND:118111582,0.0
model_26.pt,CHEBI:131557,predicate:1,CHEBI:73731,PUBCHEM.COMPOUND:131766841,predicate:13,PUBCHEM.COMPOUND:118111582,0.0
model_26.pt,CHEBI:134948,predicate:22,MONDO:0000831,PUBCHEM.COMPOUND:131766841,predicate:13,PUBCHEM.COMPOUND:118111582,0.0
model_26.pt,PUBCHEM.COMPOUND:10578760,predicate:0,CHEBI:92697,PUBCHEM.COMPOUND:131766841,predicate:13,PUBCHEM.COMPOUND:118111582,0.0
model_26.pt,HMDB:HMDB0076696,predicate:17,CHEBI:170784,PUBCHEM.COMPOUND:131766841,predicate:13,PUBCHEM.COMPOUND:118111582,0.0
model_26.pt,MONDO:0859265,predicate:3,CHEBI:176304,PUBCHEM.COMPOUND:131766841,predicate:13,PUBCHEM.COMPOUND:118111582,0.0
model_26.pt,CHEBI:113553,predicate:1,HMDB:HMDB0077232,PUBCHEM.COMPOUND:131766841,predicate:13,PUBCHEM.COMPOUND:118111582,0.0
model_26.pt,PUBCHEM.COMPOUND:137226420,predicate:0,CHEBI:109116,PUBCHEM.COMPOUND:131766841,predicate:13,PUBCHEM.COMPOUND:118111582,0.0
model_26.pt,MONDO:0010691,predicate:20,HP:0007957,PUBCHEM.COMPOUND:131766841,predicate:13,PUBCHEM.COMPOUND:118111582,0.0
model_26.pt,CHEMBL.COMPOUND:CHEMBL536308,predicate:1,CHEBI:163814,PUBCHEM.COMPOUND:131766841,predicate:13,PUBCHEM.COMPOUND:118111582,0.0
model_26.pt,CHEBI:83370,predicate:16,CHEBI:72635,PUBCHEM.COMPOUND:131766841,predicate:13,PUBCHEM.COMPOUND:118111582,0.0
model_26.pt,PUBCHEM.COMPOUND:122196132,predicate:0,CHEBI:172159,PUBCHEM.COMPOUND:131766841,predicate:13,PUBCHEM.COMPOUND:118111582,0.0
model_26.pt,MONDO:0011730,predicate:1,CHEMBL.COMPOUND:CHEMBL54465,PUBCHEM.COMPOUND:131766841,predicate:13,PUBCHEM.COMPOUND:118111582,0.0
model_26.pt,MONDO:0011840,predicate:1,CHEBI:139280,PUBCHEM.COMPOUND:131766841,predicate:13,PUBCHEM.COMPOUND:118111582,0.0
model_26.pt,CHEBI:17482,predicate:23,MONDO:0001382,PUBCHEM.COMPOUND:131766841,predicate:13,PUBCHEM.COMPOUND:118111582,0.0
model_26.pt,PUBCHEM.COMPOUND:25263321,predicate:11,PUBCHEM.COMPOUND:3003511,PUBCHEM.COMPOUND:131766841,predicate:13,PUBCHEM.COMPOUND:118111582,0.0
model_26.pt,PUBCHEM.COMPOUND:10216381,predicate:11,PUBCHEM.COMPOUND:10431492,PUBCHEM.COMPOUND:131766841,predicate:13,PUBCHEM.COMPOUND:118111582,0.0
model_26.pt,NCBIGene:820781,predicate:12,PUBCHEM.COMPOUND:131761197,PUBCHEM.COMPOUND:131766841,predicate:13,PUBCHEM.COMPOUND:118111582,0.0
model_26.pt,CHEBI:51068,predicate:17,HMDB:HMDB0009399,PUBCHEM.COMPOUND:131766841,predicate:13,PUBCHEM.COMPOUND:118111582,0.0
model_26.pt,CHEBI:9330,predicate:22,MONDO:0005011,PUBCHEM.COMPOUND:131766841,predicate:13,PUBCHEM.COMPOUND:118111582,0.0
model_26.pt,PUBCHEM.COMPOUND:10048208,predicate:26,CHEMBL.COMPOUND:CHEMBL151630,PUBCHEM.COMPOUND:131766841,predicate:13,PUBCHEM.COMPOUND:118111582,0.0
model_26.pt,PUBCHEM.COMPOUND:44176335,predicate:0,CHEBI:105317,PUBCHEM.COMPOUND:131766841,predicate:13,PUBCHEM.COMPOUND:118111582,0.0
model_26.pt,PUBCHEM.COMPOUND:49864838,predicate:18,CHEBI:109533,PUBCHEM.COMPOUND:131766841,predicate:13,PUBCHEM.COMPOUND:118111582,0.0
model_26.pt,CHEBI:185985,predicate:16,CHEBI:70967,PUBCHEM.COMPOUND:131766841,predicate:13,PUBCHEM.COMPOUND:118111582,0.0
model_26.pt,CHEMBL.COMPOUND:CHEMBL4798272,predicate:15,CHEBI:167641,PUBCHEM.COMPOUND:131766841,predicate:13,PUBCHEM.COMPOUND:118111582,0.0
model_26.pt,PUBCHEM.COMPOUND:126739109,predicate:11,MONDO:0006996,PUBCHEM.COMPOUND:131766841,predicate:13,PUBCHEM.COMPOUND:118111582,0.0
model_26.pt,MONDO:0012176,predicate:20,HP:0003028,CHEBI:120702,predicate:20,MONDO:0006610,34.413761138916016
model_26.pt,CHEBI:16959,predicate:17,CHEBI:172284,CHEBI:120702,predicate:20,MONDO:0006610,0.0
model_26.pt,PUBCHEM.COMPOUND:68020555,predicate:0,PUBCHEM.COMPOUND:44459583,CHEBI:120702,predicate:20,MONDO:0006610,0.0
model_26.pt,PUBCHEM.COMPOUND:137636752,predicate:0,CHEBI:134753,CHEBI:120702,predicate:20,MONDO:0006610,0.0
model_26.pt,PUBCHEM.COMPOUND:124221273,predicate:23,MONDO:0015691,CHEBI:120702,predicate:20,MONDO:0006610,0.0
model_26.pt,PUBCHEM.COMPOUND:130200977,predicate:18,CHEBI:144991,CHEBI:120702,predicate:20,MONDO:0006610,0.0
model_26.pt,MONDO:0005044,predicate:11,MONDO:0056796,CHEBI:120702,predicate:20,MONDO:0006610,0.0
model_26.pt,CHEBI:16592,predicate:41,CHEBI:114693,CHEBI:120702,predicate:20,MONDO:0006610,0.0
model_26.pt,CHEBI:166772,predicate:15,CHEBI:175537,CHEBI:120702,predicate:20,MONDO:0006610,0.0
model_26.pt,DRUGBANK:DB11158,predicate:2,MONDO:0005147,CHEBI:120702,predicate:20,MONDO:0006610,0.0
model_26.pt,CHEBI:145008,predicate:2,MONDO:0001076,CHEBI:120702,predicate:20,MONDO:0006610,0.0
model_26.pt,CHEBI:172333,predicate:11,CHEBI:84017,CHEBI:120702,predicate:20,MONDO:0006610,0.0
model_26.pt,CHEBI:188563,predicate:12,PUBCHEM.COMPOUND:52924335,CHEBI:120702,predicate:20,MONDO:0006610,0.0
model_26.pt,CHEBI:190239,predicate:11,HMDB:HMDB0072989,CHEBI:120702,predicate:20,MONDO:0006610,0.0
model_26.pt,CHEBI:135278,predicate:22,MONDO:0005559,CHEBI:120702,predicate:20,MONDO:0006610,0.0
model_26.pt,CHEBI:47040,predicate:15,CHEBI:146256,CHEBI:120702,predicate:20,MONDO:0006610,0.0
model_26.pt,CHEMBL.COMPOUND:CHEMBL4747062,predicate:0,CHEBI:71479,CHEBI:120702,predicate:20,MONDO:0006610,0.0
model_26.pt,CHEBI:42371,predicate:17,CHEBI:135736,CHEBI:120702,predicate:20,MONDO:0006610,0.0
model_26.pt,CHEBI:143114,predicate:1,CHEBI:125432,CHEBI:120702,predicate:20,MONDO:0006610,0.0
model_26.pt,CHEBI:185767,predicate:1,CHEBI:16264,CHEBI:120702,predicate:20,MONDO:0006610,0.0
model_26.pt,CHEBI:109317,predicate:14,CHEBI:170587,CHEBI:120702,predicate:20,MONDO:0006610,0.0
model_26.pt,CHEMBL.COMPOUND:CHEMBL4877928,predicate:1,PUBCHEM.COMPOUND:130363355,CHEBI:120702,predicate:20,MONDO:0006610,0.0
model_26.pt,CHEBI:136073,predicate:10,MONDO:0007263,CHEBI:120702,predicate:20,MONDO:0006610,0.0
model_26.pt,PUBCHEM.COMPOUND:131762323,predicate:13,CHEBI:149534,CHEBI:120702,predicate:20,MONDO:0006610,0.0
model_26.pt,PUBCHEM.COMPOUND:54325967,predicate:0,CHEBI:149800,CHEBI:120702,predicate:20,MONDO:0006610,0.0
model_26.pt,HP:0000021,predicate:0,CHEBI:167578,CHEBI:120702,predicate:20,MONDO:0006610,0.0
model_26.pt,CHEMBL.COMPOUND:CHEMBL4782467,predicate:15,CHEBI:134948,CHEBI:120702,predicate:20,MONDO:0006610,0.0
model_26.pt,NCBIGene:23163,predicate:18,NCBIGene:100528017,CHEBI:120702,predicate:20,MONDO:0006610,0.0
model_26.pt,CHEBI:142271,predicate:1,CHEBI:192396,CHEBI:120702,predicate:20,MONDO:0006610,0.0
model_26.pt,CHEBI:146285,predicate:12,PUBCHEM.COMPOUND:53478731,CHEBI:120702,predicate:20,MONDO:0006610,0.0
model_26.pt,CHEBI:136073,predicate:15,CHEBI:125586,CHEBI:120702,predicate:20,MONDO:0006610,0.0
model_26.pt,CHEMBL.COMPOUND:CHEMBL596806,predicate:20,HP:0000253,CHEBI:120702,predicate:20,MONDO:0006610,40.82236099243164
model_26.pt,NCBIGene:838170,predicate:13,CHEBI:75099,CHEBI:120702,predicate:20,MONDO:0006610,0.0
model_26.pt,PUBCHEM.COMPOUND:117859783,predicate:11,PUBCHEM.COMPOUND:10525997,CHEBI:120702,predicate:20,MONDO:0006610,0.0
model_26.pt,PUBCHEM.COMPOUND:127036977,predicate:0,CHEBI:103739,CHEBI:120702,predicate:20,MONDO:0006610,0.0
model_26.pt,PUBCHEM.COMPOUND:44433263,predicate:0,CHEBI:119893,CHEBI:120702,predicate:20,MONDO:0006610,0.0
model_26.pt,CHEBI:3914,predicate:15,CHEBI:190153,CHEBI:120702,predicate:20,MONDO:0006610,0.0
model_26.pt,PUBCHEM.COMPOUND:44314087,predicate:0,CHEBI:140407,CHEBI:120702,predicate:20,MONDO:0006610,0.0
model_26.pt,PUBCHEM.COMPOUND:25093440,predicate:0,CHEBI:113553,CHEBI:120702,predicate:20,MONDO:0006610,0.0
model_26.pt,CHEBI:65179,predicate:11,PUBCHEM.COMPOUND:11274029,CHEBI:120702,predicate:20,MONDO:0006610,0.0
model_26.pt,CHEBI:71580,predicate:22,MONDO:0005068,CHEBI:120702,predicate:20,MONDO:0006610,0.0
model_26.pt,CHEBI:190006,predicate:14,PUBCHEM.COMPOUND:118471641,CHEBI:120702,predicate:20,MONDO:0006610,0.0
model_26.pt,PUBCHEM.COMPOUND:59268935,predicate:0,CHEBI:113373,CHEBI:120702,predicate:20,MONDO:0006610,0.0
model_26.pt,CHEBI:157642,predicate:1,PUBCHEM.COMPOUND:130345144,CHEBI:120702,predicate:20,MONDO:0006610,0.0
model_26.pt,PUBCHEM.COMPOUND:57395067,predicate:0,CHEBI:167320,CHEBI:120702,predicate:20,MONDO:0006610,0.0
model_26.pt,PUBCHEM.COMPOUND:2744597,predicate:11,PUBCHEM.COMPOUND:2930224,CHEBI:120702,predicate:20,MONDO:0006610,0.0
model_26.pt,CHEBI:137225,predicate:17,CHEBI:131804,CHEBI:120702,predicate:20,MONDO:0006610,0.0
model_26.pt,CHEBI:111166,predicate:1,CHEBI:93303,CHEBI:120702,predicate:20,MONDO:0006610,0.0
model_26.pt,MONDO:0013171,predicate:20,MONDO:0001071,CHEBI:120702,predicate:20,MONDO:0006610,26.499462127685547
model_26.pt,CHEBI:143170,predicate:1,CHEBI:166778,CHEBI:120702,predicate:20,MONDO:0006610,0.0
model_26.pt,CHEBI:51561,predicate:2,HP:0001945,CHEBI:120702,predicate:20,MONDO:0006610,0.0
model_26.pt,UNII:5M691HL4BO,predicate:23,HP:0001288,CHEBI:120702,predicate:20,MONDO:0006610,0.0
model_26.pt,MONDO:0011122,predicate:18,CHEBI:132752,CHEBI:120702,predicate:20,MONDO:0006610,0.0
model_26.pt,PUBCHEM.COMPOUND:10314049,predicate:13,CHEBI:18086,CHEBI:120702,predicate:20,MONDO:0006610,0.0
model_26.pt,CHEBI:144357,predicate:20,HP:0002857,CHEBI:120702,predicate:20,MONDO:0006610,20.693572998046875
model_26.pt,CHEBI:16207,predicate:15,CHEBI:129768,CHEBI:120702,predicate:20,MONDO:0006610,0.0
model_26.pt,CHEBI:139081,predicate:20,HP:0010864,CHEBI:120702,predicate:20,MONDO:0006610,-11.772345542907717
model_26.pt,PUBCHEM.COMPOUND:5702107,predicate:3,CHEBI:109116,CHEBI:120702,predicate:20,MONDO:0006610,0.0
model_26.pt,CHEBI:71289,predicate:17,CHEBI:180867,CHEBI:120702,predicate:20,MONDO:0006610,0.0
model_26.pt,PUBCHEM.COMPOUND:9834864,predicate:21,CHEBI:113373,CHEBI:120702,predicate:20,MONDO:0006610,0.0
model_26.pt,PUBCHEM.COMPOUND:44431492,predicate:18,CHEBI:121826,CHEBI:120702,predicate:20,MONDO:0006610,0.0
model_26.pt,PUBCHEM.COMPOUND:10432760,predicate:25,CHEBI:166658,CHEBI:120702,predicate:20,MONDO:0006610,0.0
model_26.pt,PUBCHEM.COMPOUND:25015107,predicate:0,CHEBI:127989,CHEBI:120702,predicate:20,MONDO:0006610,0.0
model_26.pt,PUBCHEM.COMPOUND:131757266,predicate:13,MONDO:0006749,CHEBI:120702,predicate:20,MONDO:0006610,0.0
model_26.pt,CHEBI:72619,predicate:1,CHEBI:196198,CHEBI:120702,predicate:20,MONDO:0006610,0.0
model_26.pt,CHEBI:71600,predicate:1,HMDB:HMDB0009929,CHEBI:120702,predicate:20,MONDO:0006610,0.0
model_26.pt,CHEBI:184579,predicate:11,CHEBI:144250,CHEBI:120702,predicate:20,MONDO:0006610,0.0
model_26.pt,CHEBI:88497,predicate:1,CHEBI:144822,CHEBI:120702,predicate:20,MONDO:0006610,0.0
model_26.pt,CHEBI:15040,predicate:16,MONDO:0013171,CHEBI:120702,predicate:20,MONDO:0006610,0.0
model_26.pt,MONDO:0005272,predicate:1,CHEBI:18262,CHEBI:120702,predicate:20,MONDO:0006610,0.0
model_26.pt,CHEBI:126004,predicate:17,CHEBI:175375,CHEBI:120702,predicate:20,MONDO:0006610,0.0
model_26.pt,MONDO:0035764,predicate:1,HMDB:HMDB0083268,CHEBI:120702,predicate:20,MONDO:0006610,0.0
model_26.pt,PUBCHEM.COMPOUND:155512592,predicate:0,CHEBI:103843,CHEBI:120702,predicate:20,MONDO:0006610,0.0
model_26.pt,CHEBI:15490,predicate:15,CHEBI:170609,CHEBI:120702,predicate:20,MONDO:0006610,0.0
model_26.pt,CHEBI:138520,predicate:28,CHEBI:171141,CHEBI:120702,predicate:20,MONDO:0006610,0.0
model_26.pt,CHEBI:131557,predicate:1,CHEBI:73731,CHEBI:120702,predicate:20,MONDO:0006610,0.0
model_26.pt,CHEBI:134948,predicate:22,MONDO:0000831,CHEBI:120702,predicate:20,MONDO:0006610,0.0
model_26.pt,PUBCHEM.COMPOUND:10578760,predicate:0,CHEBI:92697,CHEBI:120702,predicate:20,MONDO:0006610,0.0
model_26.pt,HMDB:HMDB0076696,predicate:17,CHEBI:170784,CHEBI:120702,predicate:20,MONDO:0006610,0.0
model_26.pt,MONDO:0859265,predicate:3,CHEBI:176304,CHEBI:120702,predicate:20,MONDO:0006610,0.0
model_26.pt,CHEBI:113553,predicate:1,HMDB:HMDB0077232,CHEBI:120702,predicate:20,MONDO:0006610,0.0
model_26.pt,PUBCHEM.COMPOUND:137226420,predicate:0,CHEBI:109116,CHEBI:120702,predicate:20,MONDO:0006610,0.0
model_26.pt,MONDO:0010691,predicate:20,HP:0007957,CHEBI:120702,predicate:20,MONDO:0006610,-45.31773376464844
model_26.pt,CHEMBL.COMPOUND:CHEMBL536308,predicate:1,CHEBI:163814,CHEBI:120702,predicate:20,MONDO:0006610,0.0
model_26.pt,CHEBI:83370,predicate:16,CHEBI:72635,CHEBI:120702,predicate:20,MONDO:0006610,0.0
model_26.pt,PUBCHEM.COMPOUND:122196132,predicate:0,CHEBI:172159,CHEBI:120702,predicate:20,MONDO:0006610,0.0
model_26.pt,MONDO:0011730,predicate:1,CHEMBL.COMPOUND:CHEMBL54465,CHEBI:120702,predicate:20,MONDO:0006610,0.0
model_26.pt,MONDO:0011840,predicate:1,CHEBI:139280,CHEBI:120702,predicate:20,MONDO:0006610,0.0
model_26.pt,CHEBI:17482,predicate:23,MONDO:0001382,CHEBI:120702,predicate:20,MONDO:0006610,0.0
model_26.pt,PUBCHEM.COMPOUND:25263321,predicate:11,PUBCHEM.COMPOUND:3003511,CHEBI:120702,predicate:20,MONDO:0006610,0.0
model_26.pt,PUBCHEM.COMPOUND:10216381,predicate:11,PUBCHEM.COMPOUND:10431492,CHEBI:120702,predicate:20,MONDO:0006610,0.0
model_26.pt,NCBIGene:820781,predicate:12,PUBCHEM.COMPOUND:131761197,CHEBI:120702,predicate:20,MONDO:0006610,0.0
model_26.pt,CHEBI:51068,predicate:17,HMDB:HMDB0009399,CHEBI:120702,predicate:20,MONDO:0006610,0.0
model_26.pt,CHEBI:9330,predicate:22,MONDO:0005011,CHEBI:120702,predicate:20,MONDO:0006610,0.0
model_26.pt,PUBCHEM.COMPOUND:10048208,predicate:26,CHEMBL.COMPOUND:CHEMBL151630,CHEBI:120702,predicate:20,MONDO:0006610,0.0
model_26.pt,PUBCHEM.COMPOUND:44176335,predicate:0,CHEBI:105317,CHEBI:120702,predicate:20,MONDO:0006610,0.0
model_26.pt,PUBCHEM.COMPOUND:49864838,predicate:18,CHEBI:109533,CHEBI:120702,predicate:20,MONDO:0006610,0.0
model_26.pt,CHEBI:185985,predicate:16,CHEBI:70967,CHEBI:120702,predicate:20,MONDO:0006610,0.0
model_26.pt,CHEMBL.COMPOUND:CHEMBL4798272,predicate:15,CHEBI:167641,CHEBI:120702,predicate:20,MONDO:0006610,0.0
model_26.pt,PUBCHEM.COMPOUND:126739109,predicate:11,MONDO:0006996,CHEBI:120702,predicate:20,MONDO:0006610,0.0
model_10.pt,MONDO:0012176,predicate:20,HP:0003028,PUBCHEM.COMPOUND:71059938,predicate:18,CHEBI:132592,0.0
model_10.pt,CHEBI:16959,predicate:17,CHEBI:172284,PUBCHEM.COMPOUND:71059938,predicate:18,CHEBI:132592,0.0
model_10.pt,PUBCHEM.COMPOUND:68020555,predicate:0,PUBCHEM.COMPOUND:44459583,PUBCHEM.COMPOUND:71059938,predicate:18,CHEBI:132592,0.0
model_10.pt,PUBCHEM.COMPOUND:137636752,predicate:0,CHEBI:134753,PUBCHEM.COMPOUND:71059938,predicate:18,CHEBI:132592,0.0
model_10.pt,PUBCHEM.COMPOUND:124221273,predicate:23,MONDO:0015691,PUBCHEM.COMPOUND:71059938,predicate:18,CHEBI:132592,0.0
model_10.pt,PUBCHEM.COMPOUND:130200977,predicate:18,CHEBI:144991,PUBCHEM.COMPOUND:71059938,predicate:18,CHEBI:132592,47.412841796875
model_10.pt,MONDO:0005044,predicate:11,MONDO:0056796,PUBCHEM.COMPOUND:71059938,predicate:18,CHEBI:132592,0.0
model_10.pt,CHEBI:16592,predicate:41,CHEBI:114693,PUBCHEM.COMPOUND:71059938,predicate:18,CHEBI:132592,0.0
model_10.pt,CHEBI:166772,predicate:15,CHEBI:175537,PUBCHEM.COMPOUND:71059938,predicate:18,CHEBI:132592,0.0
model_10.pt,DRUGBANK:DB11158,predicate:2,MONDO:0005147,PUBCHEM.COMPOUND:71059938,predicate:18,CHEBI:132592,0.0
model_10.pt,CHEBI:145008,predicate:2,MONDO:0001076,PUBCHEM.COMPOUND:71059938,predicate:18,CHEBI:132592,0.0
model_10.pt,CHEBI:172333,predicate:11,CHEBI:84017,PUBCHEM.COMPOUND:71059938,predicate:18,CHEBI:132592,0.0
model_10.pt,CHEBI:188563,predicate:12,PUBCHEM.COMPOUND:52924335,PUBCHEM.COMPOUND:71059938,predicate:18,CHEBI:132592,0.0
model_10.pt,CHEBI:190239,predicate:11,HMDB:HMDB0072989,PUBCHEM.COMPOUND:71059938,predicate:18,CHEBI:132592,0.0
model_10.pt,CHEBI:135278,predicate:22,MONDO:0005559,PUBCHEM.COMPOUND:71059938,predicate:18,CHEBI:132592,0.0
model_10.pt,CHEBI:47040,predicate:15,CHEBI:146256,PUBCHEM.COMPOUND:71059938,predicate:18,CHEBI:132592,0.0
model_10.pt,CHEMBL.COMPOUND:CHEMBL4747062,predicate:0,CHEBI:71479,PUBCHEM.COMPOUND:71059938,predicate:18,CHEBI:132592,0.0
model_10.pt,CHEBI:42371,predicate:17,CHEBI:135736,PUBCHEM.COMPOUND:71059938,predicate:18,CHEBI:132592,0.0
model_10.pt,CHEBI:143114,predicate:1,CHEBI:125432,PUBCHEM.COMPOUND:71059938,predicate:18,CHEBI:132592,0.0
model_10.pt,CHEBI:185767,predicate:1,CHEBI:16264,PUBCHEM.COMPOUND:71059938,predicate:18,CHEBI:132592,0.0
model_10.pt,CHEBI:109317,predicate:14,CHEBI:170587,PUBCHEM.COMPOUND:71059938,predicate:18,CHEBI:132592,0.0
model_10.pt,CHEMBL.COMPOUND:CHEMBL4877928,predicate:1,PUBCHEM.COMPOUND:130363355,PUBCHEM.COMPOUND:71059938,predicate:18,CHEBI:132592,0.0
model_10.pt,CHEBI:136073,predicate:10,MONDO:0007263,PUBCHEM.COMPOUND:71059938,predicate:18,CHEBI:132592,0.0
model_10.pt,PUBCHEM.COMPOUND:131762323,predicate:13,CHEBI:149534,PUBCHEM.COMPOUND:71059938,predicate:18,CHEBI:132592,0.0
model_10.pt,PUBCHEM.COMPOUND:54325967,predicate:0,CHEBI:149800,PUBCHEM.COMPOUND:71059938,predicate:18,CHEBI:132592,0.0
model_10.pt,HP:0000021,predicate:0,CHEBI:167578,PUBCHEM.COMPOUND:71059938,predicate:18,CHEBI:132592,0.0
model_10.pt,CHEMBL.COMPOUND:CHEMBL4782467,predicate:15,CHEBI:134948,PUBCHEM.COMPOUND:71059938,predicate:18,CHEBI:132592,0.0
model_10.pt,NCBIGene:23163,predicate:18,NCBIGene:100528017,PUBCHEM.COMPOUND:71059938,predicate:18,CHEBI:132592,22.93930053710937
model_10.pt,CHEBI:142271,predicate:1,CHEBI:192396,PUBCHEM.COMPOUND:71059938,predicate:18,CHEBI:132592,0.0
model_10.pt,CHEBI:146285,predicate:12,PUBCHEM.COMPOUND:53478731,PUBCHEM.COMPOUND:71059938,predicate:18,CHEBI:132592,0.0
model_10.pt,CHEBI:136073,predicate:15,CHEBI:125586,PUBCHEM.COMPOUND:71059938,predicate:18,CHEBI:132592,0.0
model_10.pt,CHEMBL.COMPOUND:CHEMBL596806,predicate:20,HP:0000253,PUBCHEM.COMPOUND:71059938,predicate:18,CHEBI:132592,0.0
model_10.pt,NCBIGene:838170,predicate:13,CHEBI:75099,PUBCHEM.COMPOUND:71059938,predicate:18,CHEBI:132592,0.0
model_10.pt,PUBCHEM.COMPOUND:117859783,predicate:11,PUBCHEM.COMPOUND:10525997,PUBCHEM.COMPOUND:71059938,predicate:18,CHEBI:132592,0.0
model_10.pt,PUBCHEM.COMPOUND:127036977,predicate:0,CHEBI:103739,PUBCHEM.COMPOUND:71059938,predicate:18,CHEBI:132592,0.0
model_10.pt,PUBCHEM.COMPOUND:44433263,predicate:0,CHEBI:119893,PUBCHEM.COMPOUND:71059938,predicate:18,CHEBI:132592,0.0
model_10.pt,CHEBI:3914,predicate:15,CHEBI:190153,PUBCHEM.COMPOUND:71059938,predicate:18,CHEBI:132592,0.0
model_10.pt,PUBCHEM.COMPOUND:44314087,predicate:0,CHEBI:140407,PUBCHEM.COMPOUND:71059938,predicate:18,CHEBI:132592,0.0
model_10.pt,PUBCHEM.COMPOUND:25093440,predicate:0,CHEBI:113553,PUBCHEM.COMPOUND:71059938,predicate:18,CHEBI:132592,0.0
model_10.pt,CHEBI:65179,predicate:11,PUBCHEM.COMPOUND:11274029,PUBCHEM.COMPOUND:71059938,predicate:18,CHEBI:132592,0.0
model_10.pt,CHEBI:71580,predicate:22,MONDO:0005068,PUBCHEM.COMPOUND:71059938,predicate:18,CHEBI:132592,0.0
model_10.pt,CHEBI:190006,predicate:14,PUBCHEM.COMPOUND:118471641,PUBCHEM.COMPOUND:71059938,predicate:18,CHEBI:132592,0.0
model_10.pt,PUBCHEM.COMPOUND:59268935,predicate:0,CHEBI:113373,PUBCHEM.COMPOUND:71059938,predicate:18,CHEBI:132592,0.0
model_10.pt,CHEBI:157642,predicate:1,PUBCHEM.COMPOUND:130345144,PUBCHEM.COMPOUND:71059938,predicate:18,CHEBI:132592,0.0
model_10.pt,PUBCHEM.COMPOUND:57395067,predicate:0,CHEBI:167320,PUBCHEM.COMPOUND:71059938,predicate:18,CHEBI:132592,0.0
model_10.pt,PUBCHEM.COMPOUND:2744597,predicate:11,PUBCHEM.COMPOUND:2930224,PUBCHEM.COMPOUND:71059938,predicate:18,CHEBI:132592,0.0
model_10.pt,CHEBI:137225,predicate:17,CHEBI:131804,PUBCHEM.COMPOUND:71059938,predicate:18,CHEBI:132592,0.0
model_10.pt,CHEBI:111166,predicate:1,CHEBI:93303,PUBCHEM.COMPOUND:71059938,predicate:18,CHEBI:132592,0.0
model_10.pt,MONDO:0013171,predicate:20,MONDO:0001071,PUBCHEM.COMPOUND:71059938,predicate:18,CHEBI:132592,0.0
model_10.pt,CHEBI:143170,predicate:1,CHEBI:166778,PUBCHEM.COMPOUND:71059938,predicate:18,CHEBI:132592,0.0
model_10.pt,CHEBI:51561,predicate:2,HP:0001945,PUBCHEM.COMPOUND:71059938,predicate:18,CHEBI:132592,0.0
model_10.pt,UNII:5M691HL4BO,predicate:23,HP:0001288,PUBCHEM.COMPOUND:71059938,predicate:18,CHEBI:132592,0.0
model_10.pt,MONDO:0011122,predicate:18,CHEBI:132752,PUBCHEM.COMPOUND:71059938,predicate:18,CHEBI:132592,-43.92407989501953
model_10.pt,PUBCHEM.COMPOUND:10314049,predicate:13,CHEBI:18086,PUBCHEM.COMPOUND:71059938,predicate:18,CHEBI:132592,0.0
model_10.pt,CHEBI:144357,predicate:20,HP:0002857,PUBCHEM.COMPOUND:71059938,predicate:18,CHEBI:132592,0.0
model_10.pt,CHEBI:16207,predicate:15,CHEBI:129768,PUBCHEM.COMPOUND:71059938,predicate:18,CHEBI:132592,0.0
model_10.pt,CHEBI:139081,predicate:20,HP:0010864,PUBCHEM.COMPOUND:71059938,predicate:18,CHEBI:132592,0.0
model_10.pt,PUBCHEM.COMPOUND:5702107,predicate:3,CHEBI:109116,PUBCHEM.COMPOUND:71059938,predicate:18,CHEBI:132592,0.0
model_10.pt,CHEBI:71289,predicate:17,CHEBI:180867,PUBCHEM.COMPOUND:71059938,predicate:18,CHEBI:132592,0.0
model_10.pt,PUBCHEM.COMPOUND:9834864,predicate:21,CHEBI:113373,PUBCHEM.COMPOUND:71059938,predicate:18,CHEBI:132592,0.0
model_10.pt,PUBCHEM.COMPOUND:44431492,predicate:18,CHEBI:121826,PUBCHEM.COMPOUND:71059938,predicate:18,CHEBI:132592,27.84502410888672
model_10.pt,PUBCHEM.COMPOUND:10432760,predicate:25,CHEBI:166658,PUBCHEM.COMPOUND:71059938,predicate:18,CHEBI:132592,0.0
model_10.pt,PUBCHEM.COMPOUND:25015107,predicate:0,CHEBI:127989,PUBCHEM.COMPOUND:71059938,predicate:18,CHEBI:132592,0.0
model_10.pt,PUBCHEM.COMPOUND:131757266,predicate:13,MONDO:0006749,PUBCHEM.COMPOUND:71059938,predicate:18,CHEBI:132592,0.0
model_10.pt,CHEBI:72619,predicate:1,CHEBI:196198,PUBCHEM.COMPOUND:71059938,predicate:18,CHEBI:132592,0.0
model_10.pt,CHEBI:71600,predicate:1,HMDB:HMDB0009929,PUBCHEM.COMPOUND:71059938,predicate:18,CHEBI:132592,0.0
model_10.pt,CHEBI:184579,predicate:11,CHEBI:144250,PUBCHEM.COMPOUND:71059938,predicate:18,CHEBI:132592,0.0
model_10.pt,CHEBI:88497,predicate:1,CHEBI:144822,PUBCHEM.COMPOUND:71059938,predicate:18,CHEBI:132592,0.0
model_10.pt,CHEBI:15040,predicate:16,MONDO:0013171,PUBCHEM.COMPOUND:71059938,predicate:18,CHEBI:132592,0.0
model_10.pt,MONDO:0005272,predicate:1,CHEBI:18262,PUBCHEM.COMPOUND:71059938,predicate:18,CHEBI:132592,0.0
model_10.pt,CHEBI:126004,predicate:17,CHEBI:175375,PUBCHEM.COMPOUND:71059938,predicate:18,CHEBI:132592,0.0
model_10.pt,MONDO:0035764,predicate:1,HMDB:HMDB0083268,PUBCHEM.COMPOUND:71059938,predicate:18,CHEBI:132592,0.0
model_10.pt,PUBCHEM.COMPOUND:155512592,predicate:0,CHEBI:103843,PUBCHEM.COMPOUND:71059938,predicate:18,CHEBI:132592,0.0
model_10.pt,CHEBI:15490,predicate:15,CHEBI:170609,PUBCHEM.COMPOUND:71059938,predicate:18,CHEBI:132592,0.0
model_10.pt,CHEBI:138520,predicate:28,CHEBI:171141,PUBCHEM.COMPOUND:71059938,predicate:18,CHEBI:132592,0.0
model_10.pt,CHEBI:131557,predicate:1,CHEBI:73731,PUBCHEM.COMPOUND:71059938,predicate:18,CHEBI:132592,0.0
model_10.pt,CHEBI:134948,predicate:22,MONDO:0000831,PUBCHEM.COMPOUND:71059938,predicate:18,CHEBI:132592,0.0
model_10.pt,PUBCHEM.COMPOUND:10578760,predicate:0,CHEBI:92697,PUBCHEM.COMPOUND:71059938,predicate:18,CHEBI:132592,0.0
model_10.pt,HMDB:HMDB0076696,predicate:17,CHEBI:170784,PUBCHEM.COMPOUND:71059938,predicate:18,CHEBI:132592,0.0
model_10.pt,MONDO:0859265,predicate:3,CHEBI:176304,PUBCHEM.COMPOUND:71059938,predicate:18,CHEBI:132592,0.0
model_10.pt,CHEBI:113553,predicate:1,HMDB:HMDB0077232,PUBCHEM.COMPOUND:71059938,predicate:18,CHEBI:132592,0.0
model_10.pt,PUBCHEM.COMPOUND:137226420,predicate:0,CHEBI:109116,PUBCHEM.COMPOUND:71059938,predicate:18,CHEBI:132592,0.0
model_10.pt,MONDO:0010691,predicate:20,HP:0007957,PUBCHEM.COMPOUND:71059938,predicate:18,CHEBI:132592,0.0
model_10.pt,CHEMBL.COMPOUND:CHEMBL536308,predicate:1,CHEBI:163814,PUBCHEM.COMPOUND:71059938,predicate:18,CHEBI:132592,0.0
model_10.pt,CHEBI:83370,predicate:16,CHEBI:72635,PUBCHEM.COMPOUND:71059938,predicate:18,CHEBI:132592,0.0
model_10.pt,PUBCHEM.COMPOUND:122196132,predicate:0,CHEBI:172159,PUBCHEM.COMPOUND:71059938,predicate:18,CHEBI:132592,0.0
model_10.pt,MONDO:0011730,predicate:1,CHEMBL.COMPOUND:CHEMBL54465,PUBCHEM.COMPOUND:71059938,predicate:18,CHEBI:132592,0.0
model_10.pt,MONDO:0011840,predicate:1,CHEBI:139280,PUBCHEM.COMPOUND:71059938,predicate:18,CHEBI:132592,0.0
model_10.pt,CHEBI:17482,predicate:23,MONDO:0001382,PUBCHEM.COMPOUND:71059938,predicate:18,CHEBI:132592,0.0
model_10.pt,PUBCHEM.COMPOUND:25263321,predicate:11,PUBCHEM.COMPOUND:3003511,PUBCHEM.COMPOUND:71059938,predicate:18,CHEBI:132592,0.0
model_10.pt,PUBCHEM.COMPOUND:10216381,predicate:11,PUBCHEM.COMPOUND:10431492,PUBCHEM.COMPOUND:71059938,predicate:18,CHEBI:132592,0.0
model_10.pt,NCBIGene:820781,predicate:12,PUBCHEM.COMPOUND:131761197,PUBCHEM.COMPOUND:71059938,predicate:18,CHEBI:132592,0.0
model_10.pt,CHEBI:51068,predicate:17,HMDB:HMDB0009399,PUBCHEM.COMPOUND:71059938,predicate:18,CHEBI:132592,0.0
model_10.pt,CHEBI:9330,predicate:22,MONDO:0005011,PUBCHEM.COMPOUND:71059938,predicate:18,CHEBI:132592,0.0
model_10.pt,PUBCHEM.COMPOUND:10048208,predicate:26,CHEMBL.COMPOUND:CHEMBL151630,PUBCHEM.COMPOUND:71059938,predicate:18,CHEBI:132592,0.0
model_10.pt,PUBCHEM.COMPOUND:44176335,predicate:0,CHEBI:105317,PUBCHEM.COMPOUND:71059938,predicate:18,CHEBI:132592,0.0
model_10.pt,PUBCHEM.COMPOUND:49864838,predicate:18,CHEBI:109533,PUBCHEM.COMPOUND:71059938,predicate:18,CHEBI:132592,-25.111164093017575
model_10.pt,CHEBI:185985,predicate:16,CHEBI:70967,PUBCHEM.COMPOUND:71059938,predicate:18,CHEBI:132592,0.0
model_10.pt,CHEMBL.COMPOUND:CHEMBL4798272,predicate:15,CHEBI:167641,PUBCHEM.COMPOUND:71059938,predicate:18,CHEBI:132592,0.0
model_10.pt,PUBCHEM.COMPOUND:126739109,predicate:11,MONDO:0006996,PUBCHEM.COMPOUND:71059938,predicate:18,CHEBI:132592,0.0
model_10.pt,MONDO:0012176,predicate:20,HP:0003028,CHEBI:170469,predicate:1,CHEBI:104125,0.0
model_10.pt,CHEBI:16959,predicate:17,CHEBI:172284,CHEBI:170469,predicate:1,CHEBI:104125,0.0
model_10.pt,PUBCHEM.COMPOUND:68020555,predicate:0,PUBCHEM.COMPOUND:44459583,CHEBI:170469,predicate:1,CHEBI:104125,0.0
model_10.pt,PUBCHEM.COMPOUND:137636752,predicate:0,CHEBI:134753,CHEBI:170469,predicate:1,CHEBI:104125,0.0
model_10.pt,PUBCHEM.COMPOUND:124221273,predicate:23,MONDO:0015691,CHEBI:170469,predicate:1,CHEBI:104125,0.0
model_10.pt,PUBCHEM.COMPOUND:130200977,predicate:18,CHEBI:144991,CHEBI:170469,predicate:1,CHEBI:104125,0.0
model_10.pt,MONDO:0005044,predicate:11,MONDO:0056796,CHEBI:170469,predicate:1,CHEBI:104125,0.0
model_10.pt,CHEBI:16592,predicate:41,CHEBI:114693,CHEBI:170469,predicate:1,CHEBI:104125,0.0
model_10.pt,CHEBI:166772,predicate:15,CHEBI:175537,CHEBI:170469,predicate:1,CHEBI:104125,0.0
model_10.pt,DRUGBANK:DB11158,predicate:2,MONDO:0005147,CHEBI:170469,predicate:1,CHEBI:104125,0.0
model_10.pt,CHEBI:145008,predicate:2,MONDO:0001076,CHEBI:170469,predicate:1,CHEBI:104125,0.0
model_10.pt,CHEBI:172333,predicate:11,CHEBI:84017,CHEBI:170469,predicate:1,CHEBI:104125,0.0
model_10.pt,CHEBI:188563,predicate:12,PUBCHEM.COMPOUND:52924335,CHEBI:170469,predicate:1,CHEBI:104125,0.0
model_10.pt,CHEBI:190239,predicate:11,HMDB:HMDB0072989,CHEBI:170469,predicate:1,CHEBI:104125,0.0
model_10.pt,CHEBI:135278,predicate:22,MONDO:0005559,CHEBI:170469,predicate:1,CHEBI:104125,0.0
model_10.pt,CHEBI:47040,predicate:15,CHEBI:146256,CHEBI:170469,predicate:1,CHEBI:104125,0.0
model_10.pt,CHEMBL.COMPOUND:CHEMBL4747062,predicate:0,CHEBI:71479,CHEBI:170469,predicate:1,CHEBI:104125,0.0
model_10.pt,CHEBI:42371,predicate:17,CHEBI:135736,CHEBI:170469,predicate:1,CHEBI:104125,0.0
model_10.pt,CHEBI:143114,predicate:1,CHEBI:125432,CHEBI:170469,predicate:1,CHEBI:104125,45.054718017578125
model_10.pt,CHEBI:185767,predicate:1,CHEBI:16264,CHEBI:170469,predicate:1,CHEBI:104125,-45.811466217041016
model_10.pt,CHEBI:109317,predicate:14,CHEBI:170587,CHEBI:170469,predicate:1,CHEBI:104125,0.0
model_10.pt,CHEMBL.COMPOUND:CHEMBL4877928,predicate:1,PUBCHEM.COMPOUND:130363355,CHEBI:170469,predicate:1,CHEBI:104125,54.27529144287109
model_10.pt,CHEBI:136073,predicate:10,MONDO:0007263,CHEBI:170469,predicate:1,CHEBI:104125,0.0
model_10.pt,PUBCHEM.COMPOUND:131762323,predicate:13,CHEBI:149534,CHEBI:170469,predicate:1,CHEBI:104125,0.0
model_10.pt,PUBCHEM.COMPOUND:54325967,predicate:0,CHEBI:149800,CHEBI:170469,predicate:1,CHEBI:104125,0.0
model_10.pt,HP:0000021,predicate:0,CHEBI:167578,CHEBI:170469,predicate:1,CHEBI:104125,0.0
model_10.pt,CHEMBL.COMPOUND:CHEMBL4782467,predicate:15,CHEBI:134948,CHEBI:170469,predicate:1,CHEBI:104125,0.0
model_10.pt,NCBIGene:23163,predicate:18,NCBIGene:100528017,CHEBI:170469,predicate:1,CHEBI:104125,0.0
model_10.pt,CHEBI:142271,predicate:1,CHEBI:192396,CHEBI:170469,predicate:1,CHEBI:104125,22.87545394897461
model_10.pt,CHEBI:146285,predicate:12,PUBCHEM.COMPOUND:53478731,CHEBI:170469,predicate:1,CHEBI:104125,0.0
model_10.pt,CHEBI:136073,predicate:15,CHEBI:125586,CHEBI:170469,predicate:1,CHEBI:104125,0.0
model_10.pt,CHEMBL.COMPOUND:CHEMBL596806,predicate:20,HP:0000253,CHEBI:170469,predicate:1,CHEBI:104125,0.0
model_10.pt,NCBIGene:838170,predicate:13,CHEBI:75099,CHEBI:170469,predicate:1,CHEBI:104125,0.0
model_10.pt,PUBCHEM.COMPOUND:117859783,predicate:11,PUBCHEM.COMPOUND:10525997,CHEBI:170469,predicate:1,CHEBI:104125,0.0
model_10.pt,PUBCHEM.COMPOUND:127036977,predicate:0,CHEBI:103739,CHEBI:170469,predicate:1,CHEBI:104125,0.0
model_10.pt,PUBCHEM.COMPOUND:44433263,predicate:0,CHEBI:119893,CHEBI:170469,predicate:1,CHEBI:104125,0.0
model_10.pt,CHEBI:3914,predicate:15,CHEBI:190153,CHEBI:170469,predicate:1,CHEBI:104125,0.0
model_10.pt,PUBCHEM.COMPOUND:44314087,predicate:0,CHEBI:140407,CHEBI:170469,predicate:1,CHEBI:104125,0.0
model_10.pt,PUBCHEM.COMPOUND:25093440,predicate:0,CHEBI:113553,CHEBI:170469,predicate:1,CHEBI:104125,0.0
model_10.pt,CHEBI:65179,predicate:11,PUBCHEM.COMPOUND:11274029,CHEBI:170469,predicate:1,CHEBI:104125,0.0
model_10.pt,CHEBI:71580,predicate:22,MONDO:0005068,CHEBI:170469,predicate:1,CHEBI:104125,0.0
model_10.pt,CHEBI:190006,predicate:14,PUBCHEM.COMPOUND:118471641,CHEBI:170469,predicate:1,CHEBI:104125,0.0
model_10.pt,PUBCHEM.COMPOUND:59268935,predicate:0,CHEBI:113373,CHEBI:170469,predicate:1,CHEBI:104125,0.0
model_10.pt,CHEBI:157642,predicate:1,PUBCHEM.COMPOUND:130345144,CHEBI:170469,predicate:1,CHEBI:104125,-5.22724723815918
model_10.pt,PUBCHEM.COMPOUND:57395067,predicate:0,CHEBI:167320,CHEBI:170469,predicate:1,CHEBI:104125,0.0
model_10.pt,PUBCHEM.COMPOUND:2744597,predicate:11,PUBCHEM.COMPOUND:2930224,CHEBI:170469,predicate:1,CHEBI:104125,0.0
model_10.pt,CHEBI:137225,predicate:17,CHEBI:131804,CHEBI:170469,predicate:1,CHEBI:104125,0.0
model_10.pt,CHEBI:111166,predicate:1,CHEBI:93303,CHEBI:170469,predicate:1,CHEBI:104125,-2.984827995300293
model_10.pt,MONDO:0013171,predicate:20,MONDO:0001071,CHEBI:170469,predicate:1,CHEBI:104125,0.0
model_10.pt,CHEBI:143170,predicate:1,CHEBI:166778,CHEBI:170469,predicate:1,CHEBI:104125,-91.64254760742188
model_10.pt,CHEBI:51561,predicate:2,HP:0001945,CHEBI:170469,predicate:1,CHEBI:104125,0.0
model_10.pt,UNII:5M691HL4BO,predicate:23,HP:0001288,CHEBI:170469,predicate:1,CHEBI:104125,0.0
model_10.pt,MONDO:0011122,predicate:18,CHEBI:132752,CHEBI:170469,predicate:1,CHEBI:104125,0.0
model_10.pt,PUBCHEM.COMPOUND:10314049,predicate:13,CHEBI:18086,CHEBI:170469,predicate:1,CHEBI:104125,0.0
model_10.pt,CHEBI:144357,predicate:20,HP:0002857,CHEBI:170469,predicate:1,CHEBI:104125,0.0
model_10.pt,CHEBI:16207,predicate:15,CHEBI:129768,CHEBI:170469,predicate:1,CHEBI:104125,0.0
model_10.pt,CHEBI:139081,predicate:20,HP:0010864,CHEBI:170469,predicate:1,CHEBI:104125,0.0
model_10.pt,PUBCHEM.COMPOUND:5702107,predicate:3,CHEBI:109116,CHEBI:170469,predicate:1,CHEBI:104125,0.0
model_10.pt,CHEBI:71289,predicate:17,CHEBI:180867,CHEBI:170469,predicate:1,CHEBI:104125,0.0
model_10.pt,PUBCHEM.COMPOUND:9834864,predicate:21,CHEBI:113373,CHEBI:170469,predicate:1,CHEBI:104125,0.0
model_10.pt,PUBCHEM.COMPOUND:44431492,predicate:18,CHEBI:121826,CHEBI:170469,predicate:1,CHEBI:104125,0.0
model_10.pt,PUBCHEM.COMPOUND:10432760,predicate:25,CHEBI:166658,CHEBI:170469,predicate:1,CHEBI:104125,0.0
model_10.pt,PUBCHEM.COMPOUND:25015107,predicate:0,CHEBI:127989,CHEBI:170469,predicate:1,CHEBI:104125,0.0
model_10.pt,PUBCHEM.COMPOUND:131757266,predicate:13,MONDO:0006749,CHEBI:170469,predicate:1,CHEBI:104125,0.0
model_10.pt,CHEBI:72619,predicate:1,CHEBI:196198,CHEBI:170469,predicate:1,CHEBI:104125,29.05309295654297
model_10.pt,CHEBI:71600,predicate:1,HMDB:HMDB0009929,CHEBI:170469,predicate:1,CHEBI:104125,68.55601501464844
model_10.pt,CHEBI:184579,predicate:11,CHEBI:144250,CHEBI:170469,predicate:1,CHEBI:104125,0.0
model_10.pt,CHEBI:88497,predicate:1,CHEBI:144822,CHEBI:170469,predicate:1,CHEBI:104125,83.04891967773438
model_10.pt,CHEBI:15040,predicate:16,MONDO:0013171,CHEBI:170469,predicate:1,CHEBI:104125,0.0
model_10.pt,MONDO:0005272,predicate:1,CHEBI:18262,CHEBI:170469,predicate:1,CHEBI:104125,5.039935111999512
model_10.pt,CHEBI:126004,predicate:17,CHEBI:175375,CHEBI:170469,predicate:1,CHEBI:104125,0.0
model_10.pt,MONDO:0035764,predicate:1,HMDB:HMDB0083268,CHEBI:170469,predicate:1,CHEBI:104125,-109.94386291503906
model_10.pt,PUBCHEM.COMPOUND:155512592,predicate:0,CHEBI:103843,CHEBI:170469,predicate:1,CHEBI:104125,0.0
model_10.pt,CHEBI:15490,predicate:15,CHEBI:170609,CHEBI:170469,predicate:1,CHEBI:104125,0.0
model_10.pt,CHEBI:138520,predicate:28,CHEBI:171141,CHEBI:170469,predicate:1,CHEBI:104125,0.0
model_10.pt,CHEBI:131557,predicate:1,CHEBI:73731,CHEBI:170469,predicate:1,CHEBI:104125,57.32733154296875
model_10.pt,CHEBI:134948,predicate:22,MONDO:0000831,CHEBI:170469,predicate:1,CHEBI:104125,0.0
model_10.pt,PUBCHEM.COMPOUND:10578760,predicate:0,CHEBI:92697,CHEBI:170469,predicate:1,CHEBI:104125,0.0
model_10.pt,HMDB:HMDB0076696,predicate:17,CHEBI:170784,CHEBI:170469,predicate:1,CHEBI:104125,0.0
model_10.pt,MONDO:0859265,predicate:3,CHEBI:176304,CHEBI:170469,predicate:1,CHEBI:104125,0.0
model_10.pt,CHEBI:113553,predicate:1,HMDB:HMDB0077232,CHEBI:170469,predicate:1,CHEBI:104125,-42.1761474609375
model_10.pt,PUBCHEM.COMPOUND:137226420,predicate:0,CHEBI:109116,CHEBI:170469,predicate:1,CHEBI:104125,0.0
model_10.pt,MONDO:0010691,predicate:20,HP:0007957,CHEBI:170469,predicate:1,CHEBI:104125,0.0
model_10.pt,CHEMBL.COMPOUND:CHEMBL536308,predicate:1,CHEBI:163814,CHEBI:170469,predicate:1,CHEBI:104125,28.57654571533203
model_10.pt,CHEBI:83370,predicate:16,CHEBI:72635,CHEBI:170469,predicate:1,CHEBI:104125,0.0
model_10.pt,PUBCHEM.COMPOUND:122196132,predicate:0,CHEBI:172159,CHEBI:170469,predicate:1,CHEBI:104125,0.0
model_10.pt,MONDO:0011730,predicate:1,CHEMBL.COMPOUND:CHEMBL54465,CHEBI:170469,predicate:1,CHEBI:104125,-73.84889221191406
model_10.pt,MONDO:0011840,predicate:1,CHEBI:139280,CHEBI:170469,predicate:1,CHEBI:104125,-61.36368560791016
model_10.pt,CHEBI:17482,predicate:23,MONDO:0001382,CHEBI:170469,predicate:1,CHEBI:104125,0.0
model_10.pt,PUBCHEM.COMPOUND:25263321,predicate:11,PUBCHEM.COMPOUND:3003511,CHEBI:170469,predicate:1,CHEBI:104125,0.0
model_10.pt,PUBCHEM.COMPOUND:10216381,predicate:11,PUBCHEM.COMPOUND:10431492,CHEBI:170469,predicate:1,CHEBI:104125,0.0
model_10.pt,NCBIGene:820781,predicate:12,PUBCHEM.COMPOUND:131761197,CHEBI:170469,predicate:1,CHEBI:104125,0.0
model_10.pt,CHEBI:51068,predicate:17,HMDB:HMDB0009399,CHEBI:170469,predicate:1,CHEBI:104125,0.0
model_10.pt,CHEBI:9330,predicate:22,MONDO:0005011,CHEBI:170469,predicate:1,CHEBI:104125,0.0
model_10.pt,PUBCHEM.COMPOUND:10048208,predicate:26,CHEMBL.COMPOUND:CHEMBL151630,CHEBI:170469,predicate:1,CHEBI:104125,0.0
model_10.pt,PUBCHEM.COMPOUND:44176335,predicate:0,CHEBI:105317,CHEBI:170469,predicate:1,CHEBI:104125,0.0
model_10.pt,PUBCHEM.COMPOUND:49864838,predicate:18,CHEBI:109533,CHEBI:170469,predicate:1,CHEBI:104125,0.0
model_10.pt,CHEBI:185985,predicate:16,CHEBI:70967,CHEBI:170469,predicate:1,CHEBI:104125,0.0
model_10.pt,CHEMBL.COMPOUND:CHEMBL4798272,predicate:15,CHEBI:167641,CHEBI:170469,predicate:1,CHEBI:104125,0.0
model_10.pt,PUBCHEM.COMPOUND:126739109,predicate:11,MONDO:0006996,CHEBI:170469,predicate:1,CHEBI:104125,0.0
model_10.pt,MONDO:0012176,predicate:20,HP:0003028,MONDO:0006336,predicate:12,NCIT:C45955,0.0
model_10.pt,CHEBI:16959,predicate:17,CHEBI:172284,MONDO:0006336,predicate:12,NCIT:C45955,0.0
model_10.pt,PUBCHEM.COMPOUND:68020555,predicate:0,PUBCHEM.COMPOUND:44459583,MONDO:0006336,predicate:12,NCIT:C45955,0.0
model_10.pt,PUBCHEM.COMPOUND:137636752,predicate:0,CHEBI:134753,MONDO:0006336,predicate:12,NCIT:C45955,0.0
model_10.pt,PUBCHEM.COMPOUND:124221273,predicate:23,MONDO:0015691,MONDO:0006336,predicate:12,NCIT:C45955,0.0
model_10.pt,PUBCHEM.COMPOUND:130200977,predicate:18,CHEBI:144991,MONDO:0006336,predicate:12,NCIT:C45955,0.0
model_10.pt,MONDO:0005044,predicate:11,MONDO:0056796,MONDO:0006336,predicate:12,NCIT:C45955,0.0
model_10.pt,CHEBI:16592,predicate:41,CHEBI:114693,MONDO:0006336,predicate:12,NCIT:C45955,0.0
model_10.pt,CHEBI:166772,predicate:15,CHEBI:175537,MONDO:0006336,predicate:12,NCIT:C45955,0.0
model_10.pt,DRUGBANK:DB11158,predicate:2,MONDO:0005147,MONDO:0006336,predicate:12,NCIT:C45955,0.0
model_10.pt,CHEBI:145008,predicate:2,MONDO:0001076,MONDO:0006336,predicate:12,NCIT:C45955,0.0
model_10.pt,CHEBI:172333,predicate:11,CHEBI:84017,MONDO:0006336,predicate:12,NCIT:C45955,0.0
model_10.pt,CHEBI:188563,predicate:12,PUBCHEM.COMPOUND:52924335,MONDO:0006336,predicate:12,NCIT:C45955,-51.42029571533203
model_10.pt,CHEBI:190239,predicate:11,HMDB:HMDB0072989,MONDO:0006336,predicate:12,NCIT:C45955,0.0
model_10.pt,CHEBI:135278,predicate:22,MONDO:0005559,MONDO:0006336,predicate:12,NCIT:C45955,0.0
model_10.pt,CHEBI:47040,predicate:15,CHEBI:146256,MONDO:0006336,predicate:12,NCIT:C45955,0.0
model_10.pt,CHEMBL.COMPOUND:CHEMBL4747062,predicate:0,CHEBI:71479,MONDO:0006336,predicate:12,NCIT:C45955,0.0
model_10.pt,CHEBI:42371,predicate:17,CHEBI:135736,MONDO:0006336,predicate:12,NCIT:C45955,0.0
model_10.pt,CHEBI:143114,predicate:1,CHEBI:125432,MONDO:0006336,predicate:12,NCIT:C45955,0.0
model_10.pt,CHEBI:185767,predicate:1,CHEBI:16264,MONDO:0006336,predicate:12,NCIT:C45955,0.0
model_10.pt,CHEBI:109317,predicate:14,CHEBI:170587,MONDO:0006336,predicate:12,NCIT:C45955,0.0
model_10.pt,CHEMBL.COMPOUND:CHEMBL4877928,predicate:1,PUBCHEM.COMPOUND:130363355,MONDO:0006336,predicate:12,NCIT:C45955,0.0
model_10.pt,CHEBI:136073,predicate:10,MONDO:0007263,MONDO:0006336,predicate:12,NCIT:C45955,0.0
model_10.pt,PUBCHEM.COMPOUND:131762323,predicate:13,CHEBI:149534,MONDO:0006336,predicate:12,NCIT:C45955,0.0
model_10.pt,PUBCHEM.COMPOUND:54325967,predicate:0,CHEBI:149800,MONDO:0006336,predicate:12,NCIT:C45955,0.0
model_10.pt,HP:0000021,predicate:0,CHEBI:167578,MONDO:0006336,predicate:12,NCIT:C45955,0.0
model_10.pt,CHEMBL.COMPOUND:CHEMBL4782467,predicate:15,CHEBI:134948,MONDO:0006336,predicate:12,NCIT:C45955,0.0
model_10.pt,NCBIGene:23163,predicate:18,NCBIGene:100528017,MONDO:0006336,predicate:12,NCIT:C45955,0.0
model_10.pt,CHEBI:142271,predicate:1,CHEBI:192396,MONDO:0006336,predicate:12,NCIT:C45955,0.0
model_10.pt,CHEBI:146285,predicate:12,PUBCHEM.COMPOUND:53478731,MONDO:0006336,predicate:12,NCIT:C45955,44.70766830444336
model_10.pt,CHEBI:136073,predicate:15,CHEBI:125586,MONDO:0006336,predicate:12,NCIT:C45955,0.0
model_10.pt,CHEMBL.COMPOUND:CHEMBL596806,predicate:20,HP:0000253,MONDO:0006336,predicate:12,NCIT:C45955,0.0
model_10.pt,NCBIGene:838170,predicate:13,CHEBI:75099,MONDO:0006336,predicate:12,NCIT:C45955,0.0
model_10.pt,PUBCHEM.COMPOUND:117859783,predicate:11,PUBCHEM.COMPOUND:10525997,MONDO:0006336,predicate:12,NCIT:C45955,0.0
model_10.pt,PUBCHEM.COMPOUND:127036977,predicate:0,CHEBI:103739,MONDO:0006336,predicate:12,NCIT:C45955,0.0
model_10.pt,PUBCHEM.COMPOUND:44433263,predicate:0,CHEBI:119893,MONDO:0006336,predicate:12,NCIT:C45955,0.0
model_10.pt,CHEBI:3914,predicate:15,CHEBI:190153,MONDO:0006336,predicate:12,NCIT:C45955,0.0
model_10.pt,PUBCHEM.COMPOUND:44314087,predicate:0,CHEBI:140407,MONDO:0006336,predicate:12,NCIT:C45955,0.0
model_10.pt,PUBCHEM.COMPOUND:25093440,predicate:0,CHEBI:113553,MONDO:0006336,predicate:12,NCIT:C45955,0.0
model_10.pt,CHEBI:65179,predicate:11,PUBCHEM.COMPOUND:11274029,MONDO:0006336,predicate:12,NCIT:C45955,0.0
model_10.pt,CHEBI:71580,predicate:22,MONDO:0005068,MONDO:0006336,predicate:12,NCIT:C45955,0.0
model_10.pt,CHEBI:190006,predicate:14,PUBCHEM.COMPOUND:118471641,MONDO:0006336,predicate:12,NCIT:C45955,0.0
model_10.pt,PUBCHEM.COMPOUND:59268935,predicate:0,CHEBI:113373,MONDO:0006336,predicate:12,NCIT:C45955,0.0
model_10.pt,CHEBI:157642,predicate:1,PUBCHEM.COMPOUND:130345144,MONDO:0006336,predicate:12,NCIT:C45955,0.0
model_10.pt,PUBCHEM.COMPOUND:57395067,predicate:0,CHEBI:167320,MONDO:0006336,predicate:12,NCIT:C45955,0.0
model_10.pt,PUBCHEM.COMPOUND:2744597,predicate:11,PUBCHEM.COMPOUND:2930224,MONDO:0006336,predicate:12,NCIT:C45955,0.0
model_10.pt,CHEBI:137225,predicate:17,CHEBI:131804,MONDO:0006336,predicate:12,NCIT:C45955,0.0
model_10.pt,CHEBI:111166,predicate:1,CHEBI:93303,MONDO:0006336,predicate:12,NCIT:C45955,0.0
model_10.pt,MONDO:0013171,predicate:20,MONDO:0001071,MONDO:0006336,predicate:12,NCIT:C45955,0.0
model_10.pt,CHEBI:143170,predicate:1,CHEBI:166778,MONDO:0006336,predicate:12,NCIT:C45955,0.0
model_10.pt,CHEBI:51561,predicate:2,HP:0001945,MONDO:0006336,predicate:12,NCIT:C45955,0.0
model_10.pt,UNII:5M691HL4BO,predicate:23,HP:0001288,MONDO:0006336,predicate:12,NCIT:C45955,0.0
model_10.pt,MONDO:0011122,predicate:18,CHEBI:132752,MONDO:0006336,predicate:12,NCIT:C45955,0.0
model_10.pt,PUBCHEM.COMPOUND:10314049,predicate:13,CHEBI:18086,MONDO:0006336,predicate:12,NCIT:C45955,0.0
model_10.pt,CHEBI:144357,predicate:20,HP:0002857,MONDO:0006336,predicate:12,NCIT:C45955,0.0
model_10.pt,CHEBI:16207,predicate:15,CHEBI:129768,MONDO:0006336,predicate:12,NCIT:C45955,0.0
model_10.pt,CHEBI:139081,predicate:20,HP:0010864,MONDO:0006336,predicate:12,NCIT:C45955,0.0
model_10.pt,PUBCHEM.COMPOUND:5702107,predicate:3,CHEBI:109116,MONDO:0006336,predicate:12,NCIT:C45955,0.0
model_10.pt,CHEBI:71289,predicate:17,CHEBI:180867,MONDO:0006336,predicate:12,NCIT:C45955,0.0
model_10.pt,PUBCHEM.COMPOUND:9834864,predicate:21,CHEBI:113373,MONDO:0006336,predicate:12,NCIT:C45955,0.0
model_10.pt,PUBCHEM.COMPOUND:44431492,predicate:18,CHEBI:121826,MONDO:0006336,predicate:12,NCIT:C45955,0.0
model_10.pt,PUBCHEM.COMPOUND:10432760,predicate:25,CHEBI:166658,MONDO:0006336,predicate:12,NCIT:C45955,0.0
model_10.pt,PUBCHEM.COMPOUND:25015107,predicate:0,CHEBI:127989,MONDO:0006336,predicate:12,NCIT:C45955,0.0
model_10.pt,PUBCHEM.COMPOUND:131757266,predicate:13,MONDO:0006749,MONDO:0006336,predicate:12,NCIT:C45955,0.0
model_10.pt,CHEBI:72619,predicate:1,CHEBI:196198,MONDO:0006336,predicate:12,NCIT:C45955,0.0
model_10.pt,CHEBI:71600,predicate:1,HMDB:HMDB0009929,MONDO:0006336,predicate:12,NCIT:C45955,0.0
model_10.pt,CHEBI:184579,predicate:11,CHEBI:144250,MONDO:0006336,predicate:12,NCIT:C45955,0.0
model_10.pt,CHEBI:88497,predicate:1,CHEBI:144822,MONDO:0006336,predicate:12,NCIT:C45955,0.0
model_10.pt,CHEBI:15040,predicate:16,MONDO:0013171,MONDO:0006336,predicate:12,NCIT:C45955,0.0
model_10.pt,MONDO:0005272,predicate:1,CHEBI:18262,MONDO:0006336,predicate:12,NCIT:C45955,0.0
model_10.pt,CHEBI:126004,predicate:17,CHEBI:175375,MONDO:0006336,predicate:12,NCIT:C45955,0.0
model_10.pt,MONDO:0035764,predicate:1,HMDB:HMDB0083268,MONDO:0006336,predicate:12,NCIT:C45955,0.0
model_10.pt,PUBCHEM.COMPOUND:155512592,predicate:0,CHEBI:103843,MONDO:0006336,predicate:12,NCIT:C45955,0.0
model_10.pt,CHEBI:15490,predicate:15,CHEBI:170609,MONDO:0006336,predicate:12,NCIT:C45955,0.0
model_10.pt,CHEBI:138520,predicate:28,CHEBI:171141,MONDO:0006336,predicate:12,NCIT:C45955,0.0
model_10.pt,CHEBI:131557,predicate:1,CHEBI:73731,MONDO:0006336,predicate:12,NCIT:C45955,0.0
model_10.pt,CHEBI:134948,predicate:22,MONDO:0000831,MONDO:0006336,predicate:12,NCIT:C45955,0.0
model_10.pt,PUBCHEM.COMPOUND:10578760,predicate:0,CHEBI:92697,MONDO:0006336,predicate:12,NCIT:C45955,0.0
model_10.pt,HMDB:HMDB0076696,predicate:17,CHEBI:170784,MONDO:0006336,predicate:12,NCIT:C45955,0.0
model_10.pt,MONDO:0859265,predicate:3,CHEBI:176304,MONDO:0006336,predicate:12,NCIT:C45955,0.0
model_10.pt,CHEBI:113553,predicate:1,HMDB:HMDB0077232,MONDO:0006336,predicate:12,NCIT:C45955,0.0
model_10.pt,PUBCHEM.COMPOUND:137226420,predicate:0,CHEBI:109116,MONDO:0006336,predicate:12,NCIT:C45955,0.0
model_10.pt,MONDO:0010691,predicate:20,HP:0007957,MONDO:0006336,predicate:12,NCIT:C45955,0.0
model_10.pt,CHEMBL.COMPOUND:CHEMBL536308,predicate:1,CHEBI:163814,MONDO:0006336,predicate:12,NCIT:C45955,0.0
model_10.pt,CHEBI:83370,predicate:16,CHEBI:72635,MONDO:0006336,predicate:12,NCIT:C45955,0.0
model_10.pt,PUBCHEM.COMPOUND:122196132,predicate:0,CHEBI:172159,MONDO:0006336,predicate:12,NCIT:C45955,0.0
model_10.pt,MONDO:0011730,predicate:1,CHEMBL.COMPOUND:CHEMBL54465,MONDO:0006336,predicate:12,NCIT:C45955,0.0
model_10.pt,MONDO:0011840,predicate:1,CHEBI:139280,MONDO:0006336,predicate:12,NCIT:C45955,0.0
model_10.pt,CHEBI:17482,predicate:23,MONDO:0001382,MONDO:0006336,predicate:12,NCIT:C45955,0.0
model_10.pt,PUBCHEM.COMPOUND:25263321,predicate:11,PUBCHEM.COMPOUND:3003511,MONDO:0006336,predicate:12,NCIT:C45955,0.0
model_10.pt,PUBCHEM.COMPOUND:10216381,predicate:11,PUBCHEM.COMPOUND:10431492,MONDO:0006336,predicate:12,NCIT:C45955,0.0
model_10.pt,NCBIGene:820781,predicate:12,PUBCHEM.COMPOUND:131761197,MONDO:0006336,predicate:12,NCIT:C45955,-26.140533447265625
model_10.pt,CHEBI:51068,predicate:17,HMDB:HMDB0009399,MONDO:0006336,predicate:12,NCIT:C45955,0.0
model_10.pt,CHEBI:9330,predicate:22,MONDO:0005011,MONDO:0006336,predicate:12,NCIT:C45955,0.0
model_10.pt,PUBCHEM.COMPOUND:10048208,predicate:26,CHEMBL.COMPOUND:CHEMBL151630,MONDO:0006336,predicate:12,NCIT:C45955,0.0
model_10.pt,PUBCHEM.COMPOUND:44176335,predicate:0,CHEBI:105317,MONDO:0006336,predicate:12,NCIT:C45955,0.0
model_10.pt,PUBCHEM.COMPOUND:49864838,predicate:18,CHEBI:109533,MONDO:0006336,predicate:12,NCIT:C45955,0.0
model_10.pt,CHEBI:185985,predicate:16,CHEBI:70967,MONDO:0006336,predicate:12,NCIT:C45955,0.0
model_10.pt,CHEMBL.COMPOUND:CHEMBL4798272,predicate:15,CHEBI:167641,MONDO:0006336,predicate:12,NCIT:C45955,0.0
model_10.pt,PUBCHEM.COMPOUND:126739109,predicate:11,MONDO:0006996,MONDO:0006336,predicate:12,NCIT:C45955,0.0
model_10.pt,MONDO:0012176,predicate:20,HP:0003028,CHEBI:125673,predicate:28,CHEBI:74460,0.0
model_10.pt,CHEBI:16959,predicate:17,CHEBI:172284,CHEBI:125673,predicate:28,CHEBI:74460,0.0
model_10.pt,PUBCHEM.COMPOUND:68020555,predicate:0,PUBCHEM.COMPOUND:44459583,CHEBI:125673,predicate:28,CHEBI:74460,0.0
model_10.pt,PUBCHEM.COMPOUND:137636752,predicate:0,CHEBI:134753,CHEBI:125673,predicate:28,CHEBI:74460,0.0
model_10.pt,PUBCHEM.COMPOUND:124221273,predicate:23,MONDO:0015691,CHEBI:125673,predicate:28,CHEBI:74460,0.0
model_10.pt,PUBCHEM.COMPOUND:130200977,predicate:18,CHEBI:144991,CHEBI:125673,predicate:28,CHEBI:74460,0.0
model_10.pt,MONDO:0005044,predicate:11,MONDO:0056796,CHEBI:125673,predicate:28,CHEBI:74460,0.0
model_10.pt,CHEBI:16592,predicate:41,CHEBI:114693,CHEBI:125673,predicate:28,CHEBI:74460,0.0
model_10.pt,CHEBI:166772,predicate:15,CHEBI:175537,CHEBI:125673,predicate:28,CHEBI:74460,0.0
model_10.pt,DRUGBANK:DB11158,predicate:2,MONDO:0005147,CHEBI:125673,predicate:28,CHEBI:74460,0.0
model_10.pt,CHEBI:145008,predicate:2,MONDO:0001076,CHEBI:125673,predicate:28,CHEBI:74460,0.0
model_10.pt,CHEBI:172333,predicate:11,CHEBI:84017,CHEBI:125673,predicate:28,CHEBI:74460,0.0
model_10.pt,CHEBI:188563,predicate:12,PUBCHEM.COMPOUND:52924335,CHEBI:125673,predicate:28,CHEBI:74460,0.0
model_10.pt,CHEBI:190239,predicate:11,HMDB:HMDB0072989,CHEBI:125673,predicate:28,CHEBI:74460,0.0
model_10.pt,CHEBI:135278,predicate:22,MONDO:0005559,CHEBI:125673,predicate:28,CHEBI:74460,0.0
model_10.pt,CHEBI:47040,predicate:15,CHEBI:146256,CHEBI:125673,predicate:28,CHEBI:74460,0.0
model_10.pt,CHEMBL.COMPOUND:CHEMBL4747062,predicate:0,CHEBI:71479,CHEBI:125673,predicate:28,CHEBI:74460,0.0
model_10.pt,CHEBI:42371,predicate:17,CHEBI:135736,CHEBI:125673,predicate:28,CHEBI:74460,0.0
model_10.pt,CHEBI:143114,predicate:1,CHEBI:125432,CHEBI:125673,predicate:28,CHEBI:74460,0.0
model_10.pt,CHEBI:185767,predicate:1,CHEBI:16264,CHEBI:125673,predicate:28,CHEBI:74460,0.0
model_10.pt,CHEBI:109317,predicate:14,CHEBI:170587,CHEBI:125673,predicate:28,CHEBI:74460,0.0
model_10.pt,CHEMBL.COMPOUND:CHEMBL4877928,predicate:1,PUBCHEM.COMPOUND:130363355,CHEBI:125673,predicate:28,CHEBI:74460,0.0
model_10.pt,CHEBI:136073,predicate:10,MONDO:0007263,CHEBI:125673,predicate:28,CHEBI:74460,0.0
model_10.pt,PUBCHEM.COMPOUND:131762323,predicate:13,CHEBI:149534,CHEBI:125673,predicate:28,CHEBI:74460,0.0
model_10.pt,PUBCHEM.COMPOUND:54325967,predicate:0,CHEBI:149800,CHEBI:125673,predicate:28,CHEBI:74460,0.0
model_10.pt,HP:0000021,predicate:0,CHEBI:167578,CHEBI:125673,predicate:28,CHEBI:74460,0.0
model_10.pt,CHEMBL.COMPOUND:CHEMBL4782467,predicate:15,CHEBI:134948,CHEBI:125673,predicate:28,CHEBI:74460,0.0
model_10.pt,NCBIGene:23163,predicate:18,NCBIGene:100528017,CHEBI:125673,predicate:28,CHEBI:74460,0.0
model_10.pt,CHEBI:142271,predicate:1,CHEBI:192396,CHEBI:125673,predicate:28,CHEBI:74460,0.0
model_10.pt,CHEBI:146285,predicate:12,PUBCHEM.COMPOUND:53478731,CHEBI:125673,predicate:28,CHEBI:74460,0.0
model_10.pt,CHEBI:136073,predicate:15,CHEBI:125586,CHEBI:125673,predicate:28,CHEBI:74460,0.0
model_10.pt,CHEMBL.COMPOUND:CHEMBL596806,predicate:20,HP:0000253,CHEBI:125673,predicate:28,CHEBI:74460,0.0
model_10.pt,NCBIGene:838170,predicate:13,CHEBI:75099,CHEBI:125673,predicate:28,CHEBI:74460,0.0
model_10.pt,PUBCHEM.COMPOUND:117859783,predicate:11,PUBCHEM.COMPOUND:10525997,CHEBI:125673,predicate:28,CHEBI:74460,0.0
model_10.pt,PUBCHEM.COMPOUND:127036977,predicate:0,CHEBI:103739,CHEBI:125673,predicate:28,CHEBI:74460,0.0
model_10.pt,PUBCHEM.COMPOUND:44433263,predicate:0,CHEBI:119893,CHEBI:125673,predicate:28,CHEBI:74460,0.0
model_10.pt,CHEBI:3914,predicate:15,CHEBI:190153,CHEBI:125673,predicate:28,CHEBI:74460,0.0
model_10.pt,PUBCHEM.COMPOUND:44314087,predicate:0,CHEBI:140407,CHEBI:125673,predicate:28,CHEBI:74460,0.0
model_10.pt,PUBCHEM.COMPOUND:25093440,predicate:0,CHEBI:113553,CHEBI:125673,predicate:28,CHEBI:74460,0.0
model_10.pt,CHEBI:65179,predicate:11,PUBCHEM.COMPOUND:11274029,CHEBI:125673,predicate:28,CHEBI:74460,0.0
model_10.pt,CHEBI:71580,predicate:22,MONDO:0005068,CHEBI:125673,predicate:28,CHEBI:74460,0.0
model_10.pt,CHEBI:190006,predicate:14,PUBCHEM.COMPOUND:118471641,CHEBI:125673,predicate:28,CHEBI:74460,0.0
model_10.pt,PUBCHEM.COMPOUND:59268935,predicate:0,CHEBI:113373,CHEBI:125673,predicate:28,CHEBI:74460,0.0
model_10.pt,CHEBI:157642,predicate:1,PUBCHEM.COMPOUND:130345144,CHEBI:125673,predicate:28,CHEBI:74460,0.0
model_10.pt,PUBCHEM.COMPOUND:57395067,predicate:0,CHEBI:167320,CHEBI:125673,predicate:28,CHEBI:74460,0.0
model_10.pt,PUBCHEM.COMPOUND:2744597,predicate:11,PUBCHEM.COMPOUND:2930224,CHEBI:125673,predicate:28,CHEBI:74460,0.0
model_10.pt,CHEBI:137225,predicate:17,CHEBI:131804,CHEBI:125673,predicate:28,CHEBI:74460,0.0
model_10.pt,CHEBI:111166,predicate:1,CHEBI:93303,CHEBI:125673,predicate:28,CHEBI:74460,0.0
model_10.pt,MONDO:0013171,predicate:20,MONDO:0001071,CHEBI:125673,predicate:28,CHEBI:74460,0.0
model_10.pt,CHEBI:143170,predicate:1,CHEBI:166778,CHEBI:125673,predicate:28,CHEBI:74460,0.0
model_10.pt,CHEBI:51561,predicate:2,HP:0001945,CHEBI:125673,predicate:28,CHEBI:74460,0.0
model_10.pt,UNII:5M691HL4BO,predicate:23,HP:0001288,CHEBI:125673,predicate:28,CHEBI:74460,0.0
model_10.pt,MONDO:0011122,predicate:18,CHEBI:132752,CHEBI:125673,predicate:28,CHEBI:74460,0.0
model_10.pt,PUBCHEM.COMPOUND:10314049,predicate:13,CHEBI:18086,CHEBI:125673,predicate:28,CHEBI:74460,0.0
model_10.pt,CHEBI:144357,predicate:20,HP:0002857,CHEBI:125673,predicate:28,CHEBI:74460,0.0
model_10.pt,CHEBI:16207,predicate:15,CHEBI:129768,CHEBI:125673,predicate:28,CHEBI:74460,0.0
model_10.pt,CHEBI:139081,predicate:20,HP:0010864,CHEBI:125673,predicate:28,CHEBI:74460,0.0
model_10.pt,PUBCHEM.COMPOUND:5702107,predicate:3,CHEBI:109116,CHEBI:125673,predicate:28,CHEBI:74460,0.0
model_10.pt,CHEBI:71289,predicate:17,CHEBI:180867,CHEBI:125673,predicate:28,CHEBI:74460,0.0
model_10.pt,PUBCHEM.COMPOUND:9834864,predicate:21,CHEBI:113373,CHEBI:125673,predicate:28,CHEBI:74460,0.0
model_10.pt,PUBCHEM.COMPOUND:44431492,predicate:18,CHEBI:121826,CHEBI:125673,predicate:28,CHEBI:74460,0.0
model_10.pt,PUBCHEM.COMPOUND:10432760,predicate:25,CHEBI:166658,CHEBI:125673,predicate:28,CHEBI:74460,0.0
model_10.pt,PUBCHEM.COMPOUND:25015107,predicate:0,CHEBI:127989,CHEBI:125673,predicate:28,CHEBI:74460,0.0
model_10.pt,PUBCHEM.COMPOUND:131757266,predicate:13,MONDO:0006749,CHEBI:125673,predicate:28,CHEBI:74460,0.0
model_10.pt,CHEBI:72619,predicate:1,CHEBI:196198,CHEBI:125673,predicate:28,CHEBI:74460,0.0
model_10.pt,CHEBI:71600,predicate:1,HMDB:HMDB0009929,CHEBI:125673,predicate:28,CHEBI:74460,0.0
model_10.pt,CHEBI:184579,predicate:11,CHEBI:144250,CHEBI:125673,predicate:28,CHEBI:74460,0.0
model_10.pt,CHEBI:88497,predicate:1,CHEBI:144822,CHEBI:125673,predicate:28,CHEBI:74460,0.0
model_10.pt,CHEBI:15040,predicate:16,MONDO:0013171,CHEBI:125673,predicate:28,CHEBI:74460,0.0
model_10.pt,MONDO:0005272,predicate:1,CHEBI:18262,CHEBI:125673,predicate:28,CHEBI:74460,0.0
model_10.pt,CHEBI:126004,predicate:17,CHEBI:175375,CHEBI:125673,predicate:28,CHEBI:74460,0.0
model_10.pt,MONDO:0035764,predicate:1,HMDB:HMDB0083268,CHEBI:125673,predicate:28,CHEBI:74460,0.0
model_10.pt,PUBCHEM.COMPOUND:155512592,predicate:0,CHEBI:103843,CHEBI:125673,predicate:28,CHEBI:74460,0.0
model_10.pt,CHEBI:15490,predicate:15,CHEBI:170609,CHEBI:125673,predicate:28,CHEBI:74460,0.0
model_10.pt,CHEBI:138520,predicate:28,CHEBI:171141,CHEBI:125673,predicate:28,CHEBI:74460,-30.73821258544922
model_10.pt,CHEBI:131557,predicate:1,CHEBI:73731,CHEBI:125673,predicate:28,CHEBI:74460,0.0
model_10.pt,CHEBI:134948,predicate:22,MONDO:0000831,CHEBI:125673,predicate:28,CHEBI:74460,0.0
model_10.pt,PUBCHEM.COMPOUND:10578760,predicate:0,CHEBI:92697,CHEBI:125673,predicate:28,CHEBI:74460,0.0
model_10.pt,HMDB:HMDB0076696,predicate:17,CHEBI:170784,CHEBI:125673,predicate:28,CHEBI:74460,0.0
model_10.pt,MONDO:0859265,predicate:3,CHEBI:176304,CHEBI:125673,predicate:28,CHEBI:74460,0.0
model_10.pt,CHEBI:113553,predicate:1,HMDB:HMDB0077232,CHEBI:125673,predicate:28,CHEBI:74460,0.0
model_10.pt,PUBCHEM.COMPOUND:137226420,predicate:0,CHEBI:109116,CHEBI:125673,predicate:28,CHEBI:74460,0.0
model_10.pt,MONDO:0010691,predicate:20,HP:0007957,CHEBI:125673,predicate:28,CHEBI:74460,0.0
model_10.pt,CHEMBL.COMPOUND:CHEMBL536308,predicate:1,CHEBI:163814,CHEBI:125673,predicate:28,CHEBI:74460,0.0
model_10.pt,CHEBI:83370,predicate:16,CHEBI:72635,CHEBI:125673,predicate:28,CHEBI:74460,0.0
model_10.pt,PUBCHEM.COMPOUND:122196132,predicate:0,CHEBI:172159,CHEBI:125673,predicate:28,CHEBI:74460,0.0
model_10.pt,MONDO:0011730,predicate:1,CHEMBL.COMPOUND:CHEMBL54465,CHEBI:125673,predicate:28,CHEBI:74460,0.0
model_10.pt,MONDO:0011840,predicate:1,CHEBI:139280,CHEBI:125673,predicate:28,CHEBI:74460,0.0
model_10.pt,CHEBI:17482,predicate:23,MONDO:0001382,CHEBI:125673,predicate:28,CHEBI:74460,0.0
model_10.pt,PUBCHEM.COMPOUND:25263321,predicate:11,PUBCHEM.COMPOUND:3003511,CHEBI:125673,predicate:28,CHEBI:74460,0.0
model_10.pt,PUBCHEM.COMPOUND:10216381,predicate:11,PUBCHEM.COMPOUND:10431492,CHEBI:125673,predicate:28,CHEBI:74460,0.0
model_10.pt,NCBIGene:820781,predicate:12,PUBCHEM.COMPOUND:131761197,CHEBI:125673,predicate:28,CHEBI:74460,0.0
model_10.pt,CHEBI:51068,predicate:17,HMDB:HMDB0009399,CHEBI:125673,predicate:28,CHEBI:74460,0.0
model_10.pt,CHEBI:9330,predicate:22,MONDO:0005011,CHEBI:125673,predicate:28,CHEBI:74460,0.0
model_10.pt,PUBCHEM.COMPOUND:10048208,predicate:26,CHEMBL.COMPOUND:CHEMBL151630,CHEBI:125673,predicate:28,CHEBI:74460,0.0
model_10.pt,PUBCHEM.COMPOUND:44176335,predicate:0,CHEBI:105317,CHEBI:125673,predicate:28,CHEBI:74460,0.0
model_10.pt,PUBCHEM.COMPOUND:49864838,predicate:18,CHEBI:109533,CHEBI:125673,predicate:28,CHEBI:74460,0.0
model_10.pt,CHEBI:185985,predicate:16,CHEBI:70967,CHEBI:125673,predicate:28,CHEBI:74460,0.0
model_10.pt,CHEMBL.COMPOUND:CHEMBL4798272,predicate:15,CHEBI:167641,CHEBI:125673,predicate:28,CHEBI:74460,0.0
model_10.pt,PUBCHEM.COMPOUND:126739109,predicate:11,MONDO:0006996,CHEBI:125673,predicate:28,CHEBI:74460,0.0
model_10.pt,MONDO:0012176,predicate:20,HP:0003028,CHEMBL.COMPOUND:CHEMBL505612,predicate:1,CHEBI:128907,0.0
model_10.pt,CHEBI:16959,predicate:17,CHEBI:172284,CHEMBL.COMPOUND:CHEMBL505612,predicate:1,CHEBI:128907,0.0
model_10.pt,PUBCHEM.COMPOUND:68020555,predicate:0,PUBCHEM.COMPOUND:44459583,CHEMBL.COMPOUND:CHEMBL505612,predicate:1,CHEBI:128907,0.0
model_10.pt,PUBCHEM.COMPOUND:137636752,predicate:0,CHEBI:134753,CHEMBL.COMPOUND:CHEMBL505612,predicate:1,CHEBI:128907,0.0
model_10.pt,PUBCHEM.COMPOUND:124221273,predicate:23,MONDO:0015691,CHEMBL.COMPOUND:CHEMBL505612,predicate:1,CHEBI:128907,0.0
model_10.pt,PUBCHEM.COMPOUND:130200977,predicate:18,CHEBI:144991,CHEMBL.COMPOUND:CHEMBL505612,predicate:1,CHEBI:128907,0.0
model_10.pt,MONDO:0005044,predicate:11,MONDO:0056796,CHEMBL.COMPOUND:CHEMBL505612,predicate:1,CHEBI:128907,0.0
model_10.pt,CHEBI:16592,predicate:41,CHEBI:114693,CHEMBL.COMPOUND:CHEMBL505612,predicate:1,CHEBI:128907,0.0
model_10.pt,CHEBI:166772,predicate:15,CHEBI:175537,CHEMBL.COMPOUND:CHEMBL505612,predicate:1,CHEBI:128907,0.0
model_10.pt,DRUGBANK:DB11158,predicate:2,MONDO:0005147,CHEMBL.COMPOUND:CHEMBL505612,predicate:1,CHEBI:128907,0.0
model_10.pt,CHEBI:145008,predicate:2,MONDO:0001076,CHEMBL.COMPOUND:CHEMBL505612,predicate:1,CHEBI:128907,0.0
model_10.pt,CHEBI:172333,predicate:11,CHEBI:84017,CHEMBL.COMPOUND:CHEMBL505612,predicate:1,CHEBI:128907,0.0
model_10.pt,CHEBI:188563,predicate:12,PUBCHEM.COMPOUND:52924335,CHEMBL.COMPOUND:CHEMBL505612,predicate:1,CHEBI:128907,0.0
model_10.pt,CHEBI:190239,predicate:11,HMDB:HMDB0072989,CHEMBL.COMPOUND:CHEMBL505612,predicate:1,CHEBI:128907,0.0
model_10.pt,CHEBI:135278,predicate:22,MONDO:0005559,CHEMBL.COMPOUND:CHEMBL505612,predicate:1,CHEBI:128907,0.0
model_10.pt,CHEBI:47040,predicate:15,CHEBI:146256,CHEMBL.COMPOUND:CHEMBL505612,predicate:1,CHEBI:128907,0.0
model_10.pt,CHEMBL.COMPOUND:CHEMBL4747062,predicate:0,CHEBI:71479,CHEMBL.COMPOUND:CHEMBL505612,predicate:1,CHEBI:128907,0.0
model_10.pt,CHEBI:42371,predicate:17,CHEBI:135736,CHEMBL.COMPOUND:CHEMBL505612,predicate:1,CHEBI:128907,0.0
model_10.pt,CHEBI:143114,predicate:1,CHEBI:125432,CHEMBL.COMPOUND:CHEMBL505612,predicate:1,CHEBI:128907,23.14686584472656
model_10.pt,CHEBI:185767,predicate:1,CHEBI:16264,CHEMBL.COMPOUND:CHEMBL505612,predicate:1,CHEBI:128907,-25.098636627197266
model_10.pt,CHEBI:109317,predicate:14,CHEBI:170587,CHEMBL.COMPOUND:CHEMBL505612,predicate:1,CHEBI:128907,0.0
model_10.pt,CHEMBL.COMPOUND:CHEMBL4877928,predicate:1,PUBCHEM.COMPOUND:130363355,CHEMBL.COMPOUND:CHEMBL505612,predicate:1,CHEBI:128907,-93.31559753417967
model_10.pt,CHEBI:136073,predicate:10,MONDO:0007263,CHEMBL.COMPOUND:CHEMBL505612,predicate:1,CHEBI:128907,0.0
model_10.pt,PUBCHEM.COMPOUND:131762323,predicate:13,CHEBI:149534,CHEMBL.COMPOUND:CHEMBL505612,predicate:1,CHEBI:128907,0.0
model_10.pt,PUBCHEM.COMPOUND:54325967,predicate:0,CHEBI:149800,CHEMBL.COMPOUND:CHEMBL505612,predicate:1,CHEBI:128907,0.0
model_10.pt,HP:0000021,predicate:0,CHEBI:167578,CHEMBL.COMPOUND:CHEMBL505612,predicate:1,CHEBI:128907,0.0
model_10.pt,CHEMBL.COMPOUND:CHEMBL4782467,predicate:15,CHEBI:134948,CHEMBL.COMPOUND:CHEMBL505612,predicate:1,CHEBI:128907,0.0
model_10.pt,NCBIGene:23163,predicate:18,NCBIGene:100528017,CHEMBL.COMPOUND:CHEMBL505612,predicate:1,CHEBI:128907,0.0
model_10.pt,CHEBI:142271,predicate:1,CHEBI:192396,CHEMBL.COMPOUND:CHEMBL505612,predicate:1,CHEBI:128907,-11.858172416687012
model_10.pt,CHEBI:146285,predicate:12,PUBCHEM.COMPOUND:53478731,CHEMBL.COMPOUND:CHEMBL505612,predicate:1,CHEBI:128907,0.0
model_10.pt,CHEBI:136073,predicate:15,CHEBI:125586,CHEMBL.COMPOUND:CHEMBL505612,predicate:1,CHEBI:128907,0.0
model_10.pt,CHEMBL.COMPOUND:CHEMBL596806,predicate:20,HP:0000253,CHEMBL.COMPOUND:CHEMBL505612,predicate:1,CHEBI:128907,0.0
model_10.pt,NCBIGene:838170,predicate:13,CHEBI:75099,CHEMBL.COMPOUND:CHEMBL505612,predicate:1,CHEBI:128907,0.0
model_10.pt,PUBCHEM.COMPOUND:117859783,predicate:11,PUBCHEM.COMPOUND:10525997,CHEMBL.COMPOUND:CHEMBL505612,predicate:1,CHEBI:128907,0.0
model_10.pt,PUBCHEM.COMPOUND:127036977,predicate:0,CHEBI:103739,CHEMBL.COMPOUND:CHEMBL505612,predicate:1,CHEBI:128907,0.0
model_10.pt,PUBCHEM.COMPOUND:44433263,predicate:0,CHEBI:119893,CHEMBL.COMPOUND:CHEMBL505612,predicate:1,CHEBI:128907,0.0
model_10.pt,CHEBI:3914,predicate:15,CHEBI:190153,CHEMBL.COMPOUND:CHEMBL505612,predicate:1,CHEBI:128907,0.0
model_10.pt,PUBCHEM.COMPOUND:44314087,predicate:0,CHEBI:140407,CHEMBL.COMPOUND:CHEMBL505612,predicate:1,CHEBI:128907,0.0
model_10.pt,PUBCHEM.COMPOUND:25093440,predicate:0,CHEBI:113553,CHEMBL.COMPOUND:CHEMBL505612,predicate:1,CHEBI:128907,0.0
model_10.pt,CHEBI:65179,predicate:11,PUBCHEM.COMPOUND:11274029,CHEMBL.COMPOUND:CHEMBL505612,predicate:1,CHEBI:128907,0.0
model_10.pt,CHEBI:71580,predicate:22,MONDO:0005068,CHEMBL.COMPOUND:CHEMBL505612,predicate:1,CHEBI:128907,0.0
model_10.pt,CHEBI:190006,predicate:14,PUBCHEM.COMPOUND:118471641,CHEMBL.COMPOUND:CHEMBL505612,predicate:1,CHEBI:128907,0.0
model_10.pt,PUBCHEM.COMPOUND:59268935,predicate:0,CHEBI:113373,CHEMBL.COMPOUND:CHEMBL505612,predicate:1,CHEBI:128907,0.0
model_10.pt,CHEBI:157642,predicate:1,PUBCHEM.COMPOUND:130345144,CHEMBL.COMPOUND:CHEMBL505612,predicate:1,CHEBI:128907,5.920532703399658
model_10.pt,PUBCHEM.COMPOUND:57395067,predicate:0,CHEBI:167320,CHEMBL.COMPOUND:CHEMBL505612,predicate:1,CHEBI:128907,0.0
model_10.pt,PUBCHEM.COMPOUND:2744597,predicate:11,PUBCHEM.COMPOUND:2930224,CHEMBL.COMPOUND:CHEMBL505612,predicate:1,CHEBI:128907,0.0
model_10.pt,CHEBI:137225,predicate:17,CHEBI:131804,CHEMBL.COMPOUND:CHEMBL505612,predicate:1,CHEBI:128907,0.0
model_10.pt,CHEBI:111166,predicate:1,CHEBI:93303,CHEMBL.COMPOUND:CHEMBL505612,predicate:1,CHEBI:128907,-69.74434661865234
model_10.pt,MONDO:0013171,predicate:20,MONDO:0001071,CHEMBL.COMPOUND:CHEMBL505612,predicate:1,CHEBI:128907,0.0
model_10.pt,CHEBI:143170,predicate:1,CHEBI:166778,CHEMBL.COMPOUND:CHEMBL505612,predicate:1,CHEBI:128907,8.179994583129883
model_10.pt,CHEBI:51561,predicate:2,HP:0001945,CHEMBL.COMPOUND:CHEMBL505612,predicate:1,CHEBI:128907,0.0
model_10.pt,UNII:5M691HL4BO,predicate:23,HP:0001288,CHEMBL.COMPOUND:CHEMBL505612,predicate:1,CHEBI:128907,0.0
model_10.pt,MONDO:0011122,predicate:18,CHEBI:132752,CHEMBL.COMPOUND:CHEMBL505612,predicate:1,CHEBI:128907,0.0
model_10.pt,PUBCHEM.COMPOUND:10314049,predicate:13,CHEBI:18086,CHEMBL.COMPOUND:CHEMBL505612,predicate:1,CHEBI:128907,0.0
model_10.pt,CHEBI:144357,predicate:20,HP:0002857,CHEMBL.COMPOUND:CHEMBL505612,predicate:1,CHEBI:128907,0.0
model_10.pt,CHEBI:16207,predicate:15,CHEBI:129768,CHEMBL.COMPOUND:CHEMBL505612,predicate:1,CHEBI:128907,0.0
model_10.pt,CHEBI:139081,predicate:20,HP:0010864,CHEMBL.COMPOUND:CHEMBL505612,predicate:1,CHEBI:128907,0.0
model_10.pt,PUBCHEM.COMPOUND:5702107,predicate:3,CHEBI:109116,CHEMBL.COMPOUND:CHEMBL505612,predicate:1,CHEBI:128907,0.0
model_10.pt,CHEBI:71289,predicate:17,CHEBI:180867,CHEMBL.COMPOUND:CHEMBL505612,predicate:1,CHEBI:128907,0.0
model_10.pt,PUBCHEM.COMPOUND:9834864,predicate:21,CHEBI:113373,CHEMBL.COMPOUND:CHEMBL505612,predicate:1,CHEBI:128907,0.0
model_10.pt,PUBCHEM.COMPOUND:44431492,predicate:18,CHEBI:121826,CHEMBL.COMPOUND:CHEMBL505612,predicate:1,CHEBI:128907,0.0
model_10.pt,PUBCHEM.COMPOUND:10432760,predicate:25,CHEBI:166658,CHEMBL.COMPOUND:CHEMBL505612,predicate:1,CHEBI:128907,0.0
model_10.pt,PUBCHEM.COMPOUND:25015107,predicate:0,CHEBI:127989,CHEMBL.COMPOUND:CHEMBL505612,predicate:1,CHEBI:128907,0.0
model_10.pt,PUBCHEM.COMPOUND:131757266,predicate:13,MONDO:0006749,CHEMBL.COMPOUND:CHEMBL505612,predicate:1,CHEBI:128907,0.0
model_10.pt,CHEBI:72619,predicate:1,CHEBI:196198,CHEMBL.COMPOUND:CHEMBL505612,predicate:1,CHEBI:128907,-57.77348327636719
model_10.pt,CHEBI:71600,predicate:1,HMDB:HMDB0009929,CHEMBL.COMPOUND:CHEMBL505612,predicate:1,CHEBI:128907,-74.24942016601562
model_10.pt,CHEBI:184579,predicate:11,CHEBI:144250,CHEMBL.COMPOUND:CHEMBL505612,predicate:1,CHEBI:128907,0.0
model_10.pt,CHEBI:88497,predicate:1,CHEBI:144822,CHEMBL.COMPOUND:CHEMBL505612,predicate:1,CHEBI:128907,44.73374176025391
model_10.pt,CHEBI:15040,predicate:16,MONDO:0013171,CHEMBL.COMPOUND:CHEMBL505612,predicate:1,CHEBI:128907,0.0
model_10.pt,MONDO:0005272,predicate:1,CHEBI:18262,CHEMBL.COMPOUND:CHEMBL505612,predicate:1,CHEBI:128907,15.21841526031494
model_10.pt,CHEBI:126004,predicate:17,CHEBI:175375,CHEMBL.COMPOUND:CHEMBL505612,predicate:1,CHEBI:128907,0.0
model_10.pt,MONDO:0035764,predicate:1,HMDB:HMDB0083268,CHEMBL.COMPOUND:CHEMBL505612,predicate:1,CHEBI:128907,44.37106323242188
model_10.pt,PUBCHEM.COMPOUND:155512592,predicate:0,CHEBI:103843,CHEMBL.COMPOUND:CHEMBL505612,predicate:1,CHEBI:128907,0.0
model_10.pt,CHEBI:15490,predicate:15,CHEBI:170609,CHEMBL.COMPOUND:CHEMBL505612,predicate:1,CHEBI:128907,0.0
model_10.pt,CHEBI:138520,predicate:28,CHEBI:171141,CHEMBL.COMPOUND:CHEMBL505612,predicate:1,CHEBI:128907,0.0
model_10.pt,CHEBI:131557,predicate:1,CHEBI:73731,CHEMBL.COMPOUND:CHEMBL505612,predicate:1,CHEBI:128907,-27.1093864440918
model_10.pt,CHEBI:134948,predicate:22,MONDO:0000831,CHEMBL.COMPOUND:CHEMBL505612,predicate:1,CHEBI:128907,0.0
model_10.pt,PUBCHEM.COMPOUND:10578760,predicate:0,CHEBI:92697,CHEMBL.COMPOUND:CHEMBL505612,predicate:1,CHEBI:128907,0.0
model_10.pt,HMDB:HMDB0076696,predicate:17,CHEBI:170784,CHEMBL.COMPOUND:CHEMBL505612,predicate:1,CHEBI:128907,0.0
model_10.pt,MONDO:0859265,predicate:3,CHEBI:176304,CHEMBL.COMPOUND:CHEMBL505612,predicate:1,CHEBI:128907,0.0
model_10.pt,CHEBI:113553,predicate:1,HMDB:HMDB0077232,CHEMBL.COMPOUND:CHEMBL505612,predicate:1,CHEBI:128907,26.047590255737305
model_10.pt,PUBCHEM.COMPOUND:137226420,predicate:0,CHEBI:109116,CHEMBL.COMPOUND:CHEMBL505612,predicate:1,CHEBI:128907,0.0
model_10.pt,MONDO:0010691,predicate:20,HP:0007957,CHEMBL.COMPOUND:CHEMBL505612,predicate:1,CHEBI:128907,0.0
model_10.pt,CHEMBL.COMPOUND:CHEMBL536308,predicate:1,CHEBI:163814,CHEMBL.COMPOUND:CHEMBL505612,predicate:1,CHEBI:128907,0.9999313354492188
model_10.pt,CHEBI:83370,predicate:16,CHEBI:72635,CHEMBL.COMPOUND:CHEMBL505612,predicate:1,CHEBI:128907,0.0
model_10.pt,PUBCHEM.COMPOUND:122196132,predicate:0,CHEBI:172159,CHEMBL.COMPOUND:CHEMBL505612,predicate:1,CHEBI:128907,0.0
model_10.pt,MONDO:0011730,predicate:1,CHEMBL.COMPOUND:CHEMBL54465,CHEMBL.COMPOUND:CHEMBL505612,predicate:1,CHEBI:128907,24.70193672180176
model_10.pt,MONDO:0011840,predicate:1,CHEBI:139280,CHEMBL.COMPOUND:CHEMBL505612,predicate:1,CHEBI:128907,-64.878173828125
model_10.pt,CHEBI:17482,predicate:23,MONDO:0001382,CHEMBL.COMPOUND:CHEMBL505612,predicate:1,CHEBI:128907,0.0
model_10.pt,PUBCHEM.COMPOUND:25263321,predicate:11,PUBCHEM.COMPOUND:3003511,CHEMBL.COMPOUND:CHEMBL505612,predicate:1,CHEBI:128907,0.0
model_10.pt,PUBCHEM.COMPOUND:10216381,predicate:11,PUBCHEM.COMPOUND:10431492,CHEMBL.COMPOUND:CHEMBL505612,predicate:1,CHEBI:128907,0.0
model_10.pt,NCBIGene:820781,predicate:12,PUBCHEM.COMPOUND:131761197,CHEMBL.COMPOUND:CHEMBL505612,predicate:1,CHEBI:128907,0.0
model_10.pt,CHEBI:51068,predicate:17,HMDB:HMDB0009399,CHEMBL.COMPOUND:CHEMBL505612,predicate:1,CHEBI:128907,0.0
model_10.pt,CHEBI:9330,predicate:22,MONDO:0005011,CHEMBL.COMPOUND:CHEMBL505612,predicate:1,CHEBI:128907,0.0
model_10.pt,PUBCHEM.COMPOUND:10048208,predicate:26,CHEMBL.COMPOUND:CHEMBL151630,CHEMBL.COMPOUND:CHEMBL505612,predicate:1,CHEBI:128907,0.0
model_10.pt,PUBCHEM.COMPOUND:44176335,predicate:0,CHEBI:105317,CHEMBL.COMPOUND:CHEMBL505612,predicate:1,CHEBI:128907,0.0
model_10.pt,PUBCHEM.COMPOUND:49864838,predicate:18,CHEBI:109533,CHEMBL.COMPOUND:CHEMBL505612,predicate:1,CHEBI:128907,0.0
model_10.pt,CHEBI:185985,predicate:16,CHEBI:70967,CHEMBL.COMPOUND:CHEMBL505612,predicate:1,CHEBI:128907,0.0
model_10.pt,CHEMBL.COMPOUND:CHEMBL4798272,predicate:15,CHEBI:167641,CHEMBL.COMPOUND:CHEMBL505612,predicate:1,CHEBI:128907,0.0
model_10.pt,PUBCHEM.COMPOUND:126739109,predicate:11,MONDO:0006996,CHEMBL.COMPOUND:CHEMBL505612,predicate:1,CHEBI:128907,0.0
model_2.pt,MONDO:0012176,predicate:20,HP:0003028,PUBCHEM.COMPOUND:71059938,predicate:18,CHEBI:132592,0.0
model_2.pt,CHEBI:16959,predicate:17,CHEBI:172284,PUBCHEM.COMPOUND:71059938,predicate:18,CHEBI:132592,0.0
model_2.pt,PUBCHEM.COMPOUND:68020555,predicate:0,PUBCHEM.COMPOUND:44459583,PUBCHEM.COMPOUND:71059938,predicate:18,CHEBI:132592,0.0
model_2.pt,PUBCHEM.COMPOUND:137636752,predicate:0,CHEBI:134753,PUBCHEM.COMPOUND:71059938,predicate:18,CHEBI:132592,0.0
model_2.pt,PUBCHEM.COMPOUND:124221273,predicate:23,MONDO:0015691,PUBCHEM.COMPOUND:71059938,predicate:18,CHEBI:132592,0.0
model_2.pt,PUBCHEM.COMPOUND:130200977,predicate:18,CHEBI:144991,PUBCHEM.COMPOUND:71059938,predicate:18,CHEBI:132592,-41.67158508300781
model_2.pt,MONDO:0005044,predicate:11,MONDO:0056796,PUBCHEM.COMPOUND:71059938,predicate:18,CHEBI:132592,0.0
model_2.pt,CHEBI:16592,predicate:41,CHEBI:114693,PUBCHEM.COMPOUND:71059938,predicate:18,CHEBI:132592,0.0
model_2.pt,CHEBI:166772,predicate:15,CHEBI:175537,PUBCHEM.COMPOUND:71059938,predicate:18,CHEBI:132592,0.0
model_2.pt,DRUGBANK:DB11158,predicate:2,MONDO:0005147,PUBCHEM.COMPOUND:71059938,predicate:18,CHEBI:132592,0.0
model_2.pt,CHEBI:145008,predicate:2,MONDO:0001076,PUBCHEM.COMPOUND:71059938,predicate:18,CHEBI:132592,0.0
model_2.pt,CHEBI:172333,predicate:11,CHEBI:84017,PUBCHEM.COMPOUND:71059938,predicate:18,CHEBI:132592,0.0
model_2.pt,CHEBI:188563,predicate:12,PUBCHEM.COMPOUND:52924335,PUBCHEM.COMPOUND:71059938,predicate:18,CHEBI:132592,0.0
model_2.pt,CHEBI:190239,predicate:11,HMDB:HMDB0072989,PUBCHEM.COMPOUND:71059938,predicate:18,CHEBI:132592,0.0
model_2.pt,CHEBI:135278,predicate:22,MONDO:0005559,PUBCHEM.COMPOUND:71059938,predicate:18,CHEBI:132592,0.0
model_2.pt,CHEBI:47040,predicate:15,CHEBI:146256,PUBCHEM.COMPOUND:71059938,predicate:18,CHEBI:132592,0.0
model_2.pt,CHEMBL.COMPOUND:CHEMBL4747062,predicate:0,CHEBI:71479,PUBCHEM.COMPOUND:71059938,predicate:18,CHEBI:132592,0.0
model_2.pt,CHEBI:42371,predicate:17,CHEBI:135736,PUBCHEM.COMPOUND:71059938,predicate:18,CHEBI:132592,0.0
model_2.pt,CHEBI:143114,predicate:1,CHEBI:125432,PUBCHEM.COMPOUND:71059938,predicate:18,CHEBI:132592,0.0
model_2.pt,CHEBI:185767,predicate:1,CHEBI:16264,PUBCHEM.COMPOUND:71059938,predicate:18,CHEBI:132592,0.0
model_2.pt,CHEBI:109317,predicate:14,CHEBI:170587,PUBCHEM.COMPOUND:71059938,predicate:18,CHEBI:132592,0.0
model_2.pt,CHEMBL.COMPOUND:CHEMBL4877928,predicate:1,PUBCHEM.COMPOUND:130363355,PUBCHEM.COMPOUND:71059938,predicate:18,CHEBI:132592,0.0
model_2.pt,CHEBI:136073,predicate:10,MONDO:0007263,PUBCHEM.COMPOUND:71059938,predicate:18,CHEBI:132592,0.0
model_2.pt,PUBCHEM.COMPOUND:131762323,predicate:13,CHEBI:149534,PUBCHEM.COMPOUND:71059938,predicate:18,CHEBI:132592,0.0
model_2.pt,PUBCHEM.COMPOUND:54325967,predicate:0,CHEBI:149800,PUBCHEM.COMPOUND:71059938,predicate:18,CHEBI:132592,0.0
model_2.pt,HP:0000021,predicate:0,CHEBI:167578,PUBCHEM.COMPOUND:71059938,predicate:18,CHEBI:132592,0.0
model_2.pt,CHEMBL.COMPOUND:CHEMBL4782467,predicate:15,CHEBI:134948,PUBCHEM.COMPOUND:71059938,predicate:18,CHEBI:132592,0.0
model_2.pt,NCBIGene:23163,predicate:18,NCBIGene:100528017,PUBCHEM.COMPOUND:71059938,predicate:18,CHEBI:132592,23.03007125854492
model_2.pt,CHEBI:142271,predicate:1,CHEBI:192396,PUBCHEM.COMPOUND:71059938,predicate:18,CHEBI:132592,0.0
model_2.pt,CHEBI:146285,predicate:12,PUBCHEM.COMPOUND:53478731,PUBCHEM.COMPOUND:71059938,predicate:18,CHEBI:132592,0.0
model_2.pt,CHEBI:136073,predicate:15,CHEBI:125586,PUBCHEM.COMPOUND:71059938,predicate:18,CHEBI:132592,0.0
model_2.pt,CHEMBL.COMPOUND:CHEMBL596806,predicate:20,HP:0000253,PUBCHEM.COMPOUND:71059938,predicate:18,CHEBI:132592,0.0
model_2.pt,NCBIGene:838170,predicate:13,CHEBI:75099,PUBCHEM.COMPOUND:71059938,predicate:18,CHEBI:132592,0.0
model_2.pt,PUBCHEM.COMPOUND:117859783,predicate:11,PUBCHEM.COMPOUND:10525997,PUBCHEM.COMPOUND:71059938,predicate:18,CHEBI:132592,0.0
model_2.pt,PUBCHEM.COMPOUND:127036977,predicate:0,CHEBI:103739,PUBCHEM.COMPOUND:71059938,predicate:18,CHEBI:132592,0.0
model_2.pt,PUBCHEM.COMPOUND:44433263,predicate:0,CHEBI:119893,PUBCHEM.COMPOUND:71059938,predicate:18,CHEBI:132592,0.0
model_2.pt,CHEBI:3914,predicate:15,CHEBI:190153,PUBCHEM.COMPOUND:71059938,predicate:18,CHEBI:132592,0.0
model_2.pt,PUBCHEM.COMPOUND:44314087,predicate:0,CHEBI:140407,PUBCHEM.COMPOUND:71059938,predicate:18,CHEBI:132592,0.0
model_2.pt,PUBCHEM.COMPOUND:25093440,predicate:0,CHEBI:113553,PUBCHEM.COMPOUND:71059938,predicate:18,CHEBI:132592,0.0
model_2.pt,CHEBI:65179,predicate:11,PUBCHEM.COMPOUND:11274029,PUBCHEM.COMPOUND:71059938,predicate:18,CHEBI:132592,0.0
model_2.pt,CHEBI:71580,predicate:22,MONDO:0005068,PUBCHEM.COMPOUND:71059938,predicate:18,CHEBI:132592,0.0
model_2.pt,CHEBI:190006,predicate:14,PUBCHEM.COMPOUND:118471641,PUBCHEM.COMPOUND:71059938,predicate:18,CHEBI:132592,0.0
model_2.pt,PUBCHEM.COMPOUND:59268935,predicate:0,CHEBI:113373,PUBCHEM.COMPOUND:71059938,predicate:18,CHEBI:132592,0.0
model_2.pt,CHEBI:157642,predicate:1,PUBCHEM.COMPOUND:130345144,PUBCHEM.COMPOUND:71059938,predicate:18,CHEBI:132592,0.0
model_2.pt,PUBCHEM.COMPOUND:57395067,predicate:0,CHEBI:167320,PUBCHEM.COMPOUND:71059938,predicate:18,CHEBI:132592,0.0
model_2.pt,PUBCHEM.COMPOUND:2744597,predicate:11,PUBCHEM.COMPOUND:2930224,PUBCHEM.COMPOUND:71059938,predicate:18,CHEBI:132592,0.0
model_2.pt,CHEBI:137225,predicate:17,CHEBI:131804,PUBCHEM.COMPOUND:71059938,predicate:18,CHEBI:132592,0.0
model_2.pt,CHEBI:111166,predicate:1,CHEBI:93303,PUBCHEM.COMPOUND:71059938,predicate:18,CHEBI:132592,0.0
model_2.pt,MONDO:0013171,predicate:20,MONDO:0001071,PUBCHEM.COMPOUND:71059938,predicate:18,CHEBI:132592,0.0
model_2.pt,CHEBI:143170,predicate:1,CHEBI:166778,PUBCHEM.COMPOUND:71059938,predicate:18,CHEBI:132592,0.0
model_2.pt,CHEBI:51561,predicate:2,HP:0001945,PUBCHEM.COMPOUND:71059938,predicate:18,CHEBI:132592,0.0
model_2.pt,UNII:5M691HL4BO,predicate:23,HP:0001288,PUBCHEM.COMPOUND:71059938,predicate:18,CHEBI:132592,0.0
model_2.pt,MONDO:0011122,predicate:18,CHEBI:132752,PUBCHEM.COMPOUND:71059938,predicate:18,CHEBI:132592,6.520404815673828
model_2.pt,PUBCHEM.COMPOUND:10314049,predicate:13,CHEBI:18086,PUBCHEM.COMPOUND:71059938,predicate:18,CHEBI:132592,0.0
model_2.pt,CHEBI:144357,predicate:20,HP:0002857,PUBCHEM.COMPOUND:71059938,predicate:18,CHEBI:132592,0.0
model_2.pt,CHEBI:16207,predicate:15,CHEBI:129768,PUBCHEM.COMPOUND:71059938,predicate:18,CHEBI:132592,0.0
model_2.pt,CHEBI:139081,predicate:20,HP:0010864,PUBCHEM.COMPOUND:71059938,predicate:18,CHEBI:132592,0.0
model_2.pt,PUBCHEM.COMPOUND:5702107,predicate:3,CHEBI:109116,PUBCHEM.COMPOUND:71059938,predicate:18,CHEBI:132592,0.0
model_2.pt,CHEBI:71289,predicate:17,CHEBI:180867,PUBCHEM.COMPOUND:71059938,predicate:18,CHEBI:132592,0.0
model_2.pt,PUBCHEM.COMPOUND:9834864,predicate:21,CHEBI:113373,PUBCHEM.COMPOUND:71059938,predicate:18,CHEBI:132592,0.0
model_2.pt,PUBCHEM.COMPOUND:44431492,predicate:18,CHEBI:121826,PUBCHEM.COMPOUND:71059938,predicate:18,CHEBI:132592,55.46772384643555
model_2.pt,PUBCHEM.COMPOUND:10432760,predicate:25,CHEBI:166658,PUBCHEM.COMPOUND:71059938,predicate:18,CHEBI:132592,0.0
model_2.pt,PUBCHEM.COMPOUND:25015107,predicate:0,CHEBI:127989,PUBCHEM.COMPOUND:71059938,predicate:18,CHEBI:132592,0.0
model_2.pt,PUBCHEM.COMPOUND:131757266,predicate:13,MONDO:0006749,PUBCHEM.COMPOUND:71059938,predicate:18,CHEBI:132592,0.0
model_2.pt,CHEBI:72619,predicate:1,CHEBI:196198,PUBCHEM.COMPOUND:71059938,predicate:18,CHEBI:132592,0.0
model_2.pt,CHEBI:71600,predicate:1,HMDB:HMDB0009929,PUBCHEM.COMPOUND:71059938,predicate:18,CHEBI:132592,0.0
model_2.pt,CHEBI:184579,predicate:11,CHEBI:144250,PUBCHEM.COMPOUND:71059938,predicate:18,CHEBI:132592,0.0
model_2.pt,CHEBI:88497,predicate:1,CHEBI:144822,PUBCHEM.COMPOUND:71059938,predicate:18,CHEBI:132592,0.0
model_2.pt,CHEBI:15040,predicate:16,MONDO:0013171,PUBCHEM.COMPOUND:71059938,predicate:18,CHEBI:132592,0.0
model_2.pt,MONDO:0005272,predicate:1,CHEBI:18262,PUBCHEM.COMPOUND:71059938,predicate:18,CHEBI:132592,0.0
model_2.pt,CHEBI:126004,predicate:17,CHEBI:175375,PUBCHEM.COMPOUND:71059938,predicate:18,CHEBI:132592,0.0
model_2.pt,MONDO:0035764,predicate:1,HMDB:HMDB0083268,PUBCHEM.COMPOUND:71059938,predicate:18,CHEBI:132592,0.0
model_2.pt,PUBCHEM.COMPOUND:155512592,predicate:0,CHEBI:103843,PUBCHEM.COMPOUND:71059938,predicate:18,CHEBI:132592,0.0
model_2.pt,CHEBI:15490,predicate:15,CHEBI:170609,PUBCHEM.COMPOUND:71059938,predicate:18,CHEBI:132592,0.0
model_2.pt,CHEBI:138520,predicate:28,CHEBI:171141,PUBCHEM.COMPOUND:71059938,predicate:18,CHEBI:132592,0.0
model_2.pt,CHEBI:131557,predicate:1,CHEBI:73731,PUBCHEM.COMPOUND:71059938,predicate:18,CHEBI:132592,0.0
model_2.pt,CHEBI:134948,predicate:22,MONDO:0000831,PUBCHEM.COMPOUND:71059938,predicate:18,CHEBI:132592,0.0
model_2.pt,PUBCHEM.COMPOUND:10578760,predicate:0,CHEBI:92697,PUBCHEM.COMPOUND:71059938,predicate:18,CHEBI:132592,0.0
model_2.pt,HMDB:HMDB0076696,predicate:17,CHEBI:170784,PUBCHEM.COMPOUND:71059938,predicate:18,CHEBI:132592,0.0
model_2.pt,MONDO:0859265,predicate:3,CHEBI:176304,PUBCHEM.COMPOUND:71059938,predicate:18,CHEBI:132592,0.0
model_2.pt,CHEBI:113553,predicate:1,HMDB:HMDB0077232,PUBCHEM.COMPOUND:71059938,predicate:18,CHEBI:132592,0.0
model_2.pt,PUBCHEM.COMPOUND:137226420,predicate:0,CHEBI:109116,PUBCHEM.COMPOUND:71059938,predicate:18,CHEBI:132592,0.0
model_2.pt,MONDO:0010691,predicate:20,HP:0007957,PUBCHEM.COMPOUND:71059938,predicate:18,CHEBI:132592,0.0
model_2.pt,CHEMBL.COMPOUND:CHEMBL536308,predicate:1,CHEBI:163814,PUBCHEM.COMPOUND:71059938,predicate:18,CHEBI:132592,0.0
model_2.pt,CHEBI:83370,predicate:16,CHEBI:72635,PUBCHEM.COMPOUND:71059938,predicate:18,CHEBI:132592,0.0
model_2.pt,PUBCHEM.COMPOUND:122196132,predicate:0,CHEBI:172159,PUBCHEM.COMPOUND:71059938,predicate:18,CHEBI:132592,0.0
model_2.pt,MONDO:0011730,predicate:1,CHEMBL.COMPOUND:CHEMBL54465,PUBCHEM.COMPOUND:71059938,predicate:18,CHEBI:132592,0.0
model_2.pt,MONDO:0011840,predicate:1,CHEBI:139280,PUBCHEM.COMPOUND:71059938,predicate:18,CHEBI:132592,0.0
model_2.pt,CHEBI:17482,predicate:23,MONDO:0001382,PUBCHEM.COMPOUND:71059938,predicate:18,CHEBI:132592,0.0
model_2.pt,PUBCHEM.COMPOUND:25263321,predicate:11,PUBCHEM.COMPOUND:3003511,PUBCHEM.COMPOUND:71059938,predicate:18,CHEBI:132592,0.0
model_2.pt,PUBCHEM.COMPOUND:10216381,predicate:11,PUBCHEM.COMPOUND:10431492,PUBCHEM.COMPOUND:71059938,predicate:18,CHEBI:132592,0.0
model_2.pt,NCBIGene:820781,predicate:12,PUBCHEM.COMPOUND:131761197,PUBCHEM.COMPOUND:71059938,predicate:18,CHEBI:132592,0.0
model_2.pt,CHEBI:51068,predicate:17,HMDB:HMDB0009399,PUBCHEM.COMPOUND:71059938,predicate:18,CHEBI:132592,0.0
model_2.pt,CHEBI:9330,predicate:22,MONDO:0005011,PUBCHEM.COMPOUND:71059938,predicate:18,CHEBI:132592,0.0
model_2.pt,PUBCHEM.COMPOUND:10048208,predicate:26,CHEMBL.COMPOUND:CHEMBL151630,PUBCHEM.COMPOUND:71059938,predicate:18,CHEBI:132592,0.0
model_2.pt,PUBCHEM.COMPOUND:44176335,predicate:0,CHEBI:105317,PUBCHEM.COMPOUND:71059938,predicate:18,CHEBI:132592,0.0
model_2.pt,PUBCHEM.COMPOUND:49864838,predicate:18,CHEBI:109533,PUBCHEM.COMPOUND:71059938,predicate:18,CHEBI:132592,-23.00800132751465
model_2.pt,CHEBI:185985,predicate:16,CHEBI:70967,PUBCHEM.COMPOUND:71059938,predicate:18,CHEBI:132592,0.0
model_2.pt,CHEMBL.COMPOUND:CHEMBL4798272,predicate:15,CHEBI:167641,PUBCHEM.COMPOUND:71059938,predicate:18,CHEBI:132592,0.0
model_2.pt,PUBCHEM.COMPOUND:126739109,predicate:11,MONDO:0006996,PUBCHEM.COMPOUND:71059938,predicate:18,CHEBI:132592,0.0
model_2.pt,MONDO:0012176,predicate:20,HP:0003028,CHEBI:170469,predicate:1,CHEBI:104125,0.0
model_2.pt,CHEBI:16959,predicate:17,CHEBI:172284,CHEBI:170469,predicate:1,CHEBI:104125,0.0
model_2.pt,PUBCHEM.COMPOUND:68020555,predicate:0,PUBCHEM.COMPOUND:44459583,CHEBI:170469,predicate:1,CHEBI:104125,0.0
model_2.pt,PUBCHEM.COMPOUND:137636752,predicate:0,CHEBI:134753,CHEBI:170469,predicate:1,CHEBI:104125,0.0
model_2.pt,PUBCHEM.COMPOUND:124221273,predicate:23,MONDO:0015691,CHEBI:170469,predicate:1,CHEBI:104125,0.0
model_2.pt,PUBCHEM.COMPOUND:130200977,predicate:18,CHEBI:144991,CHEBI:170469,predicate:1,CHEBI:104125,0.0
model_2.pt,MONDO:0005044,predicate:11,MONDO:0056796,CHEBI:170469,predicate:1,CHEBI:104125,0.0
model_2.pt,CHEBI:16592,predicate:41,CHEBI:114693,CHEBI:170469,predicate:1,CHEBI:104125,0.0
model_2.pt,CHEBI:166772,predicate:15,CHEBI:175537,CHEBI:170469,predicate:1,CHEBI:104125,0.0
model_2.pt,DRUGBANK:DB11158,predicate:2,MONDO:0005147,CHEBI:170469,predicate:1,CHEBI:104125,0.0
model_2.pt,CHEBI:145008,predicate:2,MONDO:0001076,CHEBI:170469,predicate:1,CHEBI:104125,0.0
model_2.pt,CHEBI:172333,predicate:11,CHEBI:84017,CHEBI:170469,predicate:1,CHEBI:104125,0.0
model_2.pt,CHEBI:188563,predicate:12,PUBCHEM.COMPOUND:52924335,CHEBI:170469,predicate:1,CHEBI:104125,0.0
model_2.pt,CHEBI:190239,predicate:11,HMDB:HMDB0072989,CHEBI:170469,predicate:1,CHEBI:104125,0.0
model_2.pt,CHEBI:135278,predicate:22,MONDO:0005559,CHEBI:170469,predicate:1,CHEBI:104125,0.0
model_2.pt,CHEBI:47040,predicate:15,CHEBI:146256,CHEBI:170469,predicate:1,CHEBI:104125,0.0
model_2.pt,CHEMBL.COMPOUND:CHEMBL4747062,predicate:0,CHEBI:71479,CHEBI:170469,predicate:1,CHEBI:104125,0.0
model_2.pt,CHEBI:42371,predicate:17,CHEBI:135736,CHEBI:170469,predicate:1,CHEBI:104125,0.0
model_2.pt,CHEBI:143114,predicate:1,CHEBI:125432,CHEBI:170469,predicate:1,CHEBI:104125,114.77522277832033
model_2.pt,CHEBI:185767,predicate:1,CHEBI:16264,CHEBI:170469,predicate:1,CHEBI:104125,-95.55609130859376
model_2.pt,CHEBI:109317,predicate:14,CHEBI:170587,CHEBI:170469,predicate:1,CHEBI:104125,0.0
model_2.pt,CHEMBL.COMPOUND:CHEMBL4877928,predicate:1,PUBCHEM.COMPOUND:130363355,CHEBI:170469,predicate:1,CHEBI:104125,35.349361419677734
model_2.pt,CHEBI:136073,predicate:10,MONDO:0007263,CHEBI:170469,predicate:1,CHEBI:104125,0.0
model_2.pt,PUBCHEM.COMPOUND:131762323,predicate:13,CHEBI:149534,CHEBI:170469,predicate:1,CHEBI:104125,0.0
model_2.pt,PUBCHEM.COMPOUND:54325967,predicate:0,CHEBI:149800,CHEBI:170469,predicate:1,CHEBI:104125,0.0
model_2.pt,HP:0000021,predicate:0,CHEBI:167578,CHEBI:170469,predicate:1,CHEBI:104125,0.0
model_2.pt,CHEMBL.COMPOUND:CHEMBL4782467,predicate:15,CHEBI:134948,CHEBI:170469,predicate:1,CHEBI:104125,0.0
model_2.pt,NCBIGene:23163,predicate:18,NCBIGene:100528017,CHEBI:170469,predicate:1,CHEBI:104125,0.0
model_2.pt,CHEBI:142271,predicate:1,CHEBI:192396,CHEBI:170469,predicate:1,CHEBI:104125,-13.752601623535156
model_2.pt,CHEBI:146285,predicate:12,PUBCHEM.COMPOUND:53478731,CHEBI:170469,predicate:1,CHEBI:104125,0.0
model_2.pt,CHEBI:136073,predicate:15,CHEBI:125586,CHEBI:170469,predicate:1,CHEBI:104125,0.0
model_2.pt,CHEMBL.COMPOUND:CHEMBL596806,predicate:20,HP:0000253,CHEBI:170469,predicate:1,CHEBI:104125,0.0
model_2.pt,NCBIGene:838170,predicate:13,CHEBI:75099,CHEBI:170469,predicate:1,CHEBI:104125,0.0
model_2.pt,PUBCHEM.COMPOUND:117859783,predicate:11,PUBCHEM.COMPOUND:10525997,CHEBI:170469,predicate:1,CHEBI:104125,0.0
model_2.pt,PUBCHEM.COMPOUND:127036977,predicate:0,CHEBI:103739,CHEBI:170469,predicate:1,CHEBI:104125,0.0
model_2.pt,PUBCHEM.COMPOUND:44433263,predicate:0,CHEBI:119893,CHEBI:170469,predicate:1,CHEBI:104125,0.0
model_2.pt,CHEBI:3914,predicate:15,CHEBI:190153,CHEBI:170469,predicate:1,CHEBI:104125,0.0
model_2.pt,PUBCHEM.COMPOUND:44314087,predicate:0,CHEBI:140407,CHEBI:170469,predicate:1,CHEBI:104125,0.0
model_2.pt,PUBCHEM.COMPOUND:25093440,predicate:0,CHEBI:113553,CHEBI:170469,predicate:1,CHEBI:104125,0.0
model_2.pt,CHEBI:65179,predicate:11,PUBCHEM.COMPOUND:11274029,CHEBI:170469,predicate:1,CHEBI:104125,0.0
model_2.pt,CHEBI:71580,predicate:22,MONDO:0005068,CHEBI:170469,predicate:1,CHEBI:104125,0.0
model_2.pt,CHEBI:190006,predicate:14,PUBCHEM.COMPOUND:118471641,CHEBI:170469,predicate:1,CHEBI:104125,0.0
model_2.pt,PUBCHEM.COMPOUND:59268935,predicate:0,CHEBI:113373,CHEBI:170469,predicate:1,CHEBI:104125,0.0
model_2.pt,CHEBI:157642,predicate:1,PUBCHEM.COMPOUND:130345144,CHEBI:170469,predicate:1,CHEBI:104125,-15.565179824829102
model_2.pt,PUBCHEM.COMPOUND:57395067,predicate:0,CHEBI:167320,CHEBI:170469,predicate:1,CHEBI:104125,0.0
model_2.pt,PUBCHEM.COMPOUND:2744597,predicate:11,PUBCHEM.COMPOUND:2930224,CHEBI:170469,predicate:1,CHEBI:104125,0.0
model_2.pt,CHEBI:137225,predicate:17,CHEBI:131804,CHEBI:170469,predicate:1,CHEBI:104125,0.0
model_2.pt,CHEBI:111166,predicate:1,CHEBI:93303,CHEBI:170469,predicate:1,CHEBI:104125,-12.835687637329102
model_2.pt,MONDO:0013171,predicate:20,MONDO:0001071,CHEBI:170469,predicate:1,CHEBI:104125,0.0
model_2.pt,CHEBI:143170,predicate:1,CHEBI:166778,CHEBI:170469,predicate:1,CHEBI:104125,25.02814292907715
model_2.pt,CHEBI:51561,predicate:2,HP:0001945,CHEBI:170469,predicate:1,CHEBI:104125,0.0
model_2.pt,UNII:5M691HL4BO,predicate:23,HP:0001288,CHEBI:170469,predicate:1,CHEBI:104125,0.0
model_2.pt,MONDO:0011122,predicate:18,CHEBI:132752,CHEBI:170469,predicate:1,CHEBI:104125,0.0
model_2.pt,PUBCHEM.COMPOUND:10314049,predicate:13,CHEBI:18086,CHEBI:170469,predicate:1,CHEBI:104125,0.0
model_2.pt,CHEBI:144357,predicate:20,HP:0002857,CHEBI:170469,predicate:1,CHEBI:104125,0.0
model_2.pt,CHEBI:16207,predicate:15,CHEBI:129768,CHEBI:170469,predicate:1,CHEBI:104125,0.0
model_2.pt,CHEBI:139081,predicate:20,HP:0010864,CHEBI:170469,predicate:1,CHEBI:104125,0.0
model_2.pt,PUBCHEM.COMPOUND:5702107,predicate:3,CHEBI:109116,CHEBI:170469,predicate:1,CHEBI:104125,0.0
model_2.pt,CHEBI:71289,predicate:17,CHEBI:180867,CHEBI:170469,predicate:1,CHEBI:104125,0.0
model_2.pt,PUBCHEM.COMPOUND:9834864,predicate:21,CHEBI:113373,CHEBI:170469,predicate:1,CHEBI:104125,0.0
model_2.pt,PUBCHEM.COMPOUND:44431492,predicate:18,CHEBI:121826,CHEBI:170469,predicate:1,CHEBI:104125,0.0
model_2.pt,PUBCHEM.COMPOUND:10432760,predicate:25,CHEBI:166658,CHEBI:170469,predicate:1,CHEBI:104125,0.0
model_2.pt,PUBCHEM.COMPOUND:25015107,predicate:0,CHEBI:127989,CHEBI:170469,predicate:1,CHEBI:104125,0.0
model_2.pt,PUBCHEM.COMPOUND:131757266,predicate:13,MONDO:0006749,CHEBI:170469,predicate:1,CHEBI:104125,0.0
model_2.pt,CHEBI:72619,predicate:1,CHEBI:196198,CHEBI:170469,predicate:1,CHEBI:104125,24.15908432006836
model_2.pt,CHEBI:71600,predicate:1,HMDB:HMDB0009929,CHEBI:170469,predicate:1,CHEBI:104125,-41.26506805419922
model_2.pt,CHEBI:184579,predicate:11,CHEBI:144250,CHEBI:170469,predicate:1,CHEBI:104125,0.0
model_2.pt,CHEBI:88497,predicate:1,CHEBI:144822,CHEBI:170469,predicate:1,CHEBI:104125,34.92441177368164
model_2.pt,CHEBI:15040,predicate:16,MONDO:0013171,CHEBI:170469,predicate:1,CHEBI:104125,0.0
model_2.pt,MONDO:0005272,predicate:1,CHEBI:18262,CHEBI:170469,predicate:1,CHEBI:104125,51.14663696289063
model_2.pt,CHEBI:126004,predicate:17,CHEBI:175375,CHEBI:170469,predicate:1,CHEBI:104125,0.0
model_2.pt,MONDO:0035764,predicate:1,HMDB:HMDB0083268,CHEBI:170469,predicate:1,CHEBI:104125,-19.16334342956543
model_2.pt,PUBCHEM.COMPOUND:155512592,predicate:0,CHEBI:103843,CHEBI:170469,predicate:1,CHEBI:104125,0.0
model_2.pt,CHEBI:15490,predicate:15,CHEBI:170609,CHEBI:170469,predicate:1,CHEBI:104125,0.0
model_2.pt,CHEBI:138520,predicate:28,CHEBI:171141,CHEBI:170469,predicate:1,CHEBI:104125,0.0
model_2.pt,CHEBI:131557,predicate:1,CHEBI:73731,CHEBI:170469,predicate:1,CHEBI:104125,0.7914676666259766
model_2.pt,CHEBI:134948,predicate:22,MONDO:0000831,CHEBI:170469,predicate:1,CHEBI:104125,0.0
model_2.pt,PUBCHEM.COMPOUND:10578760,predicate:0,CHEBI:92697,CHEBI:170469,predicate:1,CHEBI:104125,0.0
model_2.pt,HMDB:HMDB0076696,predicate:17,CHEBI:170784,CHEBI:170469,predicate:1,CHEBI:104125,0.0
model_2.pt,MONDO:0859265,predicate:3,CHEBI:176304,CHEBI:170469,predicate:1,CHEBI:104125,0.0
model_2.pt,CHEBI:113553,predicate:1,HMDB:HMDB0077232,CHEBI:170469,predicate:1,CHEBI:104125,28.779863357543945
model_2.pt,PUBCHEM.COMPOUND:137226420,predicate:0,CHEBI:109116,CHEBI:170469,predicate:1,CHEBI:104125,0.0
model_2.pt,MONDO:0010691,predicate:20,HP:0007957,CHEBI:170469,predicate:1,CHEBI:104125,0.0
model_2.pt,CHEMBL.COMPOUND:CHEMBL536308,predicate:1,CHEBI:163814,CHEBI:170469,predicate:1,CHEBI:104125,-10.957006454467772
model_2.pt,CHEBI:83370,predicate:16,CHEBI:72635,CHEBI:170469,predicate:1,CHEBI:104125,0.0
model_2.pt,PUBCHEM.COMPOUND:122196132,predicate:0,CHEBI:172159,CHEBI:170469,predicate:1,CHEBI:104125,0.0
model_2.pt,MONDO:0011730,predicate:1,CHEMBL.COMPOUND:CHEMBL54465,CHEBI:170469,predicate:1,CHEBI:104125,-13.176856994628906
model_2.pt,MONDO:0011840,predicate:1,CHEBI:139280,CHEBI:170469,predicate:1,CHEBI:104125,-15.090572357177734
model_2.pt,CHEBI:17482,predicate:23,MONDO:0001382,CHEBI:170469,predicate:1,CHEBI:104125,0.0
model_2.pt,PUBCHEM.COMPOUND:25263321,predicate:11,PUBCHEM.COMPOUND:3003511,CHEBI:170469,predicate:1,CHEBI:104125,0.0
model_2.pt,PUBCHEM.COMPOUND:10216381,predicate:11,PUBCHEM.COMPOUND:10431492,CHEBI:170469,predicate:1,CHEBI:104125,0.0
model_2.pt,NCBIGene:820781,predicate:12,PUBCHEM.COMPOUND:131761197,CHEBI:170469,predicate:1,CHEBI:104125,0.0
model_2.pt,CHEBI:51068,predicate:17,HMDB:HMDB0009399,CHEBI:170469,predicate:1,CHEBI:104125,0.0
model_2.pt,CHEBI:9330,predicate:22,MONDO:0005011,CHEBI:170469,predicate:1,CHEBI:104125,0.0
model_2.pt,PUBCHEM.COMPOUND:10048208,predicate:26,CHEMBL.COMPOUND:CHEMBL151630,CHEBI:170469,predicate:1,CHEBI:104125,0.0
model_2.pt,PUBCHEM.COMPOUND:44176335,predicate:0,CHEBI:105317,CHEBI:170469,predicate:1,CHEBI:104125,0.0
model_2.pt,PUBCHEM.COMPOUND:49864838,predicate:18,CHEBI:109533,CHEBI:170469,predicate:1,CHEBI:104125,0.0
model_2.pt,CHEBI:185985,predicate:16,CHEBI:70967,CHEBI:170469,predicate:1,CHEBI:104125,0.0
model_2.pt,CHEMBL.COMPOUND:CHEMBL4798272,predicate:15,CHEBI:167641,CHEBI:170469,predicate:1,CHEBI:104125,0.0
model_2.pt,PUBCHEM.COMPOUND:126739109,predicate:11,MONDO:0006996,CHEBI:170469,predicate:1,CHEBI:104125,0.0
model_2.pt,MONDO:0012176,predicate:20,HP:0003028,MONDO:0006336,predicate:12,NCIT:C45955,0.0
model_2.pt,CHEBI:16959,predicate:17,CHEBI:172284,MONDO:0006336,predicate:12,NCIT:C45955,0.0
model_2.pt,PUBCHEM.COMPOUND:68020555,predicate:0,PUBCHEM.COMPOUND:44459583,MONDO:0006336,predicate:12,NCIT:C45955,0.0
model_2.pt,PUBCHEM.COMPOUND:137636752,predicate:0,CHEBI:134753,MONDO:0006336,predicate:12,NCIT:C45955,0.0
model_2.pt,PUBCHEM.COMPOUND:124221273,predicate:23,MONDO:0015691,MONDO:0006336,predicate:12,NCIT:C45955,0.0
model_2.pt,PUBCHEM.COMPOUND:130200977,predicate:18,CHEBI:144991,MONDO:0006336,predicate:12,NCIT:C45955,0.0
model_2.pt,MONDO:0005044,predicate:11,MONDO:0056796,MONDO:0006336,predicate:12,NCIT:C45955,0.0
model_2.pt,CHEBI:16592,predicate:41,CHEBI:114693,MONDO:0006336,predicate:12,NCIT:C45955,0.0
model_2.pt,CHEBI:166772,predicate:15,CHEBI:175537,MONDO:0006336,predicate:12,NCIT:C45955,0.0
model_2.pt,DRUGBANK:DB11158,predicate:2,MONDO:0005147,MONDO:0006336,predicate:12,NCIT:C45955,0.0
model_2.pt,CHEBI:145008,predicate:2,MONDO:0001076,MONDO:0006336,predicate:12,NCIT:C45955,0.0
model_2.pt,CHEBI:172333,predicate:11,CHEBI:84017,MONDO:0006336,predicate:12,NCIT:C45955,0.0
model_2.pt,CHEBI:188563,predicate:12,PUBCHEM.COMPOUND:52924335,MONDO:0006336,predicate:12,NCIT:C45955,92.63339233398438
model_2.pt,CHEBI:190239,predicate:11,HMDB:HMDB0072989,MONDO:0006336,predicate:12,NCIT:C45955,0.0
model_2.pt,CHEBI:135278,predicate:22,MONDO:0005559,MONDO:0006336,predicate:12,NCIT:C45955,0.0
model_2.pt,CHEBI:47040,predicate:15,CHEBI:146256,MONDO:0006336,predicate:12,NCIT:C45955,0.0
model_2.pt,CHEMBL.COMPOUND:CHEMBL4747062,predicate:0,CHEBI:71479,MONDO:0006336,predicate:12,NCIT:C45955,0.0
model_2.pt,CHEBI:42371,predicate:17,CHEBI:135736,MONDO:0006336,predicate:12,NCIT:C45955,0.0
model_2.pt,CHEBI:143114,predicate:1,CHEBI:125432,MONDO:0006336,predicate:12,NCIT:C45955,0.0
model_2.pt,CHEBI:185767,predicate:1,CHEBI:16264,MONDO:0006336,predicate:12,NCIT:C45955,0.0
model_2.pt,CHEBI:109317,predicate:14,CHEBI:170587,MONDO:0006336,predicate:12,NCIT:C45955,0.0
model_2.pt,CHEMBL.COMPOUND:CHEMBL4877928,predicate:1,PUBCHEM.COMPOUND:130363355,MONDO:0006336,predicate:12,NCIT:C45955,0.0
model_2.pt,CHEBI:136073,predicate:10,MONDO:0007263,MONDO:0006336,predicate:12,NCIT:C45955,0.0
model_2.pt,PUBCHEM.COMPOUND:131762323,predicate:13,CHEBI:149534,MONDO:0006336,predicate:12,NCIT:C45955,0.0
model_2.pt,PUBCHEM.COMPOUND:54325967,predicate:0,CHEBI:149800,MONDO:0006336,predicate:12,NCIT:C45955,0.0
model_2.pt,HP:0000021,predicate:0,CHEBI:167578,MONDO:0006336,predicate:12,NCIT:C45955,0.0
model_2.pt,CHEMBL.COMPOUND:CHEMBL4782467,predicate:15,CHEBI:134948,MONDO:0006336,predicate:12,NCIT:C45955,0.0
model_2.pt,NCBIGene:23163,predicate:18,NCBIGene:100528017,MONDO:0006336,predicate:12,NCIT:C45955,0.0
model_2.pt,CHEBI:142271,predicate:1,CHEBI:192396,MONDO:0006336,predicate:12,NCIT:C45955,0.0
model_2.pt,CHEBI:146285,predicate:12,PUBCHEM.COMPOUND:53478731,MONDO:0006336,predicate:12,NCIT:C45955,-80.28821563720703
model_2.pt,CHEBI:136073,predicate:15,CHEBI:125586,MONDO:0006336,predicate:12,NCIT:C45955,0.0
model_2.pt,CHEMBL.COMPOUND:CHEMBL596806,predicate:20,HP:0000253,MONDO:0006336,predicate:12,NCIT:C45955,0.0
model_2.pt,NCBIGene:838170,predicate:13,CHEBI:75099,MONDO:0006336,predicate:12,NCIT:C45955,0.0
model_2.pt,PUBCHEM.COMPOUND:117859783,predicate:11,PUBCHEM.COMPOUND:10525997,MONDO:0006336,predicate:12,NCIT:C45955,0.0
model_2.pt,PUBCHEM.COMPOUND:127036977,predicate:0,CHEBI:103739,MONDO:0006336,predicate:12,NCIT:C45955,0.0
model_2.pt,PUBCHEM.COMPOUND:44433263,predicate:0,CHEBI:119893,MONDO:0006336,predicate:12,NCIT:C45955,0.0
model_2.pt,CHEBI:3914,predicate:15,CHEBI:190153,MONDO:0006336,predicate:12,NCIT:C45955,0.0
model_2.pt,PUBCHEM.COMPOUND:44314087,predicate:0,CHEBI:140407,MONDO:0006336,predicate:12,NCIT:C45955,0.0
model_2.pt,PUBCHEM.COMPOUND:25093440,predicate:0,CHEBI:113553,MONDO:0006336,predicate:12,NCIT:C45955,0.0
model_2.pt,CHEBI:65179,predicate:11,PUBCHEM.COMPOUND:11274029,MONDO:0006336,predicate:12,NCIT:C45955,0.0
model_2.pt,CHEBI:71580,predicate:22,MONDO:0005068,MONDO:0006336,predicate:12,NCIT:C45955,0.0
model_2.pt,CHEBI:190006,predicate:14,PUBCHEM.COMPOUND:118471641,MONDO:0006336,predicate:12,NCIT:C45955,0.0
model_2.pt,PUBCHEM.COMPOUND:59268935,predicate:0,CHEBI:113373,MONDO:0006336,predicate:12,NCIT:C45955,0.0
model_2.pt,CHEBI:157642,predicate:1,PUBCHEM.COMPOUND:130345144,MONDO:0006336,predicate:12,NCIT:C45955,0.0
model_2.pt,PUBCHEM.COMPOUND:57395067,predicate:0,CHEBI:167320,MONDO:0006336,predicate:12,NCIT:C45955,0.0
model_2.pt,PUBCHEM.COMPOUND:2744597,predicate:11,PUBCHEM.COMPOUND:2930224,MONDO:0006336,predicate:12,NCIT:C45955,0.0
model_2.pt,CHEBI:137225,predicate:17,CHEBI:131804,MONDO:0006336,predicate:12,NCIT:C45955,0.0
model_2.pt,CHEBI:111166,predicate:1,CHEBI:93303,MONDO:0006336,predicate:12,NCIT:C45955,0.0
model_2.pt,MONDO:0013171,predicate:20,MONDO:0001071,MONDO:0006336,predicate:12,NCIT:C45955,0.0
model_2.pt,CHEBI:143170,predicate:1,CHEBI:166778,MONDO:0006336,predicate:12,NCIT:C45955,0.0
model_2.pt,CHEBI:51561,predicate:2,HP:0001945,MONDO:0006336,predicate:12,NCIT:C45955,0.0
model_2.pt,UNII:5M691HL4BO,predicate:23,HP:0001288,MONDO:0006336,predicate:12,NCIT:C45955,0.0
model_2.pt,MONDO:0011122,predicate:18,CHEBI:132752,MONDO:0006336,predicate:12,NCIT:C45955,0.0
model_2.pt,PUBCHEM.COMPOUND:10314049,predicate:13,CHEBI:18086,MONDO:0006336,predicate:12,NCIT:C45955,0.0
model_2.pt,CHEBI:144357,predicate:20,HP:0002857,MONDO:0006336,predicate:12,NCIT:C45955,0.0
model_2.pt,CHEBI:16207,predicate:15,CHEBI:129768,MONDO:0006336,predicate:12,NCIT:C45955,0.0
model_2.pt,CHEBI:139081,predicate:20,HP:0010864,MONDO:0006336,predicate:12,NCIT:C45955,0.0
model_2.pt,PUBCHEM.COMPOUND:5702107,predicate:3,CHEBI:109116,MONDO:0006336,predicate:12,NCIT:C45955,0.0
model_2.pt,CHEBI:71289,predicate:17,CHEBI:180867,MONDO:0006336,predicate:12,NCIT:C45955,0.0
model_2.pt,PUBCHEM.COMPOUND:9834864,predicate:21,CHEBI:113373,MONDO:0006336,predicate:12,NCIT:C45955,0.0
model_2.pt,PUBCHEM.COMPOUND:44431492,predicate:18,CHEBI:121826,MONDO:0006336,predicate:12,NCIT:C45955,0.0
model_2.pt,PUBCHEM.COMPOUND:10432760,predicate:25,CHEBI:166658,MONDO:0006336,predicate:12,NCIT:C45955,0.0
model_2.pt,PUBCHEM.COMPOUND:25015107,predicate:0,CHEBI:127989,MONDO:0006336,predicate:12,NCIT:C45955,0.0
model_2.pt,PUBCHEM.COMPOUND:131757266,predicate:13,MONDO:0006749,MONDO:0006336,predicate:12,NCIT:C45955,0.0
model_2.pt,CHEBI:72619,predicate:1,CHEBI:196198,MONDO:0006336,predicate:12,NCIT:C45955,0.0
model_2.pt,CHEBI:71600,predicate:1,HMDB:HMDB0009929,MONDO:0006336,predicate:12,NCIT:C45955,0.0
model_2.pt,CHEBI:184579,predicate:11,CHEBI:144250,MONDO:0006336,predicate:12,NCIT:C45955,0.0
model_2.pt,CHEBI:88497,predicate:1,CHEBI:144822,MONDO:0006336,predicate:12,NCIT:C45955,0.0
model_2.pt,CHEBI:15040,predicate:16,MONDO:0013171,MONDO:0006336,predicate:12,NCIT:C45955,0.0
model_2.pt,MONDO:0005272,predicate:1,CHEBI:18262,MONDO:0006336,predicate:12,NCIT:C45955,0.0
model_2.pt,CHEBI:126004,predicate:17,CHEBI:175375,MONDO:0006336,predicate:12,NCIT:C45955,0.0
model_2.pt,MONDO:0035764,predicate:1,HMDB:HMDB0083268,MONDO:0006336,predicate:12,NCIT:C45955,0.0
model_2.pt,PUBCHEM.COMPOUND:155512592,predicate:0,CHEBI:103843,MONDO:0006336,predicate:12,NCIT:C45955,0.0
model_2.pt,CHEBI:15490,predicate:15,CHEBI:170609,MONDO:0006336,predicate:12,NCIT:C45955,0.0
model_2.pt,CHEBI:138520,predicate:28,CHEBI:171141,MONDO:0006336,predicate:12,NCIT:C45955,0.0
model_2.pt,CHEBI:131557,predicate:1,CHEBI:73731,MONDO:0006336,predicate:12,NCIT:C45955,0.0
model_2.pt,CHEBI:134948,predicate:22,MONDO:0000831,MONDO:0006336,predicate:12,NCIT:C45955,0.0
model_2.pt,PUBCHEM.COMPOUND:10578760,predicate:0,CHEBI:92697,MONDO:0006336,predicate:12,NCIT:C45955,0.0
model_2.pt,HMDB:HMDB0076696,predicate:17,CHEBI:170784,MONDO:0006336,predicate:12,NCIT:C45955,0.0
model_2.pt,MONDO:0859265,predicate:3,CHEBI:176304,MONDO:0006336,predicate:12,NCIT:C45955,0.0
model_2.pt,CHEBI:113553,predicate:1,HMDB:HMDB0077232,MONDO:0006336,predicate:12,NCIT:C45955,0.0
model_2.pt,PUBCHEM.COMPOUND:137226420,predicate:0,CHEBI:109116,MONDO:0006336,predicate:12,NCIT:C45955,0.0
model_2.pt,MONDO:0010691,predicate:20,HP:0007957,MONDO:0006336,predicate:12,NCIT:C45955,0.0
model_2.pt,CHEMBL.COMPOUND:CHEMBL536308,predicate:1,CHEBI:163814,MONDO:0006336,predicate:12,NCIT:C45955,0.0
model_2.pt,CHEBI:83370,predicate:16,CHEBI:72635,MONDO:0006336,predicate:12,NCIT:C45955,0.0
model_2.pt,PUBCHEM.COMPOUND:122196132,predicate:0,CHEBI:172159,MONDO:0006336,predicate:12,NCIT:C45955,0.0
model_2.pt,MONDO:0011730,predicate:1,CHEMBL.COMPOUND:CHEMBL54465,MONDO:0006336,predicate:12,NCIT:C45955,0.0
model_2.pt,MONDO:0011840,predicate:1,CHEBI:139280,MONDO:0006336,predicate:12,NCIT:C45955,0.0
model_2.pt,CHEBI:17482,predicate:23,MONDO:0001382,MONDO:0006336,predicate:12,NCIT:C45955,0.0
model_2.pt,PUBCHEM.COMPOUND:25263321,predicate:11,PUBCHEM.COMPOUND:3003511,MONDO:0006336,predicate:12,NCIT:C45955,0.0
model_2.pt,PUBCHEM.COMPOUND:10216381,predicate:11,PUBCHEM.COMPOUND:10431492,MONDO:0006336,predicate:12,NCIT:C45955,0.0
model_2.pt,NCBIGene:820781,predicate:12,PUBCHEM.COMPOUND:131761197,MONDO:0006336,predicate:12,NCIT:C45955,-2.855152130126953
model_2.pt,CHEBI:51068,predicate:17,HMDB:HMDB0009399,MONDO:0006336,predicate:12,NCIT:C45955,0.0
model_2.pt,CHEBI:9330,predicate:22,MONDO:0005011,MONDO:0006336,predicate:12,NCIT:C45955,0.0
model_2.pt,PUBCHEM.COMPOUND:10048208,predicate:26,CHEMBL.COMPOUND:CHEMBL151630,MONDO:0006336,predicate:12,NCIT:C45955,0.0
model_2.pt,PUBCHEM.COMPOUND:44176335,predicate:0,CHEBI:105317,MONDO:0006336,predicate:12,NCIT:C45955,0.0
model_2.pt,PUBCHEM.COMPOUND:49864838,predicate:18,CHEBI:109533,MONDO:0006336,predicate:12,NCIT:C45955,0.0
model_2.pt,CHEBI:185985,predicate:16,CHEBI:70967,MONDO:0006336,predicate:12,NCIT:C45955,0.0
model_2.pt,CHEMBL.COMPOUND:CHEMBL4798272,predicate:15,CHEBI:167641,MONDO:0006336,predicate:12,NCIT:C45955,0.0
model_2.pt,PUBCHEM.COMPOUND:126739109,predicate:11,MONDO:0006996,MONDO:0006336,predicate:12,NCIT:C45955,0.0
model_2.pt,MONDO:0012176,predicate:20,HP:0003028,CHEBI:125673,predicate:28,CHEBI:74460,0.0
model_2.pt,CHEBI:16959,predicate:17,CHEBI:172284,CHEBI:125673,predicate:28,CHEBI:74460,0.0
model_2.pt,PUBCHEM.COMPOUND:68020555,predicate:0,PUBCHEM.COMPOUND:44459583,CHEBI:125673,predicate:28,CHEBI:74460,0.0
model_2.pt,PUBCHEM.COMPOUND:137636752,predicate:0,CHEBI:134753,CHEBI:125673,predicate:28,CHEBI:74460,0.0
model_2.pt,PUBCHEM.COMPOUND:124221273,predicate:23,MONDO:0015691,CHEBI:125673,predicate:28,CHEBI:74460,0.0
model_2.pt,PUBCHEM.COMPOUND:130200977,predicate:18,CHEBI:144991,CHEBI:125673,predicate:28,CHEBI:74460,0.0
model_2.pt,MONDO:0005044,predicate:11,MONDO:0056796,CHEBI:125673,predicate:28,CHEBI:74460,0.0
model_2.pt,CHEBI:16592,predicate:41,CHEBI:114693,CHEBI:125673,predicate:28,CHEBI:74460,0.0
model_2.pt,CHEBI:166772,predicate:15,CHEBI:175537,CHEBI:125673,predicate:28,CHEBI:74460,0.0
model_2.pt,DRUGBANK:DB11158,predicate:2,MONDO:0005147,CHEBI:125673,predicate:28,CHEBI:74460,0.0
model_2.pt,CHEBI:145008,predicate:2,MONDO:0001076,CHEBI:125673,predicate:28,CHEBI:74460,0.0
model_2.pt,CHEBI:172333,predicate:11,CHEBI:84017,CHEBI:125673,predicate:28,CHEBI:74460,0.0
model_2.pt,CHEBI:188563,predicate:12,PUBCHEM.COMPOUND:52924335,CHEBI:125673,predicate:28,CHEBI:74460,0.0
model_2.pt,CHEBI:190239,predicate:11,HMDB:HMDB0072989,CHEBI:125673,predicate:28,CHEBI:74460,0.0
model_2.pt,CHEBI:135278,predicate:22,MONDO:0005559,CHEBI:125673,predicate:28,CHEBI:74460,0.0
model_2.pt,CHEBI:47040,predicate:15,CHEBI:146256,CHEBI:125673,predicate:28,CHEBI:74460,0.0
model_2.pt,CHEMBL.COMPOUND:CHEMBL4747062,predicate:0,CHEBI:71479,CHEBI:125673,predicate:28,CHEBI:74460,0.0
model_2.pt,CHEBI:42371,predicate:17,CHEBI:135736,CHEBI:125673,predicate:28,CHEBI:74460,0.0
model_2.pt,CHEBI:143114,predicate:1,CHEBI:125432,CHEBI:125673,predicate:28,CHEBI:74460,0.0
model_2.pt,CHEBI:185767,predicate:1,CHEBI:16264,CHEBI:125673,predicate:28,CHEBI:74460,0.0
model_2.pt,CHEBI:109317,predicate:14,CHEBI:170587,CHEBI:125673,predicate:28,CHEBI:74460,0.0
model_2.pt,CHEMBL.COMPOUND:CHEMBL4877928,predicate:1,PUBCHEM.COMPOUND:130363355,CHEBI:125673,predicate:28,CHEBI:74460,0.0
model_2.pt,CHEBI:136073,predicate:10,MONDO:0007263,CHEBI:125673,predicate:28,CHEBI:74460,0.0
model_2.pt,PUBCHEM.COMPOUND:131762323,predicate:13,CHEBI:149534,CHEBI:125673,predicate:28,CHEBI:74460,0.0
model_2.pt,PUBCHEM.COMPOUND:54325967,predicate:0,CHEBI:149800,CHEBI:125673,predicate:28,CHEBI:74460,0.0
model_2.pt,HP:0000021,predicate:0,CHEBI:167578,CHEBI:125673,predicate:28,CHEBI:74460,0.0
model_2.pt,CHEMBL.COMPOUND:CHEMBL4782467,predicate:15,CHEBI:134948,CHEBI:125673,predicate:28,CHEBI:74460,0.0
model_2.pt,NCBIGene:23163,predicate:18,NCBIGene:100528017,CHEBI:125673,predicate:28,CHEBI:74460,0.0
model_2.pt,CHEBI:142271,predicate:1,CHEBI:192396,CHEBI:125673,predicate:28,CHEBI:74460,0.0
model_2.pt,CHEBI:146285,predicate:12,PUBCHEM.COMPOUND:53478731,CHEBI:125673,predicate:28,CHEBI:74460,0.0
model_2.pt,CHEBI:136073,predicate:15,CHEBI:125586,CHEBI:125673,predicate:28,CHEBI:74460,0.0
model_2.pt,CHEMBL.COMPOUND:CHEMBL596806,predicate:20,HP:0000253,CHEBI:125673,predicate:28,CHEBI:74460,0.0
model_2.pt,NCBIGene:838170,predicate:13,CHEBI:75099,CHEBI:125673,predicate:28,CHEBI:74460,0.0
model_2.pt,PUBCHEM.COMPOUND:117859783,predicate:11,PUBCHEM.COMPOUND:10525997,CHEBI:125673,predicate:28,CHEBI:74460,0.0
model_2.pt,PUBCHEM.COMPOUND:127036977,predicate:0,CHEBI:103739,CHEBI:125673,predicate:28,CHEBI:74460,0.0
model_2.pt,PUBCHEM.COMPOUND:44433263,predicate:0,CHEBI:119893,CHEBI:125673,predicate:28,CHEBI:74460,0.0
model_2.pt,CHEBI:3914,predicate:15,CHEBI:190153,CHEBI:125673,predicate:28,CHEBI:74460,0.0
model_2.pt,PUBCHEM.COMPOUND:44314087,predicate:0,CHEBI:140407,CHEBI:125673,predicate:28,CHEBI:74460,0.0
model_2.pt,PUBCHEM.COMPOUND:25093440,predicate:0,CHEBI:113553,CHEBI:125673,predicate:28,CHEBI:74460,0.0
model_2.pt,CHEBI:65179,predicate:11,PUBCHEM.COMPOUND:11274029,CHEBI:125673,predicate:28,CHEBI:74460,0.0
model_2.pt,CHEBI:71580,predicate:22,MONDO:0005068,CHEBI:125673,predicate:28,CHEBI:74460,0.0
model_2.pt,CHEBI:190006,predicate:14,PUBCHEM.COMPOUND:118471641,CHEBI:125673,predicate:28,CHEBI:74460,0.0
model_2.pt,PUBCHEM.COMPOUND:59268935,predicate:0,CHEBI:113373,CHEBI:125673,predicate:28,CHEBI:74460,0.0
model_2.pt,CHEBI:157642,predicate:1,PUBCHEM.COMPOUND:130345144,CHEBI:125673,predicate:28,CHEBI:74460,0.0
model_2.pt,PUBCHEM.COMPOUND:57395067,predicate:0,CHEBI:167320,CHEBI:125673,predicate:28,CHEBI:74460,0.0
model_2.pt,PUBCHEM.COMPOUND:2744597,predicate:11,PUBCHEM.COMPOUND:2930224,CHEBI:125673,predicate:28,CHEBI:74460,0.0
model_2.pt,CHEBI:137225,predicate:17,CHEBI:131804,CHEBI:125673,predicate:28,CHEBI:74460,0.0
model_2.pt,CHEBI:111166,predicate:1,CHEBI:93303,CHEBI:125673,predicate:28,CHEBI:74460,0.0
model_2.pt,MONDO:0013171,predicate:20,MONDO:0001071,CHEBI:125673,predicate:28,CHEBI:74460,0.0
model_2.pt,CHEBI:143170,predicate:1,CHEBI:166778,CHEBI:125673,predicate:28,CHEBI:74460,0.0
model_2.pt,CHEBI:51561,predicate:2,HP:0001945,CHEBI:125673,predicate:28,CHEBI:74460,0.0
model_2.pt,UNII:5M691HL4BO,predicate:23,HP:0001288,CHEBI:125673,predicate:28,CHEBI:74460,0.0
model_2.pt,MONDO:0011122,predicate:18,CHEBI:132752,CHEBI:125673,predicate:28,CHEBI:74460,0.0
model_2.pt,PUBCHEM.COMPOUND:10314049,predicate:13,CHEBI:18086,CHEBI:125673,predicate:28,CHEBI:74460,0.0
model_2.pt,CHEBI:144357,predicate:20,HP:0002857,CHEBI:125673,predicate:28,CHEBI:74460,0.0
model_2.pt,CHEBI:16207,predicate:15,CHEBI:129768,CHEBI:125673,predicate:28,CHEBI:74460,0.0
model_2.pt,CHEBI:139081,predicate:20,HP:0010864,CHEBI:125673,predicate:28,CHEBI:74460,0.0
model_2.pt,PUBCHEM.COMPOUND:5702107,predicate:3,CHEBI:109116,CHEBI:125673,predicate:28,CHEBI:74460,0.0
model_2.pt,CHEBI:71289,predicate:17,CHEBI:180867,CHEBI:125673,predicate:28,CHEBI:74460,0.0
model_2.pt,PUBCHEM.COMPOUND:9834864,predicate:21,CHEBI:113373,CHEBI:125673,predicate:28,CHEBI:74460,0.0
model_2.pt,PUBCHEM.COMPOUND:44431492,predicate:18,CHEBI:121826,CHEBI:125673,predicate:28,CHEBI:74460,0.0
model_2.pt,PUBCHEM.COMPOUND:10432760,predicate:25,CHEBI:166658,CHEBI:125673,predicate:28,CHEBI:74460,0.0
model_2.pt,PUBCHEM.COMPOUND:25015107,predicate:0,CHEBI:127989,CHEBI:125673,predicate:28,CHEBI:74460,0.0
model_2.pt,PUBCHEM.COMPOUND:131757266,predicate:13,MONDO:0006749,CHEBI:125673,predicate:28,CHEBI:74460,0.0
model_2.pt,CHEBI:72619,predicate:1,CHEBI:196198,CHEBI:125673,predicate:28,CHEBI:74460,0.0
model_2.pt,CHEBI:71600,predicate:1,HMDB:HMDB0009929,CHEBI:125673,predicate:28,CHEBI:74460,0.0
model_2.pt,CHEBI:184579,predicate:11,CHEBI:144250,CHEBI:125673,predicate:28,CHEBI:74460,0.0
model_2.pt,CHEBI:88497,predicate:1,CHEBI:144822,CHEBI:125673,predicate:28,CHEBI:74460,0.0
model_2.pt,CHEBI:15040,predicate:16,MONDO:0013171,CHEBI:125673,predicate:28,CHEBI:74460,0.0
model_2.pt,MONDO:0005272,predicate:1,CHEBI:18262,CHEBI:125673,predicate:28,CHEBI:74460,0.0
model_2.pt,CHEBI:126004,predicate:17,CHEBI:175375,CHEBI:125673,predicate:28,CHEBI:74460,0.0
model_2.pt,MONDO:0035764,predicate:1,HMDB:HMDB0083268,CHEBI:125673,predicate:28,CHEBI:74460,0.0
model_2.pt,PUBCHEM.COMPOUND:155512592,predicate:0,CHEBI:103843,CHEBI:125673,predicate:28,CHEBI:74460,0.0
model_2.pt,CHEBI:15490,predicate:15,CHEBI:170609,CHEBI:125673,predicate:28,CHEBI:74460,0.0
model_2.pt,CHEBI:138520,predicate:28,CHEBI:171141,CHEBI:125673,predicate:28,CHEBI:74460,-34.43717956542969
model_2.pt,CHEBI:131557,predicate:1,CHEBI:73731,CHEBI:125673,predicate:28,CHEBI:74460,0.0
model_2.pt,CHEBI:134948,predicate:22,MONDO:0000831,CHEBI:125673,predicate:28,CHEBI:74460,0.0
model_2.pt,PUBCHEM.COMPOUND:10578760,predicate:0,CHEBI:92697,CHEBI:125673,predicate:28,CHEBI:74460,0.0
model_2.pt,HMDB:HMDB0076696,predicate:17,CHEBI:170784,CHEBI:125673,predicate:28,CHEBI:74460,0.0
model_2.pt,MONDO:0859265,predicate:3,CHEBI:176304,CHEBI:125673,predicate:28,CHEBI:74460,0.0
model_2.pt,CHEBI:113553,predicate:1,HMDB:HMDB0077232,CHEBI:125673,predicate:28,CHEBI:74460,0.0
model_2.pt,PUBCHEM.COMPOUND:137226420,predicate:0,CHEBI:109116,CHEBI:125673,predicate:28,CHEBI:74460,0.0
model_2.pt,MONDO:0010691,predicate:20,HP:0007957,CHEBI:125673,predicate:28,CHEBI:74460,0.0
model_2.pt,CHEMBL.COMPOUND:CHEMBL536308,predicate:1,CHEBI:163814,CHEBI:125673,predicate:28,CHEBI:74460,0.0
model_2.pt,CHEBI:83370,predicate:16,CHEBI:72635,CHEBI:125673,predicate:28,CHEBI:74460,0.0
model_2.pt,PUBCHEM.COMPOUND:122196132,predicate:0,CHEBI:172159,CHEBI:125673,predicate:28,CHEBI:74460,0.0
model_2.pt,MONDO:0011730,predicate:1,CHEMBL.COMPOUND:CHEMBL54465,CHEBI:125673,predicate:28,CHEBI:74460,0.0
model_2.pt,MONDO:0011840,predicate:1,CHEBI:139280,CHEBI:125673,predicate:28,CHEBI:74460,0.0
model_2.pt,CHEBI:17482,predicate:23,MONDO:0001382,CHEBI:125673,predicate:28,CHEBI:74460,0.0
model_2.pt,PUBCHEM.COMPOUND:25263321,predicate:11,PUBCHEM.COMPOUND:3003511,CHEBI:125673,predicate:28,CHEBI:74460,0.0
model_2.pt,PUBCHEM.COMPOUND:10216381,predicate:11,PUBCHEM.COMPOUND:10431492,CHEBI:125673,predicate:28,CHEBI:74460,0.0
model_2.pt,NCBIGene:820781,predicate:12,PUBCHEM.COMPOUND:131761197,CHEBI:125673,predicate:28,CHEBI:74460,0.0
model_2.pt,CHEBI:51068,predicate:17,HMDB:HMDB0009399,CHEBI:125673,predicate:28,CHEBI:74460,0.0
model_2.pt,CHEBI:9330,predicate:22,MONDO:0005011,CHEBI:125673,predicate:28,CHEBI:74460,0.0
model_2.pt,PUBCHEM.COMPOUND:10048208,predicate:26,CHEMBL.COMPOUND:CHEMBL151630,CHEBI:125673,predicate:28,CHEBI:74460,0.0
model_2.pt,PUBCHEM.COMPOUND:44176335,predicate:0,CHEBI:105317,CHEBI:125673,predicate:28,CHEBI:74460,0.0
model_2.pt,PUBCHEM.COMPOUND:49864838,predicate:18,CHEBI:109533,CHEBI:125673,predicate:28,CHEBI:74460,0.0
model_2.pt,CHEBI:185985,predicate:16,CHEBI:70967,CHEBI:125673,predicate:28,CHEBI:74460,0.0
model_2.pt,CHEMBL.COMPOUND:CHEMBL4798272,predicate:15,CHEBI:167641,CHEBI:125673,predicate:28,CHEBI:74460,0.0
model_2.pt,PUBCHEM.COMPOUND:126739109,predicate:11,MONDO:0006996,CHEBI:125673,predicate:28,CHEBI:74460,0.0
model_2.pt,MONDO:0012176,predicate:20,HP:0003028,CHEMBL.COMPOUND:CHEMBL505612,predicate:1,CHEBI:128907,0.0
model_2.pt,CHEBI:16959,predicate:17,CHEBI:172284,CHEMBL.COMPOUND:CHEMBL505612,predicate:1,CHEBI:128907,0.0
model_2.pt,PUBCHEM.COMPOUND:68020555,predicate:0,PUBCHEM.COMPOUND:44459583,CHEMBL.COMPOUND:CHEMBL505612,predicate:1,CHEBI:128907,0.0
model_2.pt,PUBCHEM.COMPOUND:137636752,predicate:0,CHEBI:134753,CHEMBL.COMPOUND:CHEMBL505612,predicate:1,CHEBI:128907,0.0
model_2.pt,PUBCHEM.COMPOUND:124221273,predicate:23,MONDO:0015691,CHEMBL.COMPOUND:CHEMBL505612,predicate:1,CHEBI:128907,0.0
model_2.pt,PUBCHEM.COMPOUND:130200977,predicate:18,CHEBI:144991,CHEMBL.COMPOUND:CHEMBL505612,predicate:1,CHEBI:128907,0.0
model_2.pt,MONDO:0005044,predicate:11,MONDO:0056796,CHEMBL.COMPOUND:CHEMBL505612,predicate:1,CHEBI:128907,0.0
model_2.pt,CHEBI:16592,predicate:41,CHEBI:114693,CHEMBL.COMPOUND:CHEMBL505612,predicate:1,CHEBI:128907,0.0
model_2.pt,CHEBI:166772,predicate:15,CHEBI:175537,CHEMBL.COMPOUND:CHEMBL505612,predicate:1,CHEBI:128907,0.0
model_2.pt,DRUGBANK:DB11158,predicate:2,MONDO:0005147,CHEMBL.COMPOUND:CHEMBL505612,predicate:1,CHEBI:128907,0.0
model_2.pt,CHEBI:145008,predicate:2,MONDO:0001076,CHEMBL.COMPOUND:CHEMBL505612,predicate:1,CHEBI:128907,0.0
model_2.pt,CHEBI:172333,predicate:11,CHEBI:84017,CHEMBL.COMPOUND:CHEMBL505612,predicate:1,CHEBI:128907,0.0
model_2.pt,CHEBI:188563,predicate:12,PUBCHEM.COMPOUND:52924335,CHEMBL.COMPOUND:CHEMBL505612,predicate:1,CHEBI:128907,0.0
model_2.pt,CHEBI:190239,predicate:11,HMDB:HMDB0072989,CHEMBL.COMPOUND:CHEMBL505612,predicate:1,CHEBI:128907,0.0
model_2.pt,CHEBI:135278,predicate:22,MONDO:0005559,CHEMBL.COMPOUND:CHEMBL505612,predicate:1,CHEBI:128907,0.0
model_2.pt,CHEBI:47040,predicate:15,CHEBI:146256,CHEMBL.COMPOUND:CHEMBL505612,predicate:1,CHEBI:128907,0.0
model_2.pt,CHEMBL.COMPOUND:CHEMBL4747062,predicate:0,CHEBI:71479,CHEMBL.COMPOUND:CHEMBL505612,predicate:1,CHEBI:128907,0.0
model_2.pt,CHEBI:42371,predicate:17,CHEBI:135736,CHEMBL.COMPOUND:CHEMBL505612,predicate:1,CHEBI:128907,0.0
model_2.pt,CHEBI:143114,predicate:1,CHEBI:125432,CHEMBL.COMPOUND:CHEMBL505612,predicate:1,CHEBI:128907,-66.72604370117188
model_2.pt,CHEBI:185767,predicate:1,CHEBI:16264,CHEMBL.COMPOUND:CHEMBL505612,predicate:1,CHEBI:128907,-51.6873893737793
model_2.pt,CHEBI:109317,predicate:14,CHEBI:170587,CHEMBL.COMPOUND:CHEMBL505612,predicate:1,CHEBI:128907,0.0
model_2.pt,CHEMBL.COMPOUND:CHEMBL4877928,predicate:1,PUBCHEM.COMPOUND:130363355,CHEMBL.COMPOUND:CHEMBL505612,predicate:1,CHEBI:128907,-93.30049896240234
model_2.pt,CHEBI:136073,predicate:10,MONDO:0007263,CHEMBL.COMPOUND:CHEMBL505612,predicate:1,CHEBI:128907,0.0
model_2.pt,PUBCHEM.COMPOUND:131762323,predicate:13,CHEBI:149534,CHEMBL.COMPOUND:CHEMBL505612,predicate:1,CHEBI:128907,0.0
model_2.pt,PUBCHEM.COMPOUND:54325967,predicate:0,CHEBI:149800,CHEMBL.COMPOUND:CHEMBL505612,predicate:1,CHEBI:128907,0.0
model_2.pt,HP:0000021,predicate:0,CHEBI:167578,CHEMBL.COMPOUND:CHEMBL505612,predicate:1,CHEBI:128907,0.0
model_2.pt,CHEMBL.COMPOUND:CHEMBL4782467,predicate:15,CHEBI:134948,CHEMBL.COMPOUND:CHEMBL505612,predicate:1,CHEBI:128907,0.0
model_2.pt,NCBIGene:23163,predicate:18,NCBIGene:100528017,CHEMBL.COMPOUND:CHEMBL505612,predicate:1,CHEBI:128907,0.0
model_2.pt,CHEBI:142271,predicate:1,CHEBI:192396,CHEMBL.COMPOUND:CHEMBL505612,predicate:1,CHEBI:128907,59.37993621826172
model_2.pt,CHEBI:146285,predicate:12,PUBCHEM.COMPOUND:53478731,CHEMBL.COMPOUND:CHEMBL505612,predicate:1,CHEBI:128907,0.0
model_2.pt,CHEBI:136073,predicate:15,CHEBI:125586,CHEMBL.COMPOUND:CHEMBL505612,predicate:1,CHEBI:128907,0.0
model_2.pt,CHEMBL.COMPOUND:CHEMBL596806,predicate:20,HP:0000253,CHEMBL.COMPOUND:CHEMBL505612,predicate:1,CHEBI:128907,0.0
model_2.pt,NCBIGene:838170,predicate:13,CHEBI:75099,CHEMBL.COMPOUND:CHEMBL505612,predicate:1,CHEBI:128907,0.0
model_2.pt,PUBCHEM.COMPOUND:117859783,predicate:11,PUBCHEM.COMPOUND:10525997,CHEMBL.COMPOUND:CHEMBL505612,predicate:1,CHEBI:128907,0.0
model_2.pt,PUBCHEM.COMPOUND:127036977,predicate:0,CHEBI:103739,CHEMBL.COMPOUND:CHEMBL505612,predicate:1,CHEBI:128907,0.0
model_2.pt,PUBCHEM.COMPOUND:44433263,predicate:0,CHEBI:119893,CHEMBL.COMPOUND:CHEMBL505612,predicate:1,CHEBI:128907,0.0
model_2.pt,CHEBI:3914,predicate:15,CHEBI:190153,CHEMBL.COMPOUND:CHEMBL505612,predicate:1,CHEBI:128907,0.0
model_2.pt,PUBCHEM.COMPOUND:44314087,predicate:0,CHEBI:140407,CHEMBL.COMPOUND:CHEMBL505612,predicate:1,CHEBI:128907,0.0
model_2.pt,PUBCHEM.COMPOUND:25093440,predicate:0,CHEBI:113553,CHEMBL.COMPOUND:CHEMBL505612,predicate:1,CHEBI:128907,0.0
model_2.pt,CHEBI:65179,predicate:11,PUBCHEM.COMPOUND:11274029,CHEMBL.COMPOUND:CHEMBL505612,predicate:1,CHEBI:128907,0.0
model_2.pt,CHEBI:71580,predicate:22,MONDO:0005068,CHEMBL.COMPOUND:CHEMBL505612,predicate:1,CHEBI:128907,0.0
model_2.pt,CHEBI:190006,predicate:14,PUBCHEM.COMPOUND:118471641,CHEMBL.COMPOUND:CHEMBL505612,predicate:1,CHEBI:128907,0.0
model_2.pt,PUBCHEM.COMPOUND:59268935,predicate:0,CHEBI:113373,CHEMBL.COMPOUND:CHEMBL505612,predicate:1,CHEBI:128907,0.0
model_2.pt,CHEBI:157642,predicate:1,PUBCHEM.COMPOUND:130345144,CHEMBL.COMPOUND:CHEMBL505612,predicate:1,CHEBI:128907,-19.58311462402344
model_2.pt,PUBCHEM.COMPOUND:57395067,predicate:0,CHEBI:167320,CHEMBL.COMPOUND:CHEMBL505612,predicate:1,CHEBI:128907,0.0
model_2.pt,PUBCHEM.COMPOUND:2744597,predicate:11,PUBCHEM.COMPOUND:2930224,CHEMBL.COMPOUND:CHEMBL505612,predicate:1,CHEBI:128907,0.0
model_2.pt,CHEBI:137225,predicate:17,CHEBI:131804,CHEMBL.COMPOUND:CHEMBL505612,predicate:1,CHEBI:128907,0.0
model_2.pt,CHEBI:111166,predicate:1,CHEBI:93303,CHEMBL.COMPOUND:CHEMBL505612,predicate:1,CHEBI:128907,50.448760986328125
model_2.pt,MONDO:0013171,predicate:20,MONDO:0001071,CHEMBL.COMPOUND:CHEMBL505612,predicate:1,CHEBI:128907,0.0
model_2.pt,CHEBI:143170,predicate:1,CHEBI:166778,CHEMBL.COMPOUND:CHEMBL505612,predicate:1,CHEBI:128907,41.898170471191406
model_2.pt,CHEBI:51561,predicate:2,HP:0001945,CHEMBL.COMPOUND:CHEMBL505612,predicate:1,CHEBI:128907,0.0
model_2.pt,UNII:5M691HL4BO,predicate:23,HP:0001288,CHEMBL.COMPOUND:CHEMBL505612,predicate:1,CHEBI:128907,0.0
model_2.pt,MONDO:0011122,predicate:18,CHEBI:132752,CHEMBL.COMPOUND:CHEMBL505612,predicate:1,CHEBI:128907,0.0
model_2.pt,PUBCHEM.COMPOUND:10314049,predicate:13,CHEBI:18086,CHEMBL.COMPOUND:CHEMBL505612,predicate:1,CHEBI:128907,0.0
model_2.pt,CHEBI:144357,predicate:20,HP:0002857,CHEMBL.COMPOUND:CHEMBL505612,predicate:1,CHEBI:128907,0.0
model_2.pt,CHEBI:16207,predicate:15,CHEBI:129768,CHEMBL.COMPOUND:CHEMBL505612,predicate:1,CHEBI:128907,0.0
model_2.pt,CHEBI:139081,predicate:20,HP:0010864,CHEMBL.COMPOUND:CHEMBL505612,predicate:1,CHEBI:128907,0.0
model_2.pt,PUBCHEM.COMPOUND:5702107,predicate:3,CHEBI:109116,CHEMBL.COMPOUND:CHEMBL505612,predicate:1,CHEBI:128907,0.0
model_2.pt,CHEBI:71289,predicate:17,CHEBI:180867,CHEMBL.COMPOUND:CHEMBL505612,predicate:1,CHEBI:128907,0.0
model_2.pt,PUBCHEM.COMPOUND:9834864,predicate:21,CHEBI:113373,CHEMBL.COMPOUND:CHEMBL505612,predicate:1,CHEBI:128907,0.0
model_2.pt,PUBCHEM.COMPOUND:44431492,predicate:18,CHEBI:121826,CHEMBL.COMPOUND:CHEMBL505612,predicate:1,CHEBI:128907,0.0
model_2.pt,PUBCHEM.COMPOUND:10432760,predicate:25,CHEBI:166658,CHEMBL.COMPOUND:CHEMBL505612,predicate:1,CHEBI:128907,0.0
model_2.pt,PUBCHEM.COMPOUND:25015107,predicate:0,CHEBI:127989,CHEMBL.COMPOUND:CHEMBL505612,predicate:1,CHEBI:128907,0.0
model_2.pt,PUBCHEM.COMPOUND:131757266,predicate:13,MONDO:0006749,CHEMBL.COMPOUND:CHEMBL505612,predicate:1,CHEBI:128907,0.0
model_2.pt,CHEBI:72619,predicate:1,CHEBI:196198,CHEMBL.COMPOUND:CHEMBL505612,predicate:1,CHEBI:128907,52.73087692260742
model_2.pt,CHEBI:71600,predicate:1,HMDB:HMDB0009929,CHEMBL.COMPOUND:CHEMBL505612,predicate:1,CHEBI:128907,-31.29900932312012
model_2.pt,CHEBI:184579,predicate:11,CHEBI:144250,CHEMBL.COMPOUND:CHEMBL505612,predicate:1,CHEBI:128907,0.0
model_2.pt,CHEBI:88497,predicate:1,CHEBI:144822,CHEMBL.COMPOUND:CHEMBL505612,predicate:1,CHEBI:128907,28.4921817779541
model_2.pt,CHEBI:15040,predicate:16,MONDO:0013171,CHEMBL.COMPOUND:CHEMBL505612,predicate:1,CHEBI:128907,0.0
model_2.pt,MONDO:0005272,predicate:1,CHEBI:18262,CHEMBL.COMPOUND:CHEMBL505612,predicate:1,CHEBI:128907,28.645153045654297
model_2.pt,CHEBI:126004,predicate:17,CHEBI:175375,CHEMBL.COMPOUND:CHEMBL505612,predicate:1,CHEBI:128907,0.0
model_2.pt,MONDO:0035764,predicate:1,HMDB:HMDB0083268,CHEMBL.COMPOUND:CHEMBL505612,predicate:1,CHEBI:128907,-35.746673583984375
model_2.pt,PUBCHEM.COMPOUND:155512592,predicate:0,CHEBI:103843,CHEMBL.COMPOUND:CHEMBL505612,predicate:1,CHEBI:128907,0.0
model_2.pt,CHEBI:15490,predicate:15,CHEBI:170609,CHEMBL.COMPOUND:CHEMBL505612,predicate:1,CHEBI:128907,0.0
model_2.pt,CHEBI:138520,predicate:28,CHEBI:171141,CHEMBL.COMPOUND:CHEMBL505612,predicate:1,CHEBI:128907,0.0
model_2.pt,CHEBI:131557,predicate:1,CHEBI:73731,CHEMBL.COMPOUND:CHEMBL505612,predicate:1,CHEBI:128907,69.49282836914062
model_2.pt,CHEBI:134948,predicate:22,MONDO:0000831,CHEMBL.COMPOUND:CHEMBL505612,predicate:1,CHEBI:128907,0.0
model_2.pt,PUBCHEM.COMPOUND:10578760,predicate:0,CHEBI:92697,CHEMBL.COMPOUND:CHEMBL505612,predicate:1,CHEBI:128907,0.0
model_2.pt,HMDB:HMDB0076696,predicate:17,CHEBI:170784,CHEMBL.COMPOUND:CHEMBL505612,predicate:1,CHEBI:128907,0.0
model_2.pt,MONDO:0859265,predicate:3,CHEBI:176304,CHEMBL.COMPOUND:CHEMBL505612,predicate:1,CHEBI:128907,0.0
model_2.pt,CHEBI:113553,predicate:1,HMDB:HMDB0077232,CHEMBL.COMPOUND:CHEMBL505612,predicate:1,CHEBI:128907,-8.423076629638672
model_2.pt,PUBCHEM.COMPOUND:137226420,predicate:0,CHEBI:109116,CHEMBL.COMPOUND:CHEMBL505612,predicate:1,CHEBI:128907,0.0
model_2.pt,MONDO:0010691,predicate:20,HP:0007957,CHEMBL.COMPOUND:CHEMBL505612,predicate:1,CHEBI:128907,0.0
model_2.pt,CHEMBL.COMPOUND:CHEMBL536308,predicate:1,CHEBI:163814,CHEMBL.COMPOUND:CHEMBL505612,predicate:1,CHEBI:128907,15.422749519348145
model_2.pt,CHEBI:83370,predicate:16,CHEBI:72635,CHEMBL.COMPOUND:CHEMBL505612,predicate:1,CHEBI:128907,0.0
model_2.pt,PUBCHEM.COMPOUND:122196132,predicate:0,CHEBI:172159,CHEMBL.COMPOUND:CHEMBL505612,predicate:1,CHEBI:128907,0.0
model_2.pt,MONDO:0011730,predicate:1,CHEMBL.COMPOUND:CHEMBL54465,CHEMBL.COMPOUND:CHEMBL505612,predicate:1,CHEBI:128907,8.755977630615234
model_2.pt,MONDO:0011840,predicate:1,CHEBI:139280,CHEMBL.COMPOUND:CHEMBL505612,predicate:1,CHEBI:128907,-8.083708763122559
model_2.pt,CHEBI:17482,predicate:23,MONDO:0001382,CHEMBL.COMPOUND:CHEMBL505612,predicate:1,CHEBI:128907,0.0
model_2.pt,PUBCHEM.COMPOUND:25263321,predicate:11,PUBCHEM.COMPOUND:3003511,CHEMBL.COMPOUND:CHEMBL505612,predicate:1,CHEBI:128907,0.0
model_2.pt,PUBCHEM.COMPOUND:10216381,predicate:11,PUBCHEM.COMPOUND:10431492,CHEMBL.COMPOUND:CHEMBL505612,predicate:1,CHEBI:128907,0.0
model_2.pt,NCBIGene:820781,predicate:12,PUBCHEM.COMPOUND:131761197,CHEMBL.COMPOUND:CHEMBL505612,predicate:1,CHEBI:128907,0.0
model_2.pt,CHEBI:51068,predicate:17,HMDB:HMDB0009399,CHEMBL.COMPOUND:CHEMBL505612,predicate:1,CHEBI:128907,0.0
model_2.pt,CHEBI:9330,predicate:22,MONDO:0005011,CHEMBL.COMPOUND:CHEMBL505612,predicate:1,CHEBI:128907,0.0
model_2.pt,PUBCHEM.COMPOUND:10048208,predicate:26,CHEMBL.COMPOUND:CHEMBL151630,CHEMBL.COMPOUND:CHEMBL505612,predicate:1,CHEBI:128907,0.0
model_2.pt,PUBCHEM.COMPOUND:44176335,predicate:0,CHEBI:105317,CHEMBL.COMPOUND:CHEMBL505612,predicate:1,CHEBI:128907,0.0
model_2.pt,PUBCHEM.COMPOUND:49864838,predicate:18,CHEBI:109533,CHEMBL.COMPOUND:CHEMBL505612,predicate:1,CHEBI:128907,0.0
model_2.pt,CHEBI:185985,predicate:16,CHEBI:70967,CHEMBL.COMPOUND:CHEMBL505612,predicate:1,CHEBI:128907,0.0
model_2.pt,CHEMBL.COMPOUND:CHEMBL4798272,predicate:15,CHEBI:167641,CHEMBL.COMPOUND:CHEMBL505612,predicate:1,CHEBI:128907,0.0
model_2.pt,PUBCHEM.COMPOUND:126739109,predicate:11,MONDO:0006996,CHEMBL.COMPOUND:CHEMBL505612,predicate:1,CHEBI:128907,0.0
model_26.pt,MONDO:0012176,predicate:20,HP:0003028,PUBCHEM.COMPOUND:71059938,predicate:18,CHEBI:132592,0.0
model_26.pt,CHEBI:16959,predicate:17,CHEBI:172284,PUBCHEM.COMPOUND:71059938,predicate:18,CHEBI:132592,0.0
model_26.pt,PUBCHEM.COMPOUND:68020555,predicate:0,PUBCHEM.COMPOUND:44459583,PUBCHEM.COMPOUND:71059938,predicate:18,CHEBI:132592,0.0
model_26.pt,PUBCHEM.COMPOUND:137636752,predicate:0,CHEBI:134753,PUBCHEM.COMPOUND:71059938,predicate:18,CHEBI:132592,0.0
model_26.pt,PUBCHEM.COMPOUND:124221273,predicate:23,MONDO:0015691,PUBCHEM.COMPOUND:71059938,predicate:18,CHEBI:132592,0.0
model_26.pt,PUBCHEM.COMPOUND:130200977,predicate:18,CHEBI:144991,PUBCHEM.COMPOUND:71059938,predicate:18,CHEBI:132592,-26.19217872619629
model_26.pt,MONDO:0005044,predicate:11,MONDO:0056796,PUBCHEM.COMPOUND:71059938,predicate:18,CHEBI:132592,0.0
model_26.pt,CHEBI:16592,predicate:41,CHEBI:114693,PUBCHEM.COMPOUND:71059938,predicate:18,CHEBI:132592,0.0
model_26.pt,CHEBI:166772,predicate:15,CHEBI:175537,PUBCHEM.COMPOUND:71059938,predicate:18,CHEBI:132592,0.0
model_26.pt,DRUGBANK:DB11158,predicate:2,MONDO:0005147,PUBCHEM.COMPOUND:71059938,predicate:18,CHEBI:132592,0.0
model_26.pt,CHEBI:145008,predicate:2,MONDO:0001076,PUBCHEM.COMPOUND:71059938,predicate:18,CHEBI:132592,0.0
model_26.pt,CHEBI:172333,predicate:11,CHEBI:84017,PUBCHEM.COMPOUND:71059938,predicate:18,CHEBI:132592,0.0
model_26.pt,CHEBI:188563,predicate:12,PUBCHEM.COMPOUND:52924335,PUBCHEM.COMPOUND:71059938,predicate:18,CHEBI:132592,0.0
model_26.pt,CHEBI:190239,predicate:11,HMDB:HMDB0072989,PUBCHEM.COMPOUND:71059938,predicate:18,CHEBI:132592,0.0
model_26.pt,CHEBI:135278,predicate:22,MONDO:0005559,PUBCHEM.COMPOUND:71059938,predicate:18,CHEBI:132592,0.0
model_26.pt,CHEBI:47040,predicate:15,CHEBI:146256,PUBCHEM.COMPOUND:71059938,predicate:18,CHEBI:132592,0.0
model_26.pt,CHEMBL.COMPOUND:CHEMBL4747062,predicate:0,CHEBI:71479,PUBCHEM.COMPOUND:71059938,predicate:18,CHEBI:132592,0.0
model_26.pt,CHEBI:42371,predicate:17,CHEBI:135736,PUBCHEM.COMPOUND:71059938,predicate:18,CHEBI:132592,0.0
model_26.pt,CHEBI:143114,predicate:1,CHEBI:125432,PUBCHEM.COMPOUND:71059938,predicate:18,CHEBI:132592,0.0
model_26.pt,CHEBI:185767,predicate:1,CHEBI:16264,PUBCHEM.COMPOUND:71059938,predicate:18,CHEBI:132592,0.0
model_26.pt,CHEBI:109317,predicate:14,CHEBI:170587,PUBCHEM.COMPOUND:71059938,predicate:18,CHEBI:132592,0.0
model_26.pt,CHEMBL.COMPOUND:CHEMBL4877928,predicate:1,PUBCHEM.COMPOUND:130363355,PUBCHEM.COMPOUND:71059938,predicate:18,CHEBI:132592,0.0
model_26.pt,CHEBI:136073,predicate:10,MONDO:0007263,PUBCHEM.COMPOUND:71059938,predicate:18,CHEBI:132592,0.0
model_26.pt,PUBCHEM.COMPOUND:131762323,predicate:13,CHEBI:149534,PUBCHEM.COMPOUND:71059938,predicate:18,CHEBI:132592,0.0
model_26.pt,PUBCHEM.COMPOUND:54325967,predicate:0,CHEBI:149800,PUBCHEM.COMPOUND:71059938,predicate:18,CHEBI:132592,0.0
model_26.pt,HP:0000021,predicate:0,CHEBI:167578,PUBCHEM.COMPOUND:71059938,predicate:18,CHEBI:132592,0.0
model_26.pt,CHEMBL.COMPOUND:CHEMBL4782467,predicate:15,CHEBI:134948,PUBCHEM.COMPOUND:71059938,predicate:18,CHEBI:132592,0.0
model_26.pt,NCBIGene:23163,predicate:18,NCBIGene:100528017,PUBCHEM.COMPOUND:71059938,predicate:18,CHEBI:132592,-42.00078201293945
model_26.pt,CHEBI:142271,predicate:1,CHEBI:192396,PUBCHEM.COMPOUND:71059938,predicate:18,CHEBI:132592,0.0
model_26.pt,CHEBI:146285,predicate:12,PUBCHEM.COMPOUND:53478731,PUBCHEM.COMPOUND:71059938,predicate:18,CHEBI:132592,0.0
model_26.pt,CHEBI:136073,predicate:15,CHEBI:125586,PUBCHEM.COMPOUND:71059938,predicate:18,CHEBI:132592,0.0
model_26.pt,CHEMBL.COMPOUND:CHEMBL596806,predicate:20,HP:0000253,PUBCHEM.COMPOUND:71059938,predicate:18,CHEBI:132592,0.0
model_26.pt,NCBIGene:838170,predicate:13,CHEBI:75099,PUBCHEM.COMPOUND:71059938,predicate:18,CHEBI:132592,0.0
model_26.pt,PUBCHEM.COMPOUND:117859783,predicate:11,PUBCHEM.COMPOUND:10525997,PUBCHEM.COMPOUND:71059938,predicate:18,CHEBI:132592,0.0
model_26.pt,PUBCHEM.COMPOUND:127036977,predicate:0,CHEBI:103739,PUBCHEM.COMPOUND:71059938,predicate:18,CHEBI:132592,0.0
model_26.pt,PUBCHEM.COMPOUND:44433263,predicate:0,CHEBI:119893,PUBCHEM.COMPOUND:71059938,predicate:18,CHEBI:132592,0.0
model_26.pt,CHEBI:3914,predicate:15,CHEBI:190153,PUBCHEM.COMPOUND:71059938,predicate:18,CHEBI:132592,0.0
model_26.pt,PUBCHEM.COMPOUND:44314087,predicate:0,CHEBI:140407,PUBCHEM.COMPOUND:71059938,predicate:18,CHEBI:132592,0.0
model_26.pt,PUBCHEM.COMPOUND:25093440,predicate:0,CHEBI:113553,PUBCHEM.COMPOUND:71059938,predicate:18,CHEBI:132592,0.0
model_26.pt,CHEBI:65179,predicate:11,PUBCHEM.COMPOUND:11274029,PUBCHEM.COMPOUND:71059938,predicate:18,CHEBI:132592,0.0
model_26.pt,CHEBI:71580,predicate:22,MONDO:0005068,PUBCHEM.COMPOUND:71059938,predicate:18,CHEBI:132592,0.0
model_26.pt,CHEBI:190006,predicate:14,PUBCHEM.COMPOUND:118471641,PUBCHEM.COMPOUND:71059938,predicate:18,CHEBI:132592,0.0
model_26.pt,PUBCHEM.COMPOUND:59268935,predicate:0,CHEBI:113373,PUBCHEM.COMPOUND:71059938,predicate:18,CHEBI:132592,0.0
model_26.pt,CHEBI:157642,predicate:1,PUBCHEM.COMPOUND:130345144,PUBCHEM.COMPOUND:71059938,predicate:18,CHEBI:132592,0.0
model_26.pt,PUBCHEM.COMPOUND:57395067,predicate:0,CHEBI:167320,PUBCHEM.COMPOUND:71059938,predicate:18,CHEBI:132592,0.0
model_26.pt,PUBCHEM.COMPOUND:2744597,predicate:11,PUBCHEM.COMPOUND:2930224,PUBCHEM.COMPOUND:71059938,predicate:18,CHEBI:132592,0.0
model_26.pt,CHEBI:137225,predicate:17,CHEBI:131804,PUBCHEM.COMPOUND:71059938,predicate:18,CHEBI:132592,0.0
model_26.pt,CHEBI:111166,predicate:1,CHEBI:93303,PUBCHEM.COMPOUND:71059938,predicate:18,CHEBI:132592,0.0
model_26.pt,MONDO:0013171,predicate:20,MONDO:0001071,PUBCHEM.COMPOUND:71059938,predicate:18,CHEBI:132592,0.0
model_26.pt,CHEBI:143170,predicate:1,CHEBI:166778,PUBCHEM.COMPOUND:71059938,predicate:18,CHEBI:132592,0.0
model_26.pt,CHEBI:51561,predicate:2,HP:0001945,PUBCHEM.COMPOUND:71059938,predicate:18,CHEBI:132592,0.0
model_26.pt,UNII:5M691HL4BO,predicate:23,HP:0001288,PUBCHEM.COMPOUND:71059938,predicate:18,CHEBI:132592,0.0
model_26.pt,MONDO:0011122,predicate:18,CHEBI:132752,PUBCHEM.COMPOUND:71059938,predicate:18,CHEBI:132592,16.216552734375
model_26.pt,PUBCHEM.COMPOUND:10314049,predicate:13,CHEBI:18086,PUBCHEM.COMPOUND:71059938,predicate:18,CHEBI:132592,0.0
model_26.pt,CHEBI:144357,predicate:20,HP:0002857,PUBCHEM.COMPOUND:71059938,predicate:18,CHEBI:132592,0.0
model_26.pt,CHEBI:16207,predicate:15,CHEBI:129768,PUBCHEM.COMPOUND:71059938,predicate:18,CHEBI:132592,0.0
model_26.pt,CHEBI:139081,predicate:20,HP:0010864,PUBCHEM.COMPOUND:71059938,predicate:18,CHEBI:132592,0.0
model_26.pt,PUBCHEM.COMPOUND:5702107,predicate:3,CHEBI:109116,PUBCHEM.COMPOUND:71059938,predicate:18,CHEBI:132592,0.0
model_26.pt,CHEBI:71289,predicate:17,CHEBI:180867,PUBCHEM.COMPOUND:71059938,predicate:18,CHEBI:132592,0.0
model_26.pt,PUBCHEM.COMPOUND:9834864,predicate:21,CHEBI:113373,PUBCHEM.COMPOUND:71059938,predicate:18,CHEBI:132592,0.0
model_26.pt,PUBCHEM.COMPOUND:44431492,predicate:18,CHEBI:121826,PUBCHEM.COMPOUND:71059938,predicate:18,CHEBI:132592,33.03211212158203
model_26.pt,PUBCHEM.COMPOUND:10432760,predicate:25,CHEBI:166658,PUBCHEM.COMPOUND:71059938,predicate:18,CHEBI:132592,0.0
model_26.pt,PUBCHEM.COMPOUND:25015107,predicate:0,CHEBI:127989,PUBCHEM.COMPOUND:71059938,predicate:18,CHEBI:132592,0.0
model_26.pt,PUBCHEM.COMPOUND:131757266,predicate:13,MONDO:0006749,PUBCHEM.COMPOUND:71059938,predicate:18,CHEBI:132592,0.0
model_26.pt,CHEBI:72619,predicate:1,CHEBI:196198,PUBCHEM.COMPOUND:71059938,predicate:18,CHEBI:132592,0.0
model_26.pt,CHEBI:71600,predicate:1,HMDB:HMDB0009929,PUBCHEM.COMPOUND:71059938,predicate:18,CHEBI:132592,0.0
model_26.pt,CHEBI:184579,predicate:11,CHEBI:144250,PUBCHEM.COMPOUND:71059938,predicate:18,CHEBI:132592,0.0
model_26.pt,CHEBI:88497,predicate:1,CHEBI:144822,PUBCHEM.COMPOUND:71059938,predicate:18,CHEBI:132592,0.0
model_26.pt,CHEBI:15040,predicate:16,MONDO:0013171,PUBCHEM.COMPOUND:71059938,predicate:18,CHEBI:132592,0.0
model_26.pt,MONDO:0005272,predicate:1,CHEBI:18262,PUBCHEM.COMPOUND:71059938,predicate:18,CHEBI:132592,0.0
model_26.pt,CHEBI:126004,predicate:17,CHEBI:175375,PUBCHEM.COMPOUND:71059938,predicate:18,CHEBI:132592,0.0
model_26.pt,MONDO:0035764,predicate:1,HMDB:HMDB0083268,PUBCHEM.COMPOUND:71059938,predicate:18,CHEBI:132592,0.0
model_26.pt,PUBCHEM.COMPOUND:155512592,predicate:0,CHEBI:103843,PUBCHEM.COMPOUND:71059938,predicate:18,CHEBI:132592,0.0
model_26.pt,CHEBI:15490,predicate:15,CHEBI:170609,PUBCHEM.COMPOUND:71059938,predicate:18,CHEBI:132592,0.0
model_26.pt,CHEBI:138520,predicate:28,CHEBI:171141,PUBCHEM.COMPOUND:71059938,predicate:18,CHEBI:132592,0.0
model_26.pt,CHEBI:131557,predicate:1,CHEBI:73731,PUBCHEM.COMPOUND:71059938,predicate:18,CHEBI:132592,0.0
model_26.pt,CHEBI:134948,predicate:22,MONDO:0000831,PUBCHEM.COMPOUND:71059938,predicate:18,CHEBI:132592,0.0
model_26.pt,PUBCHEM.COMPOUND:10578760,predicate:0,CHEBI:92697,PUBCHEM.COMPOUND:71059938,predicate:18,CHEBI:132592,0.0
model_26.pt,HMDB:HMDB0076696,predicate:17,CHEBI:170784,PUBCHEM.COMPOUND:71059938,predicate:18,CHEBI:132592,0.0
model_26.pt,MONDO:0859265,predicate:3,CHEBI:176304,PUBCHEM.COMPOUND:71059938,predicate:18,CHEBI:132592,0.0
model_26.pt,CHEBI:113553,predicate:1,HMDB:HMDB0077232,PUBCHEM.COMPOUND:71059938,predicate:18,CHEBI:132592,0.0
model_26.pt,PUBCHEM.COMPOUND:137226420,predicate:0,CHEBI:109116,PUBCHEM.COMPOUND:71059938,predicate:18,CHEBI:132592,0.0
model_26.pt,MONDO:0010691,predicate:20,HP:0007957,PUBCHEM.COMPOUND:71059938,predicate:18,CHEBI:132592,0.0
model_26.pt,CHEMBL.COMPOUND:CHEMBL536308,predicate:1,CHEBI:163814,PUBCHEM.COMPOUND:71059938,predicate:18,CHEBI:132592,0.0
model_26.pt,CHEBI:83370,predicate:16,CHEBI:72635,PUBCHEM.COMPOUND:71059938,predicate:18,CHEBI:132592,0.0
model_26.pt,PUBCHEM.COMPOUND:122196132,predicate:0,CHEBI:172159,PUBCHEM.COMPOUND:71059938,predicate:18,CHEBI:132592,0.0
model_26.pt,MONDO:0011730,predicate:1,CHEMBL.COMPOUND:CHEMBL54465,PUBCHEM.COMPOUND:71059938,predicate:18,CHEBI:132592,0.0
model_26.pt,MONDO:0011840,predicate:1,CHEBI:139280,PUBCHEM.COMPOUND:71059938,predicate:18,CHEBI:132592,0.0
model_26.pt,CHEBI:17482,predicate:23,MONDO:0001382,PUBCHEM.COMPOUND:71059938,predicate:18,CHEBI:132592,0.0
model_26.pt,PUBCHEM.COMPOUND:25263321,predicate:11,PUBCHEM.COMPOUND:3003511,PUBCHEM.COMPOUND:71059938,predicate:18,CHEBI:132592,0.0
model_26.pt,PUBCHEM.COMPOUND:10216381,predicate:11,PUBCHEM.COMPOUND:10431492,PUBCHEM.COMPOUND:71059938,predicate:18,CHEBI:132592,0.0
model_26.pt,NCBIGene:820781,predicate:12,PUBCHEM.COMPOUND:131761197,PUBCHEM.COMPOUND:71059938,predicate:18,CHEBI:132592,0.0
model_26.pt,CHEBI:51068,predicate:17,HMDB:HMDB0009399,PUBCHEM.COMPOUND:71059938,predicate:18,CHEBI:132592,0.0
model_26.pt,CHEBI:9330,predicate:22,MONDO:0005011,PUBCHEM.COMPOUND:71059938,predicate:18,CHEBI:132592,0.0
model_26.pt,PUBCHEM.COMPOUND:10048208,predicate:26,CHEMBL.COMPOUND:CHEMBL151630,PUBCHEM.COMPOUND:71059938,predicate:18,CHEBI:132592,0.0
model_26.pt,PUBCHEM.COMPOUND:44176335,predicate:0,CHEBI:105317,PUBCHEM.COMPOUND:71059938,predicate:18,CHEBI:132592,0.0
model_26.pt,PUBCHEM.COMPOUND:49864838,predicate:18,CHEBI:109533,PUBCHEM.COMPOUND:71059938,predicate:18,CHEBI:132592,5.800213813781738
model_26.pt,CHEBI:185985,predicate:16,CHEBI:70967,PUBCHEM.COMPOUND:71059938,predicate:18,CHEBI:132592,0.0
model_26.pt,CHEMBL.COMPOUND:CHEMBL4798272,predicate:15,CHEBI:167641,PUBCHEM.COMPOUND:71059938,predicate:18,CHEBI:132592,0.0
model_26.pt,PUBCHEM.COMPOUND:126739109,predicate:11,MONDO:0006996,PUBCHEM.COMPOUND:71059938,predicate:18,CHEBI:132592,0.0
model_26.pt,MONDO:0012176,predicate:20,HP:0003028,CHEBI:170469,predicate:1,CHEBI:104125,0.0
model_26.pt,CHEBI:16959,predicate:17,CHEBI:172284,CHEBI:170469,predicate:1,CHEBI:104125,0.0
model_26.pt,PUBCHEM.COMPOUND:68020555,predicate:0,PUBCHEM.COMPOUND:44459583,CHEBI:170469,predicate:1,CHEBI:104125,0.0
model_26.pt,PUBCHEM.COMPOUND:137636752,predicate:0,CHEBI:134753,CHEBI:170469,predicate:1,CHEBI:104125,0.0
model_26.pt,PUBCHEM.COMPOUND:124221273,predicate:23,MONDO:0015691,CHEBI:170469,predicate:1,CHEBI:104125,0.0
model_26.pt,PUBCHEM.COMPOUND:130200977,predicate:18,CHEBI:144991,CHEBI:170469,predicate:1,CHEBI:104125,0.0
model_26.pt,MONDO:0005044,predicate:11,MONDO:0056796,CHEBI:170469,predicate:1,CHEBI:104125,0.0
model_26.pt,CHEBI:16592,predicate:41,CHEBI:114693,CHEBI:170469,predicate:1,CHEBI:104125,0.0
model_26.pt,CHEBI:166772,predicate:15,CHEBI:175537,CHEBI:170469,predicate:1,CHEBI:104125,0.0
model_26.pt,DRUGBANK:DB11158,predicate:2,MONDO:0005147,CHEBI:170469,predicate:1,CHEBI:104125,0.0
model_26.pt,CHEBI:145008,predicate:2,MONDO:0001076,CHEBI:170469,predicate:1,CHEBI:104125,0.0
model_26.pt,CHEBI:172333,predicate:11,CHEBI:84017,CHEBI:170469,predicate:1,CHEBI:104125,0.0
model_26.pt,CHEBI:188563,predicate:12,PUBCHEM.COMPOUND:52924335,CHEBI:170469,predicate:1,CHEBI:104125,0.0
model_26.pt,CHEBI:190239,predicate:11,HMDB:HMDB0072989,CHEBI:170469,predicate:1,CHEBI:104125,0.0
model_26.pt,CHEBI:135278,predicate:22,MONDO:0005559,CHEBI:170469,predicate:1,CHEBI:104125,0.0
model_26.pt,CHEBI:47040,predicate:15,CHEBI:146256,CHEBI:170469,predicate:1,CHEBI:104125,0.0
model_26.pt,CHEMBL.COMPOUND:CHEMBL4747062,predicate:0,CHEBI:71479,CHEBI:170469,predicate:1,CHEBI:104125,0.0
model_26.pt,CHEBI:42371,predicate:17,CHEBI:135736,CHEBI:170469,predicate:1,CHEBI:104125,0.0
model_26.pt,CHEBI:143114,predicate:1,CHEBI:125432,CHEBI:170469,predicate:1,CHEBI:104125,-57.4542121887207
model_26.pt,CHEBI:185767,predicate:1,CHEBI:16264,CHEBI:170469,predicate:1,CHEBI:104125,37.91005325317383
model_26.pt,CHEBI:109317,predicate:14,CHEBI:170587,CHEBI:170469,predicate:1,CHEBI:104125,0.0
model_26.pt,CHEMBL.COMPOUND:CHEMBL4877928,predicate:1,PUBCHEM.COMPOUND:130363355,CHEBI:170469,predicate:1,CHEBI:104125,42.68113708496094
model_26.pt,CHEBI:136073,predicate:10,MONDO:0007263,CHEBI:170469,predicate:1,CHEBI:104125,0.0
model_26.pt,PUBCHEM.COMPOUND:131762323,predicate:13,CHEBI:149534,CHEBI:170469,predicate:1,CHEBI:104125,0.0
model_26.pt,PUBCHEM.COMPOUND:54325967,predicate:0,CHEBI:149800,CHEBI:170469,predicate:1,CHEBI:104125,0.0
model_26.pt,HP:0000021,predicate:0,CHEBI:167578,CHEBI:170469,predicate:1,CHEBI:104125,0.0
model_26.pt,CHEMBL.COMPOUND:CHEMBL4782467,predicate:15,CHEBI:134948,CHEBI:170469,predicate:1,CHEBI:104125,0.0
model_26.pt,NCBIGene:23163,predicate:18,NCBIGene:100528017,CHEBI:170469,predicate:1,CHEBI:104125,0.0
model_26.pt,CHEBI:142271,predicate:1,CHEBI:192396,CHEBI:170469,predicate:1,CHEBI:104125,13.262374877929688
model_26.pt,CHEBI:146285,predicate:12,PUBCHEM.COMPOUND:53478731,CHEBI:170469,predicate:1,CHEBI:104125,0.0
model_26.pt,CHEBI:136073,predicate:15,CHEBI:125586,CHEBI:170469,predicate:1,CHEBI:104125,0.0
model_26.pt,CHEMBL.COMPOUND:CHEMBL596806,predicate:20,HP:0000253,CHEBI:170469,predicate:1,CHEBI:104125,0.0
model_26.pt,NCBIGene:838170,predicate:13,CHEBI:75099,CHEBI:170469,predicate:1,CHEBI:104125,0.0
model_26.pt,PUBCHEM.COMPOUND:117859783,predicate:11,PUBCHEM.COMPOUND:10525997,CHEBI:170469,predicate:1,CHEBI:104125,0.0
model_26.pt,PUBCHEM.COMPOUND:127036977,predicate:0,CHEBI:103739,CHEBI:170469,predicate:1,CHEBI:104125,0.0
model_26.pt,PUBCHEM.COMPOUND:44433263,predicate:0,CHEBI:119893,CHEBI:170469,predicate:1,CHEBI:104125,0.0
model_26.pt,CHEBI:3914,predicate:15,CHEBI:190153,CHEBI:170469,predicate:1,CHEBI:104125,0.0
model_26.pt,PUBCHEM.COMPOUND:44314087,predicate:0,CHEBI:140407,CHEBI:170469,predicate:1,CHEBI:104125,0.0
model_26.pt,PUBCHEM.COMPOUND:25093440,predicate:0,CHEBI:113553,CHEBI:170469,predicate:1,CHEBI:104125,0.0
model_26.pt,CHEBI:65179,predicate:11,PUBCHEM.COMPOUND:11274029,CHEBI:170469,predicate:1,CHEBI:104125,0.0
model_26.pt,CHEBI:71580,predicate:22,MONDO:0005068,CHEBI:170469,predicate:1,CHEBI:104125,0.0
model_26.pt,CHEBI:190006,predicate:14,PUBCHEM.COMPOUND:118471641,CHEBI:170469,predicate:1,CHEBI:104125,0.0
model_26.pt,PUBCHEM.COMPOUND:59268935,predicate:0,CHEBI:113373,CHEBI:170469,predicate:1,CHEBI:104125,0.0
model_26.pt,CHEBI:157642,predicate:1,PUBCHEM.COMPOUND:130345144,CHEBI:170469,predicate:1,CHEBI:104125,-107.44927978515624
model_26.pt,PUBCHEM.COMPOUND:57395067,predicate:0,CHEBI:167320,CHEBI:170469,predicate:1,CHEBI:104125,0.0
model_26.pt,PUBCHEM.COMPOUND:2744597,predicate:11,PUBCHEM.COMPOUND:2930224,CHEBI:170469,predicate:1,CHEBI:104125,0.0
model_26.pt,CHEBI:137225,predicate:17,CHEBI:131804,CHEBI:170469,predicate:1,CHEBI:104125,0.0
model_26.pt,CHEBI:111166,predicate:1,CHEBI:93303,CHEBI:170469,predicate:1,CHEBI:104125,-24.266830444335938
model_26.pt,MONDO:0013171,predicate:20,MONDO:0001071,CHEBI:170469,predicate:1,CHEBI:104125,0.0
model_26.pt,CHEBI:143170,predicate:1,CHEBI:166778,CHEBI:170469,predicate:1,CHEBI:104125,-57.4324951171875
model_26.pt,CHEBI:51561,predicate:2,HP:0001945,CHEBI:170469,predicate:1,CHEBI:104125,0.0
model_26.pt,UNII:5M691HL4BO,predicate:23,HP:0001288,CHEBI:170469,predicate:1,CHEBI:104125,0.0
model_26.pt,MONDO:0011122,predicate:18,CHEBI:132752,CHEBI:170469,predicate:1,CHEBI:104125,0.0
model_26.pt,PUBCHEM.COMPOUND:10314049,predicate:13,CHEBI:18086,CHEBI:170469,predicate:1,CHEBI:104125,0.0
model_26.pt,CHEBI:144357,predicate:20,HP:0002857,CHEBI:170469,predicate:1,CHEBI:104125,0.0
model_26.pt,CHEBI:16207,predicate:15,CHEBI:129768,CHEBI:170469,predicate:1,CHEBI:104125,0.0
model_26.pt,CHEBI:139081,predicate:20,HP:0010864,CHEBI:170469,predicate:1,CHEBI:104125,0.0
model_26.pt,PUBCHEM.COMPOUND:5702107,predicate:3,CHEBI:109116,CHEBI:170469,predicate:1,CHEBI:104125,0.0
model_26.pt,CHEBI:71289,predicate:17,CHEBI:180867,CHEBI:170469,predicate:1,CHEBI:104125,0.0
model_26.pt,PUBCHEM.COMPOUND:9834864,predicate:21,CHEBI:113373,CHEBI:170469,predicate:1,CHEBI:104125,0.0
model_26.pt,PUBCHEM.COMPOUND:44431492,predicate:18,CHEBI:121826,CHEBI:170469,predicate:1,CHEBI:104125,0.0
model_26.pt,PUBCHEM.COMPOUND:10432760,predicate:25,CHEBI:166658,CHEBI:170469,predicate:1,CHEBI:104125,0.0
model_26.pt,PUBCHEM.COMPOUND:25015107,predicate:0,CHEBI:127989,CHEBI:170469,predicate:1,CHEBI:104125,0.0
model_26.pt,PUBCHEM.COMPOUND:131757266,predicate:13,MONDO:0006749,CHEBI:170469,predicate:1,CHEBI:104125,0.0
model_26.pt,CHEBI:72619,predicate:1,CHEBI:196198,CHEBI:170469,predicate:1,CHEBI:104125,22.764198303222656
model_26.pt,CHEBI:71600,predicate:1,HMDB:HMDB0009929,CHEBI:170469,predicate:1,CHEBI:104125,42.79507064819336
model_26.pt,CHEBI:184579,predicate:11,CHEBI:144250,CHEBI:170469,predicate:1,CHEBI:104125,0.0
model_26.pt,CHEBI:88497,predicate:1,CHEBI:144822,CHEBI:170469,predicate:1,CHEBI:104125,24.298540115356445
model_26.pt,CHEBI:15040,predicate:16,MONDO:0013171,CHEBI:170469,predicate:1,CHEBI:104125,0.0
model_26.pt,MONDO:0005272,predicate:1,CHEBI:18262,CHEBI:170469,predicate:1,CHEBI:104125,23.028064727783203
model_26.pt,CHEBI:126004,predicate:17,CHEBI:175375,CHEBI:170469,predicate:1,CHEBI:104125,0.0
model_26.pt,MONDO:0035764,predicate:1,HMDB:HMDB0083268,CHEBI:170469,predicate:1,CHEBI:104125,69.22966766357422
model_26.pt,PUBCHEM.COMPOUND:155512592,predicate:0,CHEBI:103843,CHEBI:170469,predicate:1,CHEBI:104125,0.0
model_26.pt,CHEBI:15490,predicate:15,CHEBI:170609,CHEBI:170469,predicate:1,CHEBI:104125,0.0
model_26.pt,CHEBI:138520,predicate:28,CHEBI:171141,CHEBI:170469,predicate:1,CHEBI:104125,0.0
model_26.pt,CHEBI:131557,predicate:1,CHEBI:73731,CHEBI:170469,predicate:1,CHEBI:104125,-26.105770111083984
model_26.pt,CHEBI:134948,predicate:22,MONDO:0000831,CHEBI:170469,predicate:1,CHEBI:104125,0.0
model_26.pt,PUBCHEM.COMPOUND:10578760,predicate:0,CHEBI:92697,CHEBI:170469,predicate:1,CHEBI:104125,0.0
model_26.pt,HMDB:HMDB0076696,predicate:17,CHEBI:170784,CHEBI:170469,predicate:1,CHEBI:104125,0.0
model_26.pt,MONDO:0859265,predicate:3,CHEBI:176304,CHEBI:170469,predicate:1,CHEBI:104125,0.0
model_26.pt,CHEBI:113553,predicate:1,HMDB:HMDB0077232,CHEBI:170469,predicate:1,CHEBI:104125,-25.079240798950195
model_26.pt,PUBCHEM.COMPOUND:137226420,predicate:0,CHEBI:109116,CHEBI:170469,predicate:1,CHEBI:104125,0.0
model_26.pt,MONDO:0010691,predicate:20,HP:0007957,CHEBI:170469,predicate:1,CHEBI:104125,0.0
model_26.pt,CHEMBL.COMPOUND:CHEMBL536308,predicate:1,CHEBI:163814,CHEBI:170469,predicate:1,CHEBI:104125,9.446426391601562
model_26.pt,CHEBI:83370,predicate:16,CHEBI:72635,CHEBI:170469,predicate:1,CHEBI:104125,0.0
model_26.pt,PUBCHEM.COMPOUND:122196132,predicate:0,CHEBI:172159,CHEBI:170469,predicate:1,CHEBI:104125,0.0
model_26.pt,MONDO:0011730,predicate:1,CHEMBL.COMPOUND:CHEMBL54465,CHEBI:170469,predicate:1,CHEBI:104125,9.649889945983888
model_26.pt,MONDO:0011840,predicate:1,CHEBI:139280,CHEBI:170469,predicate:1,CHEBI:104125,32.97444152832031
model_26.pt,CHEBI:17482,predicate:23,MONDO:0001382,CHEBI:170469,predicate:1,CHEBI:104125,0.0
model_26.pt,PUBCHEM.COMPOUND:25263321,predicate:11,PUBCHEM.COMPOUND:3003511,CHEBI:170469,predicate:1,CHEBI:104125,0.0
model_26.pt,PUBCHEM.COMPOUND:10216381,predicate:11,PUBCHEM.COMPOUND:10431492,CHEBI:170469,predicate:1,CHEBI:104125,0.0
model_26.pt,NCBIGene:820781,predicate:12,PUBCHEM.COMPOUND:131761197,CHEBI:170469,predicate:1,CHEBI:104125,0.0
model_26.pt,CHEBI:51068,predicate:17,HMDB:HMDB0009399,CHEBI:170469,predicate:1,CHEBI:104125,0.0
model_26.pt,CHEBI:9330,predicate:22,MONDO:0005011,CHEBI:170469,predicate:1,CHEBI:104125,0.0
model_26.pt,PUBCHEM.COMPOUND:10048208,predicate:26,CHEMBL.COMPOUND:CHEMBL151630,CHEBI:170469,predicate:1,CHEBI:104125,0.0
model_26.pt,PUBCHEM.COMPOUND:44176335,predicate:0,CHEBI:105317,CHEBI:170469,predicate:1,CHEBI:104125,0.0
model_26.pt,PUBCHEM.COMPOUND:49864838,predicate:18,CHEBI:109533,CHEBI:170469,predicate:1,CHEBI:104125,0.0
model_26.pt,CHEBI:185985,predicate:16,CHEBI:70967,CHEBI:170469,predicate:1,CHEBI:104125,0.0
model_26.pt,CHEMBL.COMPOUND:CHEMBL4798272,predicate:15,CHEBI:167641,CHEBI:170469,predicate:1,CHEBI:104125,0.0
model_26.pt,PUBCHEM.COMPOUND:126739109,predicate:11,MONDO:0006996,CHEBI:170469,predicate:1,CHEBI:104125,0.0
model_26.pt,MONDO:0012176,predicate:20,HP:0003028,MONDO:0006336,predicate:12,NCIT:C45955,0.0
model_26.pt,CHEBI:16959,predicate:17,CHEBI:172284,MONDO:0006336,predicate:12,NCIT:C45955,0.0
model_26.pt,PUBCHEM.COMPOUND:68020555,predicate:0,PUBCHEM.COMPOUND:44459583,MONDO:0006336,predicate:12,NCIT:C45955,0.0
model_26.pt,PUBCHEM.COMPOUND:137636752,predicate:0,CHEBI:134753,MONDO:0006336,predicate:12,NCIT:C45955,0.0
model_26.pt,PUBCHEM.COMPOUND:124221273,predicate:23,MONDO:0015691,MONDO:0006336,predicate:12,NCIT:C45955,0.0
model_26.pt,PUBCHEM.COMPOUND:130200977,predicate:18,CHEBI:144991,MONDO:0006336,predicate:12,NCIT:C45955,0.0
model_26.pt,MONDO:0005044,predicate:11,MONDO:0056796,MONDO:0006336,predicate:12,NCIT:C45955,0.0
model_26.pt,CHEBI:16592,predicate:41,CHEBI:114693,MONDO:0006336,predicate:12,NCIT:C45955,0.0
model_26.pt,CHEBI:166772,predicate:15,CHEBI:175537,MONDO:0006336,predicate:12,NCIT:C45955,0.0
model_26.pt,DRUGBANK:DB11158,predicate:2,MONDO:0005147,MONDO:0006336,predicate:12,NCIT:C45955,0.0
model_26.pt,CHEBI:145008,predicate:2,MONDO:0001076,MONDO:0006336,predicate:12,NCIT:C45955,0.0
model_26.pt,CHEBI:172333,predicate:11,CHEBI:84017,MONDO:0006336,predicate:12,NCIT:C45955,0.0
model_26.pt,CHEBI:188563,predicate:12,PUBCHEM.COMPOUND:52924335,MONDO:0006336,predicate:12,NCIT:C45955,-13.899194717407228
model_26.pt,CHEBI:190239,predicate:11,HMDB:HMDB0072989,MONDO:0006336,predicate:12,NCIT:C45955,0.0
model_26.pt,CHEBI:135278,predicate:22,MONDO:0005559,MONDO:0006336,predicate:12,NCIT:C45955,0.0
model_26.pt,CHEBI:47040,predicate:15,CHEBI:146256,MONDO:0006336,predicate:12,NCIT:C45955,0.0
model_26.pt,CHEMBL.COMPOUND:CHEMBL4747062,predicate:0,CHEBI:71479,MONDO:0006336,predicate:12,NCIT:C45955,0.0
model_26.pt,CHEBI:42371,predicate:17,CHEBI:135736,MONDO:0006336,predicate:12,NCIT:C45955,0.0
model_26.pt,CHEBI:143114,predicate:1,CHEBI:125432,MONDO:0006336,predicate:12,NCIT:C45955,0.0
model_26.pt,CHEBI:185767,predicate:1,CHEBI:16264,MONDO:0006336,predicate:12,NCIT:C45955,0.0
model_26.pt,CHEBI:109317,predicate:14,CHEBI:170587,MONDO:0006336,predicate:12,NCIT:C45955,0.0
model_26.pt,CHEMBL.COMPOUND:CHEMBL4877928,predicate:1,PUBCHEM.COMPOUND:130363355,MONDO:0006336,predicate:12,NCIT:C45955,0.0
model_26.pt,CHEBI:136073,predicate:10,MONDO:0007263,MONDO:0006336,predicate:12,NCIT:C45955,0.0
model_26.pt,PUBCHEM.COMPOUND:131762323,predicate:13,CHEBI:149534,MONDO:0006336,predicate:12,NCIT:C45955,0.0
model_26.pt,PUBCHEM.COMPOUND:54325967,predicate:0,CHEBI:149800,MONDO:0006336,predicate:12,NCIT:C45955,0.0
model_26.pt,HP:0000021,predicate:0,CHEBI:167578,MONDO:0006336,predicate:12,NCIT:C45955,0.0
model_26.pt,CHEMBL.COMPOUND:CHEMBL4782467,predicate:15,CHEBI:134948,MONDO:0006336,predicate:12,NCIT:C45955,0.0
model_26.pt,NCBIGene:23163,predicate:18,NCBIGene:100528017,MONDO:0006336,predicate:12,NCIT:C45955,0.0
model_26.pt,CHEBI:142271,predicate:1,CHEBI:192396,MONDO:0006336,predicate:12,NCIT:C45955,0.0
model_26.pt,CHEBI:146285,predicate:12,PUBCHEM.COMPOUND:53478731,MONDO:0006336,predicate:12,NCIT:C45955,45.7041015625
model_26.pt,CHEBI:136073,predicate:15,CHEBI:125586,MONDO:0006336,predicate:12,NCIT:C45955,0.0
model_26.pt,CHEMBL.COMPOUND:CHEMBL596806,predicate:20,HP:0000253,MONDO:0006336,predicate:12,NCIT:C45955,0.0
model_26.pt,NCBIGene:838170,predicate:13,CHEBI:75099,MONDO:0006336,predicate:12,NCIT:C45955,0.0
model_26.pt,PUBCHEM.COMPOUND:117859783,predicate:11,PUBCHEM.COMPOUND:10525997,MONDO:0006336,predicate:12,NCIT:C45955,0.0
model_26.pt,PUBCHEM.COMPOUND:127036977,predicate:0,CHEBI:103739,MONDO:0006336,predicate:12,NCIT:C45955,0.0
model_26.pt,PUBCHEM.COMPOUND:44433263,predicate:0,CHEBI:119893,MONDO:0006336,predicate:12,NCIT:C45955,0.0
model_26.pt,CHEBI:3914,predicate:15,CHEBI:190153,MONDO:0006336,predicate:12,NCIT:C45955,0.0
model_26.pt,PUBCHEM.COMPOUND:44314087,predicate:0,CHEBI:140407,MONDO:0006336,predicate:12,NCIT:C45955,0.0
model_26.pt,PUBCHEM.COMPOUND:25093440,predicate:0,CHEBI:113553,MONDO:0006336,predicate:12,NCIT:C45955,0.0
model_26.pt,CHEBI:65179,predicate:11,PUBCHEM.COMPOUND:11274029,MONDO:0006336,predicate:12,NCIT:C45955,0.0
model_26.pt,CHEBI:71580,predicate:22,MONDO:0005068,MONDO:0006336,predicate:12,NCIT:C45955,0.0
model_26.pt,CHEBI:190006,predicate:14,PUBCHEM.COMPOUND:118471641,MONDO:0006336,predicate:12,NCIT:C45955,0.0
model_26.pt,PUBCHEM.COMPOUND:59268935,predicate:0,CHEBI:113373,MONDO:0006336,predicate:12,NCIT:C45955,0.0
model_26.pt,CHEBI:157642,predicate:1,PUBCHEM.COMPOUND:130345144,MONDO:0006336,predicate:12,NCIT:C45955,0.0
model_26.pt,PUBCHEM.COMPOUND:57395067,predicate:0,CHEBI:167320,MONDO:0006336,predicate:12,NCIT:C45955,0.0
model_26.pt,PUBCHEM.COMPOUND:2744597,predicate:11,PUBCHEM.COMPOUND:2930224,MONDO:0006336,predicate:12,NCIT:C45955,0.0
model_26.pt,CHEBI:137225,predicate:17,CHEBI:131804,MONDO:0006336,predicate:12,NCIT:C45955,0.0
model_26.pt,CHEBI:111166,predicate:1,CHEBI:93303,MONDO:0006336,predicate:12,NCIT:C45955,0.0
model_26.pt,MONDO:0013171,predicate:20,MONDO:0001071,MONDO:0006336,predicate:12,NCIT:C45955,0.0
model_26.pt,CHEBI:143170,predicate:1,CHEBI:166778,MONDO:0006336,predicate:12,NCIT:C45955,0.0
model_26.pt,CHEBI:51561,predicate:2,HP:0001945,MONDO:0006336,predicate:12,NCIT:C45955,0.0
model_26.pt,UNII:5M691HL4BO,predicate:23,HP:0001288,MONDO:0006336,predicate:12,NCIT:C45955,0.0
model_26.pt,MONDO:0011122,predicate:18,CHEBI:132752,MONDO:0006336,predicate:12,NCIT:C45955,0.0
model_26.pt,PUBCHEM.COMPOUND:10314049,predicate:13,CHEBI:18086,MONDO:0006336,predicate:12,NCIT:C45955,0.0
model_26.pt,CHEBI:144357,predicate:20,HP:0002857,MONDO:0006336,predicate:12,NCIT:C45955,0.0
model_26.pt,CHEBI:16207,predicate:15,CHEBI:129768,MONDO:0006336,predicate:12,NCIT:C45955,0.0
model_26.pt,CHEBI:139081,predicate:20,HP:0010864,MONDO:0006336,predicate:12,NCIT:C45955,0.0
model_26.pt,PUBCHEM.COMPOUND:5702107,predicate:3,CHEBI:109116,MONDO:0006336,predicate:12,NCIT:C45955,0.0
model_26.pt,CHEBI:71289,predicate:17,CHEBI:180867,MONDO:0006336,predicate:12,NCIT:C45955,0.0
model_26.pt,PUBCHEM.COMPOUND:9834864,predicate:21,CHEBI:113373,MONDO:0006336,predicate:12,NCIT:C45955,0.0
model_26.pt,PUBCHEM.COMPOUND:44431492,predicate:18,CHEBI:121826,MONDO:0006336,predicate:12,NCIT:C45955,0.0
model_26.pt,PUBCHEM.COMPOUND:10432760,predicate:25,CHEBI:166658,MONDO:0006336,predicate:12,NCIT:C45955,0.0
model_26.pt,PUBCHEM.COMPOUND:25015107,predicate:0,CHEBI:127989,MONDO:0006336,predicate:12,NCIT:C45955,0.0
model_26.pt,PUBCHEM.COMPOUND:131757266,predicate:13,MONDO:0006749,MONDO:0006336,predicate:12,NCIT:C45955,0.0
model_26.pt,CHEBI:72619,predicate:1,CHEBI:196198,MONDO:0006336,predicate:12,NCIT:C45955,0.0
model_26.pt,CHEBI:71600,predicate:1,HMDB:HMDB0009929,MONDO:0006336,predicate:12,NCIT:C45955,0.0
model_26.pt,CHEBI:184579,predicate:11,CHEBI:144250,MONDO:0006336,predicate:12,NCIT:C45955,0.0
model_26.pt,CHEBI:88497,predicate:1,CHEBI:144822,MONDO:0006336,predicate:12,NCIT:C45955,0.0
model_26.pt,CHEBI:15040,predicate:16,MONDO:0013171,MONDO:0006336,predicate:12,NCIT:C45955,0.0
model_26.pt,MONDO:0005272,predicate:1,CHEBI:18262,MONDO:0006336,predicate:12,NCIT:C45955,0.0
model_26.pt,CHEBI:126004,predicate:17,CHEBI:175375,MONDO:0006336,predicate:12,NCIT:C45955,0.0
model_26.pt,MONDO:0035764,predicate:1,HMDB:HMDB0083268,MONDO:0006336,predicate:12,NCIT:C45955,0.0
model_26.pt,PUBCHEM.COMPOUND:155512592,predicate:0,CHEBI:103843,MONDO:0006336,predicate:12,NCIT:C45955,0.0
model_26.pt,CHEBI:15490,predicate:15,CHEBI:170609,MONDO:0006336,predicate:12,NCIT:C45955,0.0
model_26.pt,CHEBI:138520,predicate:28,CHEBI:171141,MONDO:0006336,predicate:12,NCIT:C45955,0.0
model_26.pt,CHEBI:131557,predicate:1,CHEBI:73731,MONDO:0006336,predicate:12,NCIT:C45955,0.0
model_26.pt,CHEBI:134948,predicate:22,MONDO:0000831,MONDO:0006336,predicate:12,NCIT:C45955,0.0
model_26.pt,PUBCHEM.COMPOUND:10578760,predicate:0,CHEBI:92697,MONDO:0006336,predicate:12,NCIT:C45955,0.0
model_26.pt,HMDB:HMDB0076696,predicate:17,CHEBI:170784,MONDO:0006336,predicate:12,NCIT:C45955,0.0
model_26.pt,MONDO:0859265,predicate:3,CHEBI:176304,MONDO:0006336,predicate:12,NCIT:C45955,0.0
model_26.pt,CHEBI:113553,predicate:1,HMDB:HMDB0077232,MONDO:0006336,predicate:12,NCIT:C45955,0.0
model_26.pt,PUBCHEM.COMPOUND:137226420,predicate:0,CHEBI:109116,MONDO:0006336,predicate:12,NCIT:C45955,0.0
model_26.pt,MONDO:0010691,predicate:20,HP:0007957,MONDO:0006336,predicate:12,NCIT:C45955,0.0
model_26.pt,CHEMBL.COMPOUND:CHEMBL536308,predicate:1,CHEBI:163814,MONDO:0006336,predicate:12,NCIT:C45955,0.0
model_26.pt,CHEBI:83370,predicate:16,CHEBI:72635,MONDO:0006336,predicate:12,NCIT:C45955,0.0
model_26.pt,PUBCHEM.COMPOUND:122196132,predicate:0,CHEBI:172159,MONDO:0006336,predicate:12,NCIT:C45955,0.0
model_26.pt,MONDO:0011730,predicate:1,CHEMBL.COMPOUND:CHEMBL54465,MONDO:0006336,predicate:12,NCIT:C45955,0.0
model_26.pt,MONDO:0011840,predicate:1,CHEBI:139280,MONDO:0006336,predicate:12,NCIT:C45955,0.0
model_26.pt,CHEBI:17482,predicate:23,MONDO:0001382,MONDO:0006336,predicate:12,NCIT:C45955,0.0
model_26.pt,PUBCHEM.COMPOUND:25263321,predicate:11,PUBCHEM.COMPOUND:3003511,MONDO:0006336,predicate:12,NCIT:C45955,0.0
model_26.pt,PUBCHEM.COMPOUND:10216381,predicate:11,PUBCHEM.COMPOUND:10431492,MONDO:0006336,predicate:12,NCIT:C45955,0.0
model_26.pt,NCBIGene:820781,predicate:12,PUBCHEM.COMPOUND:131761197,MONDO:0006336,predicate:12,NCIT:C45955,-14.309459686279297
model_26.pt,CHEBI:51068,predicate:17,HMDB:HMDB0009399,MONDO:0006336,predicate:12,NCIT:C45955,0.0
model_26.pt,CHEBI:9330,predicate:22,MONDO:0005011,MONDO:0006336,predicate:12,NCIT:C45955,0.0
model_26.pt,PUBCHEM.COMPOUND:10048208,predicate:26,CHEMBL.COMPOUND:CHEMBL151630,MONDO:0006336,predicate:12,NCIT:C45955,0.0
model_26.pt,PUBCHEM.COMPOUND:44176335,predicate:0,CHEBI:105317,MONDO:0006336,predicate:12,NCIT:C45955,0.0
model_26.pt,PUBCHEM.COMPOUND:49864838,predicate:18,CHEBI:109533,MONDO:0006336,predicate:12,NCIT:C45955,0.0
model_26.pt,CHEBI:185985,predicate:16,CHEBI:70967,MONDO:0006336,predicate:12,NCIT:C45955,0.0
model_26.pt,CHEMBL.COMPOUND:CHEMBL4798272,predicate:15,CHEBI:167641,MONDO:0006336,predicate:12,NCIT:C45955,0.0
model_26.pt,PUBCHEM.COMPOUND:126739109,predicate:11,MONDO:0006996,MONDO:0006336,predicate:12,NCIT:C45955,0.0
model_26.pt,MONDO:0012176,predicate:20,HP:0003028,CHEBI:125673,predicate:28,CHEBI:74460,0.0
model_26.pt,CHEBI:16959,predicate:17,CHEBI:172284,CHEBI:125673,predicate:28,CHEBI:74460,0.0
model_26.pt,PUBCHEM.COMPOUND:68020555,predicate:0,PUBCHEM.COMPOUND:44459583,CHEBI:125673,predicate:28,CHEBI:74460,0.0
model_26.pt,PUBCHEM.COMPOUND:137636752,predicate:0,CHEBI:134753,CHEBI:125673,predicate:28,CHEBI:74460,0.0
model_26.pt,PUBCHEM.COMPOUND:124221273,predicate:23,MONDO:0015691,CHEBI:125673,predicate:28,CHEBI:74460,0.0
model_26.pt,PUBCHEM.COMPOUND:130200977,predicate:18,CHEBI:144991,CHEBI:125673,predicate:28,CHEBI:74460,0.0
model_26.pt,MONDO:0005044,predicate:11,MONDO:0056796,CHEBI:125673,predicate:28,CHEBI:74460,0.0
model_26.pt,CHEBI:16592,predicate:41,CHEBI:114693,CHEBI:125673,predicate:28,CHEBI:74460,0.0
model_26.pt,CHEBI:166772,predicate:15,CHEBI:175537,CHEBI:125673,predicate:28,CHEBI:74460,0.0
model_26.pt,DRUGBANK:DB11158,predicate:2,MONDO:0005147,CHEBI:125673,predicate:28,CHEBI:74460,0.0
model_26.pt,CHEBI:145008,predicate:2,MONDO:0001076,CHEBI:125673,predicate:28,CHEBI:74460,0.0
model_26.pt,CHEBI:172333,predicate:11,CHEBI:84017,CHEBI:125673,predicate:28,CHEBI:74460,0.0
model_26.pt,CHEBI:188563,predicate:12,PUBCHEM.COMPOUND:52924335,CHEBI:125673,predicate:28,CHEBI:74460,0.0
model_26.pt,CHEBI:190239,predicate:11,HMDB:HMDB0072989,CHEBI:125673,predicate:28,CHEBI:74460,0.0
model_26.pt,CHEBI:135278,predicate:22,MONDO:0005559,CHEBI:125673,predicate:28,CHEBI:74460,0.0
model_26.pt,CHEBI:47040,predicate:15,CHEBI:146256,CHEBI:125673,predicate:28,CHEBI:74460,0.0
model_26.pt,CHEMBL.COMPOUND:CHEMBL4747062,predicate:0,CHEBI:71479,CHEBI:125673,predicate:28,CHEBI:74460,0.0
model_26.pt,CHEBI:42371,predicate:17,CHEBI:135736,CHEBI:125673,predicate:28,CHEBI:74460,0.0
model_26.pt,CHEBI:143114,predicate:1,CHEBI:125432,CHEBI:125673,predicate:28,CHEBI:74460,0.0
model_26.pt,CHEBI:185767,predicate:1,CHEBI:16264,CHEBI:125673,predicate:28,CHEBI:74460,0.0
model_26.pt,CHEBI:109317,predicate:14,CHEBI:170587,CHEBI:125673,predicate:28,CHEBI:74460,0.0
model_26.pt,CHEMBL.COMPOUND:CHEMBL4877928,predicate:1,PUBCHEM.COMPOUND:130363355,CHEBI:125673,predicate:28,CHEBI:74460,0.0
model_26.pt,CHEBI:136073,predicate:10,MONDO:0007263,CHEBI:125673,predicate:28,CHEBI:74460,0.0
model_26.pt,PUBCHEM.COMPOUND:131762323,predicate:13,CHEBI:149534,CHEBI:125673,predicate:28,CHEBI:74460,0.0
model_26.pt,PUBCHEM.COMPOUND:54325967,predicate:0,CHEBI:149800,CHEBI:125673,predicate:28,CHEBI:74460,0.0
model_26.pt,HP:0000021,predicate:0,CHEBI:167578,CHEBI:125673,predicate:28,CHEBI:74460,0.0
model_26.pt,CHEMBL.COMPOUND:CHEMBL4782467,predicate:15,CHEBI:134948,CHEBI:125673,predicate:28,CHEBI:74460,0.0
model_26.pt,NCBIGene:23163,predicate:18,NCBIGene:100528017,CHEBI:125673,predicate:28,CHEBI:74460,0.0
model_26.pt,CHEBI:142271,predicate:1,CHEBI:192396,CHEBI:125673,predicate:28,CHEBI:74460,0.0
model_26.pt,CHEBI:146285,predicate:12,PUBCHEM.COMPOUND:53478731,CHEBI:125673,predicate:28,CHEBI:74460,0.0
model_26.pt,CHEBI:136073,predicate:15,CHEBI:125586,CHEBI:125673,predicate:28,CHEBI:74460,0.0
model_26.pt,CHEMBL.COMPOUND:CHEMBL596806,predicate:20,HP:0000253,CHEBI:125673,predicate:28,CHEBI:74460,0.0
model_26.pt,NCBIGene:838170,predicate:13,CHEBI:75099,CHEBI:125673,predicate:28,CHEBI:74460,0.0
model_26.pt,PUBCHEM.COMPOUND:117859783,predicate:11,PUBCHEM.COMPOUND:10525997,CHEBI:125673,predicate:28,CHEBI:74460,0.0
model_26.pt,PUBCHEM.COMPOUND:127036977,predicate:0,CHEBI:103739,CHEBI:125673,predicate:28,CHEBI:74460,0.0
model_26.pt,PUBCHEM.COMPOUND:44433263,predicate:0,CHEBI:119893,CHEBI:125673,predicate:28,CHEBI:74460,0.0
model_26.pt,CHEBI:3914,predicate:15,CHEBI:190153,CHEBI:125673,predicate:28,CHEBI:74460,0.0
model_26.pt,PUBCHEM.COMPOUND:44314087,predicate:0,CHEBI:140407,CHEBI:125673,predicate:28,CHEBI:74460,0.0
model_26.pt,PUBCHEM.COMPOUND:25093440,predicate:0,CHEBI:113553,CHEBI:125673,predicate:28,CHEBI:74460,0.0
model_26.pt,CHEBI:65179,predicate:11,PUBCHEM.COMPOUND:11274029,CHEBI:125673,predicate:28,CHEBI:74460,0.0
model_26.pt,CHEBI:71580,predicate:22,MONDO:0005068,CHEBI:125673,predicate:28,CHEBI:74460,0.0
model_26.pt,CHEBI:190006,predicate:14,PUBCHEM.COMPOUND:118471641,CHEBI:125673,predicate:28,CHEBI:74460,0.0
model_26.pt,PUBCHEM.COMPOUND:59268935,predicate:0,CHEBI:113373,CHEBI:125673,predicate:28,CHEBI:74460,0.0
model_26.pt,CHEBI:157642,predicate:1,PUBCHEM.COMPOUND:130345144,CHEBI:125673,predicate:28,CHEBI:74460,0.0
model_26.pt,PUBCHEM.COMPOUND:57395067,predicate:0,CHEBI:167320,CHEBI:125673,predicate:28,CHEBI:74460,0.0
model_26.pt,PUBCHEM.COMPOUND:2744597,predicate:11,PUBCHEM.COMPOUND:2930224,CHEBI:125673,predicate:28,CHEBI:74460,0.0
model_26.pt,CHEBI:137225,predicate:17,CHEBI:131804,CHEBI:125673,predicate:28,CHEBI:74460,0.0
model_26.pt,CHEBI:111166,predicate:1,CHEBI:93303,CHEBI:125673,predicate:28,CHEBI:74460,0.0
model_26.pt,MONDO:0013171,predicate:20,MONDO:0001071,CHEBI:125673,predicate:28,CHEBI:74460,0.0
model_26.pt,CHEBI:143170,predicate:1,CHEBI:166778,CHEBI:125673,predicate:28,CHEBI:74460,0.0
model_26.pt,CHEBI:51561,predicate:2,HP:0001945,CHEBI:125673,predicate:28,CHEBI:74460,0.0
model_26.pt,UNII:5M691HL4BO,predicate:23,HP:0001288,CHEBI:125673,predicate:28,CHEBI:74460,0.0
model_26.pt,MONDO:0011122,predicate:18,CHEBI:132752,CHEBI:125673,predicate:28,CHEBI:74460,0.0
model_26.pt,PUBCHEM.COMPOUND:10314049,predicate:13,CHEBI:18086,CHEBI:125673,predicate:28,CHEBI:74460,0.0
model_26.pt,CHEBI:144357,predicate:20,HP:0002857,CHEBI:125673,predicate:28,CHEBI:74460,0.0
model_26.pt,CHEBI:16207,predicate:15,CHEBI:129768,CHEBI:125673,predicate:28,CHEBI:74460,0.0
model_26.pt,CHEBI:139081,predicate:20,HP:0010864,CHEBI:125673,predicate:28,CHEBI:74460,0.0
model_26.pt,PUBCHEM.COMPOUND:5702107,predicate:3,CHEBI:109116,CHEBI:125673,predicate:28,CHEBI:74460,0.0
model_26.pt,CHEBI:71289,predicate:17,CHEBI:180867,CHEBI:125673,predicate:28,CHEBI:74460,0.0
model_26.pt,PUBCHEM.COMPOUND:9834864,predicate:21,CHEBI:113373,CHEBI:125673,predicate:28,CHEBI:74460,0.0
model_26.pt,PUBCHEM.COMPOUND:44431492,predicate:18,CHEBI:121826,CHEBI:125673,predicate:28,CHEBI:74460,0.0
model_26.pt,PUBCHEM.COMPOUND:10432760,predicate:25,CHEBI:166658,CHEBI:125673,predicate:28,CHEBI:74460,0.0
model_26.pt,PUBCHEM.COMPOUND:25015107,predicate:0,CHEBI:127989,CHEBI:125673,predicate:28,CHEBI:74460,0.0
model_26.pt,PUBCHEM.COMPOUND:131757266,predicate:13,MONDO:0006749,CHEBI:125673,predicate:28,CHEBI:74460,0.0
model_26.pt,CHEBI:72619,predicate:1,CHEBI:196198,CHEBI:125673,predicate:28,CHEBI:74460,0.0
model_26.pt,CHEBI:71600,predicate:1,HMDB:HMDB0009929,CHEBI:125673,predicate:28,CHEBI:74460,0.0
model_26.pt,CHEBI:184579,predicate:11,CHEBI:144250,CHEBI:125673,predicate:28,CHEBI:74460,0.0
model_26.pt,CHEBI:88497,predicate:1,CHEBI:144822,CHEBI:125673,predicate:28,CHEBI:74460,0.0
model_26.pt,CHEBI:15040,predicate:16,MONDO:0013171,CHEBI:125673,predicate:28,CHEBI:74460,0.0
model_26.pt,MONDO:0005272,predicate:1,CHEBI:18262,CHEBI:125673,predicate:28,CHEBI:74460,0.0
model_26.pt,CHEBI:126004,predicate:17,CHEBI:175375,CHEBI:125673,predicate:28,CHEBI:74460,0.0
model_26.pt,MONDO:0035764,predicate:1,HMDB:HMDB0083268,CHEBI:125673,predicate:28,CHEBI:74460,0.0
model_26.pt,PUBCHEM.COMPOUND:155512592,predicate:0,CHEBI:103843,CHEBI:125673,predicate:28,CHEBI:74460,0.0
model_26.pt,CHEBI:15490,predicate:15,CHEBI:170609,CHEBI:125673,predicate:28,CHEBI:74460,0.0
model_26.pt,CHEBI:138520,predicate:28,CHEBI:171141,CHEBI:125673,predicate:28,CHEBI:74460,34.41543197631836
model_26.pt,CHEBI:131557,predicate:1,CHEBI:73731,CHEBI:125673,predicate:28,CHEBI:74460,0.0
model_26.pt,CHEBI:134948,predicate:22,MONDO:0000831,CHEBI:125673,predicate:28,CHEBI:74460,0.0
model_26.pt,PUBCHEM.COMPOUND:10578760,predicate:0,CHEBI:92697,CHEBI:125673,predicate:28,CHEBI:74460,0.0
model_26.pt,HMDB:HMDB0076696,predicate:17,CHEBI:170784,CHEBI:125673,predicate:28,CHEBI:74460,0.0
model_26.pt,MONDO:0859265,predicate:3,CHEBI:176304,CHEBI:125673,predicate:28,CHEBI:74460,0.0
model_26.pt,CHEBI:113553,predicate:1,HMDB:HMDB0077232,CHEBI:125673,predicate:28,CHEBI:74460,0.0
model_26.pt,PUBCHEM.COMPOUND:137226420,predicate:0,CHEBI:109116,CHEBI:125673,predicate:28,CHEBI:74460,0.0
model_26.pt,MONDO:0010691,predicate:20,HP:0007957,CHEBI:125673,predicate:28,CHEBI:74460,0.0
model_26.pt,CHEMBL.COMPOUND:CHEMBL536308,predicate:1,CHEBI:163814,CHEBI:125673,predicate:28,CHEBI:74460,0.0
model_26.pt,CHEBI:83370,predicate:16,CHEBI:72635,CHEBI:125673,predicate:28,CHEBI:74460,0.0
model_26.pt,PUBCHEM.COMPOUND:122196132,predicate:0,CHEBI:172159,CHEBI:125673,predicate:28,CHEBI:74460,0.0
model_26.pt,MONDO:0011730,predicate:1,CHEMBL.COMPOUND:CHEMBL54465,CHEBI:125673,predicate:28,CHEBI:74460,0.0
model_26.pt,MONDO:0011840,predicate:1,CHEBI:139280,CHEBI:125673,predicate:28,CHEBI:74460,0.0
model_26.pt,CHEBI:17482,predicate:23,MONDO:0001382,CHEBI:125673,predicate:28,CHEBI:74460,0.0
model_26.pt,PUBCHEM.COMPOUND:25263321,predicate:11,PUBCHEM.COMPOUND:3003511,CHEBI:125673,predicate:28,CHEBI:74460,0.0
model_26.pt,PUBCHEM.COMPOUND:10216381,predicate:11,PUBCHEM.COMPOUND:10431492,CHEBI:125673,predicate:28,CHEBI:74460,0.0
model_26.pt,NCBIGene:820781,predicate:12,PUBCHEM.COMPOUND:131761197,CHEBI:125673,predicate:28,CHEBI:74460,0.0
model_26.pt,CHEBI:51068,predicate:17,HMDB:HMDB0009399,CHEBI:125673,predicate:28,CHEBI:74460,0.0
model_26.pt,CHEBI:9330,predicate:22,MONDO:0005011,CHEBI:125673,predicate:28,CHEBI:74460,0.0
model_26.pt,PUBCHEM.COMPOUND:10048208,predicate:26,CHEMBL.COMPOUND:CHEMBL151630,CHEBI:125673,predicate:28,CHEBI:74460,0.0
model_26.pt,PUBCHEM.COMPOUND:44176335,predicate:0,CHEBI:105317,CHEBI:125673,predicate:28,CHEBI:74460,0.0
model_26.pt,PUBCHEM.COMPOUND:49864838,predicate:18,CHEBI:109533,CHEBI:125673,predicate:28,CHEBI:74460,0.0
model_26.pt,CHEBI:185985,predicate:16,CHEBI:70967,CHEBI:125673,predicate:28,CHEBI:74460,0.0
model_26.pt,CHEMBL.COMPOUND:CHEMBL4798272,predicate:15,CHEBI:167641,CHEBI:125673,predicate:28,CHEBI:74460,0.0
model_26.pt,PUBCHEM.COMPOUND:126739109,predicate:11,MONDO:0006996,CHEBI:125673,predicate:28,CHEBI:74460,0.0
model_26.pt,MONDO:0012176,predicate:20,HP:0003028,CHEMBL.COMPOUND:CHEMBL505612,predicate:1,CHEBI:128907,0.0
model_26.pt,CHEBI:16959,predicate:17,CHEBI:172284,CHEMBL.COMPOUND:CHEMBL505612,predicate:1,CHEBI:128907,0.0
model_26.pt,PUBCHEM.COMPOUND:68020555,predicate:0,PUBCHEM.COMPOUND:44459583,CHEMBL.COMPOUND:CHEMBL505612,predicate:1,CHEBI:128907,0.0
model_26.pt,PUBCHEM.COMPOUND:137636752,predicate:0,CHEBI:134753,CHEMBL.COMPOUND:CHEMBL505612,predicate:1,CHEBI:128907,0.0
model_26.pt,PUBCHEM.COMPOUND:124221273,predicate:23,MONDO:0015691,CHEMBL.COMPOUND:CHEMBL505612,predicate:1,CHEBI:128907,0.0
model_26.pt,PUBCHEM.COMPOUND:130200977,predicate:18,CHEBI:144991,CHEMBL.COMPOUND:CHEMBL505612,predicate:1,CHEBI:128907,0.0
model_26.pt,MONDO:0005044,predicate:11,MONDO:0056796,CHEMBL.COMPOUND:CHEMBL505612,predicate:1,CHEBI:128907,0.0
model_26.pt,CHEBI:16592,predicate:41,CHEBI:114693,CHEMBL.COMPOUND:CHEMBL505612,predicate:1,CHEBI:128907,0.0
model_26.pt,CHEBI:166772,predicate:15,CHEBI:175537,CHEMBL.COMPOUND:CHEMBL505612,predicate:1,CHEBI:128907,0.0
model_26.pt,DRUGBANK:DB11158,predicate:2,MONDO:0005147,CHEMBL.COMPOUND:CHEMBL505612,predicate:1,CHEBI:128907,0.0
model_26.pt,CHEBI:145008,predicate:2,MONDO:0001076,CHEMBL.COMPOUND:CHEMBL505612,predicate:1,CHEBI:128907,0.0
model_26.pt,CHEBI:172333,predicate:11,CHEBI:84017,CHEMBL.COMPOUND:CHEMBL505612,predicate:1,CHEBI:128907,0.0
model_26.pt,CHEBI:188563,predicate:12,PUBCHEM.COMPOUND:52924335,CHEMBL.COMPOUND:CHEMBL505612,predicate:1,CHEBI:128907,0.0
model_26.pt,CHEBI:190239,predicate:11,HMDB:HMDB0072989,CHEMBL.COMPOUND:CHEMBL505612,predicate:1,CHEBI:128907,0.0
model_26.pt,CHEBI:135278,predicate:22,MONDO:0005559,CHEMBL.COMPOUND:CHEMBL505612,predicate:1,CHEBI:128907,0.0
model_26.pt,CHEBI:47040,predicate:15,CHEBI:146256,CHEMBL.COMPOUND:CHEMBL505612,predicate:1,CHEBI:128907,0.0
model_26.pt,CHEMBL.COMPOUND:CHEMBL4747062,predicate:0,CHEBI:71479,CHEMBL.COMPOUND:CHEMBL505612,predicate:1,CHEBI:128907,0.0
model_26.pt,CHEBI:42371,predicate:17,CHEBI:135736,CHEMBL.COMPOUND:CHEMBL505612,predicate:1,CHEBI:128907,0.0
model_26.pt,CHEBI:143114,predicate:1,CHEBI:125432,CHEMBL.COMPOUND:CHEMBL505612,predicate:1,CHEBI:128907,-41.20122528076172
model_26.pt,CHEBI:185767,predicate:1,CHEBI:16264,CHEMBL.COMPOUND:CHEMBL505612,predicate:1,CHEBI:128907,-37.70229721069336
model_26.pt,CHEBI:109317,predicate:14,CHEBI:170587,CHEMBL.COMPOUND:CHEMBL505612,predicate:1,CHEBI:128907,0.0
model_26.pt,CHEMBL.COMPOUND:CHEMBL4877928,predicate:1,PUBCHEM.COMPOUND:130363355,CHEMBL.COMPOUND:CHEMBL505612,predicate:1,CHEBI:128907,-57.12200927734375
model_26.pt,CHEBI:136073,predicate:10,MONDO:0007263,CHEMBL.COMPOUND:CHEMBL505612,predicate:1,CHEBI:128907,0.0
model_26.pt,PUBCHEM.COMPOUND:131762323,predicate:13,CHEBI:149534,CHEMBL.COMPOUND:CHEMBL505612,predicate:1,CHEBI:128907,0.0
model_26.pt,PUBCHEM.COMPOUND:54325967,predicate:0,CHEBI:149800,CHEMBL.COMPOUND:CHEMBL505612,predicate:1,CHEBI:128907,0.0
model_26.pt,HP:0000021,predicate:0,CHEBI:167578,CHEMBL.COMPOUND:CHEMBL505612,predicate:1,CHEBI:128907,0.0
model_26.pt,CHEMBL.COMPOUND:CHEMBL4782467,predicate:15,CHEBI:134948,CHEMBL.COMPOUND:CHEMBL505612,predicate:1,CHEBI:128907,0.0
model_26.pt,NCBIGene:23163,predicate:18,NCBIGene:100528017,CHEMBL.COMPOUND:CHEMBL505612,predicate:1,CHEBI:128907,0.0
model_26.pt,CHEBI:142271,predicate:1,CHEBI:192396,CHEMBL.COMPOUND:CHEMBL505612,predicate:1,CHEBI:128907,-6.585844039916992
model_26.pt,CHEBI:146285,predicate:12,PUBCHEM.COMPOUND:53478731,CHEMBL.COMPOUND:CHEMBL505612,predicate:1,CHEBI:128907,0.0
model_26.pt,CHEBI:136073,predicate:15,CHEBI:125586,CHEMBL.COMPOUND:CHEMBL505612,predicate:1,CHEBI:128907,0.0
model_26.pt,CHEMBL.COMPOUND:CHEMBL596806,predicate:20,HP:0000253,CHEMBL.COMPOUND:CHEMBL505612,predicate:1,CHEBI:128907,0.0
model_26.pt,NCBIGene:838170,predicate:13,CHEBI:75099,CHEMBL.COMPOUND:CHEMBL505612,predicate:1,CHEBI:128907,0.0
model_26.pt,PUBCHEM.COMPOUND:117859783,predicate:11,PUBCHEM.COMPOUND:10525997,CHEMBL.COMPOUND:CHEMBL505612,predicate:1,CHEBI:128907,0.0
model_26.pt,PUBCHEM.COMPOUND:127036977,predicate:0,CHEBI:103739,CHEMBL.COMPOUND:CHEMBL505612,predicate:1,CHEBI:128907,0.0
model_26.pt,PUBCHEM.COMPOUND:44433263,predicate:0,CHEBI:119893,CHEMBL.COMPOUND:CHEMBL505612,predicate:1,CHEBI:128907,0.0
model_26.pt,CHEBI:3914,predicate:15,CHEBI:190153,CHEMBL.COMPOUND:CHEMBL505612,predicate:1,CHEBI:128907,0.0
model_26.pt,PUBCHEM.COMPOUND:44314087,predicate:0,CHEBI:140407,CHEMBL.COMPOUND:CHEMBL505612,predicate:1,CHEBI:128907,0.0
model_26.pt,PUBCHEM.COMPOUND:25093440,predicate:0,CHEBI:113553,CHEMBL.COMPOUND:CHEMBL505612,predicate:1,CHEBI:128907,0.0
model_26.pt,CHEBI:65179,predicate:11,PUBCHEM.COMPOUND:11274029,CHEMBL.COMPOUND:CHEMBL505612,predicate:1,CHEBI:128907,0.0
model_26.pt,CHEBI:71580,predicate:22,MONDO:0005068,CHEMBL.COMPOUND:CHEMBL505612,predicate:1,CHEBI:128907,0.0
model_26.pt,CHEBI:190006,predicate:14,PUBCHEM.COMPOUND:118471641,CHEMBL.COMPOUND:CHEMBL505612,predicate:1,CHEBI:128907,0.0
model_26.pt,PUBCHEM.COMPOUND:59268935,predicate:0,CHEBI:113373,CHEMBL.COMPOUND:CHEMBL505612,predicate:1,CHEBI:128907,0.0
model_26.pt,CHEBI:157642,predicate:1,PUBCHEM.COMPOUND:130345144,CHEMBL.COMPOUND:CHEMBL505612,predicate:1,CHEBI:128907,-42.38568115234375
model_26.pt,PUBCHEM.COMPOUND:57395067,predicate:0,CHEBI:167320,CHEMBL.COMPOUND:CHEMBL505612,predicate:1,CHEBI:128907,0.0
model_26.pt,PUBCHEM.COMPOUND:2744597,predicate:11,PUBCHEM.COMPOUND:2930224,CHEMBL.COMPOUND:CHEMBL505612,predicate:1,CHEBI:128907,0.0
model_26.pt,CHEBI:137225,predicate:17,CHEBI:131804,CHEMBL.COMPOUND:CHEMBL505612,predicate:1,CHEBI:128907,0.0
model_26.pt,CHEBI:111166,predicate:1,CHEBI:93303,CHEMBL.COMPOUND:CHEMBL505612,predicate:1,CHEBI:128907,-22.495338439941406
model_26.pt,MONDO:0013171,predicate:20,MONDO:0001071,CHEMBL.COMPOUND:CHEMBL505612,predicate:1,CHEBI:128907,0.0
model_26.pt,CHEBI:143170,predicate:1,CHEBI:166778,CHEMBL.COMPOUND:CHEMBL505612,predicate:1,CHEBI:128907,32.802947998046875
model_26.pt,CHEBI:51561,predicate:2,HP:0001945,CHEMBL.COMPOUND:CHEMBL505612,predicate:1,CHEBI:128907,0.0
model_26.pt,UNII:5M691HL4BO,predicate:23,HP:0001288,CHEMBL.COMPOUND:CHEMBL505612,predicate:1,CHEBI:128907,0.0
model_26.pt,MONDO:0011122,predicate:18,CHEBI:132752,CHEMBL.COMPOUND:CHEMBL505612,predicate:1,CHEBI:128907,0.0
model_26.pt,PUBCHEM.COMPOUND:10314049,predicate:13,CHEBI:18086,CHEMBL.COMPOUND:CHEMBL505612,predicate:1,CHEBI:128907,0.0
model_26.pt,CHEBI:144357,predicate:20,HP:0002857,CHEMBL.COMPOUND:CHEMBL505612,predicate:1,CHEBI:128907,0.0
model_26.pt,CHEBI:16207,predicate:15,CHEBI:129768,CHEMBL.COMPOUND:CHEMBL505612,predicate:1,CHEBI:128907,0.0
model_26.pt,CHEBI:139081,predicate:20,HP:0010864,CHEMBL.COMPOUND:CHEMBL505612,predicate:1,CHEBI:128907,0.0
model_26.pt,PUBCHEM.COMPOUND:5702107,predicate:3,CHEBI:109116,CHEMBL.COMPOUND:CHEMBL505612,predicate:1,CHEBI:128907,0.0
model_26.pt,CHEBI:71289,predicate:17,CHEBI:180867,CHEMBL.COMPOUND:CHEMBL505612,predicate:1,CHEBI:128907,0.0
model_26.pt,PUBCHEM.COMPOUND:9834864,predicate:21,CHEBI:113373,CHEMBL.COMPOUND:CHEMBL505612,predicate:1,CHEBI:128907,0.0
model_26.pt,PUBCHEM.COMPOUND:44431492,predicate:18,CHEBI:121826,CHEMBL.COMPOUND:CHEMBL505612,predicate:1,CHEBI:128907,0.0
model_26.pt,PUBCHEM.COMPOUND:10432760,predicate:25,CHEBI:166658,CHEMBL.COMPOUND:CHEMBL505612,predicate:1,CHEBI:128907,0.0
model_26.pt,PUBCHEM.COMPOUND:25015107,predicate:0,CHEBI:127989,CHEMBL.COMPOUND:CHEMBL505612,predicate:1,CHEBI:128907,0.0
model_26.pt,PUBCHEM.COMPOUND:131757266,predicate:13,MONDO:0006749,CHEMBL.COMPOUND:CHEMBL505612,predicate:1,CHEBI:128907,0.0
model_26.pt,CHEBI:72619,predicate:1,CHEBI:196198,CHEMBL.COMPOUND:CHEMBL505612,predicate:1,CHEBI:128907,46.2671127319336
model_26.pt,CHEBI:71600,predicate:1,HMDB:HMDB0009929,CHEMBL.COMPOUND:CHEMBL505612,predicate:1,CHEBI:128907,-11.48004913330078
model_26.pt,CHEBI:184579,predicate:11,CHEBI:144250,CHEMBL.COMPOUND:CHEMBL505612,predicate:1,CHEBI:128907,0.0
model_26.pt,CHEBI:88497,predicate:1,CHEBI:144822,CHEMBL.COMPOUND:CHEMBL505612,predicate:1,CHEBI:128907,-8.309783935546875
model_26.pt,CHEBI:15040,predicate:16,MONDO:0013171,CHEMBL.COMPOUND:CHEMBL505612,predicate:1,CHEBI:128907,0.0
model_26.pt,MONDO:0005272,predicate:1,CHEBI:18262,CHEMBL.COMPOUND:CHEMBL505612,predicate:1,CHEBI:128907,14.235382080078123
model_26.pt,CHEBI:126004,predicate:17,CHEBI:175375,CHEMBL.COMPOUND:CHEMBL505612,predicate:1,CHEBI:128907,0.0
model_26.pt,MONDO:0035764,predicate:1,HMDB:HMDB0083268,CHEMBL.COMPOUND:CHEMBL505612,predicate:1,CHEBI:128907,-20.009693145751957
model_26.pt,PUBCHEM.COMPOUND:155512592,predicate:0,CHEBI:103843,CHEMBL.COMPOUND:CHEMBL505612,predicate:1,CHEBI:128907,0.0
model_26.pt,CHEBI:15490,predicate:15,CHEBI:170609,CHEMBL.COMPOUND:CHEMBL505612,predicate:1,CHEBI:128907,0.0
model_26.pt,CHEBI:138520,predicate:28,CHEBI:171141,CHEMBL.COMPOUND:CHEMBL505612,predicate:1,CHEBI:128907,0.0
model_26.pt,CHEBI:131557,predicate:1,CHEBI:73731,CHEMBL.COMPOUND:CHEMBL505612,predicate:1,CHEBI:128907,44.645057678222656
model_26.pt,CHEBI:134948,predicate:22,MONDO:0000831,CHEMBL.COMPOUND:CHEMBL505612,predicate:1,CHEBI:128907,0.0
model_26.pt,PUBCHEM.COMPOUND:10578760,predicate:0,CHEBI:92697,CHEMBL.COMPOUND:CHEMBL505612,predicate:1,CHEBI:128907,0.0
model_26.pt,HMDB:HMDB0076696,predicate:17,CHEBI:170784,CHEMBL.COMPOUND:CHEMBL505612,predicate:1,CHEBI:128907,0.0
model_26.pt,MONDO:0859265,predicate:3,CHEBI:176304,CHEMBL.COMPOUND:CHEMBL505612,predicate:1,CHEBI:128907,0.0
model_26.pt,CHEBI:113553,predicate:1,HMDB:HMDB0077232,CHEMBL.COMPOUND:CHEMBL505612,predicate:1,CHEBI:128907,6.226224899291992
model_26.pt,PUBCHEM.COMPOUND:137226420,predicate:0,CHEBI:109116,CHEMBL.COMPOUND:CHEMBL505612,predicate:1,CHEBI:128907,0.0
model_26.pt,MONDO:0010691,predicate:20,HP:0007957,CHEMBL.COMPOUND:CHEMBL505612,predicate:1,CHEBI:128907,0.0
model_26.pt,CHEMBL.COMPOUND:CHEMBL536308,predicate:1,CHEBI:163814,CHEMBL.COMPOUND:CHEMBL505612,predicate:1,CHEBI:128907,-64.92317962646484
model_26.pt,CHEBI:83370,predicate:16,CHEBI:72635,CHEMBL.COMPOUND:CHEMBL505612,predicate:1,CHEBI:128907,0.0
model_26.pt,PUBCHEM.COMPOUND:122196132,predicate:0,CHEBI:172159,CHEMBL.COMPOUND:CHEMBL505612,predicate:1,CHEBI:128907,0.0
model_26.pt,MONDO:0011730,predicate:1,CHEMBL.COMPOUND:CHEMBL54465,CHEMBL.COMPOUND:CHEMBL505612,predicate:1,CHEBI:128907,59.94994354248047
model_26.pt,MONDO:0011840,predicate:1,CHEBI:139280,CHEMBL.COMPOUND:CHEMBL505612,predicate:1,CHEBI:128907,67.63423156738281
model_26.pt,CHEBI:17482,predicate:23,MONDO:0001382,CHEMBL.COMPOUND:CHEMBL505612,predicate:1,CHEBI:128907,0.0
model_26.pt,PUBCHEM.COMPOUND:25263321,predicate:11,PUBCHEM.COMPOUND:3003511,CHEMBL.COMPOUND:CHEMBL505612,predicate:1,CHEBI:128907,0.0
model_26.pt,PUBCHEM.COMPOUND:10216381,predicate:11,PUBCHEM.COMPOUND:10431492,CHEMBL.COMPOUND:CHEMBL505612,predicate:1,CHEBI:128907,0.0
model_26.pt,NCBIGene:820781,predicate:12,PUBCHEM.COMPOUND:131761197,CHEMBL.COMPOUND:CHEMBL505612,predicate:1,CHEBI:128907,0.0
model_26.pt,CHEBI:51068,predicate:17,HMDB:HMDB0009399,CHEMBL.COMPOUND:CHEMBL505612,predicate:1,CHEBI:128907,0.0
model_26.pt,CHEBI:9330,predicate:22,MONDO:0005011,CHEMBL.COMPOUND:CHEMBL505612,predicate:1,CHEBI:128907,0.0
model_26.pt,PUBCHEM.COMPOUND:10048208,predicate:26,CHEMBL.COMPOUND:CHEMBL151630,CHEMBL.COMPOUND:CHEMBL505612,predicate:1,CHEBI:128907,0.0
model_26.pt,PUBCHEM.COMPOUND:44176335,predicate:0,CHEBI:105317,CHEMBL.COMPOUND:CHEMBL505612,predicate:1,CHEBI:128907,0.0
model_26.pt,PUBCHEM.COMPOUND:49864838,predicate:18,CHEBI:109533,CHEMBL.COMPOUND:CHEMBL505612,predicate:1,CHEBI:128907,0.0
model_26.pt,CHEBI:185985,predicate:16,CHEBI:70967,CHEMBL.COMPOUND:CHEMBL505612,predicate:1,CHEBI:128907,0.0
model_26.pt,CHEMBL.COMPOUND:CHEMBL4798272,predicate:15,CHEBI:167641,CHEMBL.COMPOUND:CHEMBL505612,predicate:1,CHEBI:128907,0.0
model_26.pt,PUBCHEM.COMPOUND:126739109,predicate:11,MONDO:0006996,CHEMBL.COMPOUND:CHEMBL505612,predicate:1,CHEBI:128907,0.0
model_10.pt,MONDO:0012176,predicate:20,HP:0003028,PUBCHEM.COMPOUND:71059938,predicate:18,CHEBI:132592,0.0
model_10.pt,CHEBI:16959,predicate:17,CHEBI:172284,PUBCHEM.COMPOUND:71059938,predicate:18,CHEBI:132592,0.0
model_10.pt,PUBCHEM.COMPOUND:68020555,predicate:0,PUBCHEM.COMPOUND:44459583,PUBCHEM.COMPOUND:71059938,predicate:18,CHEBI:132592,0.0
model_10.pt,PUBCHEM.COMPOUND:137636752,predicate:0,CHEBI:134753,PUBCHEM.COMPOUND:71059938,predicate:18,CHEBI:132592,0.0
model_10.pt,PUBCHEM.COMPOUND:124221273,predicate:23,MONDO:0015691,PUBCHEM.COMPOUND:71059938,predicate:18,CHEBI:132592,0.0
model_10.pt,PUBCHEM.COMPOUND:130200977,predicate:18,CHEBI:144991,PUBCHEM.COMPOUND:71059938,predicate:18,CHEBI:132592,-23.41165542602539
model_10.pt,MONDO:0005044,predicate:11,MONDO:0056796,PUBCHEM.COMPOUND:71059938,predicate:18,CHEBI:132592,0.0
model_10.pt,CHEBI:16592,predicate:41,CHEBI:114693,PUBCHEM.COMPOUND:71059938,predicate:18,CHEBI:132592,0.0
model_10.pt,CHEBI:166772,predicate:15,CHEBI:175537,PUBCHEM.COMPOUND:71059938,predicate:18,CHEBI:132592,0.0
model_10.pt,DRUGBANK:DB11158,predicate:2,MONDO:0005147,PUBCHEM.COMPOUND:71059938,predicate:18,CHEBI:132592,0.0
model_10.pt,CHEBI:145008,predicate:2,MONDO:0001076,PUBCHEM.COMPOUND:71059938,predicate:18,CHEBI:132592,0.0
model_10.pt,CHEBI:172333,predicate:11,CHEBI:84017,PUBCHEM.COMPOUND:71059938,predicate:18,CHEBI:132592,0.0
model_10.pt,CHEBI:188563,predicate:12,PUBCHEM.COMPOUND:52924335,PUBCHEM.COMPOUND:71059938,predicate:18,CHEBI:132592,0.0
model_10.pt,CHEBI:190239,predicate:11,HMDB:HMDB0072989,PUBCHEM.COMPOUND:71059938,predicate:18,CHEBI:132592,0.0
model_10.pt,CHEBI:135278,predicate:22,MONDO:0005559,PUBCHEM.COMPOUND:71059938,predicate:18,CHEBI:132592,0.0
model_10.pt,CHEBI:47040,predicate:15,CHEBI:146256,PUBCHEM.COMPOUND:71059938,predicate:18,CHEBI:132592,0.0
model_10.pt,CHEMBL.COMPOUND:CHEMBL4747062,predicate:0,CHEBI:71479,PUBCHEM.COMPOUND:71059938,predicate:18,CHEBI:132592,0.0
model_10.pt,CHEBI:42371,predicate:17,CHEBI:135736,PUBCHEM.COMPOUND:71059938,predicate:18,CHEBI:132592,0.0
model_10.pt,CHEBI:143114,predicate:1,CHEBI:125432,PUBCHEM.COMPOUND:71059938,predicate:18,CHEBI:132592,0.0
model_10.pt,CHEBI:185767,predicate:1,CHEBI:16264,PUBCHEM.COMPOUND:71059938,predicate:18,CHEBI:132592,0.0
model_10.pt,CHEBI:109317,predicate:14,CHEBI:170587,PUBCHEM.COMPOUND:71059938,predicate:18,CHEBI:132592,0.0
model_10.pt,CHEMBL.COMPOUND:CHEMBL4877928,predicate:1,PUBCHEM.COMPOUND:130363355,PUBCHEM.COMPOUND:71059938,predicate:18,CHEBI:132592,0.0
model_10.pt,CHEBI:136073,predicate:10,MONDO:0007263,PUBCHEM.COMPOUND:71059938,predicate:18,CHEBI:132592,0.0
model_10.pt,PUBCHEM.COMPOUND:131762323,predicate:13,CHEBI:149534,PUBCHEM.COMPOUND:71059938,predicate:18,CHEBI:132592,0.0
model_10.pt,PUBCHEM.COMPOUND:54325967,predicate:0,CHEBI:149800,PUBCHEM.COMPOUND:71059938,predicate:18,CHEBI:132592,0.0
model_10.pt,HP:0000021,predicate:0,CHEBI:167578,PUBCHEM.COMPOUND:71059938,predicate:18,CHEBI:132592,0.0
model_10.pt,CHEMBL.COMPOUND:CHEMBL4782467,predicate:15,CHEBI:134948,PUBCHEM.COMPOUND:71059938,predicate:18,CHEBI:132592,0.0
model_10.pt,NCBIGene:23163,predicate:18,NCBIGene:100528017,PUBCHEM.COMPOUND:71059938,predicate:18,CHEBI:132592,39.19339370727539
model_10.pt,CHEBI:142271,predicate:1,CHEBI:192396,PUBCHEM.COMPOUND:71059938,predicate:18,CHEBI:132592,0.0
model_10.pt,CHEBI:146285,predicate:12,PUBCHEM.COMPOUND:53478731,PUBCHEM.COMPOUND:71059938,predicate:18,CHEBI:132592,0.0
model_10.pt,CHEBI:136073,predicate:15,CHEBI:125586,PUBCHEM.COMPOUND:71059938,predicate:18,CHEBI:132592,0.0
model_10.pt,CHEMBL.COMPOUND:CHEMBL596806,predicate:20,HP:0000253,PUBCHEM.COMPOUND:71059938,predicate:18,CHEBI:132592,0.0
model_10.pt,NCBIGene:838170,predicate:13,CHEBI:75099,PUBCHEM.COMPOUND:71059938,predicate:18,CHEBI:132592,0.0
model_10.pt,PUBCHEM.COMPOUND:117859783,predicate:11,PUBCHEM.COMPOUND:10525997,PUBCHEM.COMPOUND:71059938,predicate:18,CHEBI:132592,0.0
model_10.pt,PUBCHEM.COMPOUND:127036977,predicate:0,CHEBI:103739,PUBCHEM.COMPOUND:71059938,predicate:18,CHEBI:132592,0.0
model_10.pt,PUBCHEM.COMPOUND:44433263,predicate:0,CHEBI:119893,PUBCHEM.COMPOUND:71059938,predicate:18,CHEBI:132592,0.0
model_10.pt,CHEBI:3914,predicate:15,CHEBI:190153,PUBCHEM.COMPOUND:71059938,predicate:18,CHEBI:132592,0.0
model_10.pt,PUBCHEM.COMPOUND:44314087,predicate:0,CHEBI:140407,PUBCHEM.COMPOUND:71059938,predicate:18,CHEBI:132592,0.0
model_10.pt,PUBCHEM.COMPOUND:25093440,predicate:0,CHEBI:113553,PUBCHEM.COMPOUND:71059938,predicate:18,CHEBI:132592,0.0
model_10.pt,CHEBI:65179,predicate:11,PUBCHEM.COMPOUND:11274029,PUBCHEM.COMPOUND:71059938,predicate:18,CHEBI:132592,0.0
model_10.pt,CHEBI:71580,predicate:22,MONDO:0005068,PUBCHEM.COMPOUND:71059938,predicate:18,CHEBI:132592,0.0
model_10.pt,CHEBI:190006,predicate:14,PUBCHEM.COMPOUND:118471641,PUBCHEM.COMPOUND:71059938,predicate:18,CHEBI:132592,0.0
model_10.pt,PUBCHEM.COMPOUND:59268935,predicate:0,CHEBI:113373,PUBCHEM.COMPOUND:71059938,predicate:18,CHEBI:132592,0.0
model_10.pt,CHEBI:157642,predicate:1,PUBCHEM.COMPOUND:130345144,PUBCHEM.COMPOUND:71059938,predicate:18,CHEBI:132592,0.0
model_10.pt,PUBCHEM.COMPOUND:57395067,predicate:0,CHEBI:167320,PUBCHEM.COMPOUND:71059938,predicate:18,CHEBI:132592,0.0
model_10.pt,PUBCHEM.COMPOUND:2744597,predicate:11,PUBCHEM.COMPOUND:2930224,PUBCHEM.COMPOUND:71059938,predicate:18,CHEBI:132592,0.0
model_10.pt,CHEBI:137225,predicate:17,CHEBI:131804,PUBCHEM.COMPOUND:71059938,predicate:18,CHEBI:132592,0.0
model_10.pt,CHEBI:111166,predicate:1,CHEBI:93303,PUBCHEM.COMPOUND:71059938,predicate:18,CHEBI:132592,0.0
model_10.pt,MONDO:0013171,predicate:20,MONDO:0001071,PUBCHEM.COMPOUND:71059938,predicate:18,CHEBI:132592,0.0
model_10.pt,CHEBI:143170,predicate:1,CHEBI:166778,PUBCHEM.COMPOUND:71059938,predicate:18,CHEBI:132592,0.0
model_10.pt,CHEBI:51561,predicate:2,HP:0001945,PUBCHEM.COMPOUND:71059938,predicate:18,CHEBI:132592,0.0
model_10.pt,UNII:5M691HL4BO,predicate:23,HP:0001288,PUBCHEM.COMPOUND:71059938,predicate:18,CHEBI:132592,0.0
model_10.pt,MONDO:0011122,predicate:18,CHEBI:132752,PUBCHEM.COMPOUND:71059938,predicate:18,CHEBI:132592,17.91570472717285
model_10.pt,PUBCHEM.COMPOUND:10314049,predicate:13,CHEBI:18086,PUBCHEM.COMPOUND:71059938,predicate:18,CHEBI:132592,0.0
model_10.pt,CHEBI:144357,predicate:20,HP:0002857,PUBCHEM.COMPOUND:71059938,predicate:18,CHEBI:132592,0.0
model_10.pt,CHEBI:16207,predicate:15,CHEBI:129768,PUBCHEM.COMPOUND:71059938,predicate:18,CHEBI:132592,0.0
model_10.pt,CHEBI:139081,predicate:20,HP:0010864,PUBCHEM.COMPOUND:71059938,predicate:18,CHEBI:132592,0.0
model_10.pt,PUBCHEM.COMPOUND:5702107,predicate:3,CHEBI:109116,PUBCHEM.COMPOUND:71059938,predicate:18,CHEBI:132592,0.0
model_10.pt,CHEBI:71289,predicate:17,CHEBI:180867,PUBCHEM.COMPOUND:71059938,predicate:18,CHEBI:132592,0.0
model_10.pt,PUBCHEM.COMPOUND:9834864,predicate:21,CHEBI:113373,PUBCHEM.COMPOUND:71059938,predicate:18,CHEBI:132592,0.0
model_10.pt,PUBCHEM.COMPOUND:44431492,predicate:18,CHEBI:121826,PUBCHEM.COMPOUND:71059938,predicate:18,CHEBI:132592,52.84981536865234
model_10.pt,PUBCHEM.COMPOUND:10432760,predicate:25,CHEBI:166658,PUBCHEM.COMPOUND:71059938,predicate:18,CHEBI:132592,0.0
model_10.pt,PUBCHEM.COMPOUND:25015107,predicate:0,CHEBI:127989,PUBCHEM.COMPOUND:71059938,predicate:18,CHEBI:132592,0.0
model_10.pt,PUBCHEM.COMPOUND:131757266,predicate:13,MONDO:0006749,PUBCHEM.COMPOUND:71059938,predicate:18,CHEBI:132592,0.0
model_10.pt,CHEBI:72619,predicate:1,CHEBI:196198,PUBCHEM.COMPOUND:71059938,predicate:18,CHEBI:132592,0.0
model_10.pt,CHEBI:71600,predicate:1,HMDB:HMDB0009929,PUBCHEM.COMPOUND:71059938,predicate:18,CHEBI:132592,0.0
model_10.pt,CHEBI:184579,predicate:11,CHEBI:144250,PUBCHEM.COMPOUND:71059938,predicate:18,CHEBI:132592,0.0
model_10.pt,CHEBI:88497,predicate:1,CHEBI:144822,PUBCHEM.COMPOUND:71059938,predicate:18,CHEBI:132592,0.0
model_10.pt,CHEBI:15040,predicate:16,MONDO:0013171,PUBCHEM.COMPOUND:71059938,predicate:18,CHEBI:132592,0.0
model_10.pt,MONDO:0005272,predicate:1,CHEBI:18262,PUBCHEM.COMPOUND:71059938,predicate:18,CHEBI:132592,0.0
model_10.pt,CHEBI:126004,predicate:17,CHEBI:175375,PUBCHEM.COMPOUND:71059938,predicate:18,CHEBI:132592,0.0
model_10.pt,MONDO:0035764,predicate:1,HMDB:HMDB0083268,PUBCHEM.COMPOUND:71059938,predicate:18,CHEBI:132592,0.0
model_10.pt,PUBCHEM.COMPOUND:155512592,predicate:0,CHEBI:103843,PUBCHEM.COMPOUND:71059938,predicate:18,CHEBI:132592,0.0
model_10.pt,CHEBI:15490,predicate:15,CHEBI:170609,PUBCHEM.COMPOUND:71059938,predicate:18,CHEBI:132592,0.0
model_10.pt,CHEBI:138520,predicate:28,CHEBI:171141,PUBCHEM.COMPOUND:71059938,predicate:18,CHEBI:132592,0.0
model_10.pt,CHEBI:131557,predicate:1,CHEBI:73731,PUBCHEM.COMPOUND:71059938,predicate:18,CHEBI:132592,0.0
model_10.pt,CHEBI:134948,predicate:22,MONDO:0000831,PUBCHEM.COMPOUND:71059938,predicate:18,CHEBI:132592,0.0
model_10.pt,PUBCHEM.COMPOUND:10578760,predicate:0,CHEBI:92697,PUBCHEM.COMPOUND:71059938,predicate:18,CHEBI:132592,0.0
model_10.pt,HMDB:HMDB0076696,predicate:17,CHEBI:170784,PUBCHEM.COMPOUND:71059938,predicate:18,CHEBI:132592,0.0
model_10.pt,MONDO:0859265,predicate:3,CHEBI:176304,PUBCHEM.COMPOUND:71059938,predicate:18,CHEBI:132592,0.0
model_10.pt,CHEBI:113553,predicate:1,HMDB:HMDB0077232,PUBCHEM.COMPOUND:71059938,predicate:18,CHEBI:132592,0.0
model_10.pt,PUBCHEM.COMPOUND:137226420,predicate:0,CHEBI:109116,PUBCHEM.COMPOUND:71059938,predicate:18,CHEBI:132592,0.0
model_10.pt,MONDO:0010691,predicate:20,HP:0007957,PUBCHEM.COMPOUND:71059938,predicate:18,CHEBI:132592,0.0
model_10.pt,CHEMBL.COMPOUND:CHEMBL536308,predicate:1,CHEBI:163814,PUBCHEM.COMPOUND:71059938,predicate:18,CHEBI:132592,0.0
model_10.pt,CHEBI:83370,predicate:16,CHEBI:72635,PUBCHEM.COMPOUND:71059938,predicate:18,CHEBI:132592,0.0
model_10.pt,PUBCHEM.COMPOUND:122196132,predicate:0,CHEBI:172159,PUBCHEM.COMPOUND:71059938,predicate:18,CHEBI:132592,0.0
model_10.pt,MONDO:0011730,predicate:1,CHEMBL.COMPOUND:CHEMBL54465,PUBCHEM.COMPOUND:71059938,predicate:18,CHEBI:132592,0.0
model_10.pt,MONDO:0011840,predicate:1,CHEBI:139280,PUBCHEM.COMPOUND:71059938,predicate:18,CHEBI:132592,0.0
model_10.pt,CHEBI:17482,predicate:23,MONDO:0001382,PUBCHEM.COMPOUND:71059938,predicate:18,CHEBI:132592,0.0
model_10.pt,PUBCHEM.COMPOUND:25263321,predicate:11,PUBCHEM.COMPOUND:3003511,PUBCHEM.COMPOUND:71059938,predicate:18,CHEBI:132592,0.0
model_10.pt,PUBCHEM.COMPOUND:10216381,predicate:11,PUBCHEM.COMPOUND:10431492,PUBCHEM.COMPOUND:71059938,predicate:18,CHEBI:132592,0.0
model_10.pt,NCBIGene:820781,predicate:12,PUBCHEM.COMPOUND:131761197,PUBCHEM.COMPOUND:71059938,predicate:18,CHEBI:132592,0.0
model_10.pt,CHEBI:51068,predicate:17,HMDB:HMDB0009399,PUBCHEM.COMPOUND:71059938,predicate:18,CHEBI:132592,0.0
model_10.pt,CHEBI:9330,predicate:22,MONDO:0005011,PUBCHEM.COMPOUND:71059938,predicate:18,CHEBI:132592,0.0
model_10.pt,PUBCHEM.COMPOUND:10048208,predicate:26,CHEMBL.COMPOUND:CHEMBL151630,PUBCHEM.COMPOUND:71059938,predicate:18,CHEBI:132592,0.0
model_10.pt,PUBCHEM.COMPOUND:44176335,predicate:0,CHEBI:105317,PUBCHEM.COMPOUND:71059938,predicate:18,CHEBI:132592,0.0
model_10.pt,PUBCHEM.COMPOUND:49864838,predicate:18,CHEBI:109533,PUBCHEM.COMPOUND:71059938,predicate:18,CHEBI:132592,55.78273010253906
model_10.pt,CHEBI:185985,predicate:16,CHEBI:70967,PUBCHEM.COMPOUND:71059938,predicate:18,CHEBI:132592,0.0
model_10.pt,CHEMBL.COMPOUND:CHEMBL4798272,predicate:15,CHEBI:167641,PUBCHEM.COMPOUND:71059938,predicate:18,CHEBI:132592,0.0
model_10.pt,PUBCHEM.COMPOUND:126739109,predicate:11,MONDO:0006996,PUBCHEM.COMPOUND:71059938,predicate:18,CHEBI:132592,0.0
model_10.pt,MONDO:0012176,predicate:20,HP:0003028,CHEBI:170469,predicate:1,CHEBI:104125,0.0
model_10.pt,CHEBI:16959,predicate:17,CHEBI:172284,CHEBI:170469,predicate:1,CHEBI:104125,0.0
model_10.pt,PUBCHEM.COMPOUND:68020555,predicate:0,PUBCHEM.COMPOUND:44459583,CHEBI:170469,predicate:1,CHEBI:104125,0.0
model_10.pt,PUBCHEM.COMPOUND:137636752,predicate:0,CHEBI:134753,CHEBI:170469,predicate:1,CHEBI:104125,0.0
model_10.pt,PUBCHEM.COMPOUND:124221273,predicate:23,MONDO:0015691,CHEBI:170469,predicate:1,CHEBI:104125,0.0
model_10.pt,PUBCHEM.COMPOUND:130200977,predicate:18,CHEBI:144991,CHEBI:170469,predicate:1,CHEBI:104125,0.0
model_10.pt,MONDO:0005044,predicate:11,MONDO:0056796,CHEBI:170469,predicate:1,CHEBI:104125,0.0
model_10.pt,CHEBI:16592,predicate:41,CHEBI:114693,CHEBI:170469,predicate:1,CHEBI:104125,0.0
model_10.pt,CHEBI:166772,predicate:15,CHEBI:175537,CHEBI:170469,predicate:1,CHEBI:104125,0.0
model_10.pt,DRUGBANK:DB11158,predicate:2,MONDO:0005147,CHEBI:170469,predicate:1,CHEBI:104125,0.0
model_10.pt,CHEBI:145008,predicate:2,MONDO:0001076,CHEBI:170469,predicate:1,CHEBI:104125,0.0
model_10.pt,CHEBI:172333,predicate:11,CHEBI:84017,CHEBI:170469,predicate:1,CHEBI:104125,0.0
model_10.pt,CHEBI:188563,predicate:12,PUBCHEM.COMPOUND:52924335,CHEBI:170469,predicate:1,CHEBI:104125,0.0
model_10.pt,CHEBI:190239,predicate:11,HMDB:HMDB0072989,CHEBI:170469,predicate:1,CHEBI:104125,0.0
model_10.pt,CHEBI:135278,predicate:22,MONDO:0005559,CHEBI:170469,predicate:1,CHEBI:104125,0.0
model_10.pt,CHEBI:47040,predicate:15,CHEBI:146256,CHEBI:170469,predicate:1,CHEBI:104125,0.0
model_10.pt,CHEMBL.COMPOUND:CHEMBL4747062,predicate:0,CHEBI:71479,CHEBI:170469,predicate:1,CHEBI:104125,0.0
model_10.pt,CHEBI:42371,predicate:17,CHEBI:135736,CHEBI:170469,predicate:1,CHEBI:104125,0.0
model_10.pt,CHEBI:143114,predicate:1,CHEBI:125432,CHEBI:170469,predicate:1,CHEBI:104125,59.68881988525391
model_10.pt,CHEBI:185767,predicate:1,CHEBI:16264,CHEBI:170469,predicate:1,CHEBI:104125,-91.9704818725586
model_10.pt,CHEBI:109317,predicate:14,CHEBI:170587,CHEBI:170469,predicate:1,CHEBI:104125,0.0
model_10.pt,CHEMBL.COMPOUND:CHEMBL4877928,predicate:1,PUBCHEM.COMPOUND:130363355,CHEBI:170469,predicate:1,CHEBI:104125,7.554207801818848
model_10.pt,CHEBI:136073,predicate:10,MONDO:0007263,CHEBI:170469,predicate:1,CHEBI:104125,0.0
model_10.pt,PUBCHEM.COMPOUND:131762323,predicate:13,CHEBI:149534,CHEBI:170469,predicate:1,CHEBI:104125,0.0
model_10.pt,PUBCHEM.COMPOUND:54325967,predicate:0,CHEBI:149800,CHEBI:170469,predicate:1,CHEBI:104125,0.0
model_10.pt,HP:0000021,predicate:0,CHEBI:167578,CHEBI:170469,predicate:1,CHEBI:104125,0.0
model_10.pt,CHEMBL.COMPOUND:CHEMBL4782467,predicate:15,CHEBI:134948,CHEBI:170469,predicate:1,CHEBI:104125,0.0
model_10.pt,NCBIGene:23163,predicate:18,NCBIGene:100528017,CHEBI:170469,predicate:1,CHEBI:104125,0.0
model_10.pt,CHEBI:142271,predicate:1,CHEBI:192396,CHEBI:170469,predicate:1,CHEBI:104125,-26.943767547607425
model_10.pt,CHEBI:146285,predicate:12,PUBCHEM.COMPOUND:53478731,CHEBI:170469,predicate:1,CHEBI:104125,0.0
model_10.pt,CHEBI:136073,predicate:15,CHEBI:125586,CHEBI:170469,predicate:1,CHEBI:104125,0.0
model_10.pt,CHEMBL.COMPOUND:CHEMBL596806,predicate:20,HP:0000253,CHEBI:170469,predicate:1,CHEBI:104125,0.0
model_10.pt,NCBIGene:838170,predicate:13,CHEBI:75099,CHEBI:170469,predicate:1,CHEBI:104125,0.0
model_10.pt,PUBCHEM.COMPOUND:117859783,predicate:11,PUBCHEM.COMPOUND:10525997,CHEBI:170469,predicate:1,CHEBI:104125,0.0
model_10.pt,PUBCHEM.COMPOUND:127036977,predicate:0,CHEBI:103739,CHEBI:170469,predicate:1,CHEBI:104125,0.0
model_10.pt,PUBCHEM.COMPOUND:44433263,predicate:0,CHEBI:119893,CHEBI:170469,predicate:1,CHEBI:104125,0.0
model_10.pt,CHEBI:3914,predicate:15,CHEBI:190153,CHEBI:170469,predicate:1,CHEBI:104125,0.0
model_10.pt,PUBCHEM.COMPOUND:44314087,predicate:0,CHEBI:140407,CHEBI:170469,predicate:1,CHEBI:104125,0.0
model_10.pt,PUBCHEM.COMPOUND:25093440,predicate:0,CHEBI:113553,CHEBI:170469,predicate:1,CHEBI:104125,0.0
model_10.pt,CHEBI:65179,predicate:11,PUBCHEM.COMPOUND:11274029,CHEBI:170469,predicate:1,CHEBI:104125,0.0
model_10.pt,CHEBI:71580,predicate:22,MONDO:0005068,CHEBI:170469,predicate:1,CHEBI:104125,0.0
model_10.pt,CHEBI:190006,predicate:14,PUBCHEM.COMPOUND:118471641,CHEBI:170469,predicate:1,CHEBI:104125,0.0
model_10.pt,PUBCHEM.COMPOUND:59268935,predicate:0,CHEBI:113373,CHEBI:170469,predicate:1,CHEBI:104125,0.0
model_10.pt,CHEBI:157642,predicate:1,PUBCHEM.COMPOUND:130345144,CHEBI:170469,predicate:1,CHEBI:104125,37.23006820678711
model_10.pt,PUBCHEM.COMPOUND:57395067,predicate:0,CHEBI:167320,CHEBI:170469,predicate:1,CHEBI:104125,0.0
model_10.pt,PUBCHEM.COMPOUND:2744597,predicate:11,PUBCHEM.COMPOUND:2930224,CHEBI:170469,predicate:1,CHEBI:104125,0.0
model_10.pt,CHEBI:137225,predicate:17,CHEBI:131804,CHEBI:170469,predicate:1,CHEBI:104125,0.0
model_10.pt,CHEBI:111166,predicate:1,CHEBI:93303,CHEBI:170469,predicate:1,CHEBI:104125,-25.567768096923828
model_10.pt,MONDO:0013171,predicate:20,MONDO:0001071,CHEBI:170469,predicate:1,CHEBI:104125,0.0
model_10.pt,CHEBI:143170,predicate:1,CHEBI:166778,CHEBI:170469,predicate:1,CHEBI:104125,10.90942668914795
model_10.pt,CHEBI:51561,predicate:2,HP:0001945,CHEBI:170469,predicate:1,CHEBI:104125,0.0
model_10.pt,UNII:5M691HL4BO,predicate:23,HP:0001288,CHEBI:170469,predicate:1,CHEBI:104125,0.0
model_10.pt,MONDO:0011122,predicate:18,CHEBI:132752,CHEBI:170469,predicate:1,CHEBI:104125,0.0
model_10.pt,PUBCHEM.COMPOUND:10314049,predicate:13,CHEBI:18086,CHEBI:170469,predicate:1,CHEBI:104125,0.0
model_10.pt,CHEBI:144357,predicate:20,HP:0002857,CHEBI:170469,predicate:1,CHEBI:104125,0.0
model_10.pt,CHEBI:16207,predicate:15,CHEBI:129768,CHEBI:170469,predicate:1,CHEBI:104125,0.0
model_10.pt,CHEBI:139081,predicate:20,HP:0010864,CHEBI:170469,predicate:1,CHEBI:104125,0.0
model_10.pt,PUBCHEM.COMPOUND:5702107,predicate:3,CHEBI:109116,CHEBI:170469,predicate:1,CHEBI:104125,0.0
model_10.pt,CHEBI:71289,predicate:17,CHEBI:180867,CHEBI:170469,predicate:1,CHEBI:104125,0.0
model_10.pt,PUBCHEM.COMPOUND:9834864,predicate:21,CHEBI:113373,CHEBI:170469,predicate:1,CHEBI:104125,0.0
model_10.pt,PUBCHEM.COMPOUND:44431492,predicate:18,CHEBI:121826,CHEBI:170469,predicate:1,CHEBI:104125,0.0
model_10.pt,PUBCHEM.COMPOUND:10432760,predicate:25,CHEBI:166658,CHEBI:170469,predicate:1,CHEBI:104125,0.0
model_10.pt,PUBCHEM.COMPOUND:25015107,predicate:0,CHEBI:127989,CHEBI:170469,predicate:1,CHEBI:104125,0.0
model_10.pt,PUBCHEM.COMPOUND:131757266,predicate:13,MONDO:0006749,CHEBI:170469,predicate:1,CHEBI:104125,0.0
model_10.pt,CHEBI:72619,predicate:1,CHEBI:196198,CHEBI:170469,predicate:1,CHEBI:104125,-31.498817443847656
model_10.pt,CHEBI:71600,predicate:1,HMDB:HMDB0009929,CHEBI:170469,predicate:1,CHEBI:104125,-16.817922592163086
model_10.pt,CHEBI:184579,predicate:11,CHEBI:144250,CHEBI:170469,predicate:1,CHEBI:104125,0.0
model_10.pt,CHEBI:88497,predicate:1,CHEBI:144822,CHEBI:170469,predicate:1,CHEBI:104125,0.4745445251464844
model_10.pt,CHEBI:15040,predicate:16,MONDO:0013171,CHEBI:170469,predicate:1,CHEBI:104125,0.0
model_10.pt,MONDO:0005272,predicate:1,CHEBI:18262,CHEBI:170469,predicate:1,CHEBI:104125,69.90202331542969
model_10.pt,CHEBI:126004,predicate:17,CHEBI:175375,CHEBI:170469,predicate:1,CHEBI:104125,0.0
model_10.pt,MONDO:0035764,predicate:1,HMDB:HMDB0083268,CHEBI:170469,predicate:1,CHEBI:104125,-43.94287872314453
model_10.pt,PUBCHEM.COMPOUND:155512592,predicate:0,CHEBI:103843,CHEBI:170469,predicate:1,CHEBI:104125,0.0
model_10.pt,CHEBI:15490,predicate:15,CHEBI:170609,CHEBI:170469,predicate:1,CHEBI:104125,0.0
model_10.pt,CHEBI:138520,predicate:28,CHEBI:171141,CHEBI:170469,predicate:1,CHEBI:104125,0.0
model_10.pt,CHEBI:131557,predicate:1,CHEBI:73731,CHEBI:170469,predicate:1,CHEBI:104125,-42.99773406982422
model_10.pt,CHEBI:134948,predicate:22,MONDO:0000831,CHEBI:170469,predicate:1,CHEBI:104125,0.0
model_10.pt,PUBCHEM.COMPOUND:10578760,predicate:0,CHEBI:92697,CHEBI:170469,predicate:1,CHEBI:104125,0.0
model_10.pt,HMDB:HMDB0076696,predicate:17,CHEBI:170784,CHEBI:170469,predicate:1,CHEBI:104125,0.0
model_10.pt,MONDO:0859265,predicate:3,CHEBI:176304,CHEBI:170469,predicate:1,CHEBI:104125,0.0
model_10.pt,CHEBI:113553,predicate:1,HMDB:HMDB0077232,CHEBI:170469,predicate:1,CHEBI:104125,-11.132606506347656
model_10.pt,PUBCHEM.COMPOUND:137226420,predicate:0,CHEBI:109116,CHEBI:170469,predicate:1,CHEBI:104125,0.0
model_10.pt,MONDO:0010691,predicate:20,HP:0007957,CHEBI:170469,predicate:1,CHEBI:104125,0.0
model_10.pt,CHEMBL.COMPOUND:CHEMBL536308,predicate:1,CHEBI:163814,CHEBI:170469,predicate:1,CHEBI:104125,64.93458557128906
model_10.pt,CHEBI:83370,predicate:16,CHEBI:72635,CHEBI:170469,predicate:1,CHEBI:104125,0.0
model_10.pt,PUBCHEM.COMPOUND:122196132,predicate:0,CHEBI:172159,CHEBI:170469,predicate:1,CHEBI:104125,0.0
model_10.pt,MONDO:0011730,predicate:1,CHEMBL.COMPOUND:CHEMBL54465,CHEBI:170469,predicate:1,CHEBI:104125,2.969154357910156
model_10.pt,MONDO:0011840,predicate:1,CHEBI:139280,CHEBI:170469,predicate:1,CHEBI:104125,7.937017440795898
model_10.pt,CHEBI:17482,predicate:23,MONDO:0001382,CHEBI:170469,predicate:1,CHEBI:104125,0.0
model_10.pt,PUBCHEM.COMPOUND:25263321,predicate:11,PUBCHEM.COMPOUND:3003511,CHEBI:170469,predicate:1,CHEBI:104125,0.0
model_10.pt,PUBCHEM.COMPOUND:10216381,predicate:11,PUBCHEM.COMPOUND:10431492,CHEBI:170469,predicate:1,CHEBI:104125,0.0
model_10.pt,NCBIGene:820781,predicate:12,PUBCHEM.COMPOUND:131761197,CHEBI:170469,predicate:1,CHEBI:104125,0.0
model_10.pt,CHEBI:51068,predicate:17,HMDB:HMDB0009399,CHEBI:170469,predicate:1,CHEBI:104125,0.0
model_10.pt,CHEBI:9330,predicate:22,MONDO:0005011,CHEBI:170469,predicate:1,CHEBI:104125,0.0
model_10.pt,PUBCHEM.COMPOUND:10048208,predicate:26,CHEMBL.COMPOUND:CHEMBL151630,CHEBI:170469,predicate:1,CHEBI:104125,0.0
model_10.pt,PUBCHEM.COMPOUND:44176335,predicate:0,CHEBI:105317,CHEBI:170469,predicate:1,CHEBI:104125,0.0
model_10.pt,PUBCHEM.COMPOUND:49864838,predicate:18,CHEBI:109533,CHEBI:170469,predicate:1,CHEBI:104125,0.0
model_10.pt,CHEBI:185985,predicate:16,CHEBI:70967,CHEBI:170469,predicate:1,CHEBI:104125,0.0
model_10.pt,CHEMBL.COMPOUND:CHEMBL4798272,predicate:15,CHEBI:167641,CHEBI:170469,predicate:1,CHEBI:104125,0.0
model_10.pt,PUBCHEM.COMPOUND:126739109,predicate:11,MONDO:0006996,CHEBI:170469,predicate:1,CHEBI:104125,0.0
model_10.pt,MONDO:0012176,predicate:20,HP:0003028,MONDO:0006336,predicate:12,NCIT:C45955,0.0
model_10.pt,CHEBI:16959,predicate:17,CHEBI:172284,MONDO:0006336,predicate:12,NCIT:C45955,0.0
model_10.pt,PUBCHEM.COMPOUND:68020555,predicate:0,PUBCHEM.COMPOUND:44459583,MONDO:0006336,predicate:12,NCIT:C45955,0.0
model_10.pt,PUBCHEM.COMPOUND:137636752,predicate:0,CHEBI:134753,MONDO:0006336,predicate:12,NCIT:C45955,0.0
model_10.pt,PUBCHEM.COMPOUND:124221273,predicate:23,MONDO:0015691,MONDO:0006336,predicate:12,NCIT:C45955,0.0
model_10.pt,PUBCHEM.COMPOUND:130200977,predicate:18,CHEBI:144991,MONDO:0006336,predicate:12,NCIT:C45955,0.0
model_10.pt,MONDO:0005044,predicate:11,MONDO:0056796,MONDO:0006336,predicate:12,NCIT:C45955,0.0
model_10.pt,CHEBI:16592,predicate:41,CHEBI:114693,MONDO:0006336,predicate:12,NCIT:C45955,0.0
model_10.pt,CHEBI:166772,predicate:15,CHEBI:175537,MONDO:0006336,predicate:12,NCIT:C45955,0.0
model_10.pt,DRUGBANK:DB11158,predicate:2,MONDO:0005147,MONDO:0006336,predicate:12,NCIT:C45955,0.0
model_10.pt,CHEBI:145008,predicate:2,MONDO:0001076,MONDO:0006336,predicate:12,NCIT:C45955,0.0
model_10.pt,CHEBI:172333,predicate:11,CHEBI:84017,MONDO:0006336,predicate:12,NCIT:C45955,0.0
model_10.pt,CHEBI:188563,predicate:12,PUBCHEM.COMPOUND:52924335,MONDO:0006336,predicate:12,NCIT:C45955,-106.63129425048828
model_10.pt,CHEBI:190239,predicate:11,HMDB:HMDB0072989,MONDO:0006336,predicate:12,NCIT:C45955,0.0
model_10.pt,CHEBI:135278,predicate:22,MONDO:0005559,MONDO:0006336,predicate:12,NCIT:C45955,0.0
model_10.pt,CHEBI:47040,predicate:15,CHEBI:146256,MONDO:0006336,predicate:12,NCIT:C45955,0.0
model_10.pt,CHEMBL.COMPOUND:CHEMBL4747062,predicate:0,CHEBI:71479,MONDO:0006336,predicate:12,NCIT:C45955,0.0
model_10.pt,CHEBI:42371,predicate:17,CHEBI:135736,MONDO:0006336,predicate:12,NCIT:C45955,0.0
model_10.pt,CHEBI:143114,predicate:1,CHEBI:125432,MONDO:0006336,predicate:12,NCIT:C45955,0.0
model_10.pt,CHEBI:185767,predicate:1,CHEBI:16264,MONDO:0006336,predicate:12,NCIT:C45955,0.0
model_10.pt,CHEBI:109317,predicate:14,CHEBI:170587,MONDO:0006336,predicate:12,NCIT:C45955,0.0
model_10.pt,CHEMBL.COMPOUND:CHEMBL4877928,predicate:1,PUBCHEM.COMPOUND:130363355,MONDO:0006336,predicate:12,NCIT:C45955,0.0
model_10.pt,CHEBI:136073,predicate:10,MONDO:0007263,MONDO:0006336,predicate:12,NCIT:C45955,0.0
model_10.pt,PUBCHEM.COMPOUND:131762323,predicate:13,CHEBI:149534,MONDO:0006336,predicate:12,NCIT:C45955,0.0
model_10.pt,PUBCHEM.COMPOUND:54325967,predicate:0,CHEBI:149800,MONDO:0006336,predicate:12,NCIT:C45955,0.0
model_10.pt,HP:0000021,predicate:0,CHEBI:167578,MONDO:0006336,predicate:12,NCIT:C45955,0.0
model_10.pt,CHEMBL.COMPOUND:CHEMBL4782467,predicate:15,CHEBI:134948,MONDO:0006336,predicate:12,NCIT:C45955,0.0
model_10.pt,NCBIGene:23163,predicate:18,NCBIGene:100528017,MONDO:0006336,predicate:12,NCIT:C45955,0.0
model_10.pt,CHEBI:142271,predicate:1,CHEBI:192396,MONDO:0006336,predicate:12,NCIT:C45955,0.0
model_10.pt,CHEBI:146285,predicate:12,PUBCHEM.COMPOUND:53478731,MONDO:0006336,predicate:12,NCIT:C45955,33.64109802246094
model_10.pt,CHEBI:136073,predicate:15,CHEBI:125586,MONDO:0006336,predicate:12,NCIT:C45955,0.0
model_10.pt,CHEMBL.COMPOUND:CHEMBL596806,predicate:20,HP:0000253,MONDO:0006336,predicate:12,NCIT:C45955,0.0
model_10.pt,NCBIGene:838170,predicate:13,CHEBI:75099,MONDO:0006336,predicate:12,NCIT:C45955,0.0
model_10.pt,PUBCHEM.COMPOUND:117859783,predicate:11,PUBCHEM.COMPOUND:10525997,MONDO:0006336,predicate:12,NCIT:C45955,0.0
model_10.pt,PUBCHEM.COMPOUND:127036977,predicate:0,CHEBI:103739,MONDO:0006336,predicate:12,NCIT:C45955,0.0
model_10.pt,PUBCHEM.COMPOUND:44433263,predicate:0,CHEBI:119893,MONDO:0006336,predicate:12,NCIT:C45955,0.0
model_10.pt,CHEBI:3914,predicate:15,CHEBI:190153,MONDO:0006336,predicate:12,NCIT:C45955,0.0
model_10.pt,PUBCHEM.COMPOUND:44314087,predicate:0,CHEBI:140407,MONDO:0006336,predicate:12,NCIT:C45955,0.0
model_10.pt,PUBCHEM.COMPOUND:25093440,predicate:0,CHEBI:113553,MONDO:0006336,predicate:12,NCIT:C45955,0.0
model_10.pt,CHEBI:65179,predicate:11,PUBCHEM.COMPOUND:11274029,MONDO:0006336,predicate:12,NCIT:C45955,0.0
model_10.pt,CHEBI:71580,predicate:22,MONDO:0005068,MONDO:0006336,predicate:12,NCIT:C45955,0.0
model_10.pt,CHEBI:190006,predicate:14,PUBCHEM.COMPOUND:118471641,MONDO:0006336,predicate:12,NCIT:C45955,0.0
model_10.pt,PUBCHEM.COMPOUND:59268935,predicate:0,CHEBI:113373,MONDO:0006336,predicate:12,NCIT:C45955,0.0
model_10.pt,CHEBI:157642,predicate:1,PUBCHEM.COMPOUND:130345144,MONDO:0006336,predicate:12,NCIT:C45955,0.0
model_10.pt,PUBCHEM.COMPOUND:57395067,predicate:0,CHEBI:167320,MONDO:0006336,predicate:12,NCIT:C45955,0.0
model_10.pt,PUBCHEM.COMPOUND:2744597,predicate:11,PUBCHEM.COMPOUND:2930224,MONDO:0006336,predicate:12,NCIT:C45955,0.0
model_10.pt,CHEBI:137225,predicate:17,CHEBI:131804,MONDO:0006336,predicate:12,NCIT:C45955,0.0
model_10.pt,CHEBI:111166,predicate:1,CHEBI:93303,MONDO:0006336,predicate:12,NCIT:C45955,0.0
model_10.pt,MONDO:0013171,predicate:20,MONDO:0001071,MONDO:0006336,predicate:12,NCIT:C45955,0.0
model_10.pt,CHEBI:143170,predicate:1,CHEBI:166778,MONDO:0006336,predicate:12,NCIT:C45955,0.0
model_10.pt,CHEBI:51561,predicate:2,HP:0001945,MONDO:0006336,predicate:12,NCIT:C45955,0.0
model_10.pt,UNII:5M691HL4BO,predicate:23,HP:0001288,MONDO:0006336,predicate:12,NCIT:C45955,0.0
model_10.pt,MONDO:0011122,predicate:18,CHEBI:132752,MONDO:0006336,predicate:12,NCIT:C45955,0.0
model_10.pt,PUBCHEM.COMPOUND:10314049,predicate:13,CHEBI:18086,MONDO:0006336,predicate:12,NCIT:C45955,0.0
model_10.pt,CHEBI:144357,predicate:20,HP:0002857,MONDO:0006336,predicate:12,NCIT:C45955,0.0
model_10.pt,CHEBI:16207,predicate:15,CHEBI:129768,MONDO:0006336,predicate:12,NCIT:C45955,0.0
model_10.pt,CHEBI:139081,predicate:20,HP:0010864,MONDO:0006336,predicate:12,NCIT:C45955,0.0
model_10.pt,PUBCHEM.COMPOUND:5702107,predicate:3,CHEBI:109116,MONDO:0006336,predicate:12,NCIT:C45955,0.0
model_10.pt,CHEBI:71289,predicate:17,CHEBI:180867,MONDO:0006336,predicate:12,NCIT:C45955,0.0
model_10.pt,PUBCHEM.COMPOUND:9834864,predicate:21,CHEBI:113373,MONDO:0006336,predicate:12,NCIT:C45955,0.0
model_10.pt,PUBCHEM.COMPOUND:44431492,predicate:18,CHEBI:121826,MONDO:0006336,predicate:12,NCIT:C45955,0.0
model_10.pt,PUBCHEM.COMPOUND:10432760,predicate:25,CHEBI:166658,MONDO:0006336,predicate:12,NCIT:C45955,0.0
model_10.pt,PUBCHEM.COMPOUND:25015107,predicate:0,CHEBI:127989,MONDO:0006336,predicate:12,NCIT:C45955,0.0
model_10.pt,PUBCHEM.COMPOUND:131757266,predicate:13,MONDO:0006749,MONDO:0006336,predicate:12,NCIT:C45955,0.0
model_10.pt,CHEBI:72619,predicate:1,CHEBI:196198,MONDO:0006336,predicate:12,NCIT:C45955,0.0
model_10.pt,CHEBI:71600,predicate:1,HMDB:HMDB0009929,MONDO:0006336,predicate:12,NCIT:C45955,0.0
model_10.pt,CHEBI:184579,predicate:11,CHEBI:144250,MONDO:0006336,predicate:12,NCIT:C45955,0.0
model_10.pt,CHEBI:88497,predicate:1,CHEBI:144822,MONDO:0006336,predicate:12,NCIT:C45955,0.0
model_10.pt,CHEBI:15040,predicate:16,MONDO:0013171,MONDO:0006336,predicate:12,NCIT:C45955,0.0
model_10.pt,MONDO:0005272,predicate:1,CHEBI:18262,MONDO:0006336,predicate:12,NCIT:C45955,0.0
model_10.pt,CHEBI:126004,predicate:17,CHEBI:175375,MONDO:0006336,predicate:12,NCIT:C45955,0.0
model_10.pt,MONDO:0035764,predicate:1,HMDB:HMDB0083268,MONDO:0006336,predicate:12,NCIT:C45955,0.0
model_10.pt,PUBCHEM.COMPOUND:155512592,predicate:0,CHEBI:103843,MONDO:0006336,predicate:12,NCIT:C45955,0.0
model_10.pt,CHEBI:15490,predicate:15,CHEBI:170609,MONDO:0006336,predicate:12,NCIT:C45955,0.0
model_10.pt,CHEBI:138520,predicate:28,CHEBI:171141,MONDO:0006336,predicate:12,NCIT:C45955,0.0
model_10.pt,CHEBI:131557,predicate:1,CHEBI:73731,MONDO:0006336,predicate:12,NCIT:C45955,0.0
model_10.pt,CHEBI:134948,predicate:22,MONDO:0000831,MONDO:0006336,predicate:12,NCIT:C45955,0.0
model_10.pt,PUBCHEM.COMPOUND:10578760,predicate:0,CHEBI:92697,MONDO:0006336,predicate:12,NCIT:C45955,0.0
model_10.pt,HMDB:HMDB0076696,predicate:17,CHEBI:170784,MONDO:0006336,predicate:12,NCIT:C45955,0.0
model_10.pt,MONDO:0859265,predicate:3,CHEBI:176304,MONDO:0006336,predicate:12,NCIT:C45955,0.0
model_10.pt,CHEBI:113553,predicate:1,HMDB:HMDB0077232,MONDO:0006336,predicate:12,NCIT:C45955,0.0
model_10.pt,PUBCHEM.COMPOUND:137226420,predicate:0,CHEBI:109116,MONDO:0006336,predicate:12,NCIT:C45955,0.0
model_10.pt,MONDO:0010691,predicate:20,HP:0007957,MONDO:0006336,predicate:12,NCIT:C45955,0.0
model_10.pt,CHEMBL.COMPOUND:CHEMBL536308,predicate:1,CHEBI:163814,MONDO:0006336,predicate:12,NCIT:C45955,0.0
model_10.pt,CHEBI:83370,predicate:16,CHEBI:72635,MONDO:0006336,predicate:12,NCIT:C45955,0.0
model_10.pt,PUBCHEM.COMPOUND:122196132,predicate:0,CHEBI:172159,MONDO:0006336,predicate:12,NCIT:C45955,0.0
model_10.pt,MONDO:0011730,predicate:1,CHEMBL.COMPOUND:CHEMBL54465,MONDO:0006336,predicate:12,NCIT:C45955,0.0
model_10.pt,MONDO:0011840,predicate:1,CHEBI:139280,MONDO:0006336,predicate:12,NCIT:C45955,0.0
model_10.pt,CHEBI:17482,predicate:23,MONDO:0001382,MONDO:0006336,predicate:12,NCIT:C45955,0.0
model_10.pt,PUBCHEM.COMPOUND:25263321,predicate:11,PUBCHEM.COMPOUND:3003511,MONDO:0006336,predicate:12,NCIT:C45955,0.0
model_10.pt,PUBCHEM.COMPOUND:10216381,predicate:11,PUBCHEM.COMPOUND:10431492,MONDO:0006336,predicate:12,NCIT:C45955,0.0
model_10.pt,NCBIGene:820781,predicate:12,PUBCHEM.COMPOUND:131761197,MONDO:0006336,predicate:12,NCIT:C45955,43.78426742553711
model_10.pt,CHEBI:51068,predicate:17,HMDB:HMDB0009399,MONDO:0006336,predicate:12,NCIT:C45955,0.0
model_10.pt,CHEBI:9330,predicate:22,MONDO:0005011,MONDO:0006336,predicate:12,NCIT:C45955,0.0
model_10.pt,PUBCHEM.COMPOUND:10048208,predicate:26,CHEMBL.COMPOUND:CHEMBL151630,MONDO:0006336,predicate:12,NCIT:C45955,0.0
model_10.pt,PUBCHEM.COMPOUND:44176335,predicate:0,CHEBI:105317,MONDO:0006336,predicate:12,NCIT:C45955,0.0
model_10.pt,PUBCHEM.COMPOUND:49864838,predicate:18,CHEBI:109533,MONDO:0006336,predicate:12,NCIT:C45955,0.0
model_10.pt,CHEBI:185985,predicate:16,CHEBI:70967,MONDO:0006336,predicate:12,NCIT:C45955,0.0
model_10.pt,CHEMBL.COMPOUND:CHEMBL4798272,predicate:15,CHEBI:167641,MONDO:0006336,predicate:12,NCIT:C45955,0.0
model_10.pt,PUBCHEM.COMPOUND:126739109,predicate:11,MONDO:0006996,MONDO:0006336,predicate:12,NCIT:C45955,0.0
model_10.pt,MONDO:0012176,predicate:20,HP:0003028,CHEBI:125673,predicate:28,CHEBI:74460,0.0
model_10.pt,CHEBI:16959,predicate:17,CHEBI:172284,CHEBI:125673,predicate:28,CHEBI:74460,0.0
model_10.pt,PUBCHEM.COMPOUND:68020555,predicate:0,PUBCHEM.COMPOUND:44459583,CHEBI:125673,predicate:28,CHEBI:74460,0.0
model_10.pt,PUBCHEM.COMPOUND:137636752,predicate:0,CHEBI:134753,CHEBI:125673,predicate:28,CHEBI:74460,0.0
model_10.pt,PUBCHEM.COMPOUND:124221273,predicate:23,MONDO:0015691,CHEBI:125673,predicate:28,CHEBI:74460,0.0
model_10.pt,PUBCHEM.COMPOUND:130200977,predicate:18,CHEBI:144991,CHEBI:125673,predicate:28,CHEBI:74460,0.0
model_10.pt,MONDO:0005044,predicate:11,MONDO:0056796,CHEBI:125673,predicate:28,CHEBI:74460,0.0
model_10.pt,CHEBI:16592,predicate:41,CHEBI:114693,CHEBI:125673,predicate:28,CHEBI:74460,0.0
model_10.pt,CHEBI:166772,predicate:15,CHEBI:175537,CHEBI:125673,predicate:28,CHEBI:74460,0.0
model_10.pt,DRUGBANK:DB11158,predicate:2,MONDO:0005147,CHEBI:125673,predicate:28,CHEBI:74460,0.0
model_10.pt,CHEBI:145008,predicate:2,MONDO:0001076,CHEBI:125673,predicate:28,CHEBI:74460,0.0
model_10.pt,CHEBI:172333,predicate:11,CHEBI:84017,CHEBI:125673,predicate:28,CHEBI:74460,0.0
model_10.pt,CHEBI:188563,predicate:12,PUBCHEM.COMPOUND:52924335,CHEBI:125673,predicate:28,CHEBI:74460,0.0
model_10.pt,CHEBI:190239,predicate:11,HMDB:HMDB0072989,CHEBI:125673,predicate:28,CHEBI:74460,0.0
model_10.pt,CHEBI:135278,predicate:22,MONDO:0005559,CHEBI:125673,predicate:28,CHEBI:74460,0.0
model_10.pt,CHEBI:47040,predicate:15,CHEBI:146256,CHEBI:125673,predicate:28,CHEBI:74460,0.0
model_10.pt,CHEMBL.COMPOUND:CHEMBL4747062,predicate:0,CHEBI:71479,CHEBI:125673,predicate:28,CHEBI:74460,0.0
model_10.pt,CHEBI:42371,predicate:17,CHEBI:135736,CHEBI:125673,predicate:28,CHEBI:74460,0.0
model_10.pt,CHEBI:143114,predicate:1,CHEBI:125432,CHEBI:125673,predicate:28,CHEBI:74460,0.0
model_10.pt,CHEBI:185767,predicate:1,CHEBI:16264,CHEBI:125673,predicate:28,CHEBI:74460,0.0
model_10.pt,CHEBI:109317,predicate:14,CHEBI:170587,CHEBI:125673,predicate:28,CHEBI:74460,0.0
model_10.pt,CHEMBL.COMPOUND:CHEMBL4877928,predicate:1,PUBCHEM.COMPOUND:130363355,CHEBI:125673,predicate:28,CHEBI:74460,0.0
model_10.pt,CHEBI:136073,predicate:10,MONDO:0007263,CHEBI:125673,predicate:28,CHEBI:74460,0.0
model_10.pt,PUBCHEM.COMPOUND:131762323,predicate:13,CHEBI:149534,CHEBI:125673,predicate:28,CHEBI:74460,0.0
model_10.pt,PUBCHEM.COMPOUND:54325967,predicate:0,CHEBI:149800,CHEBI:125673,predicate:28,CHEBI:74460,0.0
model_10.pt,HP:0000021,predicate:0,CHEBI:167578,CHEBI:125673,predicate:28,CHEBI:74460,0.0
model_10.pt,CHEMBL.COMPOUND:CHEMBL4782467,predicate:15,CHEBI:134948,CHEBI:125673,predicate:28,CHEBI:74460,0.0
model_10.pt,NCBIGene:23163,predicate:18,NCBIGene:100528017,CHEBI:125673,predicate:28,CHEBI:74460,0.0
model_10.pt,CHEBI:142271,predicate:1,CHEBI:192396,CHEBI:125673,predicate:28,CHEBI:74460,0.0
model_10.pt,CHEBI:146285,predicate:12,PUBCHEM.COMPOUND:53478731,CHEBI:125673,predicate:28,CHEBI:74460,0.0
model_10.pt,CHEBI:136073,predicate:15,CHEBI:125586,CHEBI:125673,predicate:28,CHEBI:74460,0.0
model_10.pt,CHEMBL.COMPOUND:CHEMBL596806,predicate:20,HP:0000253,CHEBI:125673,predicate:28,CHEBI:74460,0.0
model_10.pt,NCBIGene:838170,predicate:13,CHEBI:75099,CHEBI:125673,predicate:28,CHEBI:74460,0.0
model_10.pt,PUBCHEM.COMPOUND:117859783,predicate:11,PUBCHEM.COMPOUND:10525997,CHEBI:125673,predicate:28,CHEBI:74460,0.0
model_10.pt,PUBCHEM.COMPOUND:127036977,predicate:0,CHEBI:103739,CHEBI:125673,predicate:28,CHEBI:74460,0.0
model_10.pt,PUBCHEM.COMPOUND:44433263,predicate:0,CHEBI:119893,CHEBI:125673,predicate:28,CHEBI:74460,0.0
model_10.pt,CHEBI:3914,predicate:15,CHEBI:190153,CHEBI:125673,predicate:28,CHEBI:74460,0.0
model_10.pt,PUBCHEM.COMPOUND:44314087,predicate:0,CHEBI:140407,CHEBI:125673,predicate:28,CHEBI:74460,0.0
model_10.pt,PUBCHEM.COMPOUND:25093440,predicate:0,CHEBI:113553,CHEBI:125673,predicate:28,CHEBI:74460,0.0
model_10.pt,CHEBI:65179,predicate:11,PUBCHEM.COMPOUND:11274029,CHEBI:125673,predicate:28,CHEBI:74460,0.0
model_10.pt,CHEBI:71580,predicate:22,MONDO:0005068,CHEBI:125673,predicate:28,CHEBI:74460,0.0
model_10.pt,CHEBI:190006,predicate:14,PUBCHEM.COMPOUND:118471641,CHEBI:125673,predicate:28,CHEBI:74460,0.0
model_10.pt,PUBCHEM.COMPOUND:59268935,predicate:0,CHEBI:113373,CHEBI:125673,predicate:28,CHEBI:74460,0.0
model_10.pt,CHEBI:157642,predicate:1,PUBCHEM.COMPOUND:130345144,CHEBI:125673,predicate:28,CHEBI:74460,0.0
model_10.pt,PUBCHEM.COMPOUND:57395067,predicate:0,CHEBI:167320,CHEBI:125673,predicate:28,CHEBI:74460,0.0
model_10.pt,PUBCHEM.COMPOUND:2744597,predicate:11,PUBCHEM.COMPOUND:2930224,CHEBI:125673,predicate:28,CHEBI:74460,0.0
model_10.pt,CHEBI:137225,predicate:17,CHEBI:131804,CHEBI:125673,predicate:28,CHEBI:74460,0.0
model_10.pt,CHEBI:111166,predicate:1,CHEBI:93303,CHEBI:125673,predicate:28,CHEBI:74460,0.0
model_10.pt,MONDO:0013171,predicate:20,MONDO:0001071,CHEBI:125673,predicate:28,CHEBI:74460,0.0
model_10.pt,CHEBI:143170,predicate:1,CHEBI:166778,CHEBI:125673,predicate:28,CHEBI:74460,0.0
model_10.pt,CHEBI:51561,predicate:2,HP:0001945,CHEBI:125673,predicate:28,CHEBI:74460,0.0
model_10.pt,UNII:5M691HL4BO,predicate:23,HP:0001288,CHEBI:125673,predicate:28,CHEBI:74460,0.0
model_10.pt,MONDO:0011122,predicate:18,CHEBI:132752,CHEBI:125673,predicate:28,CHEBI:74460,0.0
model_10.pt,PUBCHEM.COMPOUND:10314049,predicate:13,CHEBI:18086,CHEBI:125673,predicate:28,CHEBI:74460,0.0
model_10.pt,CHEBI:144357,predicate:20,HP:0002857,CHEBI:125673,predicate:28,CHEBI:74460,0.0
model_10.pt,CHEBI:16207,predicate:15,CHEBI:129768,CHEBI:125673,predicate:28,CHEBI:74460,0.0
model_10.pt,CHEBI:139081,predicate:20,HP:0010864,CHEBI:125673,predicate:28,CHEBI:74460,0.0
model_10.pt,PUBCHEM.COMPOUND:5702107,predicate:3,CHEBI:109116,CHEBI:125673,predicate:28,CHEBI:74460,0.0
model_10.pt,CHEBI:71289,predicate:17,CHEBI:180867,CHEBI:125673,predicate:28,CHEBI:74460,0.0
model_10.pt,PUBCHEM.COMPOUND:9834864,predicate:21,CHEBI:113373,CHEBI:125673,predicate:28,CHEBI:74460,0.0
model_10.pt,PUBCHEM.COMPOUND:44431492,predicate:18,CHEBI:121826,CHEBI:125673,predicate:28,CHEBI:74460,0.0
model_10.pt,PUBCHEM.COMPOUND:10432760,predicate:25,CHEBI:166658,CHEBI:125673,predicate:28,CHEBI:74460,0.0
model_10.pt,PUBCHEM.COMPOUND:25015107,predicate:0,CHEBI:127989,CHEBI:125673,predicate:28,CHEBI:74460,0.0
model_10.pt,PUBCHEM.COMPOUND:131757266,predicate:13,MONDO:0006749,CHEBI:125673,predicate:28,CHEBI:74460,0.0
model_10.pt,CHEBI:72619,predicate:1,CHEBI:196198,CHEBI:125673,predicate:28,CHEBI:74460,0.0
model_10.pt,CHEBI:71600,predicate:1,HMDB:HMDB0009929,CHEBI:125673,predicate:28,CHEBI:74460,0.0
model_10.pt,CHEBI:184579,predicate:11,CHEBI:144250,CHEBI:125673,predicate:28,CHEBI:74460,0.0
model_10.pt,CHEBI:88497,predicate:1,CHEBI:144822,CHEBI:125673,predicate:28,CHEBI:74460,0.0
model_10.pt,CHEBI:15040,predicate:16,MONDO:0013171,CHEBI:125673,predicate:28,CHEBI:74460,0.0
model_10.pt,MONDO:0005272,predicate:1,CHEBI:18262,CHEBI:125673,predicate:28,CHEBI:74460,0.0
model_10.pt,CHEBI:126004,predicate:17,CHEBI:175375,CHEBI:125673,predicate:28,CHEBI:74460,0.0
model_10.pt,MONDO:0035764,predicate:1,HMDB:HMDB0083268,CHEBI:125673,predicate:28,CHEBI:74460,0.0
model_10.pt,PUBCHEM.COMPOUND:155512592,predicate:0,CHEBI:103843,CHEBI:125673,predicate:28,CHEBI:74460,0.0
model_10.pt,CHEBI:15490,predicate:15,CHEBI:170609,CHEBI:125673,predicate:28,CHEBI:74460,0.0
model_10.pt,CHEBI:138520,predicate:28,CHEBI:171141,CHEBI:125673,predicate:28,CHEBI:74460,33.783966064453125
model_10.pt,CHEBI:131557,predicate:1,CHEBI:73731,CHEBI:125673,predicate:28,CHEBI:74460,0.0
model_10.pt,CHEBI:134948,predicate:22,MONDO:0000831,CHEBI:125673,predicate:28,CHEBI:74460,0.0
model_10.pt,PUBCHEM.COMPOUND:10578760,predicate:0,CHEBI:92697,CHEBI:125673,predicate:28,CHEBI:74460,0.0
model_10.pt,HMDB:HMDB0076696,predicate:17,CHEBI:170784,CHEBI:125673,predicate:28,CHEBI:74460,0.0
model_10.pt,MONDO:0859265,predicate:3,CHEBI:176304,CHEBI:125673,predicate:28,CHEBI:74460,0.0
model_10.pt,CHEBI:113553,predicate:1,HMDB:HMDB0077232,CHEBI:125673,predicate:28,CHEBI:74460,0.0
model_10.pt,PUBCHEM.COMPOUND:137226420,predicate:0,CHEBI:109116,CHEBI:125673,predicate:28,CHEBI:74460,0.0
model_10.pt,MONDO:0010691,predicate:20,HP:0007957,CHEBI:125673,predicate:28,CHEBI:74460,0.0
model_10.pt,CHEMBL.COMPOUND:CHEMBL536308,predicate:1,CHEBI:163814,CHEBI:125673,predicate:28,CHEBI:74460,0.0
model_10.pt,CHEBI:83370,predicate:16,CHEBI:72635,CHEBI:125673,predicate:28,CHEBI:74460,0.0
model_10.pt,PUBCHEM.COMPOUND:122196132,predicate:0,CHEBI:172159,CHEBI:125673,predicate:28,CHEBI:74460,0.0
model_10.pt,MONDO:0011730,predicate:1,CHEMBL.COMPOUND:CHEMBL54465,CHEBI:125673,predicate:28,CHEBI:74460,0.0
model_10.pt,MONDO:0011840,predicate:1,CHEBI:139280,CHEBI:125673,predicate:28,CHEBI:74460,0.0
model_10.pt,CHEBI:17482,predicate:23,MONDO:0001382,CHEBI:125673,predicate:28,CHEBI:74460,0.0
model_10.pt,PUBCHEM.COMPOUND:25263321,predicate:11,PUBCHEM.COMPOUND:3003511,CHEBI:125673,predicate:28,CHEBI:74460,0.0
model_10.pt,PUBCHEM.COMPOUND:10216381,predicate:11,PUBCHEM.COMPOUND:10431492,CHEBI:125673,predicate:28,CHEBI:74460,0.0
model_10.pt,NCBIGene:820781,predicate:12,PUBCHEM.COMPOUND:131761197,CHEBI:125673,predicate:28,CHEBI:74460,0.0
model_10.pt,CHEBI:51068,predicate:17,HMDB:HMDB0009399,CHEBI:125673,predicate:28,CHEBI:74460,0.0
model_10.pt,CHEBI:9330,predicate:22,MONDO:0005011,CHEBI:125673,predicate:28,CHEBI:74460,0.0
model_10.pt,PUBCHEM.COMPOUND:10048208,predicate:26,CHEMBL.COMPOUND:CHEMBL151630,CHEBI:125673,predicate:28,CHEBI:74460,0.0
model_10.pt,PUBCHEM.COMPOUND:44176335,predicate:0,CHEBI:105317,CHEBI:125673,predicate:28,CHEBI:74460,0.0
model_10.pt,PUBCHEM.COMPOUND:49864838,predicate:18,CHEBI:109533,CHEBI:125673,predicate:28,CHEBI:74460,0.0
model_10.pt,CHEBI:185985,predicate:16,CHEBI:70967,CHEBI:125673,predicate:28,CHEBI:74460,0.0
model_10.pt,CHEMBL.COMPOUND:CHEMBL4798272,predicate:15,CHEBI:167641,CHEBI:125673,predicate:28,CHEBI:74460,0.0
model_10.pt,PUBCHEM.COMPOUND:126739109,predicate:11,MONDO:0006996,CHEBI:125673,predicate:28,CHEBI:74460,0.0
model_10.pt,MONDO:0012176,predicate:20,HP:0003028,CHEMBL.COMPOUND:CHEMBL505612,predicate:1,CHEBI:128907,0.0
model_10.pt,CHEBI:16959,predicate:17,CHEBI:172284,CHEMBL.COMPOUND:CHEMBL505612,predicate:1,CHEBI:128907,0.0
model_10.pt,PUBCHEM.COMPOUND:68020555,predicate:0,PUBCHEM.COMPOUND:44459583,CHEMBL.COMPOUND:CHEMBL505612,predicate:1,CHEBI:128907,0.0
model_10.pt,PUBCHEM.COMPOUND:137636752,predicate:0,CHEBI:134753,CHEMBL.COMPOUND:CHEMBL505612,predicate:1,CHEBI:128907,0.0
model_10.pt,PUBCHEM.COMPOUND:124221273,predicate:23,MONDO:0015691,CHEMBL.COMPOUND:CHEMBL505612,predicate:1,CHEBI:128907,0.0
model_10.pt,PUBCHEM.COMPOUND:130200977,predicate:18,CHEBI:144991,CHEMBL.COMPOUND:CHEMBL505612,predicate:1,CHEBI:128907,0.0
model_10.pt,MONDO:0005044,predicate:11,MONDO:0056796,CHEMBL.COMPOUND:CHEMBL505612,predicate:1,CHEBI:128907,0.0
model_10.pt,CHEBI:16592,predicate:41,CHEBI:114693,CHEMBL.COMPOUND:CHEMBL505612,predicate:1,CHEBI:128907,0.0
model_10.pt,CHEBI:166772,predicate:15,CHEBI:175537,CHEMBL.COMPOUND:CHEMBL505612,predicate:1,CHEBI:128907,0.0
model_10.pt,DRUGBANK:DB11158,predicate:2,MONDO:0005147,CHEMBL.COMPOUND:CHEMBL505612,predicate:1,CHEBI:128907,0.0
model_10.pt,CHEBI:145008,predicate:2,MONDO:0001076,CHEMBL.COMPOUND:CHEMBL505612,predicate:1,CHEBI:128907,0.0
model_10.pt,CHEBI:172333,predicate:11,CHEBI:84017,CHEMBL.COMPOUND:CHEMBL505612,predicate:1,CHEBI:128907,0.0
model_10.pt,CHEBI:188563,predicate:12,PUBCHEM.COMPOUND:52924335,CHEMBL.COMPOUND:CHEMBL505612,predicate:1,CHEBI:128907,0.0
model_10.pt,CHEBI:190239,predicate:11,HMDB:HMDB0072989,CHEMBL.COMPOUND:CHEMBL505612,predicate:1,CHEBI:128907,0.0
model_10.pt,CHEBI:135278,predicate:22,MONDO:0005559,CHEMBL.COMPOUND:CHEMBL505612,predicate:1,CHEBI:128907,0.0
model_10.pt,CHEBI:47040,predicate:15,CHEBI:146256,CHEMBL.COMPOUND:CHEMBL505612,predicate:1,CHEBI:128907,0.0
model_10.pt,CHEMBL.COMPOUND:CHEMBL4747062,predicate:0,CHEBI:71479,CHEMBL.COMPOUND:CHEMBL505612,predicate:1,CHEBI:128907,0.0
model_10.pt,CHEBI:42371,predicate:17,CHEBI:135736,CHEMBL.COMPOUND:CHEMBL505612,predicate:1,CHEBI:128907,0.0
model_10.pt,CHEBI:143114,predicate:1,CHEBI:125432,CHEMBL.COMPOUND:CHEMBL505612,predicate:1,CHEBI:128907,-3.13068962097168
model_10.pt,CHEBI:185767,predicate:1,CHEBI:16264,CHEMBL.COMPOUND:CHEMBL505612,predicate:1,CHEBI:128907,12.408943176269531
model_10.pt,CHEBI:109317,predicate:14,CHEBI:170587,CHEMBL.COMPOUND:CHEMBL505612,predicate:1,CHEBI:128907,0.0
model_10.pt,CHEMBL.COMPOUND:CHEMBL4877928,predicate:1,PUBCHEM.COMPOUND:130363355,CHEMBL.COMPOUND:CHEMBL505612,predicate:1,CHEBI:128907,59.58195495605469
model_10.pt,CHEBI:136073,predicate:10,MONDO:0007263,CHEMBL.COMPOUND:CHEMBL505612,predicate:1,CHEBI:128907,0.0
model_10.pt,PUBCHEM.COMPOUND:131762323,predicate:13,CHEBI:149534,CHEMBL.COMPOUND:CHEMBL505612,predicate:1,CHEBI:128907,0.0
model_10.pt,PUBCHEM.COMPOUND:54325967,predicate:0,CHEBI:149800,CHEMBL.COMPOUND:CHEMBL505612,predicate:1,CHEBI:128907,0.0
model_10.pt,HP:0000021,predicate:0,CHEBI:167578,CHEMBL.COMPOUND:CHEMBL505612,predicate:1,CHEBI:128907,0.0
model_10.pt,CHEMBL.COMPOUND:CHEMBL4782467,predicate:15,CHEBI:134948,CHEMBL.COMPOUND:CHEMBL505612,predicate:1,CHEBI:128907,0.0
model_10.pt,NCBIGene:23163,predicate:18,NCBIGene:100528017,CHEMBL.COMPOUND:CHEMBL505612,predicate:1,CHEBI:128907,0.0
model_10.pt,CHEBI:142271,predicate:1,CHEBI:192396,CHEMBL.COMPOUND:CHEMBL505612,predicate:1,CHEBI:128907,-34.374691009521484
model_10.pt,CHEBI:146285,predicate:12,PUBCHEM.COMPOUND:53478731,CHEMBL.COMPOUND:CHEMBL505612,predicate:1,CHEBI:128907,0.0
model_10.pt,CHEBI:136073,predicate:15,CHEBI:125586,CHEMBL.COMPOUND:CHEMBL505612,predicate:1,CHEBI:128907,0.0
model_10.pt,CHEMBL.COMPOUND:CHEMBL596806,predicate:20,HP:0000253,CHEMBL.COMPOUND:CHEMBL505612,predicate:1,CHEBI:128907,0.0
model_10.pt,NCBIGene:838170,predicate:13,CHEBI:75099,CHEMBL.COMPOUND:CHEMBL505612,predicate:1,CHEBI:128907,0.0
model_10.pt,PUBCHEM.COMPOUND:117859783,predicate:11,PUBCHEM.COMPOUND:10525997,CHEMBL.COMPOUND:CHEMBL505612,predicate:1,CHEBI:128907,0.0
model_10.pt,PUBCHEM.COMPOUND:127036977,predicate:0,CHEBI:103739,CHEMBL.COMPOUND:CHEMBL505612,predicate:1,CHEBI:128907,0.0
model_10.pt,PUBCHEM.COMPOUND:44433263,predicate:0,CHEBI:119893,CHEMBL.COMPOUND:CHEMBL505612,predicate:1,CHEBI:128907,0.0
model_10.pt,CHEBI:3914,predicate:15,CHEBI:190153,CHEMBL.COMPOUND:CHEMBL505612,predicate:1,CHEBI:128907,0.0
model_10.pt,PUBCHEM.COMPOUND:44314087,predicate:0,CHEBI:140407,CHEMBL.COMPOUND:CHEMBL505612,predicate:1,CHEBI:128907,0.0
model_10.pt,PUBCHEM.COMPOUND:25093440,predicate:0,CHEBI:113553,CHEMBL.COMPOUND:CHEMBL505612,predicate:1,CHEBI:128907,0.0
model_10.pt,CHEBI:65179,predicate:11,PUBCHEM.COMPOUND:11274029,CHEMBL.COMPOUND:CHEMBL505612,predicate:1,CHEBI:128907,0.0
model_10.pt,CHEBI:71580,predicate:22,MONDO:0005068,CHEMBL.COMPOUND:CHEMBL505612,predicate:1,CHEBI:128907,0.0
model_10.pt,CHEBI:190006,predicate:14,PUBCHEM.COMPOUND:118471641,CHEMBL.COMPOUND:CHEMBL505612,predicate:1,CHEBI:128907,0.0
model_10.pt,PUBCHEM.COMPOUND:59268935,predicate:0,CHEBI:113373,CHEMBL.COMPOUND:CHEMBL505612,predicate:1,CHEBI:128907,0.0
model_10.pt,CHEBI:157642,predicate:1,PUBCHEM.COMPOUND:130345144,CHEMBL.COMPOUND:CHEMBL505612,predicate:1,CHEBI:128907,-19.556232452392575
model_10.pt,PUBCHEM.COMPOUND:57395067,predicate:0,CHEBI:167320,CHEMBL.COMPOUND:CHEMBL505612,predicate:1,CHEBI:128907,0.0
model_10.pt,PUBCHEM.COMPOUND:2744597,predicate:11,PUBCHEM.COMPOUND:2930224,CHEMBL.COMPOUND:CHEMBL505612,predicate:1,CHEBI:128907,0.0
model_10.pt,CHEBI:137225,predicate:17,CHEBI:131804,CHEMBL.COMPOUND:CHEMBL505612,predicate:1,CHEBI:128907,0.0
model_10.pt,CHEBI:111166,predicate:1,CHEBI:93303,CHEMBL.COMPOUND:CHEMBL505612,predicate:1,CHEBI:128907,42.55860900878906
model_10.pt,MONDO:0013171,predicate:20,MONDO:0001071,CHEMBL.COMPOUND:CHEMBL505612,predicate:1,CHEBI:128907,0.0
model_10.pt,CHEBI:143170,predicate:1,CHEBI:166778,CHEMBL.COMPOUND:CHEMBL505612,predicate:1,CHEBI:128907,-6.723734855651856
model_10.pt,CHEBI:51561,predicate:2,HP:0001945,CHEMBL.COMPOUND:CHEMBL505612,predicate:1,CHEBI:128907,0.0
model_10.pt,UNII:5M691HL4BO,predicate:23,HP:0001288,CHEMBL.COMPOUND:CHEMBL505612,predicate:1,CHEBI:128907,0.0
model_10.pt,MONDO:0011122,predicate:18,CHEBI:132752,CHEMBL.COMPOUND:CHEMBL505612,predicate:1,CHEBI:128907,0.0
model_10.pt,PUBCHEM.COMPOUND:10314049,predicate:13,CHEBI:18086,CHEMBL.COMPOUND:CHEMBL505612,predicate:1,CHEBI:128907,0.0
model_10.pt,CHEBI:144357,predicate:20,HP:0002857,CHEMBL.COMPOUND:CHEMBL505612,predicate:1,CHEBI:128907,0.0
model_10.pt,CHEBI:16207,predicate:15,CHEBI:129768,CHEMBL.COMPOUND:CHEMBL505612,predicate:1,CHEBI:128907,0.0
model_10.pt,CHEBI:139081,predicate:20,HP:0010864,CHEMBL.COMPOUND:CHEMBL505612,predicate:1,CHEBI:128907,0.0
model_10.pt,PUBCHEM.COMPOUND:5702107,predicate:3,CHEBI:109116,CHEMBL.COMPOUND:CHEMBL505612,predicate:1,CHEBI:128907,0.0
model_10.pt,CHEBI:71289,predicate:17,CHEBI:180867,CHEMBL.COMPOUND:CHEMBL505612,predicate:1,CHEBI:128907,0.0
model_10.pt,PUBCHEM.COMPOUND:9834864,predicate:21,CHEBI:113373,CHEMBL.COMPOUND:CHEMBL505612,predicate:1,CHEBI:128907,0.0
model_10.pt,PUBCHEM.COMPOUND:44431492,predicate:18,CHEBI:121826,CHEMBL.COMPOUND:CHEMBL505612,predicate:1,CHEBI:128907,0.0
model_10.pt,PUBCHEM.COMPOUND:10432760,predicate:25,CHEBI:166658,CHEMBL.COMPOUND:CHEMBL505612,predicate:1,CHEBI:128907,0.0
model_10.pt,PUBCHEM.COMPOUND:25015107,predicate:0,CHEBI:127989,CHEMBL.COMPOUND:CHEMBL505612,predicate:1,CHEBI:128907,0.0
model_10.pt,PUBCHEM.COMPOUND:131757266,predicate:13,MONDO:0006749,CHEMBL.COMPOUND:CHEMBL505612,predicate:1,CHEBI:128907,0.0
model_10.pt,CHEBI:72619,predicate:1,CHEBI:196198,CHEMBL.COMPOUND:CHEMBL505612,predicate:1,CHEBI:128907,25.98404693603516
model_10.pt,CHEBI:71600,predicate:1,HMDB:HMDB0009929,CHEMBL.COMPOUND:CHEMBL505612,predicate:1,CHEBI:128907,-40.21843719482422
model_10.pt,CHEBI:184579,predicate:11,CHEBI:144250,CHEMBL.COMPOUND:CHEMBL505612,predicate:1,CHEBI:128907,0.0
model_10.pt,CHEBI:88497,predicate:1,CHEBI:144822,CHEMBL.COMPOUND:CHEMBL505612,predicate:1,CHEBI:128907,-8.236503601074219
model_10.pt,CHEBI:15040,predicate:16,MONDO:0013171,CHEMBL.COMPOUND:CHEMBL505612,predicate:1,CHEBI:128907,0.0
model_10.pt,MONDO:0005272,predicate:1,CHEBI:18262,CHEMBL.COMPOUND:CHEMBL505612,predicate:1,CHEBI:128907,48.532859802246094
model_10.pt,CHEBI:126004,predicate:17,CHEBI:175375,CHEMBL.COMPOUND:CHEMBL505612,predicate:1,CHEBI:128907,0.0
model_10.pt,MONDO:0035764,predicate:1,HMDB:HMDB0083268,CHEMBL.COMPOUND:CHEMBL505612,predicate:1,CHEBI:128907,-55.208274841308594
model_10.pt,PUBCHEM.COMPOUND:155512592,predicate:0,CHEBI:103843,CHEMBL.COMPOUND:CHEMBL505612,predicate:1,CHEBI:128907,0.0
model_10.pt,CHEBI:15490,predicate:15,CHEBI:170609,CHEMBL.COMPOUND:CHEMBL505612,predicate:1,CHEBI:128907,0.0
model_10.pt,CHEBI:138520,predicate:28,CHEBI:171141,CHEMBL.COMPOUND:CHEMBL505612,predicate:1,CHEBI:128907,0.0
model_10.pt,CHEBI:131557,predicate:1,CHEBI:73731,CHEMBL.COMPOUND:CHEMBL505612,predicate:1,CHEBI:128907,60.334571838378906
model_10.pt,CHEBI:134948,predicate:22,MONDO:0000831,CHEMBL.COMPOUND:CHEMBL505612,predicate:1,CHEBI:128907,0.0
model_10.pt,PUBCHEM.COMPOUND:10578760,predicate:0,CHEBI:92697,CHEMBL.COMPOUND:CHEMBL505612,predicate:1,CHEBI:128907,0.0
model_10.pt,HMDB:HMDB0076696,predicate:17,CHEBI:170784,CHEMBL.COMPOUND:CHEMBL505612,predicate:1,CHEBI:128907,0.0
model_10.pt,MONDO:0859265,predicate:3,CHEBI:176304,CHEMBL.COMPOUND:CHEMBL505612,predicate:1,CHEBI:128907,0.0
model_10.pt,CHEBI:113553,predicate:1,HMDB:HMDB0077232,CHEMBL.COMPOUND:CHEMBL505612,predicate:1,CHEBI:128907,-103.53099822998048
model_10.pt,PUBCHEM.COMPOUND:137226420,predicate:0,CHEBI:109116,CHEMBL.COMPOUND:CHEMBL505612,predicate:1,CHEBI:128907,0.0
model_10.pt,MONDO:0010691,predicate:20,HP:0007957,CHEMBL.COMPOUND:CHEMBL505612,predicate:1,CHEBI:128907,0.0
model_10.pt,CHEMBL.COMPOUND:CHEMBL536308,predicate:1,CHEBI:163814,CHEMBL.COMPOUND:CHEMBL505612,predicate:1,CHEBI:128907,-4.46371603012085
model_10.pt,CHEBI:83370,predicate:16,CHEBI:72635,CHEMBL.COMPOUND:CHEMBL505612,predicate:1,CHEBI:128907,0.0
model_10.pt,PUBCHEM.COMPOUND:122196132,predicate:0,CHEBI:172159,CHEMBL.COMPOUND:CHEMBL505612,predicate:1,CHEBI:128907,0.0
model_10.pt,MONDO:0011730,predicate:1,CHEMBL.COMPOUND:CHEMBL54465,CHEMBL.COMPOUND:CHEMBL505612,predicate:1,CHEBI:128907,60.53620147705078
model_10.pt,MONDO:0011840,predicate:1,CHEBI:139280,CHEMBL.COMPOUND:CHEMBL505612,predicate:1,CHEBI:128907,107.70687866210938
model_10.pt,CHEBI:17482,predicate:23,MONDO:0001382,CHEMBL.COMPOUND:CHEMBL505612,predicate:1,CHEBI:128907,0.0
model_10.pt,PUBCHEM.COMPOUND:25263321,predicate:11,PUBCHEM.COMPOUND:3003511,CHEMBL.COMPOUND:CHEMBL505612,predicate:1,CHEBI:128907,0.0
model_10.pt,PUBCHEM.COMPOUND:10216381,predicate:11,PUBCHEM.COMPOUND:10431492,CHEMBL.COMPOUND:CHEMBL505612,predicate:1,CHEBI:128907,0.0
model_10.pt,NCBIGene:820781,predicate:12,PUBCHEM.COMPOUND:131761197,CHEMBL.COMPOUND:CHEMBL505612,predicate:1,CHEBI:128907,0.0
model_10.pt,CHEBI:51068,predicate:17,HMDB:HMDB0009399,CHEMBL.COMPOUND:CHEMBL505612,predicate:1,CHEBI:128907,0.0
model_10.pt,CHEBI:9330,predicate:22,MONDO:0005011,CHEMBL.COMPOUND:CHEMBL505612,predicate:1,CHEBI:128907,0.0
model_10.pt,PUBCHEM.COMPOUND:10048208,predicate:26,CHEMBL.COMPOUND:CHEMBL151630,CHEMBL.COMPOUND:CHEMBL505612,predicate:1,CHEBI:128907,0.0
model_10.pt,PUBCHEM.COMPOUND:44176335,predicate:0,CHEBI:105317,CHEMBL.COMPOUND:CHEMBL505612,predicate:1,CHEBI:128907,0.0
model_10.pt,PUBCHEM.COMPOUND:49864838,predicate:18,CHEBI:109533,CHEMBL.COMPOUND:CHEMBL505612,predicate:1,CHEBI:128907,0.0
model_10.pt,CHEBI:185985,predicate:16,CHEBI:70967,CHEMBL.COMPOUND:CHEMBL505612,predicate:1,CHEBI:128907,0.0
model_10.pt,CHEMBL.COMPOUND:CHEMBL4798272,predicate:15,CHEBI:167641,CHEMBL.COMPOUND:CHEMBL505612,predicate:1,CHEBI:128907,0.0
model_10.pt,PUBCHEM.COMPOUND:126739109,predicate:11,MONDO:0006996,CHEMBL.COMPOUND:CHEMBL505612,predicate:1,CHEBI:128907,0.0
model_2.pt,MONDO:0012176,predicate:20,HP:0003028,PUBCHEM.COMPOUND:71059938,predicate:18,CHEBI:132592,0.0
model_2.pt,CHEBI:16959,predicate:17,CHEBI:172284,PUBCHEM.COMPOUND:71059938,predicate:18,CHEBI:132592,0.0
model_2.pt,PUBCHEM.COMPOUND:68020555,predicate:0,PUBCHEM.COMPOUND:44459583,PUBCHEM.COMPOUND:71059938,predicate:18,CHEBI:132592,0.0
model_2.pt,PUBCHEM.COMPOUND:137636752,predicate:0,CHEBI:134753,PUBCHEM.COMPOUND:71059938,predicate:18,CHEBI:132592,0.0
model_2.pt,PUBCHEM.COMPOUND:124221273,predicate:23,MONDO:0015691,PUBCHEM.COMPOUND:71059938,predicate:18,CHEBI:132592,0.0
model_2.pt,PUBCHEM.COMPOUND:130200977,predicate:18,CHEBI:144991,PUBCHEM.COMPOUND:71059938,predicate:18,CHEBI:132592,16.386253356933594
model_2.pt,MONDO:0005044,predicate:11,MONDO:0056796,PUBCHEM.COMPOUND:71059938,predicate:18,CHEBI:132592,0.0
model_2.pt,CHEBI:16592,predicate:41,CHEBI:114693,PUBCHEM.COMPOUND:71059938,predicate:18,CHEBI:132592,0.0
model_2.pt,CHEBI:166772,predicate:15,CHEBI:175537,PUBCHEM.COMPOUND:71059938,predicate:18,CHEBI:132592,0.0
model_2.pt,DRUGBANK:DB11158,predicate:2,MONDO:0005147,PUBCHEM.COMPOUND:71059938,predicate:18,CHEBI:132592,0.0
model_2.pt,CHEBI:145008,predicate:2,MONDO:0001076,PUBCHEM.COMPOUND:71059938,predicate:18,CHEBI:132592,0.0
model_2.pt,CHEBI:172333,predicate:11,CHEBI:84017,PUBCHEM.COMPOUND:71059938,predicate:18,CHEBI:132592,0.0
model_2.pt,CHEBI:188563,predicate:12,PUBCHEM.COMPOUND:52924335,PUBCHEM.COMPOUND:71059938,predicate:18,CHEBI:132592,0.0
model_2.pt,CHEBI:190239,predicate:11,HMDB:HMDB0072989,PUBCHEM.COMPOUND:71059938,predicate:18,CHEBI:132592,0.0
model_2.pt,CHEBI:135278,predicate:22,MONDO:0005559,PUBCHEM.COMPOUND:71059938,predicate:18,CHEBI:132592,0.0
model_2.pt,CHEBI:47040,predicate:15,CHEBI:146256,PUBCHEM.COMPOUND:71059938,predicate:18,CHEBI:132592,0.0
model_2.pt,CHEMBL.COMPOUND:CHEMBL4747062,predicate:0,CHEBI:71479,PUBCHEM.COMPOUND:71059938,predicate:18,CHEBI:132592,0.0
model_2.pt,CHEBI:42371,predicate:17,CHEBI:135736,PUBCHEM.COMPOUND:71059938,predicate:18,CHEBI:132592,0.0
model_2.pt,CHEBI:143114,predicate:1,CHEBI:125432,PUBCHEM.COMPOUND:71059938,predicate:18,CHEBI:132592,0.0
model_2.pt,CHEBI:185767,predicate:1,CHEBI:16264,PUBCHEM.COMPOUND:71059938,predicate:18,CHEBI:132592,0.0
model_2.pt,CHEBI:109317,predicate:14,CHEBI:170587,PUBCHEM.COMPOUND:71059938,predicate:18,CHEBI:132592,0.0
model_2.pt,CHEMBL.COMPOUND:CHEMBL4877928,predicate:1,PUBCHEM.COMPOUND:130363355,PUBCHEM.COMPOUND:71059938,predicate:18,CHEBI:132592,0.0
model_2.pt,CHEBI:136073,predicate:10,MONDO:0007263,PUBCHEM.COMPOUND:71059938,predicate:18,CHEBI:132592,0.0
model_2.pt,PUBCHEM.COMPOUND:131762323,predicate:13,CHEBI:149534,PUBCHEM.COMPOUND:71059938,predicate:18,CHEBI:132592,0.0
model_2.pt,PUBCHEM.COMPOUND:54325967,predicate:0,CHEBI:149800,PUBCHEM.COMPOUND:71059938,predicate:18,CHEBI:132592,0.0
model_2.pt,HP:0000021,predicate:0,CHEBI:167578,PUBCHEM.COMPOUND:71059938,predicate:18,CHEBI:132592,0.0
model_2.pt,CHEMBL.COMPOUND:CHEMBL4782467,predicate:15,CHEBI:134948,PUBCHEM.COMPOUND:71059938,predicate:18,CHEBI:132592,0.0
model_2.pt,NCBIGene:23163,predicate:18,NCBIGene:100528017,PUBCHEM.COMPOUND:71059938,predicate:18,CHEBI:132592,72.86064910888672
model_2.pt,CHEBI:142271,predicate:1,CHEBI:192396,PUBCHEM.COMPOUND:71059938,predicate:18,CHEBI:132592,0.0
model_2.pt,CHEBI:146285,predicate:12,PUBCHEM.COMPOUND:53478731,PUBCHEM.COMPOUND:71059938,predicate:18,CHEBI:132592,0.0
model_2.pt,CHEBI:136073,predicate:15,CHEBI:125586,PUBCHEM.COMPOUND:71059938,predicate:18,CHEBI:132592,0.0
model_2.pt,CHEMBL.COMPOUND:CHEMBL596806,predicate:20,HP:0000253,PUBCHEM.COMPOUND:71059938,predicate:18,CHEBI:132592,0.0
model_2.pt,NCBIGene:838170,predicate:13,CHEBI:75099,PUBCHEM.COMPOUND:71059938,predicate:18,CHEBI:132592,0.0
model_2.pt,PUBCHEM.COMPOUND:117859783,predicate:11,PUBCHEM.COMPOUND:10525997,PUBCHEM.COMPOUND:71059938,predicate:18,CHEBI:132592,0.0
model_2.pt,PUBCHEM.COMPOUND:127036977,predicate:0,CHEBI:103739,PUBCHEM.COMPOUND:71059938,predicate:18,CHEBI:132592,0.0
model_2.pt,PUBCHEM.COMPOUND:44433263,predicate:0,CHEBI:119893,PUBCHEM.COMPOUND:71059938,predicate:18,CHEBI:132592,0.0
model_2.pt,CHEBI:3914,predicate:15,CHEBI:190153,PUBCHEM.COMPOUND:71059938,predicate:18,CHEBI:132592,0.0
model_2.pt,PUBCHEM.COMPOUND:44314087,predicate:0,CHEBI:140407,PUBCHEM.COMPOUND:71059938,predicate:18,CHEBI:132592,0.0
model_2.pt,PUBCHEM.COMPOUND:25093440,predicate:0,CHEBI:113553,PUBCHEM.COMPOUND:71059938,predicate:18,CHEBI:132592,0.0
model_2.pt,CHEBI:65179,predicate:11,PUBCHEM.COMPOUND:11274029,PUBCHEM.COMPOUND:71059938,predicate:18,CHEBI:132592,0.0
model_2.pt,CHEBI:71580,predicate:22,MONDO:0005068,PUBCHEM.COMPOUND:71059938,predicate:18,CHEBI:132592,0.0
model_2.pt,CHEBI:190006,predicate:14,PUBCHEM.COMPOUND:118471641,PUBCHEM.COMPOUND:71059938,predicate:18,CHEBI:132592,0.0
model_2.pt,PUBCHEM.COMPOUND:59268935,predicate:0,CHEBI:113373,PUBCHEM.COMPOUND:71059938,predicate:18,CHEBI:132592,0.0
model_2.pt,CHEBI:157642,predicate:1,PUBCHEM.COMPOUND:130345144,PUBCHEM.COMPOUND:71059938,predicate:18,CHEBI:132592,0.0
model_2.pt,PUBCHEM.COMPOUND:57395067,predicate:0,CHEBI:167320,PUBCHEM.COMPOUND:71059938,predicate:18,CHEBI:132592,0.0
model_2.pt,PUBCHEM.COMPOUND:2744597,predicate:11,PUBCHEM.COMPOUND:2930224,PUBCHEM.COMPOUND:71059938,predicate:18,CHEBI:132592,0.0
model_2.pt,CHEBI:137225,predicate:17,CHEBI:131804,PUBCHEM.COMPOUND:71059938,predicate:18,CHEBI:132592,0.0
model_2.pt,CHEBI:111166,predicate:1,CHEBI:93303,PUBCHEM.COMPOUND:71059938,predicate:18,CHEBI:132592,0.0
model_2.pt,MONDO:0013171,predicate:20,MONDO:0001071,PUBCHEM.COMPOUND:71059938,predicate:18,CHEBI:132592,0.0
model_2.pt,CHEBI:143170,predicate:1,CHEBI:166778,PUBCHEM.COMPOUND:71059938,predicate:18,CHEBI:132592,0.0
model_2.pt,CHEBI:51561,predicate:2,HP:0001945,PUBCHEM.COMPOUND:71059938,predicate:18,CHEBI:132592,0.0
model_2.pt,UNII:5M691HL4BO,predicate:23,HP:0001288,PUBCHEM.COMPOUND:71059938,predicate:18,CHEBI:132592,0.0
model_2.pt,MONDO:0011122,predicate:18,CHEBI:132752,PUBCHEM.COMPOUND:71059938,predicate:18,CHEBI:132592,23.541658401489254
model_2.pt,PUBCHEM.COMPOUND:10314049,predicate:13,CHEBI:18086,PUBCHEM.COMPOUND:71059938,predicate:18,CHEBI:132592,0.0
model_2.pt,CHEBI:144357,predicate:20,HP:0002857,PUBCHEM.COMPOUND:71059938,predicate:18,CHEBI:132592,0.0
model_2.pt,CHEBI:16207,predicate:15,CHEBI:129768,PUBCHEM.COMPOUND:71059938,predicate:18,CHEBI:132592,0.0
model_2.pt,CHEBI:139081,predicate:20,HP:0010864,PUBCHEM.COMPOUND:71059938,predicate:18,CHEBI:132592,0.0
model_2.pt,PUBCHEM.COMPOUND:5702107,predicate:3,CHEBI:109116,PUBCHEM.COMPOUND:71059938,predicate:18,CHEBI:132592,0.0
model_2.pt,CHEBI:71289,predicate:17,CHEBI:180867,PUBCHEM.COMPOUND:71059938,predicate:18,CHEBI:132592,0.0
model_2.pt,PUBCHEM.COMPOUND:9834864,predicate:21,CHEBI:113373,PUBCHEM.COMPOUND:71059938,predicate:18,CHEBI:132592,0.0
model_2.pt,PUBCHEM.COMPOUND:44431492,predicate:18,CHEBI:121826,PUBCHEM.COMPOUND:71059938,predicate:18,CHEBI:132592,34.97991180419922
model_2.pt,PUBCHEM.COMPOUND:10432760,predicate:25,CHEBI:166658,PUBCHEM.COMPOUND:71059938,predicate:18,CHEBI:132592,0.0
model_2.pt,PUBCHEM.COMPOUND:25015107,predicate:0,CHEBI:127989,PUBCHEM.COMPOUND:71059938,predicate:18,CHEBI:132592,0.0
model_2.pt,PUBCHEM.COMPOUND:131757266,predicate:13,MONDO:0006749,PUBCHEM.COMPOUND:71059938,predicate:18,CHEBI:132592,0.0
model_2.pt,CHEBI:72619,predicate:1,CHEBI:196198,PUBCHEM.COMPOUND:71059938,predicate:18,CHEBI:132592,0.0
model_2.pt,CHEBI:71600,predicate:1,HMDB:HMDB0009929,PUBCHEM.COMPOUND:71059938,predicate:18,CHEBI:132592,0.0
model_2.pt,CHEBI:184579,predicate:11,CHEBI:144250,PUBCHEM.COMPOUND:71059938,predicate:18,CHEBI:132592,0.0
model_2.pt,CHEBI:88497,predicate:1,CHEBI:144822,PUBCHEM.COMPOUND:71059938,predicate:18,CHEBI:132592,0.0
model_2.pt,CHEBI:15040,predicate:16,MONDO:0013171,PUBCHEM.COMPOUND:71059938,predicate:18,CHEBI:132592,0.0
model_2.pt,MONDO:0005272,predicate:1,CHEBI:18262,PUBCHEM.COMPOUND:71059938,predicate:18,CHEBI:132592,0.0
model_2.pt,CHEBI:126004,predicate:17,CHEBI:175375,PUBCHEM.COMPOUND:71059938,predicate:18,CHEBI:132592,0.0
model_2.pt,MONDO:0035764,predicate:1,HMDB:HMDB0083268,PUBCHEM.COMPOUND:71059938,predicate:18,CHEBI:132592,0.0
model_2.pt,PUBCHEM.COMPOUND:155512592,predicate:0,CHEBI:103843,PUBCHEM.COMPOUND:71059938,predicate:18,CHEBI:132592,0.0
model_2.pt,CHEBI:15490,predicate:15,CHEBI:170609,PUBCHEM.COMPOUND:71059938,predicate:18,CHEBI:132592,0.0
model_2.pt,CHEBI:138520,predicate:28,CHEBI:171141,PUBCHEM.COMPOUND:71059938,predicate:18,CHEBI:132592,0.0
model_2.pt,CHEBI:131557,predicate:1,CHEBI:73731,PUBCHEM.COMPOUND:71059938,predicate:18,CHEBI:132592,0.0
model_2.pt,CHEBI:134948,predicate:22,MONDO:0000831,PUBCHEM.COMPOUND:71059938,predicate:18,CHEBI:132592,0.0
model_2.pt,PUBCHEM.COMPOUND:10578760,predicate:0,CHEBI:92697,PUBCHEM.COMPOUND:71059938,predicate:18,CHEBI:132592,0.0
model_2.pt,HMDB:HMDB0076696,predicate:17,CHEBI:170784,PUBCHEM.COMPOUND:71059938,predicate:18,CHEBI:132592,0.0
model_2.pt,MONDO:0859265,predicate:3,CHEBI:176304,PUBCHEM.COMPOUND:71059938,predicate:18,CHEBI:132592,0.0
model_2.pt,CHEBI:113553,predicate:1,HMDB:HMDB0077232,PUBCHEM.COMPOUND:71059938,predicate:18,CHEBI:132592,0.0
model_2.pt,PUBCHEM.COMPOUND:137226420,predicate:0,CHEBI:109116,PUBCHEM.COMPOUND:71059938,predicate:18,CHEBI:132592,0.0
model_2.pt,MONDO:0010691,predicate:20,HP:0007957,PUBCHEM.COMPOUND:71059938,predicate:18,CHEBI:132592,0.0
model_2.pt,CHEMBL.COMPOUND:CHEMBL536308,predicate:1,CHEBI:163814,PUBCHEM.COMPOUND:71059938,predicate:18,CHEBI:132592,0.0
model_2.pt,CHEBI:83370,predicate:16,CHEBI:72635,PUBCHEM.COMPOUND:71059938,predicate:18,CHEBI:132592,0.0
model_2.pt,PUBCHEM.COMPOUND:122196132,predicate:0,CHEBI:172159,PUBCHEM.COMPOUND:71059938,predicate:18,CHEBI:132592,0.0
model_2.pt,MONDO:0011730,predicate:1,CHEMBL.COMPOUND:CHEMBL54465,PUBCHEM.COMPOUND:71059938,predicate:18,CHEBI:132592,0.0
model_2.pt,MONDO:0011840,predicate:1,CHEBI:139280,PUBCHEM.COMPOUND:71059938,predicate:18,CHEBI:132592,0.0
model_2.pt,CHEBI:17482,predicate:23,MONDO:0001382,PUBCHEM.COMPOUND:71059938,predicate:18,CHEBI:132592,0.0
model_2.pt,PUBCHEM.COMPOUND:25263321,predicate:11,PUBCHEM.COMPOUND:3003511,PUBCHEM.COMPOUND:71059938,predicate:18,CHEBI:132592,0.0
model_2.pt,PUBCHEM.COMPOUND:10216381,predicate:11,PUBCHEM.COMPOUND:10431492,PUBCHEM.COMPOUND:71059938,predicate:18,CHEBI:132592,0.0
model_2.pt,NCBIGene:820781,predicate:12,PUBCHEM.COMPOUND:131761197,PUBCHEM.COMPOUND:71059938,predicate:18,CHEBI:132592,0.0
model_2.pt,CHEBI:51068,predicate:17,HMDB:HMDB0009399,PUBCHEM.COMPOUND:71059938,predicate:18,CHEBI:132592,0.0
model_2.pt,CHEBI:9330,predicate:22,MONDO:0005011,PUBCHEM.COMPOUND:71059938,predicate:18,CHEBI:132592,0.0
model_2.pt,PUBCHEM.COMPOUND:10048208,predicate:26,CHEMBL.COMPOUND:CHEMBL151630,PUBCHEM.COMPOUND:71059938,predicate:18,CHEBI:132592,0.0
model_2.pt,PUBCHEM.COMPOUND:44176335,predicate:0,CHEBI:105317,PUBCHEM.COMPOUND:71059938,predicate:18,CHEBI:132592,0.0
model_2.pt,PUBCHEM.COMPOUND:49864838,predicate:18,CHEBI:109533,PUBCHEM.COMPOUND:71059938,predicate:18,CHEBI:132592,84.26605224609375
model_2.pt,CHEBI:185985,predicate:16,CHEBI:70967,PUBCHEM.COMPOUND:71059938,predicate:18,CHEBI:132592,0.0
model_2.pt,CHEMBL.COMPOUND:CHEMBL4798272,predicate:15,CHEBI:167641,PUBCHEM.COMPOUND:71059938,predicate:18,CHEBI:132592,0.0
model_2.pt,PUBCHEM.COMPOUND:126739109,predicate:11,MONDO:0006996,PUBCHEM.COMPOUND:71059938,predicate:18,CHEBI:132592,0.0
model_2.pt,MONDO:0012176,predicate:20,HP:0003028,CHEBI:170469,predicate:1,CHEBI:104125,0.0
model_2.pt,CHEBI:16959,predicate:17,CHEBI:172284,CHEBI:170469,predicate:1,CHEBI:104125,0.0
model_2.pt,PUBCHEM.COMPOUND:68020555,predicate:0,PUBCHEM.COMPOUND:44459583,CHEBI:170469,predicate:1,CHEBI:104125,0.0
model_2.pt,PUBCHEM.COMPOUND:137636752,predicate:0,CHEBI:134753,CHEBI:170469,predicate:1,CHEBI:104125,0.0
model_2.pt,PUBCHEM.COMPOUND:124221273,predicate:23,MONDO:0015691,CHEBI:170469,predicate:1,CHEBI:104125,0.0
model_2.pt,PUBCHEM.COMPOUND:130200977,predicate:18,CHEBI:144991,CHEBI:170469,predicate:1,CHEBI:104125,0.0
model_2.pt,MONDO:0005044,predicate:11,MONDO:0056796,CHEBI:170469,predicate:1,CHEBI:104125,0.0
model_2.pt,CHEBI:16592,predicate:41,CHEBI:114693,CHEBI:170469,predicate:1,CHEBI:104125,0.0
model_2.pt,CHEBI:166772,predicate:15,CHEBI:175537,CHEBI:170469,predicate:1,CHEBI:104125,0.0
model_2.pt,DRUGBANK:DB11158,predicate:2,MONDO:0005147,CHEBI:170469,predicate:1,CHEBI:104125,0.0
model_2.pt,CHEBI:145008,predicate:2,MONDO:0001076,CHEBI:170469,predicate:1,CHEBI:104125,0.0
model_2.pt,CHEBI:172333,predicate:11,CHEBI:84017,CHEBI:170469,predicate:1,CHEBI:104125,0.0
model_2.pt,CHEBI:188563,predicate:12,PUBCHEM.COMPOUND:52924335,CHEBI:170469,predicate:1,CHEBI:104125,0.0
model_2.pt,CHEBI:190239,predicate:11,HMDB:HMDB0072989,CHEBI:170469,predicate:1,CHEBI:104125,0.0
model_2.pt,CHEBI:135278,predicate:22,MONDO:0005559,CHEBI:170469,predicate:1,CHEBI:104125,0.0
model_2.pt,CHEBI:47040,predicate:15,CHEBI:146256,CHEBI:170469,predicate:1,CHEBI:104125,0.0
model_2.pt,CHEMBL.COMPOUND:CHEMBL4747062,predicate:0,CHEBI:71479,CHEBI:170469,predicate:1,CHEBI:104125,0.0
model_2.pt,CHEBI:42371,predicate:17,CHEBI:135736,CHEBI:170469,predicate:1,CHEBI:104125,0.0
model_2.pt,CHEBI:143114,predicate:1,CHEBI:125432,CHEBI:170469,predicate:1,CHEBI:104125,4.109637260437012
model_2.pt,CHEBI:185767,predicate:1,CHEBI:16264,CHEBI:170469,predicate:1,CHEBI:104125,33.42943572998047
model_2.pt,CHEBI:109317,predicate:14,CHEBI:170587,CHEBI:170469,predicate:1,CHEBI:104125,0.0
model_2.pt,CHEMBL.COMPOUND:CHEMBL4877928,predicate:1,PUBCHEM.COMPOUND:130363355,CHEBI:170469,predicate:1,CHEBI:104125,20.27286720275879
model_2.pt,CHEBI:136073,predicate:10,MONDO:0007263,CHEBI:170469,predicate:1,CHEBI:104125,0.0
model_2.pt,PUBCHEM.COMPOUND:131762323,predicate:13,CHEBI:149534,CHEBI:170469,predicate:1,CHEBI:104125,0.0
model_2.pt,PUBCHEM.COMPOUND:54325967,predicate:0,CHEBI:149800,CHEBI:170469,predicate:1,CHEBI:104125,0.0
model_2.pt,HP:0000021,predicate:0,CHEBI:167578,CHEBI:170469,predicate:1,CHEBI:104125,0.0
model_2.pt,CHEMBL.COMPOUND:CHEMBL4782467,predicate:15,CHEBI:134948,CHEBI:170469,predicate:1,CHEBI:104125,0.0
model_2.pt,NCBIGene:23163,predicate:18,NCBIGene:100528017,CHEBI:170469,predicate:1,CHEBI:104125,0.0
model_2.pt,CHEBI:142271,predicate:1,CHEBI:192396,CHEBI:170469,predicate:1,CHEBI:104125,-3.3397445678710938
model_2.pt,CHEBI:146285,predicate:12,PUBCHEM.COMPOUND:53478731,CHEBI:170469,predicate:1,CHEBI:104125,0.0
model_2.pt,CHEBI:136073,predicate:15,CHEBI:125586,CHEBI:170469,predicate:1,CHEBI:104125,0.0
model_2.pt,CHEMBL.COMPOUND:CHEMBL596806,predicate:20,HP:0000253,CHEBI:170469,predicate:1,CHEBI:104125,0.0
model_2.pt,NCBIGene:838170,predicate:13,CHEBI:75099,CHEBI:170469,predicate:1,CHEBI:104125,0.0
model_2.pt,PUBCHEM.COMPOUND:117859783,predicate:11,PUBCHEM.COMPOUND:10525997,CHEBI:170469,predicate:1,CHEBI:104125,0.0
model_2.pt,PUBCHEM.COMPOUND:127036977,predicate:0,CHEBI:103739,CHEBI:170469,predicate:1,CHEBI:104125,0.0
model_2.pt,PUBCHEM.COMPOUND:44433263,predicate:0,CHEBI:119893,CHEBI:170469,predicate:1,CHEBI:104125,0.0
model_2.pt,CHEBI:3914,predicate:15,CHEBI:190153,CHEBI:170469,predicate:1,CHEBI:104125,0.0
model_2.pt,PUBCHEM.COMPOUND:44314087,predicate:0,CHEBI:140407,CHEBI:170469,predicate:1,CHEBI:104125,0.0
model_2.pt,PUBCHEM.COMPOUND:25093440,predicate:0,CHEBI:113553,CHEBI:170469,predicate:1,CHEBI:104125,0.0
model_2.pt,CHEBI:65179,predicate:11,PUBCHEM.COMPOUND:11274029,CHEBI:170469,predicate:1,CHEBI:104125,0.0
model_2.pt,CHEBI:71580,predicate:22,MONDO:0005068,CHEBI:170469,predicate:1,CHEBI:104125,0.0
model_2.pt,CHEBI:190006,predicate:14,PUBCHEM.COMPOUND:118471641,CHEBI:170469,predicate:1,CHEBI:104125,0.0
model_2.pt,PUBCHEM.COMPOUND:59268935,predicate:0,CHEBI:113373,CHEBI:170469,predicate:1,CHEBI:104125,0.0
model_2.pt,CHEBI:157642,predicate:1,PUBCHEM.COMPOUND:130345144,CHEBI:170469,predicate:1,CHEBI:104125,-16.749313354492188
model_2.pt,PUBCHEM.COMPOUND:57395067,predicate:0,CHEBI:167320,CHEBI:170469,predicate:1,CHEBI:104125,0.0
model_2.pt,PUBCHEM.COMPOUND:2744597,predicate:11,PUBCHEM.COMPOUND:2930224,CHEBI:170469,predicate:1,CHEBI:104125,0.0
model_2.pt,CHEBI:137225,predicate:17,CHEBI:131804,CHEBI:170469,predicate:1,CHEBI:104125,0.0
model_2.pt,CHEBI:111166,predicate:1,CHEBI:93303,CHEBI:170469,predicate:1,CHEBI:104125,-12.08268928527832
model_2.pt,MONDO:0013171,predicate:20,MONDO:0001071,CHEBI:170469,predicate:1,CHEBI:104125,0.0
model_2.pt,CHEBI:143170,predicate:1,CHEBI:166778,CHEBI:170469,predicate:1,CHEBI:104125,17.796945571899414
model_2.pt,CHEBI:51561,predicate:2,HP:0001945,CHEBI:170469,predicate:1,CHEBI:104125,0.0
model_2.pt,UNII:5M691HL4BO,predicate:23,HP:0001288,CHEBI:170469,predicate:1,CHEBI:104125,0.0
model_2.pt,MONDO:0011122,predicate:18,CHEBI:132752,CHEBI:170469,predicate:1,CHEBI:104125,0.0
model_2.pt,PUBCHEM.COMPOUND:10314049,predicate:13,CHEBI:18086,CHEBI:170469,predicate:1,CHEBI:104125,0.0
model_2.pt,CHEBI:144357,predicate:20,HP:0002857,CHEBI:170469,predicate:1,CHEBI:104125,0.0
model_2.pt,CHEBI:16207,predicate:15,CHEBI:129768,CHEBI:170469,predicate:1,CHEBI:104125,0.0
model_2.pt,CHEBI:139081,predicate:20,HP:0010864,CHEBI:170469,predicate:1,CHEBI:104125,0.0
model_2.pt,PUBCHEM.COMPOUND:5702107,predicate:3,CHEBI:109116,CHEBI:170469,predicate:1,CHEBI:104125,0.0
model_2.pt,CHEBI:71289,predicate:17,CHEBI:180867,CHEBI:170469,predicate:1,CHEBI:104125,0.0
model_2.pt,PUBCHEM.COMPOUND:9834864,predicate:21,CHEBI:113373,CHEBI:170469,predicate:1,CHEBI:104125,0.0
model_2.pt,PUBCHEM.COMPOUND:44431492,predicate:18,CHEBI:121826,CHEBI:170469,predicate:1,CHEBI:104125,0.0
model_2.pt,PUBCHEM.COMPOUND:10432760,predicate:25,CHEBI:166658,CHEBI:170469,predicate:1,CHEBI:104125,0.0
model_2.pt,PUBCHEM.COMPOUND:25015107,predicate:0,CHEBI:127989,CHEBI:170469,predicate:1,CHEBI:104125,0.0
model_2.pt,PUBCHEM.COMPOUND:131757266,predicate:13,MONDO:0006749,CHEBI:170469,predicate:1,CHEBI:104125,0.0
model_2.pt,CHEBI:72619,predicate:1,CHEBI:196198,CHEBI:170469,predicate:1,CHEBI:104125,-41.291465759277344
model_2.pt,CHEBI:71600,predicate:1,HMDB:HMDB0009929,CHEBI:170469,predicate:1,CHEBI:104125,26.075777053833008
model_2.pt,CHEBI:184579,predicate:11,CHEBI:144250,CHEBI:170469,predicate:1,CHEBI:104125,0.0
model_2.pt,CHEBI:88497,predicate:1,CHEBI:144822,CHEBI:170469,predicate:1,CHEBI:104125,17.747713088989258
model_2.pt,CHEBI:15040,predicate:16,MONDO:0013171,CHEBI:170469,predicate:1,CHEBI:104125,0.0
model_2.pt,MONDO:0005272,predicate:1,CHEBI:18262,CHEBI:170469,predicate:1,CHEBI:104125,-51.81195068359375
model_2.pt,CHEBI:126004,predicate:17,CHEBI:175375,CHEBI:170469,predicate:1,CHEBI:104125,0.0
model_2.pt,MONDO:0035764,predicate:1,HMDB:HMDB0083268,CHEBI:170469,predicate:1,CHEBI:104125,26.880874633789062
model_2.pt,PUBCHEM.COMPOUND:155512592,predicate:0,CHEBI:103843,CHEBI:170469,predicate:1,CHEBI:104125,0.0
model_2.pt,CHEBI:15490,predicate:15,CHEBI:170609,CHEBI:170469,predicate:1,CHEBI:104125,0.0
model_2.pt,CHEBI:138520,predicate:28,CHEBI:171141,CHEBI:170469,predicate:1,CHEBI:104125,0.0
model_2.pt,CHEBI:131557,predicate:1,CHEBI:73731,CHEBI:170469,predicate:1,CHEBI:104125,-88.35930633544922
model_2.pt,CHEBI:134948,predicate:22,MONDO:0000831,CHEBI:170469,predicate:1,CHEBI:104125,0.0
model_2.pt,PUBCHEM.COMPOUND:10578760,predicate:0,CHEBI:92697,CHEBI:170469,predicate:1,CHEBI:104125,0.0
model_2.pt,HMDB:HMDB0076696,predicate:17,CHEBI:170784,CHEBI:170469,predicate:1,CHEBI:104125,0.0
model_2.pt,MONDO:0859265,predicate:3,CHEBI:176304,CHEBI:170469,predicate:1,CHEBI:104125,0.0
model_2.pt,CHEBI:113553,predicate:1,HMDB:HMDB0077232,CHEBI:170469,predicate:1,CHEBI:104125,-65.04109191894531
model_2.pt,PUBCHEM.COMPOUND:137226420,predicate:0,CHEBI:109116,CHEBI:170469,predicate:1,CHEBI:104125,0.0
model_2.pt,MONDO:0010691,predicate:20,HP:0007957,CHEBI:170469,predicate:1,CHEBI:104125,0.0
model_2.pt,CHEMBL.COMPOUND:CHEMBL536308,predicate:1,CHEBI:163814,CHEBI:170469,predicate:1,CHEBI:104125,-18.25930404663086
model_2.pt,CHEBI:83370,predicate:16,CHEBI:72635,CHEBI:170469,predicate:1,CHEBI:104125,0.0
model_2.pt,PUBCHEM.COMPOUND:122196132,predicate:0,CHEBI:172159,CHEBI:170469,predicate:1,CHEBI:104125,0.0
model_2.pt,MONDO:0011730,predicate:1,CHEMBL.COMPOUND:CHEMBL54465,CHEBI:170469,predicate:1,CHEBI:104125,-14.801450729370115
model_2.pt,MONDO:0011840,predicate:1,CHEBI:139280,CHEBI:170469,predicate:1,CHEBI:104125,-78.04014587402344
model_2.pt,CHEBI:17482,predicate:23,MONDO:0001382,CHEBI:170469,predicate:1,CHEBI:104125,0.0
model_2.pt,PUBCHEM.COMPOUND:25263321,predicate:11,PUBCHEM.COMPOUND:3003511,CHEBI:170469,predicate:1,CHEBI:104125,0.0
model_2.pt,PUBCHEM.COMPOUND:10216381,predicate:11,PUBCHEM.COMPOUND:10431492,CHEBI:170469,predicate:1,CHEBI:104125,0.0
model_2.pt,NCBIGene:820781,predicate:12,PUBCHEM.COMPOUND:131761197,CHEBI:170469,predicate:1,CHEBI:104125,0.0
model_2.pt,CHEBI:51068,predicate:17,HMDB:HMDB0009399,CHEBI:170469,predicate:1,CHEBI:104125,0.0
model_2.pt,CHEBI:9330,predicate:22,MONDO:0005011,CHEBI:170469,predicate:1,CHEBI:104125,0.0
model_2.pt,PUBCHEM.COMPOUND:10048208,predicate:26,CHEMBL.COMPOUND:CHEMBL151630,CHEBI:170469,predicate:1,CHEBI:104125,0.0
model_2.pt,PUBCHEM.COMPOUND:44176335,predicate:0,CHEBI:105317,CHEBI:170469,predicate:1,CHEBI:104125,0.0
model_2.pt,PUBCHEM.COMPOUND:49864838,predicate:18,CHEBI:109533,CHEBI:170469,predicate:1,CHEBI:104125,0.0
model_2.pt,CHEBI:185985,predicate:16,CHEBI:70967,CHEBI:170469,predicate:1,CHEBI:104125,0.0
model_2.pt,CHEMBL.COMPOUND:CHEMBL4798272,predicate:15,CHEBI:167641,CHEBI:170469,predicate:1,CHEBI:104125,0.0
model_2.pt,PUBCHEM.COMPOUND:126739109,predicate:11,MONDO:0006996,CHEBI:170469,predicate:1,CHEBI:104125,0.0
model_2.pt,MONDO:0012176,predicate:20,HP:0003028,MONDO:0006336,predicate:12,NCIT:C45955,0.0
model_2.pt,CHEBI:16959,predicate:17,CHEBI:172284,MONDO:0006336,predicate:12,NCIT:C45955,0.0
model_2.pt,PUBCHEM.COMPOUND:68020555,predicate:0,PUBCHEM.COMPOUND:44459583,MONDO:0006336,predicate:12,NCIT:C45955,0.0
model_2.pt,PUBCHEM.COMPOUND:137636752,predicate:0,CHEBI:134753,MONDO:0006336,predicate:12,NCIT:C45955,0.0
model_2.pt,PUBCHEM.COMPOUND:124221273,predicate:23,MONDO:0015691,MONDO:0006336,predicate:12,NCIT:C45955,0.0
model_2.pt,PUBCHEM.COMPOUND:130200977,predicate:18,CHEBI:144991,MONDO:0006336,predicate:12,NCIT:C45955,0.0
model_2.pt,MONDO:0005044,predicate:11,MONDO:0056796,MONDO:0006336,predicate:12,NCIT:C45955,0.0
model_2.pt,CHEBI:16592,predicate:41,CHEBI:114693,MONDO:0006336,predicate:12,NCIT:C45955,0.0
model_2.pt,CHEBI:166772,predicate:15,CHEBI:175537,MONDO:0006336,predicate:12,NCIT:C45955,0.0
model_2.pt,DRUGBANK:DB11158,predicate:2,MONDO:0005147,MONDO:0006336,predicate:12,NCIT:C45955,0.0
model_2.pt,CHEBI:145008,predicate:2,MONDO:0001076,MONDO:0006336,predicate:12,NCIT:C45955,0.0
model_2.pt,CHEBI:172333,predicate:11,CHEBI:84017,MONDO:0006336,predicate:12,NCIT:C45955,0.0
model_2.pt,CHEBI:188563,predicate:12,PUBCHEM.COMPOUND:52924335,MONDO:0006336,predicate:12,NCIT:C45955,-24.75835418701172
model_2.pt,CHEBI:190239,predicate:11,HMDB:HMDB0072989,MONDO:0006336,predicate:12,NCIT:C45955,0.0
model_2.pt,CHEBI:135278,predicate:22,MONDO:0005559,MONDO:0006336,predicate:12,NCIT:C45955,0.0
model_2.pt,CHEBI:47040,predicate:15,CHEBI:146256,MONDO:0006336,predicate:12,NCIT:C45955,0.0
model_2.pt,CHEMBL.COMPOUND:CHEMBL4747062,predicate:0,CHEBI:71479,MONDO:0006336,predicate:12,NCIT:C45955,0.0
model_2.pt,CHEBI:42371,predicate:17,CHEBI:135736,MONDO:0006336,predicate:12,NCIT:C45955,0.0
model_2.pt,CHEBI:143114,predicate:1,CHEBI:125432,MONDO:0006336,predicate:12,NCIT:C45955,0.0
model_2.pt,CHEBI:185767,predicate:1,CHEBI:16264,MONDO:0006336,predicate:12,NCIT:C45955,0.0
model_2.pt,CHEBI:109317,predicate:14,CHEBI:170587,MONDO:0006336,predicate:12,NCIT:C45955,0.0
model_2.pt,CHEMBL.COMPOUND:CHEMBL4877928,predicate:1,PUBCHEM.COMPOUND:130363355,MONDO:0006336,predicate:12,NCIT:C45955,0.0
model_2.pt,CHEBI:136073,predicate:10,MONDO:0007263,MONDO:0006336,predicate:12,NCIT:C45955,0.0
model_2.pt,PUBCHEM.COMPOUND:131762323,predicate:13,CHEBI:149534,MONDO:0006336,predicate:12,NCIT:C45955,0.0
model_2.pt,PUBCHEM.COMPOUND:54325967,predicate:0,CHEBI:149800,MONDO:0006336,predicate:12,NCIT:C45955,0.0
model_2.pt,HP:0000021,predicate:0,CHEBI:167578,MONDO:0006336,predicate:12,NCIT:C45955,0.0
model_2.pt,CHEMBL.COMPOUND:CHEMBL4782467,predicate:15,CHEBI:134948,MONDO:0006336,predicate:12,NCIT:C45955,0.0
model_2.pt,NCBIGene:23163,predicate:18,NCBIGene:100528017,MONDO:0006336,predicate:12,NCIT:C45955,0.0
model_2.pt,CHEBI:142271,predicate:1,CHEBI:192396,MONDO:0006336,predicate:12,NCIT:C45955,0.0
model_2.pt,CHEBI:146285,predicate:12,PUBCHEM.COMPOUND:53478731,MONDO:0006336,predicate:12,NCIT:C45955,58.28835678100586
model_2.pt,CHEBI:136073,predicate:15,CHEBI:125586,MONDO:0006336,predicate:12,NCIT:C45955,0.0
model_2.pt,CHEMBL.COMPOUND:CHEMBL596806,predicate:20,HP:0000253,MONDO:0006336,predicate:12,NCIT:C45955,0.0
model_2.pt,NCBIGene:838170,predicate:13,CHEBI:75099,MONDO:0006336,predicate:12,NCIT:C45955,0.0
model_2.pt,PUBCHEM.COMPOUND:117859783,predicate:11,PUBCHEM.COMPOUND:10525997,MONDO:0006336,predicate:12,NCIT:C45955,0.0
model_2.pt,PUBCHEM.COMPOUND:127036977,predicate:0,CHEBI:103739,MONDO:0006336,predicate:12,NCIT:C45955,0.0
model_2.pt,PUBCHEM.COMPOUND:44433263,predicate:0,CHEBI:119893,MONDO:0006336,predicate:12,NCIT:C45955,0.0
model_2.pt,CHEBI:3914,predicate:15,CHEBI:190153,MONDO:0006336,predicate:12,NCIT:C45955,0.0
model_2.pt,PUBCHEM.COMPOUND:44314087,predicate:0,CHEBI:140407,MONDO:0006336,predicate:12,NCIT:C45955,0.0
model_2.pt,PUBCHEM.COMPOUND:25093440,predicate:0,CHEBI:113553,MONDO:0006336,predicate:12,NCIT:C45955,0.0
model_2.pt,CHEBI:65179,predicate:11,PUBCHEM.COMPOUND:11274029,MONDO:0006336,predicate:12,NCIT:C45955,0.0
model_2.pt,CHEBI:71580,predicate:22,MONDO:0005068,MONDO:0006336,predicate:12,NCIT:C45955,0.0
model_2.pt,CHEBI:190006,predicate:14,PUBCHEM.COMPOUND:118471641,MONDO:0006336,predicate:12,NCIT:C45955,0.0
model_2.pt,PUBCHEM.COMPOUND:59268935,predicate:0,CHEBI:113373,MONDO:0006336,predicate:12,NCIT:C45955,0.0
model_2.pt,CHEBI:157642,predicate:1,PUBCHEM.COMPOUND:130345144,MONDO:0006336,predicate:12,NCIT:C45955,0.0
model_2.pt,PUBCHEM.COMPOUND:57395067,predicate:0,CHEBI:167320,MONDO:0006336,predicate:12,NCIT:C45955,0.0
model_2.pt,PUBCHEM.COMPOUND:2744597,predicate:11,PUBCHEM.COMPOUND:2930224,MONDO:0006336,predicate:12,NCIT:C45955,0.0
model_2.pt,CHEBI:137225,predicate:17,CHEBI:131804,MONDO:0006336,predicate:12,NCIT:C45955,0.0
model_2.pt,CHEBI:111166,predicate:1,CHEBI:93303,MONDO:0006336,predicate:12,NCIT:C45955,0.0
model_2.pt,MONDO:0013171,predicate:20,MONDO:0001071,MONDO:0006336,predicate:12,NCIT:C45955,0.0
model_2.pt,CHEBI:143170,predicate:1,CHEBI:166778,MONDO:0006336,predicate:12,NCIT:C45955,0.0
model_2.pt,CHEBI:51561,predicate:2,HP:0001945,MONDO:0006336,predicate:12,NCIT:C45955,0.0
model_2.pt,UNII:5M691HL4BO,predicate:23,HP:0001288,MONDO:0006336,predicate:12,NCIT:C45955,0.0
model_2.pt,MONDO:0011122,predicate:18,CHEBI:132752,MONDO:0006336,predicate:12,NCIT:C45955,0.0
model_2.pt,PUBCHEM.COMPOUND:10314049,predicate:13,CHEBI:18086,MONDO:0006336,predicate:12,NCIT:C45955,0.0
model_2.pt,CHEBI:144357,predicate:20,HP:0002857,MONDO:0006336,predicate:12,NCIT:C45955,0.0
model_2.pt,CHEBI:16207,predicate:15,CHEBI:129768,MONDO:0006336,predicate:12,NCIT:C45955,0.0
model_2.pt,CHEBI:139081,predicate:20,HP:0010864,MONDO:0006336,predicate:12,NCIT:C45955,0.0
model_2.pt,PUBCHEM.COMPOUND:5702107,predicate:3,CHEBI:109116,MONDO:0006336,predicate:12,NCIT:C45955,0.0
model_2.pt,CHEBI:71289,predicate:17,CHEBI:180867,MONDO:0006336,predicate:12,NCIT:C45955,0.0
model_2.pt,PUBCHEM.COMPOUND:9834864,predicate:21,CHEBI:113373,MONDO:0006336,predicate:12,NCIT:C45955,0.0
model_2.pt,PUBCHEM.COMPOUND:44431492,predicate:18,CHEBI:121826,MONDO:0006336,predicate:12,NCIT:C45955,0.0
model_2.pt,PUBCHEM.COMPOUND:10432760,predicate:25,CHEBI:166658,MONDO:0006336,predicate:12,NCIT:C45955,0.0
model_2.pt,PUBCHEM.COMPOUND:25015107,predicate:0,CHEBI:127989,MONDO:0006336,predicate:12,NCIT:C45955,0.0
model_2.pt,PUBCHEM.COMPOUND:131757266,predicate:13,MONDO:0006749,MONDO:0006336,predicate:12,NCIT:C45955,0.0
model_2.pt,CHEBI:72619,predicate:1,CHEBI:196198,MONDO:0006336,predicate:12,NCIT:C45955,0.0
model_2.pt,CHEBI:71600,predicate:1,HMDB:HMDB0009929,MONDO:0006336,predicate:12,NCIT:C45955,0.0
model_2.pt,CHEBI:184579,predicate:11,CHEBI:144250,MONDO:0006336,predicate:12,NCIT:C45955,0.0
model_2.pt,CHEBI:88497,predicate:1,CHEBI:144822,MONDO:0006336,predicate:12,NCIT:C45955,0.0
model_2.pt,CHEBI:15040,predicate:16,MONDO:0013171,MONDO:0006336,predicate:12,NCIT:C45955,0.0
model_2.pt,MONDO:0005272,predicate:1,CHEBI:18262,MONDO:0006336,predicate:12,NCIT:C45955,0.0
model_2.pt,CHEBI:126004,predicate:17,CHEBI:175375,MONDO:0006336,predicate:12,NCIT:C45955,0.0
model_2.pt,MONDO:0035764,predicate:1,HMDB:HMDB0083268,MONDO:0006336,predicate:12,NCIT:C45955,0.0
model_2.pt,PUBCHEM.COMPOUND:155512592,predicate:0,CHEBI:103843,MONDO:0006336,predicate:12,NCIT:C45955,0.0
model_2.pt,CHEBI:15490,predicate:15,CHEBI:170609,MONDO:0006336,predicate:12,NCIT:C45955,0.0
model_2.pt,CHEBI:138520,predicate:28,CHEBI:171141,MONDO:0006336,predicate:12,NCIT:C45955,0.0
model_2.pt,CHEBI:131557,predicate:1,CHEBI:73731,MONDO:0006336,predicate:12,NCIT:C45955,0.0
model_2.pt,CHEBI:134948,predicate:22,MONDO:0000831,MONDO:0006336,predicate:12,NCIT:C45955,0.0
model_2.pt,PUBCHEM.COMPOUND:10578760,predicate:0,CHEBI:92697,MONDO:0006336,predicate:12,NCIT:C45955,0.0
model_2.pt,HMDB:HMDB0076696,predicate:17,CHEBI:170784,MONDO:0006336,predicate:12,NCIT:C45955,0.0
model_2.pt,MONDO:0859265,predicate:3,CHEBI:176304,MONDO:0006336,predicate:12,NCIT:C45955,0.0
model_2.pt,CHEBI:113553,predicate:1,HMDB:HMDB0077232,MONDO:0006336,predicate:12,NCIT:C45955,0.0
model_2.pt,PUBCHEM.COMPOUND:137226420,predicate:0,CHEBI:109116,MONDO:0006336,predicate:12,NCIT:C45955,0.0
model_2.pt,MONDO:0010691,predicate:20,HP:0007957,MONDO:0006336,predicate:12,NCIT:C45955,0.0
model_2.pt,CHEMBL.COMPOUND:CHEMBL536308,predicate:1,CHEBI:163814,MONDO:0006336,predicate:12,NCIT:C45955,0.0
model_2.pt,CHEBI:83370,predicate:16,CHEBI:72635,MONDO:0006336,predicate:12,NCIT:C45955,0.0
model_2.pt,PUBCHEM.COMPOUND:122196132,predicate:0,CHEBI:172159,MONDO:0006336,predicate:12,NCIT:C45955,0.0
model_2.pt,MONDO:0011730,predicate:1,CHEMBL.COMPOUND:CHEMBL54465,MONDO:0006336,predicate:12,NCIT:C45955,0.0
model_2.pt,MONDO:0011840,predicate:1,CHEBI:139280,MONDO:0006336,predicate:12,NCIT:C45955,0.0
model_2.pt,CHEBI:17482,predicate:23,MONDO:0001382,MONDO:0006336,predicate:12,NCIT:C45955,0.0
model_2.pt,PUBCHEM.COMPOUND:25263321,predicate:11,PUBCHEM.COMPOUND:3003511,MONDO:0006336,predicate:12,NCIT:C45955,0.0
model_2.pt,PUBCHEM.COMPOUND:10216381,predicate:11,PUBCHEM.COMPOUND:10431492,MONDO:0006336,predicate:12,NCIT:C45955,0.0
model_2.pt,NCBIGene:820781,predicate:12,PUBCHEM.COMPOUND:131761197,MONDO:0006336,predicate:12,NCIT:C45955,-4.463240146636963
model_2.pt,CHEBI:51068,predicate:17,HMDB:HMDB0009399,MONDO:0006336,predicate:12,NCIT:C45955,0.0
model_2.pt,CHEBI:9330,predicate:22,MONDO:0005011,MONDO:0006336,predicate:12,NCIT:C45955,0.0
model_2.pt,PUBCHEM.COMPOUND:10048208,predicate:26,CHEMBL.COMPOUND:CHEMBL151630,MONDO:0006336,predicate:12,NCIT:C45955,0.0
model_2.pt,PUBCHEM.COMPOUND:44176335,predicate:0,CHEBI:105317,MONDO:0006336,predicate:12,NCIT:C45955,0.0
model_2.pt,PUBCHEM.COMPOUND:49864838,predicate:18,CHEBI:109533,MONDO:0006336,predicate:12,NCIT:C45955,0.0
model_2.pt,CHEBI:185985,predicate:16,CHEBI:70967,MONDO:0006336,predicate:12,NCIT:C45955,0.0
model_2.pt,CHEMBL.COMPOUND:CHEMBL4798272,predicate:15,CHEBI:167641,MONDO:0006336,predicate:12,NCIT:C45955,0.0
model_2.pt,PUBCHEM.COMPOUND:126739109,predicate:11,MONDO:0006996,MONDO:0006336,predicate:12,NCIT:C45955,0.0
model_2.pt,MONDO:0012176,predicate:20,HP:0003028,CHEBI:125673,predicate:28,CHEBI:74460,0.0
model_2.pt,CHEBI:16959,predicate:17,CHEBI:172284,CHEBI:125673,predicate:28,CHEBI:74460,0.0
model_2.pt,PUBCHEM.COMPOUND:68020555,predicate:0,PUBCHEM.COMPOUND:44459583,CHEBI:125673,predicate:28,CHEBI:74460,0.0
model_2.pt,PUBCHEM.COMPOUND:137636752,predicate:0,CHEBI:134753,CHEBI:125673,predicate:28,CHEBI:74460,0.0
model_2.pt,PUBCHEM.COMPOUND:124221273,predicate:23,MONDO:0015691,CHEBI:125673,predicate:28,CHEBI:74460,0.0
model_2.pt,PUBCHEM.COMPOUND:130200977,predicate:18,CHEBI:144991,CHEBI:125673,predicate:28,CHEBI:74460,0.0
model_2.pt,MONDO:0005044,predicate:11,MONDO:0056796,CHEBI:125673,predicate:28,CHEBI:74460,0.0
model_2.pt,CHEBI:16592,predicate:41,CHEBI:114693,CHEBI:125673,predicate:28,CHEBI:74460,0.0
model_2.pt,CHEBI:166772,predicate:15,CHEBI:175537,CHEBI:125673,predicate:28,CHEBI:74460,0.0
model_2.pt,DRUGBANK:DB11158,predicate:2,MONDO:0005147,CHEBI:125673,predicate:28,CHEBI:74460,0.0
model_2.pt,CHEBI:145008,predicate:2,MONDO:0001076,CHEBI:125673,predicate:28,CHEBI:74460,0.0
model_2.pt,CHEBI:172333,predicate:11,CHEBI:84017,CHEBI:125673,predicate:28,CHEBI:74460,0.0
model_2.pt,CHEBI:188563,predicate:12,PUBCHEM.COMPOUND:52924335,CHEBI:125673,predicate:28,CHEBI:74460,0.0
model_2.pt,CHEBI:190239,predicate:11,HMDB:HMDB0072989,CHEBI:125673,predicate:28,CHEBI:74460,0.0
model_2.pt,CHEBI:135278,predicate:22,MONDO:0005559,CHEBI:125673,predicate:28,CHEBI:74460,0.0
model_2.pt,CHEBI:47040,predicate:15,CHEBI:146256,CHEBI:125673,predicate:28,CHEBI:74460,0.0
model_2.pt,CHEMBL.COMPOUND:CHEMBL4747062,predicate:0,CHEBI:71479,CHEBI:125673,predicate:28,CHEBI:74460,0.0
model_2.pt,CHEBI:42371,predicate:17,CHEBI:135736,CHEBI:125673,predicate:28,CHEBI:74460,0.0
model_2.pt,CHEBI:143114,predicate:1,CHEBI:125432,CHEBI:125673,predicate:28,CHEBI:74460,0.0
model_2.pt,CHEBI:185767,predicate:1,CHEBI:16264,CHEBI:125673,predicate:28,CHEBI:74460,0.0
model_2.pt,CHEBI:109317,predicate:14,CHEBI:170587,CHEBI:125673,predicate:28,CHEBI:74460,0.0
model_2.pt,CHEMBL.COMPOUND:CHEMBL4877928,predicate:1,PUBCHEM.COMPOUND:130363355,CHEBI:125673,predicate:28,CHEBI:74460,0.0
model_2.pt,CHEBI:136073,predicate:10,MONDO:0007263,CHEBI:125673,predicate:28,CHEBI:74460,0.0
model_2.pt,PUBCHEM.COMPOUND:131762323,predicate:13,CHEBI:149534,CHEBI:125673,predicate:28,CHEBI:74460,0.0
model_2.pt,PUBCHEM.COMPOUND:54325967,predicate:0,CHEBI:149800,CHEBI:125673,predicate:28,CHEBI:74460,0.0
model_2.pt,HP:0000021,predicate:0,CHEBI:167578,CHEBI:125673,predicate:28,CHEBI:74460,0.0
model_2.pt,CHEMBL.COMPOUND:CHEMBL4782467,predicate:15,CHEBI:134948,CHEBI:125673,predicate:28,CHEBI:74460,0.0
model_2.pt,NCBIGene:23163,predicate:18,NCBIGene:100528017,CHEBI:125673,predicate:28,CHEBI:74460,0.0
model_2.pt,CHEBI:142271,predicate:1,CHEBI:192396,CHEBI:125673,predicate:28,CHEBI:74460,0.0
model_2.pt,CHEBI:146285,predicate:12,PUBCHEM.COMPOUND:53478731,CHEBI:125673,predicate:28,CHEBI:74460,0.0
model_2.pt,CHEBI:136073,predicate:15,CHEBI:125586,CHEBI:125673,predicate:28,CHEBI:74460,0.0
model_2.pt,CHEMBL.COMPOUND:CHEMBL596806,predicate:20,HP:0000253,CHEBI:125673,predicate:28,CHEBI:74460,0.0
model_2.pt,NCBIGene:838170,predicate:13,CHEBI:75099,CHEBI:125673,predicate:28,CHEBI:74460,0.0
model_2.pt,PUBCHEM.COMPOUND:117859783,predicate:11,PUBCHEM.COMPOUND:10525997,CHEBI:125673,predicate:28,CHEBI:74460,0.0
model_2.pt,PUBCHEM.COMPOUND:127036977,predicate:0,CHEBI:103739,CHEBI:125673,predicate:28,CHEBI:74460,0.0
model_2.pt,PUBCHEM.COMPOUND:44433263,predicate:0,CHEBI:119893,CHEBI:125673,predicate:28,CHEBI:74460,0.0
model_2.pt,CHEBI:3914,predicate:15,CHEBI:190153,CHEBI:125673,predicate:28,CHEBI:74460,0.0
model_2.pt,PUBCHEM.COMPOUND:44314087,predicate:0,CHEBI:140407,CHEBI:125673,predicate:28,CHEBI:74460,0.0
model_2.pt,PUBCHEM.COMPOUND:25093440,predicate:0,CHEBI:113553,CHEBI:125673,predicate:28,CHEBI:74460,0.0
model_2.pt,CHEBI:65179,predicate:11,PUBCHEM.COMPOUND:11274029,CHEBI:125673,predicate:28,CHEBI:74460,0.0
model_2.pt,CHEBI:71580,predicate:22,MONDO:0005068,CHEBI:125673,predicate:28,CHEBI:74460,0.0
model_2.pt,CHEBI:190006,predicate:14,PUBCHEM.COMPOUND:118471641,CHEBI:125673,predicate:28,CHEBI:74460,0.0
model_2.pt,PUBCHEM.COMPOUND:59268935,predicate:0,CHEBI:113373,CHEBI:125673,predicate:28,CHEBI:74460,0.0
model_2.pt,CHEBI:157642,predicate:1,PUBCHEM.COMPOUND:130345144,CHEBI:125673,predicate:28,CHEBI:74460,0.0
model_2.pt,PUBCHEM.COMPOUND:57395067,predicate:0,CHEBI:167320,CHEBI:125673,predicate:28,CHEBI:74460,0.0
model_2.pt,PUBCHEM.COMPOUND:2744597,predicate:11,PUBCHEM.COMPOUND:2930224,CHEBI:125673,predicate:28,CHEBI:74460,0.0
model_2.pt,CHEBI:137225,predicate:17,CHEBI:131804,CHEBI:125673,predicate:28,CHEBI:74460,0.0
model_2.pt,CHEBI:111166,predicate:1,CHEBI:93303,CHEBI:125673,predicate:28,CHEBI:74460,0.0
model_2.pt,MONDO:0013171,predicate:20,MONDO:0001071,CHEBI:125673,predicate:28,CHEBI:74460,0.0
model_2.pt,CHEBI:143170,predicate:1,CHEBI:166778,CHEBI:125673,predicate:28,CHEBI:74460,0.0
model_2.pt,CHEBI:51561,predicate:2,HP:0001945,CHEBI:125673,predicate:28,CHEBI:74460,0.0
model_2.pt,UNII:5M691HL4BO,predicate:23,HP:0001288,CHEBI:125673,predicate:28,CHEBI:74460,0.0
model_2.pt,MONDO:0011122,predicate:18,CHEBI:132752,CHEBI:125673,predicate:28,CHEBI:74460,0.0
model_2.pt,PUBCHEM.COMPOUND:10314049,predicate:13,CHEBI:18086,CHEBI:125673,predicate:28,CHEBI:74460,0.0
model_2.pt,CHEBI:144357,predicate:20,HP:0002857,CHEBI:125673,predicate:28,CHEBI:74460,0.0
model_2.pt,CHEBI:16207,predicate:15,CHEBI:129768,CHEBI:125673,predicate:28,CHEBI:74460,0.0
model_2.pt,CHEBI:139081,predicate:20,HP:0010864,CHEBI:125673,predicate:28,CHEBI:74460,0.0
model_2.pt,PUBCHEM.COMPOUND:5702107,predicate:3,CHEBI:109116,CHEBI:125673,predicate:28,CHEBI:74460,0.0
model_2.pt,CHEBI:71289,predicate:17,CHEBI:180867,CHEBI:125673,predicate:28,CHEBI:74460,0.0
model_2.pt,PUBCHEM.COMPOUND:9834864,predicate:21,CHEBI:113373,CHEBI:125673,predicate:28,CHEBI:74460,0.0
model_2.pt,PUBCHEM.COMPOUND:44431492,predicate:18,CHEBI:121826,CHEBI:125673,predicate:28,CHEBI:74460,0.0
model_2.pt,PUBCHEM.COMPOUND:10432760,predicate:25,CHEBI:166658,CHEBI:125673,predicate:28,CHEBI:74460,0.0
model_2.pt,PUBCHEM.COMPOUND:25015107,predicate:0,CHEBI:127989,CHEBI:125673,predicate:28,CHEBI:74460,0.0
model_2.pt,PUBCHEM.COMPOUND:131757266,predicate:13,MONDO:0006749,CHEBI:125673,predicate:28,CHEBI:74460,0.0
model_2.pt,CHEBI:72619,predicate:1,CHEBI:196198,CHEBI:125673,predicate:28,CHEBI:74460,0.0
model_2.pt,CHEBI:71600,predicate:1,HMDB:HMDB0009929,CHEBI:125673,predicate:28,CHEBI:74460,0.0
model_2.pt,CHEBI:184579,predicate:11,CHEBI:144250,CHEBI:125673,predicate:28,CHEBI:74460,0.0
model_2.pt,CHEBI:88497,predicate:1,CHEBI:144822,CHEBI:125673,predicate:28,CHEBI:74460,0.0
model_2.pt,CHEBI:15040,predicate:16,MONDO:0013171,CHEBI:125673,predicate:28,CHEBI:74460,0.0
model_2.pt,MONDO:0005272,predicate:1,CHEBI:18262,CHEBI:125673,predicate:28,CHEBI:74460,0.0
model_2.pt,CHEBI:126004,predicate:17,CHEBI:175375,CHEBI:125673,predicate:28,CHEBI:74460,0.0
model_2.pt,MONDO:0035764,predicate:1,HMDB:HMDB0083268,CHEBI:125673,predicate:28,CHEBI:74460,0.0
model_2.pt,PUBCHEM.COMPOUND:155512592,predicate:0,CHEBI:103843,CHEBI:125673,predicate:28,CHEBI:74460,0.0
model_2.pt,CHEBI:15490,predicate:15,CHEBI:170609,CHEBI:125673,predicate:28,CHEBI:74460,0.0
model_2.pt,CHEBI:138520,predicate:28,CHEBI:171141,CHEBI:125673,predicate:28,CHEBI:74460,36.207611083984375
model_2.pt,CHEBI:131557,predicate:1,CHEBI:73731,CHEBI:125673,predicate:28,CHEBI:74460,0.0
model_2.pt,CHEBI:134948,predicate:22,MONDO:0000831,CHEBI:125673,predicate:28,CHEBI:74460,0.0
model_2.pt,PUBCHEM.COMPOUND:10578760,predicate:0,CHEBI:92697,CHEBI:125673,predicate:28,CHEBI:74460,0.0
model_2.pt,HMDB:HMDB0076696,predicate:17,CHEBI:170784,CHEBI:125673,predicate:28,CHEBI:74460,0.0
model_2.pt,MONDO:0859265,predicate:3,CHEBI:176304,CHEBI:125673,predicate:28,CHEBI:74460,0.0
model_2.pt,CHEBI:113553,predicate:1,HMDB:HMDB0077232,CHEBI:125673,predicate:28,CHEBI:74460,0.0
model_2.pt,PUBCHEM.COMPOUND:137226420,predicate:0,CHEBI:109116,CHEBI:125673,predicate:28,CHEBI:74460,0.0
model_2.pt,MONDO:0010691,predicate:20,HP:0007957,CHEBI:125673,predicate:28,CHEBI:74460,0.0
model_2.pt,CHEMBL.COMPOUND:CHEMBL536308,predicate:1,CHEBI:163814,CHEBI:125673,predicate:28,CHEBI:74460,0.0
model_2.pt,CHEBI:83370,predicate:16,CHEBI:72635,CHEBI:125673,predicate:28,CHEBI:74460,0.0
model_2.pt,PUBCHEM.COMPOUND:122196132,predicate:0,CHEBI:172159,CHEBI:125673,predicate:28,CHEBI:74460,0.0
model_2.pt,MONDO:0011730,predicate:1,CHEMBL.COMPOUND:CHEMBL54465,CHEBI:125673,predicate:28,CHEBI:74460,0.0
model_2.pt,MONDO:0011840,predicate:1,CHEBI:139280,CHEBI:125673,predicate:28,CHEBI:74460,0.0
model_2.pt,CHEBI:17482,predicate:23,MONDO:0001382,CHEBI:125673,predicate:28,CHEBI:74460,0.0
model_2.pt,PUBCHEM.COMPOUND:25263321,predicate:11,PUBCHEM.COMPOUND:3003511,CHEBI:125673,predicate:28,CHEBI:74460,0.0
model_2.pt,PUBCHEM.COMPOUND:10216381,predicate:11,PUBCHEM.COMPOUND:10431492,CHEBI:125673,predicate:28,CHEBI:74460,0.0
model_2.pt,NCBIGene:820781,predicate:12,PUBCHEM.COMPOUND:131761197,CHEBI:125673,predicate:28,CHEBI:74460,0.0
model_2.pt,CHEBI:51068,predicate:17,HMDB:HMDB0009399,CHEBI:125673,predicate:28,CHEBI:74460,0.0
model_2.pt,CHEBI:9330,predicate:22,MONDO:0005011,CHEBI:125673,predicate:28,CHEBI:74460,0.0
model_2.pt,PUBCHEM.COMPOUND:10048208,predicate:26,CHEMBL.COMPOUND:CHEMBL151630,CHEBI:125673,predicate:28,CHEBI:74460,0.0
model_2.pt,PUBCHEM.COMPOUND:44176335,predicate:0,CHEBI:105317,CHEBI:125673,predicate:28,CHEBI:74460,0.0
model_2.pt,PUBCHEM.COMPOUND:49864838,predicate:18,CHEBI:109533,CHEBI:125673,predicate:28,CHEBI:74460,0.0
model_2.pt,CHEBI:185985,predicate:16,CHEBI:70967,CHEBI:125673,predicate:28,CHEBI:74460,0.0
model_2.pt,CHEMBL.COMPOUND:CHEMBL4798272,predicate:15,CHEBI:167641,CHEBI:125673,predicate:28,CHEBI:74460,0.0
model_2.pt,PUBCHEM.COMPOUND:126739109,predicate:11,MONDO:0006996,CHEBI:125673,predicate:28,CHEBI:74460,0.0
model_2.pt,MONDO:0012176,predicate:20,HP:0003028,CHEMBL.COMPOUND:CHEMBL505612,predicate:1,CHEBI:128907,0.0
model_2.pt,CHEBI:16959,predicate:17,CHEBI:172284,CHEMBL.COMPOUND:CHEMBL505612,predicate:1,CHEBI:128907,0.0
model_2.pt,PUBCHEM.COMPOUND:68020555,predicate:0,PUBCHEM.COMPOUND:44459583,CHEMBL.COMPOUND:CHEMBL505612,predicate:1,CHEBI:128907,0.0
model_2.pt,PUBCHEM.COMPOUND:137636752,predicate:0,CHEBI:134753,CHEMBL.COMPOUND:CHEMBL505612,predicate:1,CHEBI:128907,0.0
model_2.pt,PUBCHEM.COMPOUND:124221273,predicate:23,MONDO:0015691,CHEMBL.COMPOUND:CHEMBL505612,predicate:1,CHEBI:128907,0.0
model_2.pt,PUBCHEM.COMPOUND:130200977,predicate:18,CHEBI:144991,CHEMBL.COMPOUND:CHEMBL505612,predicate:1,CHEBI:128907,0.0
model_2.pt,MONDO:0005044,predicate:11,MONDO:0056796,CHEMBL.COMPOUND:CHEMBL505612,predicate:1,CHEBI:128907,0.0
model_2.pt,CHEBI:16592,predicate:41,CHEBI:114693,CHEMBL.COMPOUND:CHEMBL505612,predicate:1,CHEBI:128907,0.0
model_2.pt,CHEBI:166772,predicate:15,CHEBI:175537,CHEMBL.COMPOUND:CHEMBL505612,predicate:1,CHEBI:128907,0.0
model_2.pt,DRUGBANK:DB11158,predicate:2,MONDO:0005147,CHEMBL.COMPOUND:CHEMBL505612,predicate:1,CHEBI:128907,0.0
model_2.pt,CHEBI:145008,predicate:2,MONDO:0001076,CHEMBL.COMPOUND:CHEMBL505612,predicate:1,CHEBI:128907,0.0
model_2.pt,CHEBI:172333,predicate:11,CHEBI:84017,CHEMBL.COMPOUND:CHEMBL505612,predicate:1,CHEBI:128907,0.0
model_2.pt,CHEBI:188563,predicate:12,PUBCHEM.COMPOUND:52924335,CHEMBL.COMPOUND:CHEMBL505612,predicate:1,CHEBI:128907,0.0
model_2.pt,CHEBI:190239,predicate:11,HMDB:HMDB0072989,CHEMBL.COMPOUND:CHEMBL505612,predicate:1,CHEBI:128907,0.0
model_2.pt,CHEBI:135278,predicate:22,MONDO:0005559,CHEMBL.COMPOUND:CHEMBL505612,predicate:1,CHEBI:128907,0.0
model_2.pt,CHEBI:47040,predicate:15,CHEBI:146256,CHEMBL.COMPOUND:CHEMBL505612,predicate:1,CHEBI:128907,0.0
model_2.pt,CHEMBL.COMPOUND:CHEMBL4747062,predicate:0,CHEBI:71479,CHEMBL.COMPOUND:CHEMBL505612,predicate:1,CHEBI:128907,0.0
model_2.pt,CHEBI:42371,predicate:17,CHEBI:135736,CHEMBL.COMPOUND:CHEMBL505612,predicate:1,CHEBI:128907,0.0
model_2.pt,CHEBI:143114,predicate:1,CHEBI:125432,CHEMBL.COMPOUND:CHEMBL505612,predicate:1,CHEBI:128907,-38.553165435791016
model_2.pt,CHEBI:185767,predicate:1,CHEBI:16264,CHEMBL.COMPOUND:CHEMBL505612,predicate:1,CHEBI:128907,-51.32835006713867
model_2.pt,CHEBI:109317,predicate:14,CHEBI:170587,CHEMBL.COMPOUND:CHEMBL505612,predicate:1,CHEBI:128907,0.0
model_2.pt,CHEMBL.COMPOUND:CHEMBL4877928,predicate:1,PUBCHEM.COMPOUND:130363355,CHEMBL.COMPOUND:CHEMBL505612,predicate:1,CHEBI:128907,-102.62154388427734
model_2.pt,CHEBI:136073,predicate:10,MONDO:0007263,CHEMBL.COMPOUND:CHEMBL505612,predicate:1,CHEBI:128907,0.0
model_2.pt,PUBCHEM.COMPOUND:131762323,predicate:13,CHEBI:149534,CHEMBL.COMPOUND:CHEMBL505612,predicate:1,CHEBI:128907,0.0
model_2.pt,PUBCHEM.COMPOUND:54325967,predicate:0,CHEBI:149800,CHEMBL.COMPOUND:CHEMBL505612,predicate:1,CHEBI:128907,0.0
model_2.pt,HP:0000021,predicate:0,CHEBI:167578,CHEMBL.COMPOUND:CHEMBL505612,predicate:1,CHEBI:128907,0.0
model_2.pt,CHEMBL.COMPOUND:CHEMBL4782467,predicate:15,CHEBI:134948,CHEMBL.COMPOUND:CHEMBL505612,predicate:1,CHEBI:128907,0.0
model_2.pt,NCBIGene:23163,predicate:18,NCBIGene:100528017,CHEMBL.COMPOUND:CHEMBL505612,predicate:1,CHEBI:128907,0.0
model_2.pt,CHEBI:142271,predicate:1,CHEBI:192396,CHEMBL.COMPOUND:CHEMBL505612,predicate:1,CHEBI:128907,13.033162117004396
model_2.pt,CHEBI:146285,predicate:12,PUBCHEM.COMPOUND:53478731,CHEMBL.COMPOUND:CHEMBL505612,predicate:1,CHEBI:128907,0.0
model_2.pt,CHEBI:136073,predicate:15,CHEBI:125586,CHEMBL.COMPOUND:CHEMBL505612,predicate:1,CHEBI:128907,0.0
model_2.pt,CHEMBL.COMPOUND:CHEMBL596806,predicate:20,HP:0000253,CHEMBL.COMPOUND:CHEMBL505612,predicate:1,CHEBI:128907,0.0
model_2.pt,NCBIGene:838170,predicate:13,CHEBI:75099,CHEMBL.COMPOUND:CHEMBL505612,predicate:1,CHEBI:128907,0.0
model_2.pt,PUBCHEM.COMPOUND:117859783,predicate:11,PUBCHEM.COMPOUND:10525997,CHEMBL.COMPOUND:CHEMBL505612,predicate:1,CHEBI:128907,0.0
model_2.pt,PUBCHEM.COMPOUND:127036977,predicate:0,CHEBI:103739,CHEMBL.COMPOUND:CHEMBL505612,predicate:1,CHEBI:128907,0.0
model_2.pt,PUBCHEM.COMPOUND:44433263,predicate:0,CHEBI:119893,CHEMBL.COMPOUND:CHEMBL505612,predicate:1,CHEBI:128907,0.0
model_2.pt,CHEBI:3914,predicate:15,CHEBI:190153,CHEMBL.COMPOUND:CHEMBL505612,predicate:1,CHEBI:128907,0.0
model_2.pt,PUBCHEM.COMPOUND:44314087,predicate:0,CHEBI:140407,CHEMBL.COMPOUND:CHEMBL505612,predicate:1,CHEBI:128907,0.0
model_2.pt,PUBCHEM.COMPOUND:25093440,predicate:0,CHEBI:113553,CHEMBL.COMPOUND:CHEMBL505612,predicate:1,CHEBI:128907,0.0
model_2.pt,CHEBI:65179,predicate:11,PUBCHEM.COMPOUND:11274029,CHEMBL.COMPOUND:CHEMBL505612,predicate:1,CHEBI:128907,0.0
model_2.pt,CHEBI:71580,predicate:22,MONDO:0005068,CHEMBL.COMPOUND:CHEMBL505612,predicate:1,CHEBI:128907,0.0
model_2.pt,CHEBI:190006,predicate:14,PUBCHEM.COMPOUND:118471641,CHEMBL.COMPOUND:CHEMBL505612,predicate:1,CHEBI:128907,0.0
model_2.pt,PUBCHEM.COMPOUND:59268935,predicate:0,CHEBI:113373,CHEMBL.COMPOUND:CHEMBL505612,predicate:1,CHEBI:128907,0.0
model_2.pt,CHEBI:157642,predicate:1,PUBCHEM.COMPOUND:130345144,CHEMBL.COMPOUND:CHEMBL505612,predicate:1,CHEBI:128907,9.207611083984377
model_2.pt,PUBCHEM.COMPOUND:57395067,predicate:0,CHEBI:167320,CHEMBL.COMPOUND:CHEMBL505612,predicate:1,CHEBI:128907,0.0
model_2.pt,PUBCHEM.COMPOUND:2744597,predicate:11,PUBCHEM.COMPOUND:2930224,CHEMBL.COMPOUND:CHEMBL505612,predicate:1,CHEBI:128907,0.0
model_2.pt,CHEBI:137225,predicate:17,CHEBI:131804,CHEMBL.COMPOUND:CHEMBL505612,predicate:1,CHEBI:128907,0.0
model_2.pt,CHEBI:111166,predicate:1,CHEBI:93303,CHEMBL.COMPOUND:CHEMBL505612,predicate:1,CHEBI:128907,35.82771682739258
model_2.pt,MONDO:0013171,predicate:20,MONDO:0001071,CHEMBL.COMPOUND:CHEMBL505612,predicate:1,CHEBI:128907,0.0
model_2.pt,CHEBI:143170,predicate:1,CHEBI:166778,CHEMBL.COMPOUND:CHEMBL505612,predicate:1,CHEBI:128907,-39.45574951171875
model_2.pt,CHEBI:51561,predicate:2,HP:0001945,CHEMBL.COMPOUND:CHEMBL505612,predicate:1,CHEBI:128907,0.0
model_2.pt,UNII:5M691HL4BO,predicate:23,HP:0001288,CHEMBL.COMPOUND:CHEMBL505612,predicate:1,CHEBI:128907,0.0
model_2.pt,MONDO:0011122,predicate:18,CHEBI:132752,CHEMBL.COMPOUND:CHEMBL505612,predicate:1,CHEBI:128907,0.0
model_2.pt,PUBCHEM.COMPOUND:10314049,predicate:13,CHEBI:18086,CHEMBL.COMPOUND:CHEMBL505612,predicate:1,CHEBI:128907,0.0
model_2.pt,CHEBI:144357,predicate:20,HP:0002857,CHEMBL.COMPOUND:CHEMBL505612,predicate:1,CHEBI:128907,0.0
model_2.pt,CHEBI:16207,predicate:15,CHEBI:129768,CHEMBL.COMPOUND:CHEMBL505612,predicate:1,CHEBI:128907,0.0
model_2.pt,CHEBI:139081,predicate:20,HP:0010864,CHEMBL.COMPOUND:CHEMBL505612,predicate:1,CHEBI:128907,0.0
model_2.pt,PUBCHEM.COMPOUND:5702107,predicate:3,CHEBI:109116,CHEMBL.COMPOUND:CHEMBL505612,predicate:1,CHEBI:128907,0.0
model_2.pt,CHEBI:71289,predicate:17,CHEBI:180867,CHEMBL.COMPOUND:CHEMBL505612,predicate:1,CHEBI:128907,0.0
model_2.pt,PUBCHEM.COMPOUND:9834864,predicate:21,CHEBI:113373,CHEMBL.COMPOUND:CHEMBL505612,predicate:1,CHEBI:128907,0.0
model_2.pt,PUBCHEM.COMPOUND:44431492,predicate:18,CHEBI:121826,CHEMBL.COMPOUND:CHEMBL505612,predicate:1,CHEBI:128907,0.0
model_2.pt,PUBCHEM.COMPOUND:10432760,predicate:25,CHEBI:166658,CHEMBL.COMPOUND:CHEMBL505612,predicate:1,CHEBI:128907,0.0
model_2.pt,PUBCHEM.COMPOUND:25015107,predicate:0,CHEBI:127989,CHEMBL.COMPOUND:CHEMBL505612,predicate:1,CHEBI:128907,0.0
model_2.pt,PUBCHEM.COMPOUND:131757266,predicate:13,MONDO:0006749,CHEMBL.COMPOUND:CHEMBL505612,predicate:1,CHEBI:128907,0.0
model_2.pt,CHEBI:72619,predicate:1,CHEBI:196198,CHEMBL.COMPOUND:CHEMBL505612,predicate:1,CHEBI:128907,-54.795692443847656
model_2.pt,CHEBI:71600,predicate:1,HMDB:HMDB0009929,CHEMBL.COMPOUND:CHEMBL505612,predicate:1,CHEBI:128907,10.011972427368164
model_2.pt,CHEBI:184579,predicate:11,CHEBI:144250,CHEMBL.COMPOUND:CHEMBL505612,predicate:1,CHEBI:128907,0.0
model_2.pt,CHEBI:88497,predicate:1,CHEBI:144822,CHEMBL.COMPOUND:CHEMBL505612,predicate:1,CHEBI:128907,-31.592254638671875
model_2.pt,CHEBI:15040,predicate:16,MONDO:0013171,CHEMBL.COMPOUND:CHEMBL505612,predicate:1,CHEBI:128907,0.0
model_2.pt,MONDO:0005272,predicate:1,CHEBI:18262,CHEMBL.COMPOUND:CHEMBL505612,predicate:1,CHEBI:128907,-57.15969467163086
model_2.pt,CHEBI:126004,predicate:17,CHEBI:175375,CHEMBL.COMPOUND:CHEMBL505612,predicate:1,CHEBI:128907,0.0
model_2.pt,MONDO:0035764,predicate:1,HMDB:HMDB0083268,CHEMBL.COMPOUND:CHEMBL505612,predicate:1,CHEBI:128907,69.74668884277344
model_2.pt,PUBCHEM.COMPOUND:155512592,predicate:0,CHEBI:103843,CHEMBL.COMPOUND:CHEMBL505612,predicate:1,CHEBI:128907,0.0
model_2.pt,CHEBI:15490,predicate:15,CHEBI:170609,CHEMBL.COMPOUND:CHEMBL505612,predicate:1,CHEBI:128907,0.0
model_2.pt,CHEBI:138520,predicate:28,CHEBI:171141,CHEMBL.COMPOUND:CHEMBL505612,predicate:1,CHEBI:128907,0.0
model_2.pt,CHEBI:131557,predicate:1,CHEBI:73731,CHEMBL.COMPOUND:CHEMBL505612,predicate:1,CHEBI:128907,-92.47357177734376
model_2.pt,CHEBI:134948,predicate:22,MONDO:0000831,CHEMBL.COMPOUND:CHEMBL505612,predicate:1,CHEBI:128907,0.0
model_2.pt,PUBCHEM.COMPOUND:10578760,predicate:0,CHEBI:92697,CHEMBL.COMPOUND:CHEMBL505612,predicate:1,CHEBI:128907,0.0
model_2.pt,HMDB:HMDB0076696,predicate:17,CHEBI:170784,CHEMBL.COMPOUND:CHEMBL505612,predicate:1,CHEBI:128907,0.0
model_2.pt,MONDO:0859265,predicate:3,CHEBI:176304,CHEMBL.COMPOUND:CHEMBL505612,predicate:1,CHEBI:128907,0.0
model_2.pt,CHEBI:113553,predicate:1,HMDB:HMDB0077232,CHEMBL.COMPOUND:CHEMBL505612,predicate:1,CHEBI:128907,6.063770294189453
model_2.pt,PUBCHEM.COMPOUND:137226420,predicate:0,CHEBI:109116,CHEMBL.COMPOUND:CHEMBL505612,predicate:1,CHEBI:128907,0.0
model_2.pt,MONDO:0010691,predicate:20,HP:0007957,CHEMBL.COMPOUND:CHEMBL505612,predicate:1,CHEBI:128907,0.0
model_2.pt,CHEMBL.COMPOUND:CHEMBL536308,predicate:1,CHEBI:163814,CHEMBL.COMPOUND:CHEMBL505612,predicate:1,CHEBI:128907,-37.27951431274414
model_2.pt,CHEBI:83370,predicate:16,CHEBI:72635,CHEMBL.COMPOUND:CHEMBL505612,predicate:1,CHEBI:128907,0.0
model_2.pt,PUBCHEM.COMPOUND:122196132,predicate:0,CHEBI:172159,CHEMBL.COMPOUND:CHEMBL505612,predicate:1,CHEBI:128907,0.0
model_2.pt,MONDO:0011730,predicate:1,CHEMBL.COMPOUND:CHEMBL54465,CHEMBL.COMPOUND:CHEMBL505612,predicate:1,CHEBI:128907,14.178506851196287
model_2.pt,MONDO:0011840,predicate:1,CHEBI:139280,CHEMBL.COMPOUND:CHEMBL505612,predicate:1,CHEBI:128907,63.77188873291016
model_2.pt,CHEBI:17482,predicate:23,MONDO:0001382,CHEMBL.COMPOUND:CHEMBL505612,predicate:1,CHEBI:128907,0.0
model_2.pt,PUBCHEM.COMPOUND:25263321,predicate:11,PUBCHEM.COMPOUND:3003511,CHEMBL.COMPOUND:CHEMBL505612,predicate:1,CHEBI:128907,0.0
model_2.pt,PUBCHEM.COMPOUND:10216381,predicate:11,PUBCHEM.COMPOUND:10431492,CHEMBL.COMPOUND:CHEMBL505612,predicate:1,CHEBI:128907,0.0
model_2.pt,NCBIGene:820781,predicate:12,PUBCHEM.COMPOUND:131761197,CHEMBL.COMPOUND:CHEMBL505612,predicate:1,CHEBI:128907,0.0
model_2.pt,CHEBI:51068,predicate:17,HMDB:HMDB0009399,CHEMBL.COMPOUND:CHEMBL505612,predicate:1,CHEBI:128907,0.0
model_2.pt,CHEBI:9330,predicate:22,MONDO:0005011,CHEMBL.COMPOUND:CHEMBL505612,predicate:1,CHEBI:128907,0.0
model_2.pt,PUBCHEM.COMPOUND:10048208,predicate:26,CHEMBL.COMPOUND:CHEMBL151630,CHEMBL.COMPOUND:CHEMBL505612,predicate:1,CHEBI:128907,0.0
model_2.pt,PUBCHEM.COMPOUND:44176335,predicate:0,CHEBI:105317,CHEMBL.COMPOUND:CHEMBL505612,predicate:1,CHEBI:128907,0.0
model_2.pt,PUBCHEM.COMPOUND:49864838,predicate:18,CHEBI:109533,CHEMBL.COMPOUND:CHEMBL505612,predicate:1,CHEBI:128907,0.0
model_2.pt,CHEBI:185985,predicate:16,CHEBI:70967,CHEMBL.COMPOUND:CHEMBL505612,predicate:1,CHEBI:128907,0.0
model_2.pt,CHEMBL.COMPOUND:CHEMBL4798272,predicate:15,CHEBI:167641,CHEMBL.COMPOUND:CHEMBL505612,predicate:1,CHEBI:128907,0.0
model_2.pt,PUBCHEM.COMPOUND:126739109,predicate:11,MONDO:0006996,CHEMBL.COMPOUND:CHEMBL505612,predicate:1,CHEBI:128907,0.0
model_26.pt,MONDO:0012176,predicate:20,HP:0003028,PUBCHEM.COMPOUND:71059938,predicate:18,CHEBI:132592,0.0
model_26.pt,CHEBI:16959,predicate:17,CHEBI:172284,PUBCHEM.COMPOUND:71059938,predicate:18,CHEBI:132592,0.0
model_26.pt,PUBCHEM.COMPOUND:68020555,predicate:0,PUBCHEM.COMPOUND:44459583,PUBCHEM.COMPOUND:71059938,predicate:18,CHEBI:132592,0.0
model_26.pt,PUBCHEM.COMPOUND:137636752,predicate:0,CHEBI:134753,PUBCHEM.COMPOUND:71059938,predicate:18,CHEBI:132592,0.0
model_26.pt,PUBCHEM.COMPOUND:124221273,predicate:23,MONDO:0015691,PUBCHEM.COMPOUND:71059938,predicate:18,CHEBI:132592,0.0
model_26.pt,PUBCHEM.COMPOUND:130200977,predicate:18,CHEBI:144991,PUBCHEM.COMPOUND:71059938,predicate:18,CHEBI:132592,33.36389923095703
model_26.pt,MONDO:0005044,predicate:11,MONDO:0056796,PUBCHEM.COMPOUND:71059938,predicate:18,CHEBI:132592,0.0
model_26.pt,CHEBI:16592,predicate:41,CHEBI:114693,PUBCHEM.COMPOUND:71059938,predicate:18,CHEBI:132592,0.0
model_26.pt,CHEBI:166772,predicate:15,CHEBI:175537,PUBCHEM.COMPOUND:71059938,predicate:18,CHEBI:132592,0.0
model_26.pt,DRUGBANK:DB11158,predicate:2,MONDO:0005147,PUBCHEM.COMPOUND:71059938,predicate:18,CHEBI:132592,0.0
model_26.pt,CHEBI:145008,predicate:2,MONDO:0001076,PUBCHEM.COMPOUND:71059938,predicate:18,CHEBI:132592,0.0
model_26.pt,CHEBI:172333,predicate:11,CHEBI:84017,PUBCHEM.COMPOUND:71059938,predicate:18,CHEBI:132592,0.0
model_26.pt,CHEBI:188563,predicate:12,PUBCHEM.COMPOUND:52924335,PUBCHEM.COMPOUND:71059938,predicate:18,CHEBI:132592,0.0
model_26.pt,CHEBI:190239,predicate:11,HMDB:HMDB0072989,PUBCHEM.COMPOUND:71059938,predicate:18,CHEBI:132592,0.0
model_26.pt,CHEBI:135278,predicate:22,MONDO:0005559,PUBCHEM.COMPOUND:71059938,predicate:18,CHEBI:132592,0.0
model_26.pt,CHEBI:47040,predicate:15,CHEBI:146256,PUBCHEM.COMPOUND:71059938,predicate:18,CHEBI:132592,0.0
model_26.pt,CHEMBL.COMPOUND:CHEMBL4747062,predicate:0,CHEBI:71479,PUBCHEM.COMPOUND:71059938,predicate:18,CHEBI:132592,0.0
model_26.pt,CHEBI:42371,predicate:17,CHEBI:135736,PUBCHEM.COMPOUND:71059938,predicate:18,CHEBI:132592,0.0
model_26.pt,CHEBI:143114,predicate:1,CHEBI:125432,PUBCHEM.COMPOUND:71059938,predicate:18,CHEBI:132592,0.0
model_26.pt,CHEBI:185767,predicate:1,CHEBI:16264,PUBCHEM.COMPOUND:71059938,predicate:18,CHEBI:132592,0.0
model_26.pt,CHEBI:109317,predicate:14,CHEBI:170587,PUBCHEM.COMPOUND:71059938,predicate:18,CHEBI:132592,0.0
model_26.pt,CHEMBL.COMPOUND:CHEMBL4877928,predicate:1,PUBCHEM.COMPOUND:130363355,PUBCHEM.COMPOUND:71059938,predicate:18,CHEBI:132592,0.0
model_26.pt,CHEBI:136073,predicate:10,MONDO:0007263,PUBCHEM.COMPOUND:71059938,predicate:18,CHEBI:132592,0.0
model_26.pt,PUBCHEM.COMPOUND:131762323,predicate:13,CHEBI:149534,PUBCHEM.COMPOUND:71059938,predicate:18,CHEBI:132592,0.0
model_26.pt,PUBCHEM.COMPOUND:54325967,predicate:0,CHEBI:149800,PUBCHEM.COMPOUND:71059938,predicate:18,CHEBI:132592,0.0
model_26.pt,HP:0000021,predicate:0,CHEBI:167578,PUBCHEM.COMPOUND:71059938,predicate:18,CHEBI:132592,0.0
model_26.pt,CHEMBL.COMPOUND:CHEMBL4782467,predicate:15,CHEBI:134948,PUBCHEM.COMPOUND:71059938,predicate:18,CHEBI:132592,0.0
model_26.pt,NCBIGene:23163,predicate:18,NCBIGene:100528017,PUBCHEM.COMPOUND:71059938,predicate:18,CHEBI:132592,45.158538818359375
model_26.pt,CHEBI:142271,predicate:1,CHEBI:192396,PUBCHEM.COMPOUND:71059938,predicate:18,CHEBI:132592,0.0
model_26.pt,CHEBI:146285,predicate:12,PUBCHEM.COMPOUND:53478731,PUBCHEM.COMPOUND:71059938,predicate:18,CHEBI:132592,0.0
model_26.pt,CHEBI:136073,predicate:15,CHEBI:125586,PUBCHEM.COMPOUND:71059938,predicate:18,CHEBI:132592,0.0
model_26.pt,CHEMBL.COMPOUND:CHEMBL596806,predicate:20,HP:0000253,PUBCHEM.COMPOUND:71059938,predicate:18,CHEBI:132592,0.0
model_26.pt,NCBIGene:838170,predicate:13,CHEBI:75099,PUBCHEM.COMPOUND:71059938,predicate:18,CHEBI:132592,0.0
model_26.pt,PUBCHEM.COMPOUND:117859783,predicate:11,PUBCHEM.COMPOUND:10525997,PUBCHEM.COMPOUND:71059938,predicate:18,CHEBI:132592,0.0
model_26.pt,PUBCHEM.COMPOUND:127036977,predicate:0,CHEBI:103739,PUBCHEM.COMPOUND:71059938,predicate:18,CHEBI:132592,0.0
model_26.pt,PUBCHEM.COMPOUND:44433263,predicate:0,CHEBI:119893,PUBCHEM.COMPOUND:71059938,predicate:18,CHEBI:132592,0.0
model_26.pt,CHEBI:3914,predicate:15,CHEBI:190153,PUBCHEM.COMPOUND:71059938,predicate:18,CHEBI:132592,0.0
model_26.pt,PUBCHEM.COMPOUND:44314087,predicate:0,CHEBI:140407,PUBCHEM.COMPOUND:71059938,predicate:18,CHEBI:132592,0.0
model_26.pt,PUBCHEM.COMPOUND:25093440,predicate:0,CHEBI:113553,PUBCHEM.COMPOUND:71059938,predicate:18,CHEBI:132592,0.0
model_26.pt,CHEBI:65179,predicate:11,PUBCHEM.COMPOUND:11274029,PUBCHEM.COMPOUND:71059938,predicate:18,CHEBI:132592,0.0
model_26.pt,CHEBI:71580,predicate:22,MONDO:0005068,PUBCHEM.COMPOUND:71059938,predicate:18,CHEBI:132592,0.0
model_26.pt,CHEBI:190006,predicate:14,PUBCHEM.COMPOUND:118471641,PUBCHEM.COMPOUND:71059938,predicate:18,CHEBI:132592,0.0
model_26.pt,PUBCHEM.COMPOUND:59268935,predicate:0,CHEBI:113373,PUBCHEM.COMPOUND:71059938,predicate:18,CHEBI:132592,0.0
model_26.pt,CHEBI:157642,predicate:1,PUBCHEM.COMPOUND:130345144,PUBCHEM.COMPOUND:71059938,predicate:18,CHEBI:132592,0.0
model_26.pt,PUBCHEM.COMPOUND:57395067,predicate:0,CHEBI:167320,PUBCHEM.COMPOUND:71059938,predicate:18,CHEBI:132592,0.0
model_26.pt,PUBCHEM.COMPOUND:2744597,predicate:11,PUBCHEM.COMPOUND:2930224,PUBCHEM.COMPOUND:71059938,predicate:18,CHEBI:132592,0.0
model_26.pt,CHEBI:137225,predicate:17,CHEBI:131804,PUBCHEM.COMPOUND:71059938,predicate:18,CHEBI:132592,0.0
model_26.pt,CHEBI:111166,predicate:1,CHEBI:93303,PUBCHEM.COMPOUND:71059938,predicate:18,CHEBI:132592,0.0
model_26.pt,MONDO:0013171,predicate:20,MONDO:0001071,PUBCHEM.COMPOUND:71059938,predicate:18,CHEBI:132592,0.0
model_26.pt,CHEBI:143170,predicate:1,CHEBI:166778,PUBCHEM.COMPOUND:71059938,predicate:18,CHEBI:132592,0.0
model_26.pt,CHEBI:51561,predicate:2,HP:0001945,PUBCHEM.COMPOUND:71059938,predicate:18,CHEBI:132592,0.0
model_26.pt,UNII:5M691HL4BO,predicate:23,HP:0001288,PUBCHEM.COMPOUND:71059938,predicate:18,CHEBI:132592,0.0
model_26.pt,MONDO:0011122,predicate:18,CHEBI:132752,PUBCHEM.COMPOUND:71059938,predicate:18,CHEBI:132592,51.58560943603516
model_26.pt,PUBCHEM.COMPOUND:10314049,predicate:13,CHEBI:18086,PUBCHEM.COMPOUND:71059938,predicate:18,CHEBI:132592,0.0
model_26.pt,CHEBI:144357,predicate:20,HP:0002857,PUBCHEM.COMPOUND:71059938,predicate:18,CHEBI:132592,0.0
model_26.pt,CHEBI:16207,predicate:15,CHEBI:129768,PUBCHEM.COMPOUND:71059938,predicate:18,CHEBI:132592,0.0
model_26.pt,CHEBI:139081,predicate:20,HP:0010864,PUBCHEM.COMPOUND:71059938,predicate:18,CHEBI:132592,0.0
model_26.pt,PUBCHEM.COMPOUND:5702107,predicate:3,CHEBI:109116,PUBCHEM.COMPOUND:71059938,predicate:18,CHEBI:132592,0.0
model_26.pt,CHEBI:71289,predicate:17,CHEBI:180867,PUBCHEM.COMPOUND:71059938,predicate:18,CHEBI:132592,0.0
model_26.pt,PUBCHEM.COMPOUND:9834864,predicate:21,CHEBI:113373,PUBCHEM.COMPOUND:71059938,predicate:18,CHEBI:132592,0.0
model_26.pt,PUBCHEM.COMPOUND:44431492,predicate:18,CHEBI:121826,PUBCHEM.COMPOUND:71059938,predicate:18,CHEBI:132592,-0.9919967651367188
model_26.pt,PUBCHEM.COMPOUND:10432760,predicate:25,CHEBI:166658,PUBCHEM.COMPOUND:71059938,predicate:18,CHEBI:132592,0.0
model_26.pt,PUBCHEM.COMPOUND:25015107,predicate:0,CHEBI:127989,PUBCHEM.COMPOUND:71059938,predicate:18,CHEBI:132592,0.0
model_26.pt,PUBCHEM.COMPOUND:131757266,predicate:13,MONDO:0006749,PUBCHEM.COMPOUND:71059938,predicate:18,CHEBI:132592,0.0
model_26.pt,CHEBI:72619,predicate:1,CHEBI:196198,PUBCHEM.COMPOUND:71059938,predicate:18,CHEBI:132592,0.0
model_26.pt,CHEBI:71600,predicate:1,HMDB:HMDB0009929,PUBCHEM.COMPOUND:71059938,predicate:18,CHEBI:132592,0.0
model_26.pt,CHEBI:184579,predicate:11,CHEBI:144250,PUBCHEM.COMPOUND:71059938,predicate:18,CHEBI:132592,0.0
model_26.pt,CHEBI:88497,predicate:1,CHEBI:144822,PUBCHEM.COMPOUND:71059938,predicate:18,CHEBI:132592,0.0
model_26.pt,CHEBI:15040,predicate:16,MONDO:0013171,PUBCHEM.COMPOUND:71059938,predicate:18,CHEBI:132592,0.0
model_26.pt,MONDO:0005272,predicate:1,CHEBI:18262,PUBCHEM.COMPOUND:71059938,predicate:18,CHEBI:132592,0.0
model_26.pt,CHEBI:126004,predicate:17,CHEBI:175375,PUBCHEM.COMPOUND:71059938,predicate:18,CHEBI:132592,0.0
model_26.pt,MONDO:0035764,predicate:1,HMDB:HMDB0083268,PUBCHEM.COMPOUND:71059938,predicate:18,CHEBI:132592,0.0
model_26.pt,PUBCHEM.COMPOUND:155512592,predicate:0,CHEBI:103843,PUBCHEM.COMPOUND:71059938,predicate:18,CHEBI:132592,0.0
model_26.pt,CHEBI:15490,predicate:15,CHEBI:170609,PUBCHEM.COMPOUND:71059938,predicate:18,CHEBI:132592,0.0
model_26.pt,CHEBI:138520,predicate:28,CHEBI:171141,PUBCHEM.COMPOUND:71059938,predicate:18,CHEBI:132592,0.0
model_26.pt,CHEBI:131557,predicate:1,CHEBI:73731,PUBCHEM.COMPOUND:71059938,predicate:18,CHEBI:132592,0.0
model_26.pt,CHEBI:134948,predicate:22,MONDO:0000831,PUBCHEM.COMPOUND:71059938,predicate:18,CHEBI:132592,0.0
model_26.pt,PUBCHEM.COMPOUND:10578760,predicate:0,CHEBI:92697,PUBCHEM.COMPOUND:71059938,predicate:18,CHEBI:132592,0.0
model_26.pt,HMDB:HMDB0076696,predicate:17,CHEBI:170784,PUBCHEM.COMPOUND:71059938,predicate:18,CHEBI:132592,0.0
model_26.pt,MONDO:0859265,predicate:3,CHEBI:176304,PUBCHEM.COMPOUND:71059938,predicate:18,CHEBI:132592,0.0
model_26.pt,CHEBI:113553,predicate:1,HMDB:HMDB0077232,PUBCHEM.COMPOUND:71059938,predicate:18,CHEBI:132592,0.0
model_26.pt,PUBCHEM.COMPOUND:137226420,predicate:0,CHEBI:109116,PUBCHEM.COMPOUND:71059938,predicate:18,CHEBI:132592,0.0
model_26.pt,MONDO:0010691,predicate:20,HP:0007957,PUBCHEM.COMPOUND:71059938,predicate:18,CHEBI:132592,0.0
model_26.pt,CHEMBL.COMPOUND:CHEMBL536308,predicate:1,CHEBI:163814,PUBCHEM.COMPOUND:71059938,predicate:18,CHEBI:132592,0.0
model_26.pt,CHEBI:83370,predicate:16,CHEBI:72635,PUBCHEM.COMPOUND:71059938,predicate:18,CHEBI:132592,0.0
model_26.pt,PUBCHEM.COMPOUND:122196132,predicate:0,CHEBI:172159,PUBCHEM.COMPOUND:71059938,predicate:18,CHEBI:132592,0.0
model_26.pt,MONDO:0011730,predicate:1,CHEMBL.COMPOUND:CHEMBL54465,PUBCHEM.COMPOUND:71059938,predicate:18,CHEBI:132592,0.0
model_26.pt,MONDO:0011840,predicate:1,CHEBI:139280,PUBCHEM.COMPOUND:71059938,predicate:18,CHEBI:132592,0.0
model_26.pt,CHEBI:17482,predicate:23,MONDO:0001382,PUBCHEM.COMPOUND:71059938,predicate:18,CHEBI:132592,0.0
model_26.pt,PUBCHEM.COMPOUND:25263321,predicate:11,PUBCHEM.COMPOUND:3003511,PUBCHEM.COMPOUND:71059938,predicate:18,CHEBI:132592,0.0
model_26.pt,PUBCHEM.COMPOUND:10216381,predicate:11,PUBCHEM.COMPOUND:10431492,PUBCHEM.COMPOUND:71059938,predicate:18,CHEBI:132592,0.0
model_26.pt,NCBIGene:820781,predicate:12,PUBCHEM.COMPOUND:131761197,PUBCHEM.COMPOUND:71059938,predicate:18,CHEBI:132592,0.0
model_26.pt,CHEBI:51068,predicate:17,HMDB:HMDB0009399,PUBCHEM.COMPOUND:71059938,predicate:18,CHEBI:132592,0.0
model_26.pt,CHEBI:9330,predicate:22,MONDO:0005011,PUBCHEM.COMPOUND:71059938,predicate:18,CHEBI:132592,0.0
model_26.pt,PUBCHEM.COMPOUND:10048208,predicate:26,CHEMBL.COMPOUND:CHEMBL151630,PUBCHEM.COMPOUND:71059938,predicate:18,CHEBI:132592,0.0
model_26.pt,PUBCHEM.COMPOUND:44176335,predicate:0,CHEBI:105317,PUBCHEM.COMPOUND:71059938,predicate:18,CHEBI:132592,0.0
model_26.pt,PUBCHEM.COMPOUND:49864838,predicate:18,CHEBI:109533,PUBCHEM.COMPOUND:71059938,predicate:18,CHEBI:132592,-15.813587188720703
model_26.pt,CHEBI:185985,predicate:16,CHEBI:70967,PUBCHEM.COMPOUND:71059938,predicate:18,CHEBI:132592,0.0
model_26.pt,CHEMBL.COMPOUND:CHEMBL4798272,predicate:15,CHEBI:167641,PUBCHEM.COMPOUND:71059938,predicate:18,CHEBI:132592,0.0
model_26.pt,PUBCHEM.COMPOUND:126739109,predicate:11,MONDO:0006996,PUBCHEM.COMPOUND:71059938,predicate:18,CHEBI:132592,0.0
model_26.pt,MONDO:0012176,predicate:20,HP:0003028,CHEBI:170469,predicate:1,CHEBI:104125,0.0
model_26.pt,CHEBI:16959,predicate:17,CHEBI:172284,CHEBI:170469,predicate:1,CHEBI:104125,0.0
model_26.pt,PUBCHEM.COMPOUND:68020555,predicate:0,PUBCHEM.COMPOUND:44459583,CHEBI:170469,predicate:1,CHEBI:104125,0.0
model_26.pt,PUBCHEM.COMPOUND:137636752,predicate:0,CHEBI:134753,CHEBI:170469,predicate:1,CHEBI:104125,0.0
model_26.pt,PUBCHEM.COMPOUND:124221273,predicate:23,MONDO:0015691,CHEBI:170469,predicate:1,CHEBI:104125,0.0
model_26.pt,PUBCHEM.COMPOUND:130200977,predicate:18,CHEBI:144991,CHEBI:170469,predicate:1,CHEBI:104125,0.0
model_26.pt,MONDO:0005044,predicate:11,MONDO:0056796,CHEBI:170469,predicate:1,CHEBI:104125,0.0
model_26.pt,CHEBI:16592,predicate:41,CHEBI:114693,CHEBI:170469,predicate:1,CHEBI:104125,0.0
model_26.pt,CHEBI:166772,predicate:15,CHEBI:175537,CHEBI:170469,predicate:1,CHEBI:104125,0.0
model_26.pt,DRUGBANK:DB11158,predicate:2,MONDO:0005147,CHEBI:170469,predicate:1,CHEBI:104125,0.0
model_26.pt,CHEBI:145008,predicate:2,MONDO:0001076,CHEBI:170469,predicate:1,CHEBI:104125,0.0
model_26.pt,CHEBI:172333,predicate:11,CHEBI:84017,CHEBI:170469,predicate:1,CHEBI:104125,0.0
model_26.pt,CHEBI:188563,predicate:12,PUBCHEM.COMPOUND:52924335,CHEBI:170469,predicate:1,CHEBI:104125,0.0
model_26.pt,CHEBI:190239,predicate:11,HMDB:HMDB0072989,CHEBI:170469,predicate:1,CHEBI:104125,0.0
model_26.pt,CHEBI:135278,predicate:22,MONDO:0005559,CHEBI:170469,predicate:1,CHEBI:104125,0.0
model_26.pt,CHEBI:47040,predicate:15,CHEBI:146256,CHEBI:170469,predicate:1,CHEBI:104125,0.0
model_26.pt,CHEMBL.COMPOUND:CHEMBL4747062,predicate:0,CHEBI:71479,CHEBI:170469,predicate:1,CHEBI:104125,0.0
model_26.pt,CHEBI:42371,predicate:17,CHEBI:135736,CHEBI:170469,predicate:1,CHEBI:104125,0.0
model_26.pt,CHEBI:143114,predicate:1,CHEBI:125432,CHEBI:170469,predicate:1,CHEBI:104125,-11.233762741088867
model_26.pt,CHEBI:185767,predicate:1,CHEBI:16264,CHEBI:170469,predicate:1,CHEBI:104125,-32.94389343261719
model_26.pt,CHEBI:109317,predicate:14,CHEBI:170587,CHEBI:170469,predicate:1,CHEBI:104125,0.0
model_26.pt,CHEMBL.COMPOUND:CHEMBL4877928,predicate:1,PUBCHEM.COMPOUND:130363355,CHEBI:170469,predicate:1,CHEBI:104125,-0.5825328826904297
model_26.pt,CHEBI:136073,predicate:10,MONDO:0007263,CHEBI:170469,predicate:1,CHEBI:104125,0.0
model_26.pt,PUBCHEM.COMPOUND:131762323,predicate:13,CHEBI:149534,CHEBI:170469,predicate:1,CHEBI:104125,0.0
model_26.pt,PUBCHEM.COMPOUND:54325967,predicate:0,CHEBI:149800,CHEBI:170469,predicate:1,CHEBI:104125,0.0
model_26.pt,HP:0000021,predicate:0,CHEBI:167578,CHEBI:170469,predicate:1,CHEBI:104125,0.0
model_26.pt,CHEMBL.COMPOUND:CHEMBL4782467,predicate:15,CHEBI:134948,CHEBI:170469,predicate:1,CHEBI:104125,0.0
model_26.pt,NCBIGene:23163,predicate:18,NCBIGene:100528017,CHEBI:170469,predicate:1,CHEBI:104125,0.0
model_26.pt,CHEBI:142271,predicate:1,CHEBI:192396,CHEBI:170469,predicate:1,CHEBI:104125,72.3929443359375
model_26.pt,CHEBI:146285,predicate:12,PUBCHEM.COMPOUND:53478731,CHEBI:170469,predicate:1,CHEBI:104125,0.0
model_26.pt,CHEBI:136073,predicate:15,CHEBI:125586,CHEBI:170469,predicate:1,CHEBI:104125,0.0
model_26.pt,CHEMBL.COMPOUND:CHEMBL596806,predicate:20,HP:0000253,CHEBI:170469,predicate:1,CHEBI:104125,0.0
model_26.pt,NCBIGene:838170,predicate:13,CHEBI:75099,CHEBI:170469,predicate:1,CHEBI:104125,0.0
model_26.pt,PUBCHEM.COMPOUND:117859783,predicate:11,PUBCHEM.COMPOUND:10525997,CHEBI:170469,predicate:1,CHEBI:104125,0.0
model_26.pt,PUBCHEM.COMPOUND:127036977,predicate:0,CHEBI:103739,CHEBI:170469,predicate:1,CHEBI:104125,0.0
model_26.pt,PUBCHEM.COMPOUND:44433263,predicate:0,CHEBI:119893,CHEBI:170469,predicate:1,CHEBI:104125,0.0
model_26.pt,CHEBI:3914,predicate:15,CHEBI:190153,CHEBI:170469,predicate:1,CHEBI:104125,0.0
model_26.pt,PUBCHEM.COMPOUND:44314087,predicate:0,CHEBI:140407,CHEBI:170469,predicate:1,CHEBI:104125,0.0
model_26.pt,PUBCHEM.COMPOUND:25093440,predicate:0,CHEBI:113553,CHEBI:170469,predicate:1,CHEBI:104125,0.0
model_26.pt,CHEBI:65179,predicate:11,PUBCHEM.COMPOUND:11274029,CHEBI:170469,predicate:1,CHEBI:104125,0.0
model_26.pt,CHEBI:71580,predicate:22,MONDO:0005068,CHEBI:170469,predicate:1,CHEBI:104125,0.0
model_26.pt,CHEBI:190006,predicate:14,PUBCHEM.COMPOUND:118471641,CHEBI:170469,predicate:1,CHEBI:104125,0.0
model_26.pt,PUBCHEM.COMPOUND:59268935,predicate:0,CHEBI:113373,CHEBI:170469,predicate:1,CHEBI:104125,0.0
model_26.pt,CHEBI:157642,predicate:1,PUBCHEM.COMPOUND:130345144,CHEBI:170469,predicate:1,CHEBI:104125,85.0821533203125
model_26.pt,PUBCHEM.COMPOUND:57395067,predicate:0,CHEBI:167320,CHEBI:170469,predicate:1,CHEBI:104125,0.0
model_26.pt,PUBCHEM.COMPOUND:2744597,predicate:11,PUBCHEM.COMPOUND:2930224,CHEBI:170469,predicate:1,CHEBI:104125,0.0
model_26.pt,CHEBI:137225,predicate:17,CHEBI:131804,CHEBI:170469,predicate:1,CHEBI:104125,0.0
model_26.pt,CHEBI:111166,predicate:1,CHEBI:93303,CHEBI:170469,predicate:1,CHEBI:104125,-24.847028732299805
model_26.pt,MONDO:0013171,predicate:20,MONDO:0001071,CHEBI:170469,predicate:1,CHEBI:104125,0.0
model_26.pt,CHEBI:143170,predicate:1,CHEBI:166778,CHEBI:170469,predicate:1,CHEBI:104125,23.67328643798828
model_26.pt,CHEBI:51561,predicate:2,HP:0001945,CHEBI:170469,predicate:1,CHEBI:104125,0.0
model_26.pt,UNII:5M691HL4BO,predicate:23,HP:0001288,CHEBI:170469,predicate:1,CHEBI:104125,0.0
model_26.pt,MONDO:0011122,predicate:18,CHEBI:132752,CHEBI:170469,predicate:1,CHEBI:104125,0.0
model_26.pt,PUBCHEM.COMPOUND:10314049,predicate:13,CHEBI:18086,CHEBI:170469,predicate:1,CHEBI:104125,0.0
model_26.pt,CHEBI:144357,predicate:20,HP:0002857,CHEBI:170469,predicate:1,CHEBI:104125,0.0
model_26.pt,CHEBI:16207,predicate:15,CHEBI:129768,CHEBI:170469,predicate:1,CHEBI:104125,0.0
model_26.pt,CHEBI:139081,predicate:20,HP:0010864,CHEBI:170469,predicate:1,CHEBI:104125,0.0
model_26.pt,PUBCHEM.COMPOUND:5702107,predicate:3,CHEBI:109116,CHEBI:170469,predicate:1,CHEBI:104125,0.0
model_26.pt,CHEBI:71289,predicate:17,CHEBI:180867,CHEBI:170469,predicate:1,CHEBI:104125,0.0
model_26.pt,PUBCHEM.COMPOUND:9834864,predicate:21,CHEBI:113373,CHEBI:170469,predicate:1,CHEBI:104125,0.0
model_26.pt,PUBCHEM.COMPOUND:44431492,predicate:18,CHEBI:121826,CHEBI:170469,predicate:1,CHEBI:104125,0.0
model_26.pt,PUBCHEM.COMPOUND:10432760,predicate:25,CHEBI:166658,CHEBI:170469,predicate:1,CHEBI:104125,0.0
model_26.pt,PUBCHEM.COMPOUND:25015107,predicate:0,CHEBI:127989,CHEBI:170469,predicate:1,CHEBI:104125,0.0
model_26.pt,PUBCHEM.COMPOUND:131757266,predicate:13,MONDO:0006749,CHEBI:170469,predicate:1,CHEBI:104125,0.0
model_26.pt,CHEBI:72619,predicate:1,CHEBI:196198,CHEBI:170469,predicate:1,CHEBI:104125,20.11280059814453
model_26.pt,CHEBI:71600,predicate:1,HMDB:HMDB0009929,CHEBI:170469,predicate:1,CHEBI:104125,28.63312149047852
model_26.pt,CHEBI:184579,predicate:11,CHEBI:144250,CHEBI:170469,predicate:1,CHEBI:104125,0.0
model_26.pt,CHEBI:88497,predicate:1,CHEBI:144822,CHEBI:170469,predicate:1,CHEBI:104125,1.168203353881836
model_26.pt,CHEBI:15040,predicate:16,MONDO:0013171,CHEBI:170469,predicate:1,CHEBI:104125,0.0
model_26.pt,MONDO:0005272,predicate:1,CHEBI:18262,CHEBI:170469,predicate:1,CHEBI:104125,98.61803436279295
model_26.pt,CHEBI:126004,predicate:17,CHEBI:175375,CHEBI:170469,predicate:1,CHEBI:104125,0.0
model_26.pt,MONDO:0035764,predicate:1,HMDB:HMDB0083268,CHEBI:170469,predicate:1,CHEBI:104125,-23.079723358154297
model_26.pt,PUBCHEM.COMPOUND:155512592,predicate:0,CHEBI:103843,CHEBI:170469,predicate:1,CHEBI:104125,0.0
model_26.pt,CHEBI:15490,predicate:15,CHEBI:170609,CHEBI:170469,predicate:1,CHEBI:104125,0.0
model_26.pt,CHEBI:138520,predicate:28,CHEBI:171141,CHEBI:170469,predicate:1,CHEBI:104125,0.0
model_26.pt,CHEBI:131557,predicate:1,CHEBI:73731,CHEBI:170469,predicate:1,CHEBI:104125,93.80325317382812
model_26.pt,CHEBI:134948,predicate:22,MONDO:0000831,CHEBI:170469,predicate:1,CHEBI:104125,0.0
model_26.pt,PUBCHEM.COMPOUND:10578760,predicate:0,CHEBI:92697,CHEBI:170469,predicate:1,CHEBI:104125,0.0
model_26.pt,HMDB:HMDB0076696,predicate:17,CHEBI:170784,CHEBI:170469,predicate:1,CHEBI:104125,0.0
model_26.pt,MONDO:0859265,predicate:3,CHEBI:176304,CHEBI:170469,predicate:1,CHEBI:104125,0.0
model_26.pt,CHEBI:113553,predicate:1,HMDB:HMDB0077232,CHEBI:170469,predicate:1,CHEBI:104125,99.69005584716795
model_26.pt,PUBCHEM.COMPOUND:137226420,predicate:0,CHEBI:109116,CHEBI:170469,predicate:1,CHEBI:104125,0.0
model_26.pt,MONDO:0010691,predicate:20,HP:0007957,CHEBI:170469,predicate:1,CHEBI:104125,0.0
model_26.pt,CHEMBL.COMPOUND:CHEMBL536308,predicate:1,CHEBI:163814,CHEBI:170469,predicate:1,CHEBI:104125,12.715907096862791
model_26.pt,CHEBI:83370,predicate:16,CHEBI:72635,CHEBI:170469,predicate:1,CHEBI:104125,0.0
model_26.pt,PUBCHEM.COMPOUND:122196132,predicate:0,CHEBI:172159,CHEBI:170469,predicate:1,CHEBI:104125,0.0
model_26.pt,MONDO:0011730,predicate:1,CHEMBL.COMPOUND:CHEMBL54465,CHEBI:170469,predicate:1,CHEBI:104125,27.47562599182129
model_26.pt,MONDO:0011840,predicate:1,CHEBI:139280,CHEBI:170469,predicate:1,CHEBI:104125,-77.1998062133789
model_26.pt,CHEBI:17482,predicate:23,MONDO:0001382,CHEBI:170469,predicate:1,CHEBI:104125,0.0
model_26.pt,PUBCHEM.COMPOUND:25263321,predicate:11,PUBCHEM.COMPOUND:3003511,CHEBI:170469,predicate:1,CHEBI:104125,0.0
model_26.pt,PUBCHEM.COMPOUND:10216381,predicate:11,PUBCHEM.COMPOUND:10431492,CHEBI:170469,predicate:1,CHEBI:104125,0.0
model_26.pt,NCBIGene:820781,predicate:12,PUBCHEM.COMPOUND:131761197,CHEBI:170469,predicate:1,CHEBI:104125,0.0
model_26.pt,CHEBI:51068,predicate:17,HMDB:HMDB0009399,CHEBI:170469,predicate:1,CHEBI:104125,0.0
model_26.pt,CHEBI:9330,predicate:22,MONDO:0005011,CHEBI:170469,predicate:1,CHEBI:104125,0.0
model_26.pt,PUBCHEM.COMPOUND:10048208,predicate:26,CHEMBL.COMPOUND:CHEMBL151630,CHEBI:170469,predicate:1,CHEBI:104125,0.0
model_26.pt,PUBCHEM.COMPOUND:44176335,predicate:0,CHEBI:105317,CHEBI:170469,predicate:1,CHEBI:104125,0.0
model_26.pt,PUBCHEM.COMPOUND:49864838,predicate:18,CHEBI:109533,CHEBI:170469,predicate:1,CHEBI:104125,0.0
model_26.pt,CHEBI:185985,predicate:16,CHEBI:70967,CHEBI:170469,predicate:1,CHEBI:104125,0.0
model_26.pt,CHEMBL.COMPOUND:CHEMBL4798272,predicate:15,CHEBI:167641,CHEBI:170469,predicate:1,CHEBI:104125,0.0
model_26.pt,PUBCHEM.COMPOUND:126739109,predicate:11,MONDO:0006996,CHEBI:170469,predicate:1,CHEBI:104125,0.0
model_26.pt,MONDO:0012176,predicate:20,HP:0003028,MONDO:0006336,predicate:12,NCIT:C45955,0.0
model_26.pt,CHEBI:16959,predicate:17,CHEBI:172284,MONDO:0006336,predicate:12,NCIT:C45955,0.0
model_26.pt,PUBCHEM.COMPOUND:68020555,predicate:0,PUBCHEM.COMPOUND:44459583,MONDO:0006336,predicate:12,NCIT:C45955,0.0
model_26.pt,PUBCHEM.COMPOUND:137636752,predicate:0,CHEBI:134753,MONDO:0006336,predicate:12,NCIT:C45955,0.0
model_26.pt,PUBCHEM.COMPOUND:124221273,predicate:23,MONDO:0015691,MONDO:0006336,predicate:12,NCIT:C45955,0.0
model_26.pt,PUBCHEM.COMPOUND:130200977,predicate:18,CHEBI:144991,MONDO:0006336,predicate:12,NCIT:C45955,0.0
model_26.pt,MONDO:0005044,predicate:11,MONDO:0056796,MONDO:0006336,predicate:12,NCIT:C45955,0.0
model_26.pt,CHEBI:16592,predicate:41,CHEBI:114693,MONDO:0006336,predicate:12,NCIT:C45955,0.0
model_26.pt,CHEBI:166772,predicate:15,CHEBI:175537,MONDO:0006336,predicate:12,NCIT:C45955,0.0
model_26.pt,DRUGBANK:DB11158,predicate:2,MONDO:0005147,MONDO:0006336,predicate:12,NCIT:C45955,0.0
model_26.pt,CHEBI:145008,predicate:2,MONDO:0001076,MONDO:0006336,predicate:12,NCIT:C45955,0.0
model_26.pt,CHEBI:172333,predicate:11,CHEBI:84017,MONDO:0006336,predicate:12,NCIT:C45955,0.0
model_26.pt,CHEBI:188563,predicate:12,PUBCHEM.COMPOUND:52924335,MONDO:0006336,predicate:12,NCIT:C45955,16.46576690673828
model_26.pt,CHEBI:190239,predicate:11,HMDB:HMDB0072989,MONDO:0006336,predicate:12,NCIT:C45955,0.0
model_26.pt,CHEBI:135278,predicate:22,MONDO:0005559,MONDO:0006336,predicate:12,NCIT:C45955,0.0
model_26.pt,CHEBI:47040,predicate:15,CHEBI:146256,MONDO:0006336,predicate:12,NCIT:C45955,0.0
model_26.pt,CHEMBL.COMPOUND:CHEMBL4747062,predicate:0,CHEBI:71479,MONDO:0006336,predicate:12,NCIT:C45955,0.0
model_26.pt,CHEBI:42371,predicate:17,CHEBI:135736,MONDO:0006336,predicate:12,NCIT:C45955,0.0
model_26.pt,CHEBI:143114,predicate:1,CHEBI:125432,MONDO:0006336,predicate:12,NCIT:C45955,0.0
model_26.pt,CHEBI:185767,predicate:1,CHEBI:16264,MONDO:0006336,predicate:12,NCIT:C45955,0.0
model_26.pt,CHEBI:109317,predicate:14,CHEBI:170587,MONDO:0006336,predicate:12,NCIT:C45955,0.0
model_26.pt,CHEMBL.COMPOUND:CHEMBL4877928,predicate:1,PUBCHEM.COMPOUND:130363355,MONDO:0006336,predicate:12,NCIT:C45955,0.0
model_26.pt,CHEBI:136073,predicate:10,MONDO:0007263,MONDO:0006336,predicate:12,NCIT:C45955,0.0
model_26.pt,PUBCHEM.COMPOUND:131762323,predicate:13,CHEBI:149534,MONDO:0006336,predicate:12,NCIT:C45955,0.0
model_26.pt,PUBCHEM.COMPOUND:54325967,predicate:0,CHEBI:149800,MONDO:0006336,predicate:12,NCIT:C45955,0.0
model_26.pt,HP:0000021,predicate:0,CHEBI:167578,MONDO:0006336,predicate:12,NCIT:C45955,0.0
model_26.pt,CHEMBL.COMPOUND:CHEMBL4782467,predicate:15,CHEBI:134948,MONDO:0006336,predicate:12,NCIT:C45955,0.0
model_26.pt,NCBIGene:23163,predicate:18,NCBIGene:100528017,MONDO:0006336,predicate:12,NCIT:C45955,0.0
model_26.pt,CHEBI:142271,predicate:1,CHEBI:192396,MONDO:0006336,predicate:12,NCIT:C45955,0.0
model_26.pt,CHEBI:146285,predicate:12,PUBCHEM.COMPOUND:53478731,MONDO:0006336,predicate:12,NCIT:C45955,13.076085090637209
model_26.pt,CHEBI:136073,predicate:15,CHEBI:125586,MONDO:0006336,predicate:12,NCIT:C45955,0.0
model_26.pt,CHEMBL.COMPOUND:CHEMBL596806,predicate:20,HP:0000253,MONDO:0006336,predicate:12,NCIT:C45955,0.0
model_26.pt,NCBIGene:838170,predicate:13,CHEBI:75099,MONDO:0006336,predicate:12,NCIT:C45955,0.0
model_26.pt,PUBCHEM.COMPOUND:117859783,predicate:11,PUBCHEM.COMPOUND:10525997,MONDO:0006336,predicate:12,NCIT:C45955,0.0
model_26.pt,PUBCHEM.COMPOUND:127036977,predicate:0,CHEBI:103739,MONDO:0006336,predicate:12,NCIT:C45955,0.0
model_26.pt,PUBCHEM.COMPOUND:44433263,predicate:0,CHEBI:119893,MONDO:0006336,predicate:12,NCIT:C45955,0.0
model_26.pt,CHEBI:3914,predicate:15,CHEBI:190153,MONDO:0006336,predicate:12,NCIT:C45955,0.0
model_26.pt,PUBCHEM.COMPOUND:44314087,predicate:0,CHEBI:140407,MONDO:0006336,predicate:12,NCIT:C45955,0.0
model_26.pt,PUBCHEM.COMPOUND:25093440,predicate:0,CHEBI:113553,MONDO:0006336,predicate:12,NCIT:C45955,0.0
model_26.pt,CHEBI:65179,predicate:11,PUBCHEM.COMPOUND:11274029,MONDO:0006336,predicate:12,NCIT:C45955,0.0
model_26.pt,CHEBI:71580,predicate:22,MONDO:0005068,MONDO:0006336,predicate:12,NCIT:C45955,0.0
model_26.pt,CHEBI:190006,predicate:14,PUBCHEM.COMPOUND:118471641,MONDO:0006336,predicate:12,NCIT:C45955,0.0
model_26.pt,PUBCHEM.COMPOUND:59268935,predicate:0,CHEBI:113373,MONDO:0006336,predicate:12,NCIT:C45955,0.0
model_26.pt,CHEBI:157642,predicate:1,PUBCHEM.COMPOUND:130345144,MONDO:0006336,predicate:12,NCIT:C45955,0.0
model_26.pt,PUBCHEM.COMPOUND:57395067,predicate:0,CHEBI:167320,MONDO:0006336,predicate:12,NCIT:C45955,0.0
model_26.pt,PUBCHEM.COMPOUND:2744597,predicate:11,PUBCHEM.COMPOUND:2930224,MONDO:0006336,predicate:12,NCIT:C45955,0.0
model_26.pt,CHEBI:137225,predicate:17,CHEBI:131804,MONDO:0006336,predicate:12,NCIT:C45955,0.0
model_26.pt,CHEBI:111166,predicate:1,CHEBI:93303,MONDO:0006336,predicate:12,NCIT:C45955,0.0
model_26.pt,MONDO:0013171,predicate:20,MONDO:0001071,MONDO:0006336,predicate:12,NCIT:C45955,0.0
model_26.pt,CHEBI:143170,predicate:1,CHEBI:166778,MONDO:0006336,predicate:12,NCIT:C45955,0.0
model_26.pt,CHEBI:51561,predicate:2,HP:0001945,MONDO:0006336,predicate:12,NCIT:C45955,0.0
model_26.pt,UNII:5M691HL4BO,predicate:23,HP:0001288,MONDO:0006336,predicate:12,NCIT:C45955,0.0
model_26.pt,MONDO:0011122,predicate:18,CHEBI:132752,MONDO:0006336,predicate:12,NCIT:C45955,0.0
model_26.pt,PUBCHEM.COMPOUND:10314049,predicate:13,CHEBI:18086,MONDO:0006336,predicate:12,NCIT:C45955,0.0
model_26.pt,CHEBI:144357,predicate:20,HP:0002857,MONDO:0006336,predicate:12,NCIT:C45955,0.0
model_26.pt,CHEBI:16207,predicate:15,CHEBI:129768,MONDO:0006336,predicate:12,NCIT:C45955,0.0
model_26.pt,CHEBI:139081,predicate:20,HP:0010864,MONDO:0006336,predicate:12,NCIT:C45955,0.0
model_26.pt,PUBCHEM.COMPOUND:5702107,predicate:3,CHEBI:109116,MONDO:0006336,predicate:12,NCIT:C45955,0.0
model_26.pt,CHEBI:71289,predicate:17,CHEBI:180867,MONDO:0006336,predicate:12,NCIT:C45955,0.0
model_26.pt,PUBCHEM.COMPOUND:9834864,predicate:21,CHEBI:113373,MONDO:0006336,predicate:12,NCIT:C45955,0.0
model_26.pt,PUBCHEM.COMPOUND:44431492,predicate:18,CHEBI:121826,MONDO:0006336,predicate:12,NCIT:C45955,0.0
model_26.pt,PUBCHEM.COMPOUND:10432760,predicate:25,CHEBI:166658,MONDO:0006336,predicate:12,NCIT:C45955,0.0
model_26.pt,PUBCHEM.COMPOUND:25015107,predicate:0,CHEBI:127989,MONDO:0006336,predicate:12,NCIT:C45955,0.0
model_26.pt,PUBCHEM.COMPOUND:131757266,predicate:13,MONDO:0006749,MONDO:0006336,predicate:12,NCIT:C45955,0.0
model_26.pt,CHEBI:72619,predicate:1,CHEBI:196198,MONDO:0006336,predicate:12,NCIT:C45955,0.0
model_26.pt,CHEBI:71600,predicate:1,HMDB:HMDB0009929,MONDO:0006336,predicate:12,NCIT:C45955,0.0
model_26.pt,CHEBI:184579,predicate:11,CHEBI:144250,MONDO:0006336,predicate:12,NCIT:C45955,0.0
model_26.pt,CHEBI:88497,predicate:1,CHEBI:144822,MONDO:0006336,predicate:12,NCIT:C45955,0.0
model_26.pt,CHEBI:15040,predicate:16,MONDO:0013171,MONDO:0006336,predicate:12,NCIT:C45955,0.0
model_26.pt,MONDO:0005272,predicate:1,CHEBI:18262,MONDO:0006336,predicate:12,NCIT:C45955,0.0
model_26.pt,CHEBI:126004,predicate:17,CHEBI:175375,MONDO:0006336,predicate:12,NCIT:C45955,0.0
model_26.pt,MONDO:0035764,predicate:1,HMDB:HMDB0083268,MONDO:0006336,predicate:12,NCIT:C45955,0.0
model_26.pt,PUBCHEM.COMPOUND:155512592,predicate:0,CHEBI:103843,MONDO:0006336,predicate:12,NCIT:C45955,0.0
model_26.pt,CHEBI:15490,predicate:15,CHEBI:170609,MONDO:0006336,predicate:12,NCIT:C45955,0.0
model_26.pt,CHEBI:138520,predicate:28,CHEBI:171141,MONDO:0006336,predicate:12,NCIT:C45955,0.0
model_26.pt,CHEBI:131557,predicate:1,CHEBI:73731,MONDO:0006336,predicate:12,NCIT:C45955,0.0
model_26.pt,CHEBI:134948,predicate:22,MONDO:0000831,MONDO:0006336,predicate:12,NCIT:C45955,0.0
model_26.pt,PUBCHEM.COMPOUND:10578760,predicate:0,CHEBI:92697,MONDO:0006336,predicate:12,NCIT:C45955,0.0
model_26.pt,HMDB:HMDB0076696,predicate:17,CHEBI:170784,MONDO:0006336,predicate:12,NCIT:C45955,0.0
model_26.pt,MONDO:0859265,predicate:3,CHEBI:176304,MONDO:0006336,predicate:12,NCIT:C45955,0.0
model_26.pt,CHEBI:113553,predicate:1,HMDB:HMDB0077232,MONDO:0006336,predicate:12,NCIT:C45955,0.0
model_26.pt,PUBCHEM.COMPOUND:137226420,predicate:0,CHEBI:109116,MONDO:0006336,predicate:12,NCIT:C45955,0.0
model_26.pt,MONDO:0010691,predicate:20,HP:0007957,MONDO:0006336,predicate:12,NCIT:C45955,0.0
model_26.pt,CHEMBL.COMPOUND:CHEMBL536308,predicate:1,CHEBI:163814,MONDO:0006336,predicate:12,NCIT:C45955,0.0
model_26.pt,CHEBI:83370,predicate:16,CHEBI:72635,MONDO:0006336,predicate:12,NCIT:C45955,0.0
model_26.pt,PUBCHEM.COMPOUND:122196132,predicate:0,CHEBI:172159,MONDO:0006336,predicate:12,NCIT:C45955,0.0
model_26.pt,MONDO:0011730,predicate:1,CHEMBL.COMPOUND:CHEMBL54465,MONDO:0006336,predicate:12,NCIT:C45955,0.0
model_26.pt,MONDO:0011840,predicate:1,CHEBI:139280,MONDO:0006336,predicate:12,NCIT:C45955,0.0
model_26.pt,CHEBI:17482,predicate:23,MONDO:0001382,MONDO:0006336,predicate:12,NCIT:C45955,0.0
model_26.pt,PUBCHEM.COMPOUND:25263321,predicate:11,PUBCHEM.COMPOUND:3003511,MONDO:0006336,predicate:12,NCIT:C45955,0.0
model_26.pt,PUBCHEM.COMPOUND:10216381,predicate:11,PUBCHEM.COMPOUND:10431492,MONDO:0006336,predicate:12,NCIT:C45955,0.0
model_26.pt,NCBIGene:820781,predicate:12,PUBCHEM.COMPOUND:131761197,MONDO:0006336,predicate:12,NCIT:C45955,20.90736389160156
model_26.pt,CHEBI:51068,predicate:17,HMDB:HMDB0009399,MONDO:0006336,predicate:12,NCIT:C45955,0.0
model_26.pt,CHEBI:9330,predicate:22,MONDO:0005011,MONDO:0006336,predicate:12,NCIT:C45955,0.0
model_26.pt,PUBCHEM.COMPOUND:10048208,predicate:26,CHEMBL.COMPOUND:CHEMBL151630,MONDO:0006336,predicate:12,NCIT:C45955,0.0
model_26.pt,PUBCHEM.COMPOUND:44176335,predicate:0,CHEBI:105317,MONDO:0006336,predicate:12,NCIT:C45955,0.0
model_26.pt,PUBCHEM.COMPOUND:49864838,predicate:18,CHEBI:109533,MONDO:0006336,predicate:12,NCIT:C45955,0.0
model_26.pt,CHEBI:185985,predicate:16,CHEBI:70967,MONDO:0006336,predicate:12,NCIT:C45955,0.0
model_26.pt,CHEMBL.COMPOUND:CHEMBL4798272,predicate:15,CHEBI:167641,MONDO:0006336,predicate:12,NCIT:C45955,0.0
model_26.pt,PUBCHEM.COMPOUND:126739109,predicate:11,MONDO:0006996,MONDO:0006336,predicate:12,NCIT:C45955,0.0
model_26.pt,MONDO:0012176,predicate:20,HP:0003028,CHEBI:125673,predicate:28,CHEBI:74460,0.0
model_26.pt,CHEBI:16959,predicate:17,CHEBI:172284,CHEBI:125673,predicate:28,CHEBI:74460,0.0
model_26.pt,PUBCHEM.COMPOUND:68020555,predicate:0,PUBCHEM.COMPOUND:44459583,CHEBI:125673,predicate:28,CHEBI:74460,0.0
model_26.pt,PUBCHEM.COMPOUND:137636752,predicate:0,CHEBI:134753,CHEBI:125673,predicate:28,CHEBI:74460,0.0
model_26.pt,PUBCHEM.COMPOUND:124221273,predicate:23,MONDO:0015691,CHEBI:125673,predicate:28,CHEBI:74460,0.0
model_26.pt,PUBCHEM.COMPOUND:130200977,predicate:18,CHEBI:144991,CHEBI:125673,predicate:28,CHEBI:74460,0.0
model_26.pt,MONDO:0005044,predicate:11,MONDO:0056796,CHEBI:125673,predicate:28,CHEBI:74460,0.0
model_26.pt,CHEBI:16592,predicate:41,CHEBI:114693,CHEBI:125673,predicate:28,CHEBI:74460,0.0
model_26.pt,CHEBI:166772,predicate:15,CHEBI:175537,CHEBI:125673,predicate:28,CHEBI:74460,0.0
model_26.pt,DRUGBANK:DB11158,predicate:2,MONDO:0005147,CHEBI:125673,predicate:28,CHEBI:74460,0.0
model_26.pt,CHEBI:145008,predicate:2,MONDO:0001076,CHEBI:125673,predicate:28,CHEBI:74460,0.0
model_26.pt,CHEBI:172333,predicate:11,CHEBI:84017,CHEBI:125673,predicate:28,CHEBI:74460,0.0
model_26.pt,CHEBI:188563,predicate:12,PUBCHEM.COMPOUND:52924335,CHEBI:125673,predicate:28,CHEBI:74460,0.0
model_26.pt,CHEBI:190239,predicate:11,HMDB:HMDB0072989,CHEBI:125673,predicate:28,CHEBI:74460,0.0
model_26.pt,CHEBI:135278,predicate:22,MONDO:0005559,CHEBI:125673,predicate:28,CHEBI:74460,0.0
model_26.pt,CHEBI:47040,predicate:15,CHEBI:146256,CHEBI:125673,predicate:28,CHEBI:74460,0.0
model_26.pt,CHEMBL.COMPOUND:CHEMBL4747062,predicate:0,CHEBI:71479,CHEBI:125673,predicate:28,CHEBI:74460,0.0
model_26.pt,CHEBI:42371,predicate:17,CHEBI:135736,CHEBI:125673,predicate:28,CHEBI:74460,0.0
model_26.pt,CHEBI:143114,predicate:1,CHEBI:125432,CHEBI:125673,predicate:28,CHEBI:74460,0.0
model_26.pt,CHEBI:185767,predicate:1,CHEBI:16264,CHEBI:125673,predicate:28,CHEBI:74460,0.0
model_26.pt,CHEBI:109317,predicate:14,CHEBI:170587,CHEBI:125673,predicate:28,CHEBI:74460,0.0
model_26.pt,CHEMBL.COMPOUND:CHEMBL4877928,predicate:1,PUBCHEM.COMPOUND:130363355,CHEBI:125673,predicate:28,CHEBI:74460,0.0
model_26.pt,CHEBI:136073,predicate:10,MONDO:0007263,CHEBI:125673,predicate:28,CHEBI:74460,0.0
model_26.pt,PUBCHEM.COMPOUND:131762323,predicate:13,CHEBI:149534,CHEBI:125673,predicate:28,CHEBI:74460,0.0
model_26.pt,PUBCHEM.COMPOUND:54325967,predicate:0,CHEBI:149800,CHEBI:125673,predicate:28,CHEBI:74460,0.0
model_26.pt,HP:0000021,predicate:0,CHEBI:167578,CHEBI:125673,predicate:28,CHEBI:74460,0.0
model_26.pt,CHEMBL.COMPOUND:CHEMBL4782467,predicate:15,CHEBI:134948,CHEBI:125673,predicate:28,CHEBI:74460,0.0
model_26.pt,NCBIGene:23163,predicate:18,NCBIGene:100528017,CHEBI:125673,predicate:28,CHEBI:74460,0.0
model_26.pt,CHEBI:142271,predicate:1,CHEBI:192396,CHEBI:125673,predicate:28,CHEBI:74460,0.0
model_26.pt,CHEBI:146285,predicate:12,PUBCHEM.COMPOUND:53478731,CHEBI:125673,predicate:28,CHEBI:74460,0.0
model_26.pt,CHEBI:136073,predicate:15,CHEBI:125586,CHEBI:125673,predicate:28,CHEBI:74460,0.0
model_26.pt,CHEMBL.COMPOUND:CHEMBL596806,predicate:20,HP:0000253,CHEBI:125673,predicate:28,CHEBI:74460,0.0
model_26.pt,NCBIGene:838170,predicate:13,CHEBI:75099,CHEBI:125673,predicate:28,CHEBI:74460,0.0
model_26.pt,PUBCHEM.COMPOUND:117859783,predicate:11,PUBCHEM.COMPOUND:10525997,CHEBI:125673,predicate:28,CHEBI:74460,0.0
model_26.pt,PUBCHEM.COMPOUND:127036977,predicate:0,CHEBI:103739,CHEBI:125673,predicate:28,CHEBI:74460,0.0
model_26.pt,PUBCHEM.COMPOUND:44433263,predicate:0,CHEBI:119893,CHEBI:125673,predicate:28,CHEBI:74460,0.0
model_26.pt,CHEBI:3914,predicate:15,CHEBI:190153,CHEBI:125673,predicate:28,CHEBI:74460,0.0
model_26.pt,PUBCHEM.COMPOUND:44314087,predicate:0,CHEBI:140407,CHEBI:125673,predicate:28,CHEBI:74460,0.0
model_26.pt,PUBCHEM.COMPOUND:25093440,predicate:0,CHEBI:113553,CHEBI:125673,predicate:28,CHEBI:74460,0.0
model_26.pt,CHEBI:65179,predicate:11,PUBCHEM.COMPOUND:11274029,CHEBI:125673,predicate:28,CHEBI:74460,0.0
model_26.pt,CHEBI:71580,predicate:22,MONDO:0005068,CHEBI:125673,predicate:28,CHEBI:74460,0.0
model_26.pt,CHEBI:190006,predicate:14,PUBCHEM.COMPOUND:118471641,CHEBI:125673,predicate:28,CHEBI:74460,0.0
model_26.pt,PUBCHEM.COMPOUND:59268935,predicate:0,CHEBI:113373,CHEBI:125673,predicate:28,CHEBI:74460,0.0
model_26.pt,CHEBI:157642,predicate:1,PUBCHEM.COMPOUND:130345144,CHEBI:125673,predicate:28,CHEBI:74460,0.0
model_26.pt,PUBCHEM.COMPOUND:57395067,predicate:0,CHEBI:167320,CHEBI:125673,predicate:28,CHEBI:74460,0.0
model_26.pt,PUBCHEM.COMPOUND:2744597,predicate:11,PUBCHEM.COMPOUND:2930224,CHEBI:125673,predicate:28,CHEBI:74460,0.0
model_26.pt,CHEBI:137225,predicate:17,CHEBI:131804,CHEBI:125673,predicate:28,CHEBI:74460,0.0
model_26.pt,CHEBI:111166,predicate:1,CHEBI:93303,CHEBI:125673,predicate:28,CHEBI:74460,0.0
model_26.pt,MONDO:0013171,predicate:20,MONDO:0001071,CHEBI:125673,predicate:28,CHEBI:74460,0.0
model_26.pt,CHEBI:143170,predicate:1,CHEBI:166778,CHEBI:125673,predicate:28,CHEBI:74460,0.0
model_26.pt,CHEBI:51561,predicate:2,HP:0001945,CHEBI:125673,predicate:28,CHEBI:74460,0.0
model_26.pt,UNII:5M691HL4BO,predicate:23,HP:0001288,CHEBI:125673,predicate:28,CHEBI:74460,0.0
model_26.pt,MONDO:0011122,predicate:18,CHEBI:132752,CHEBI:125673,predicate:28,CHEBI:74460,0.0
model_26.pt,PUBCHEM.COMPOUND:10314049,predicate:13,CHEBI:18086,CHEBI:125673,predicate:28,CHEBI:74460,0.0
model_26.pt,CHEBI:144357,predicate:20,HP:0002857,CHEBI:125673,predicate:28,CHEBI:74460,0.0
model_26.pt,CHEBI:16207,predicate:15,CHEBI:129768,CHEBI:125673,predicate:28,CHEBI:74460,0.0
model_26.pt,CHEBI:139081,predicate:20,HP:0010864,CHEBI:125673,predicate:28,CHEBI:74460,0.0
model_26.pt,PUBCHEM.COMPOUND:5702107,predicate:3,CHEBI:109116,CHEBI:125673,predicate:28,CHEBI:74460,0.0
model_26.pt,CHEBI:71289,predicate:17,CHEBI:180867,CHEBI:125673,predicate:28,CHEBI:74460,0.0
model_26.pt,PUBCHEM.COMPOUND:9834864,predicate:21,CHEBI:113373,CHEBI:125673,predicate:28,CHEBI:74460,0.0
model_26.pt,PUBCHEM.COMPOUND:44431492,predicate:18,CHEBI:121826,CHEBI:125673,predicate:28,CHEBI:74460,0.0
model_26.pt,PUBCHEM.COMPOUND:10432760,predicate:25,CHEBI:166658,CHEBI:125673,predicate:28,CHEBI:74460,0.0
model_26.pt,PUBCHEM.COMPOUND:25015107,predicate:0,CHEBI:127989,CHEBI:125673,predicate:28,CHEBI:74460,0.0
model_26.pt,PUBCHEM.COMPOUND:131757266,predicate:13,MONDO:0006749,CHEBI:125673,predicate:28,CHEBI:74460,0.0
model_26.pt,CHEBI:72619,predicate:1,CHEBI:196198,CHEBI:125673,predicate:28,CHEBI:74460,0.0
model_26.pt,CHEBI:71600,predicate:1,HMDB:HMDB0009929,CHEBI:125673,predicate:28,CHEBI:74460,0.0
model_26.pt,CHEBI:184579,predicate:11,CHEBI:144250,CHEBI:125673,predicate:28,CHEBI:74460,0.0
model_26.pt,CHEBI:88497,predicate:1,CHEBI:144822,CHEBI:125673,predicate:28,CHEBI:74460,0.0
model_26.pt,CHEBI:15040,predicate:16,MONDO:0013171,CHEBI:125673,predicate:28,CHEBI:74460,0.0
model_26.pt,MONDO:0005272,predicate:1,CHEBI:18262,CHEBI:125673,predicate:28,CHEBI:74460,0.0
model_26.pt,CHEBI:126004,predicate:17,CHEBI:175375,CHEBI:125673,predicate:28,CHEBI:74460,0.0
model_26.pt,MONDO:0035764,predicate:1,HMDB:HMDB0083268,CHEBI:125673,predicate:28,CHEBI:74460,0.0
model_26.pt,PUBCHEM.COMPOUND:155512592,predicate:0,CHEBI:103843,CHEBI:125673,predicate:28,CHEBI:74460,0.0
model_26.pt,CHEBI:15490,predicate:15,CHEBI:170609,CHEBI:125673,predicate:28,CHEBI:74460,0.0
model_26.pt,CHEBI:138520,predicate:28,CHEBI:171141,CHEBI:125673,predicate:28,CHEBI:74460,-11.61753273010254
model_26.pt,CHEBI:131557,predicate:1,CHEBI:73731,CHEBI:125673,predicate:28,CHEBI:74460,0.0
model_26.pt,CHEBI:134948,predicate:22,MONDO:0000831,CHEBI:125673,predicate:28,CHEBI:74460,0.0
model_26.pt,PUBCHEM.COMPOUND:10578760,predicate:0,CHEBI:92697,CHEBI:125673,predicate:28,CHEBI:74460,0.0
model_26.pt,HMDB:HMDB0076696,predicate:17,CHEBI:170784,CHEBI:125673,predicate:28,CHEBI:74460,0.0
model_26.pt,MONDO:0859265,predicate:3,CHEBI:176304,CHEBI:125673,predicate:28,CHEBI:74460,0.0
model_26.pt,CHEBI:113553,predicate:1,HMDB:HMDB0077232,CHEBI:125673,predicate:28,CHEBI:74460,0.0
model_26.pt,PUBCHEM.COMPOUND:137226420,predicate:0,CHEBI:109116,CHEBI:125673,predicate:28,CHEBI:74460,0.0
model_26.pt,MONDO:0010691,predicate:20,HP:0007957,CHEBI:125673,predicate:28,CHEBI:74460,0.0
model_26.pt,CHEMBL.COMPOUND:CHEMBL536308,predicate:1,CHEBI:163814,CHEBI:125673,predicate:28,CHEBI:74460,0.0
model_26.pt,CHEBI:83370,predicate:16,CHEBI:72635,CHEBI:125673,predicate:28,CHEBI:74460,0.0
model_26.pt,PUBCHEM.COMPOUND:122196132,predicate:0,CHEBI:172159,CHEBI:125673,predicate:28,CHEBI:74460,0.0
model_26.pt,MONDO:0011730,predicate:1,CHEMBL.COMPOUND:CHEMBL54465,CHEBI:125673,predicate:28,CHEBI:74460,0.0
model_26.pt,MONDO:0011840,predicate:1,CHEBI:139280,CHEBI:125673,predicate:28,CHEBI:74460,0.0
model_26.pt,CHEBI:17482,predicate:23,MONDO:0001382,CHEBI:125673,predicate:28,CHEBI:74460,0.0
model_26.pt,PUBCHEM.COMPOUND:25263321,predicate:11,PUBCHEM.COMPOUND:3003511,CHEBI:125673,predicate:28,CHEBI:74460,0.0
model_26.pt,PUBCHEM.COMPOUND:10216381,predicate:11,PUBCHEM.COMPOUND:10431492,CHEBI:125673,predicate:28,CHEBI:74460,0.0
model_26.pt,NCBIGene:820781,predicate:12,PUBCHEM.COMPOUND:131761197,CHEBI:125673,predicate:28,CHEBI:74460,0.0
model_26.pt,CHEBI:51068,predicate:17,HMDB:HMDB0009399,CHEBI:125673,predicate:28,CHEBI:74460,0.0
model_26.pt,CHEBI:9330,predicate:22,MONDO:0005011,CHEBI:125673,predicate:28,CHEBI:74460,0.0
model_26.pt,PUBCHEM.COMPOUND:10048208,predicate:26,CHEMBL.COMPOUND:CHEMBL151630,CHEBI:125673,predicate:28,CHEBI:74460,0.0
model_26.pt,PUBCHEM.COMPOUND:44176335,predicate:0,CHEBI:105317,CHEBI:125673,predicate:28,CHEBI:74460,0.0
model_26.pt,PUBCHEM.COMPOUND:49864838,predicate:18,CHEBI:109533,CHEBI:125673,predicate:28,CHEBI:74460,0.0
model_26.pt,CHEBI:185985,predicate:16,CHEBI:70967,CHEBI:125673,predicate:28,CHEBI:74460,0.0
model_26.pt,CHEMBL.COMPOUND:CHEMBL4798272,predicate:15,CHEBI:167641,CHEBI:125673,predicate:28,CHEBI:74460,0.0
model_26.pt,PUBCHEM.COMPOUND:126739109,predicate:11,MONDO:0006996,CHEBI:125673,predicate:28,CHEBI:74460,0.0
model_26.pt,MONDO:0012176,predicate:20,HP:0003028,CHEMBL.COMPOUND:CHEMBL505612,predicate:1,CHEBI:128907,0.0
model_26.pt,CHEBI:16959,predicate:17,CHEBI:172284,CHEMBL.COMPOUND:CHEMBL505612,predicate:1,CHEBI:128907,0.0
model_26.pt,PUBCHEM.COMPOUND:68020555,predicate:0,PUBCHEM.COMPOUND:44459583,CHEMBL.COMPOUND:CHEMBL505612,predicate:1,CHEBI:128907,0.0
model_26.pt,PUBCHEM.COMPOUND:137636752,predicate:0,CHEBI:134753,CHEMBL.COMPOUND:CHEMBL505612,predicate:1,CHEBI:128907,0.0
model_26.pt,PUBCHEM.COMPOUND:124221273,predicate:23,MONDO:0015691,CHEMBL.COMPOUND:CHEMBL505612,predicate:1,CHEBI:128907,0.0
model_26.pt,PUBCHEM.COMPOUND:130200977,predicate:18,CHEBI:144991,CHEMBL.COMPOUND:CHEMBL505612,predicate:1,CHEBI:128907,0.0
model_26.pt,MONDO:0005044,predicate:11,MONDO:0056796,CHEMBL.COMPOUND:CHEMBL505612,predicate:1,CHEBI:128907,0.0
model_26.pt,CHEBI:16592,predicate:41,CHEBI:114693,CHEMBL.COMPOUND:CHEMBL505612,predicate:1,CHEBI:128907,0.0
model_26.pt,CHEBI:166772,predicate:15,CHEBI:175537,CHEMBL.COMPOUND:CHEMBL505612,predicate:1,CHEBI:128907,0.0
model_26.pt,DRUGBANK:DB11158,predicate:2,MONDO:0005147,CHEMBL.COMPOUND:CHEMBL505612,predicate:1,CHEBI:128907,0.0
model_26.pt,CHEBI:145008,predicate:2,MONDO:0001076,CHEMBL.COMPOUND:CHEMBL505612,predicate:1,CHEBI:128907,0.0
model_26.pt,CHEBI:172333,predicate:11,CHEBI:84017,CHEMBL.COMPOUND:CHEMBL505612,predicate:1,CHEBI:128907,0.0
model_26.pt,CHEBI:188563,predicate:12,PUBCHEM.COMPOUND:52924335,CHEMBL.COMPOUND:CHEMBL505612,predicate:1,CHEBI:128907,0.0
model_26.pt,CHEBI:190239,predicate:11,HMDB:HMDB0072989,CHEMBL.COMPOUND:CHEMBL505612,predicate:1,CHEBI:128907,0.0
model_26.pt,CHEBI:135278,predicate:22,MONDO:0005559,CHEMBL.COMPOUND:CHEMBL505612,predicate:1,CHEBI:128907,0.0
model_26.pt,CHEBI:47040,predicate:15,CHEBI:146256,CHEMBL.COMPOUND:CHEMBL505612,predicate:1,CHEBI:128907,0.0
model_26.pt,CHEMBL.COMPOUND:CHEMBL4747062,predicate:0,CHEBI:71479,CHEMBL.COMPOUND:CHEMBL505612,predicate:1,CHEBI:128907,0.0
model_26.pt,CHEBI:42371,predicate:17,CHEBI:135736,CHEMBL.COMPOUND:CHEMBL505612,predicate:1,CHEBI:128907,0.0
model_26.pt,CHEBI:143114,predicate:1,CHEBI:125432,CHEMBL.COMPOUND:CHEMBL505612,predicate:1,CHEBI:128907,-65.92788696289062
model_26.pt,CHEBI:185767,predicate:1,CHEBI:16264,CHEMBL.COMPOUND:CHEMBL505612,predicate:1,CHEBI:128907,-11.856894493103027
model_26.pt,CHEBI:109317,predicate:14,CHEBI:170587,CHEMBL.COMPOUND:CHEMBL505612,predicate:1,CHEBI:128907,0.0
model_26.pt,CHEMBL.COMPOUND:CHEMBL4877928,predicate:1,PUBCHEM.COMPOUND:130363355,CHEMBL.COMPOUND:CHEMBL505612,predicate:1,CHEBI:128907,-25.76131629943848
model_26.pt,CHEBI:136073,predicate:10,MONDO:0007263,CHEMBL.COMPOUND:CHEMBL505612,predicate:1,CHEBI:128907,0.0
model_26.pt,PUBCHEM.COMPOUND:131762323,predicate:13,CHEBI:149534,CHEMBL.COMPOUND:CHEMBL505612,predicate:1,CHEBI:128907,0.0
model_26.pt,PUBCHEM.COMPOUND:54325967,predicate:0,CHEBI:149800,CHEMBL.COMPOUND:CHEMBL505612,predicate:1,CHEBI:128907,0.0
model_26.pt,HP:0000021,predicate:0,CHEBI:167578,CHEMBL.COMPOUND:CHEMBL505612,predicate:1,CHEBI:128907,0.0
model_26.pt,CHEMBL.COMPOUND:CHEMBL4782467,predicate:15,CHEBI:134948,CHEMBL.COMPOUND:CHEMBL505612,predicate:1,CHEBI:128907,0.0
model_26.pt,NCBIGene:23163,predicate:18,NCBIGene:100528017,CHEMBL.COMPOUND:CHEMBL505612,predicate:1,CHEBI:128907,0.0
model_26.pt,CHEBI:142271,predicate:1,CHEBI:192396,CHEMBL.COMPOUND:CHEMBL505612,predicate:1,CHEBI:128907,6.861181259155273
model_26.pt,CHEBI:146285,predicate:12,PUBCHEM.COMPOUND:53478731,CHEMBL.COMPOUND:CHEMBL505612,predicate:1,CHEBI:128907,0.0
model_26.pt,CHEBI:136073,predicate:15,CHEBI:125586,CHEMBL.COMPOUND:CHEMBL505612,predicate:1,CHEBI:128907,0.0
model_26.pt,CHEMBL.COMPOUND:CHEMBL596806,predicate:20,HP:0000253,CHEMBL.COMPOUND:CHEMBL505612,predicate:1,CHEBI:128907,0.0
model_26.pt,NCBIGene:838170,predicate:13,CHEBI:75099,CHEMBL.COMPOUND:CHEMBL505612,predicate:1,CHEBI:128907,0.0
model_26.pt,PUBCHEM.COMPOUND:117859783,predicate:11,PUBCHEM.COMPOUND:10525997,CHEMBL.COMPOUND:CHEMBL505612,predicate:1,CHEBI:128907,0.0
model_26.pt,PUBCHEM.COMPOUND:127036977,predicate:0,CHEBI:103739,CHEMBL.COMPOUND:CHEMBL505612,predicate:1,CHEBI:128907,0.0
model_26.pt,PUBCHEM.COMPOUND:44433263,predicate:0,CHEBI:119893,CHEMBL.COMPOUND:CHEMBL505612,predicate:1,CHEBI:128907,0.0
model_26.pt,CHEBI:3914,predicate:15,CHEBI:190153,CHEMBL.COMPOUND:CHEMBL505612,predicate:1,CHEBI:128907,0.0
model_26.pt,PUBCHEM.COMPOUND:44314087,predicate:0,CHEBI:140407,CHEMBL.COMPOUND:CHEMBL505612,predicate:1,CHEBI:128907,0.0
model_26.pt,PUBCHEM.COMPOUND:25093440,predicate:0,CHEBI:113553,CHEMBL.COMPOUND:CHEMBL505612,predicate:1,CHEBI:128907,0.0
model_26.pt,CHEBI:65179,predicate:11,PUBCHEM.COMPOUND:11274029,CHEMBL.COMPOUND:CHEMBL505612,predicate:1,CHEBI:128907,0.0
model_26.pt,CHEBI:71580,predicate:22,MONDO:0005068,CHEMBL.COMPOUND:CHEMBL505612,predicate:1,CHEBI:128907,0.0
model_26.pt,CHEBI:190006,predicate:14,PUBCHEM.COMPOUND:118471641,CHEMBL.COMPOUND:CHEMBL505612,predicate:1,CHEBI:128907,0.0
model_26.pt,PUBCHEM.COMPOUND:59268935,predicate:0,CHEBI:113373,CHEMBL.COMPOUND:CHEMBL505612,predicate:1,CHEBI:128907,0.0
model_26.pt,CHEBI:157642,predicate:1,PUBCHEM.COMPOUND:130345144,CHEMBL.COMPOUND:CHEMBL505612,predicate:1,CHEBI:128907,23.893821716308597
model_26.pt,PUBCHEM.COMPOUND:57395067,predicate:0,CHEBI:167320,CHEMBL.COMPOUND:CHEMBL505612,predicate:1,CHEBI:128907,0.0
model_26.pt,PUBCHEM.COMPOUND:2744597,predicate:11,PUBCHEM.COMPOUND:2930224,CHEMBL.COMPOUND:CHEMBL505612,predicate:1,CHEBI:128907,0.0
model_26.pt,CHEBI:137225,predicate:17,CHEBI:131804,CHEMBL.COMPOUND:CHEMBL505612,predicate:1,CHEBI:128907,0.0
model_26.pt,CHEBI:111166,predicate:1,CHEBI:93303,CHEMBL.COMPOUND:CHEMBL505612,predicate:1,CHEBI:128907,-12.868057250976562
model_26.pt,MONDO:0013171,predicate:20,MONDO:0001071,CHEMBL.COMPOUND:CHEMBL505612,predicate:1,CHEBI:128907,0.0
model_26.pt,CHEBI:143170,predicate:1,CHEBI:166778,CHEMBL.COMPOUND:CHEMBL505612,predicate:1,CHEBI:128907,47.760887145996094
model_26.pt,CHEBI:51561,predicate:2,HP:0001945,CHEMBL.COMPOUND:CHEMBL505612,predicate:1,CHEBI:128907,0.0
model_26.pt,UNII:5M691HL4BO,predicate:23,HP:0001288,CHEMBL.COMPOUND:CHEMBL505612,predicate:1,CHEBI:128907,0.0
model_26.pt,MONDO:0011122,predicate:18,CHEBI:132752,CHEMBL.COMPOUND:CHEMBL505612,predicate:1,CHEBI:128907,0.0
model_26.pt,PUBCHEM.COMPOUND:10314049,predicate:13,CHEBI:18086,CHEMBL.COMPOUND:CHEMBL505612,predicate:1,CHEBI:128907,0.0
model_26.pt,CHEBI:144357,predicate:20,HP:0002857,CHEMBL.COMPOUND:CHEMBL505612,predicate:1,CHEBI:128907,0.0
model_26.pt,CHEBI:16207,predicate:15,CHEBI:129768,CHEMBL.COMPOUND:CHEMBL505612,predicate:1,CHEBI:128907,0.0
model_26.pt,CHEBI:139081,predicate:20,HP:0010864,CHEMBL.COMPOUND:CHEMBL505612,predicate:1,CHEBI:128907,0.0
model_26.pt,PUBCHEM.COMPOUND:5702107,predicate:3,CHEBI:109116,CHEMBL.COMPOUND:CHEMBL505612,predicate:1,CHEBI:128907,0.0
model_26.pt,CHEBI:71289,predicate:17,CHEBI:180867,CHEMBL.COMPOUND:CHEMBL505612,predicate:1,CHEBI:128907,0.0
model_26.pt,PUBCHEM.COMPOUND:9834864,predicate:21,CHEBI:113373,CHEMBL.COMPOUND:CHEMBL505612,predicate:1,CHEBI:128907,0.0
model_26.pt,PUBCHEM.COMPOUND:44431492,predicate:18,CHEBI:121826,CHEMBL.COMPOUND:CHEMBL505612,predicate:1,CHEBI:128907,0.0
model_26.pt,PUBCHEM.COMPOUND:10432760,predicate:25,CHEBI:166658,CHEMBL.COMPOUND:CHEMBL505612,predicate:1,CHEBI:128907,0.0
model_26.pt,PUBCHEM.COMPOUND:25015107,predicate:0,CHEBI:127989,CHEMBL.COMPOUND:CHEMBL505612,predicate:1,CHEBI:128907,0.0
model_26.pt,PUBCHEM.COMPOUND:131757266,predicate:13,MONDO:0006749,CHEMBL.COMPOUND:CHEMBL505612,predicate:1,CHEBI:128907,0.0
model_26.pt,CHEBI:72619,predicate:1,CHEBI:196198,CHEMBL.COMPOUND:CHEMBL505612,predicate:1,CHEBI:128907,3.211149215698242
model_26.pt,CHEBI:71600,predicate:1,HMDB:HMDB0009929,CHEMBL.COMPOUND:CHEMBL505612,predicate:1,CHEBI:128907,29.780712127685547
model_26.pt,CHEBI:184579,predicate:11,CHEBI:144250,CHEMBL.COMPOUND:CHEMBL505612,predicate:1,CHEBI:128907,0.0
model_26.pt,CHEBI:88497,predicate:1,CHEBI:144822,CHEMBL.COMPOUND:CHEMBL505612,predicate:1,CHEBI:128907,26.072450637817383
model_26.pt,CHEBI:15040,predicate:16,MONDO:0013171,CHEMBL.COMPOUND:CHEMBL505612,predicate:1,CHEBI:128907,0.0
model_26.pt,MONDO:0005272,predicate:1,CHEBI:18262,CHEMBL.COMPOUND:CHEMBL505612,predicate:1,CHEBI:128907,-49.20105743408203
model_26.pt,CHEBI:126004,predicate:17,CHEBI:175375,CHEMBL.COMPOUND:CHEMBL505612,predicate:1,CHEBI:128907,0.0
model_26.pt,MONDO:0035764,predicate:1,HMDB:HMDB0083268,CHEMBL.COMPOUND:CHEMBL505612,predicate:1,CHEBI:128907,31.17555046081543
model_26.pt,PUBCHEM.COMPOUND:155512592,predicate:0,CHEBI:103843,CHEMBL.COMPOUND:CHEMBL505612,predicate:1,CHEBI:128907,0.0
model_26.pt,CHEBI:15490,predicate:15,CHEBI:170609,CHEMBL.COMPOUND:CHEMBL505612,predicate:1,CHEBI:128907,0.0
model_26.pt,CHEBI:138520,predicate:28,CHEBI:171141,CHEMBL.COMPOUND:CHEMBL505612,predicate:1,CHEBI:128907,0.0
model_26.pt,CHEBI:131557,predicate:1,CHEBI:73731,CHEMBL.COMPOUND:CHEMBL505612,predicate:1,CHEBI:128907,34.292964935302734
model_26.pt,CHEBI:134948,predicate:22,MONDO:0000831,CHEMBL.COMPOUND:CHEMBL505612,predicate:1,CHEBI:128907,0.0
model_26.pt,PUBCHEM.COMPOUND:10578760,predicate:0,CHEBI:92697,CHEMBL.COMPOUND:CHEMBL505612,predicate:1,CHEBI:128907,0.0
model_26.pt,HMDB:HMDB0076696,predicate:17,CHEBI:170784,CHEMBL.COMPOUND:CHEMBL505612,predicate:1,CHEBI:128907,0.0
model_26.pt,MONDO:0859265,predicate:3,CHEBI:176304,CHEMBL.COMPOUND:CHEMBL505612,predicate:1,CHEBI:128907,0.0
model_26.pt,CHEBI:113553,predicate:1,HMDB:HMDB0077232,CHEMBL.COMPOUND:CHEMBL505612,predicate:1,CHEBI:128907,-7.419782638549805
model_26.pt,PUBCHEM.COMPOUND:137226420,predicate:0,CHEBI:109116,CHEMBL.COMPOUND:CHEMBL505612,predicate:1,CHEBI:128907,0.0
model_26.pt,MONDO:0010691,predicate:20,HP:0007957,CHEMBL.COMPOUND:CHEMBL505612,predicate:1,CHEBI:128907,0.0
model_26.pt,CHEMBL.COMPOUND:CHEMBL536308,predicate:1,CHEBI:163814,CHEMBL.COMPOUND:CHEMBL505612,predicate:1,CHEBI:128907,26.850910186767575
model_26.pt,CHEBI:83370,predicate:16,CHEBI:72635,CHEMBL.COMPOUND:CHEMBL505612,predicate:1,CHEBI:128907,0.0
model_26.pt,PUBCHEM.COMPOUND:122196132,predicate:0,CHEBI:172159,CHEMBL.COMPOUND:CHEMBL505612,predicate:1,CHEBI:128907,0.0
model_26.pt,MONDO:0011730,predicate:1,CHEMBL.COMPOUND:CHEMBL54465,CHEMBL.COMPOUND:CHEMBL505612,predicate:1,CHEBI:128907,-10.711661338806152
model_26.pt,MONDO:0011840,predicate:1,CHEBI:139280,CHEMBL.COMPOUND:CHEMBL505612,predicate:1,CHEBI:128907,-75.85470581054688
model_26.pt,CHEBI:17482,predicate:23,MONDO:0001382,CHEMBL.COMPOUND:CHEMBL505612,predicate:1,CHEBI:128907,0.0
model_26.pt,PUBCHEM.COMPOUND:25263321,predicate:11,PUBCHEM.COMPOUND:3003511,CHEMBL.COMPOUND:CHEMBL505612,predicate:1,CHEBI:128907,0.0
model_26.pt,PUBCHEM.COMPOUND:10216381,predicate:11,PUBCHEM.COMPOUND:10431492,CHEMBL.COMPOUND:CHEMBL505612,predicate:1,CHEBI:128907,0.0
model_26.pt,NCBIGene:820781,predicate:12,PUBCHEM.COMPOUND:131761197,CHEMBL.COMPOUND:CHEMBL505612,predicate:1,CHEBI:128907,0.0
model_26.pt,CHEBI:51068,predicate:17,HMDB:HMDB0009399,CHEMBL.COMPOUND:CHEMBL505612,predicate:1,CHEBI:128907,0.0
model_26.pt,CHEBI:9330,predicate:22,MONDO:0005011,CHEMBL.COMPOUND:CHEMBL505612,predicate:1,CHEBI:128907,0.0
model_26.pt,PUBCHEM.COMPOUND:10048208,predicate:26,CHEMBL.COMPOUND:CHEMBL151630,CHEMBL.COMPOUND:CHEMBL505612,predicate:1,CHEBI:128907,0.0
model_26.pt,PUBCHEM.COMPOUND:44176335,predicate:0,CHEBI:105317,CHEMBL.COMPOUND:CHEMBL505612,predicate:1,CHEBI:128907,0.0
model_26.pt,PUBCHEM.COMPOUND:49864838,predicate:18,CHEBI:109533,CHEMBL.COMPOUND:CHEMBL505612,predicate:1,CHEBI:128907,0.0
model_26.pt,CHEBI:185985,predicate:16,CHEBI:70967,CHEMBL.COMPOUND:CHEMBL505612,predicate:1,CHEBI:128907,0.0
model_26.pt,CHEMBL.COMPOUND:CHEMBL4798272,predicate:15,CHEBI:167641,CHEMBL.COMPOUND:CHEMBL505612,predicate:1,CHEBI:128907,0.0
model_26.pt,PUBCHEM.COMPOUND:126739109,predicate:11,MONDO:0006996,CHEMBL.COMPOUND:CHEMBL505612,predicate:1,CHEBI:128907,0.0
model_10.pt,MONDO:0012176,predicate:20,HP:0003028,MONDO:0008538,predicate:20,HP:0003565,-19.44879531860352
model_10.pt,CHEBI:16959,predicate:17,CHEBI:172284,MONDO:0008538,predicate:20,HP:0003565,0.0
model_10.pt,PUBCHEM.COMPOUND:68020555,predicate:0,PUBCHEM.COMPOUND:44459583,MONDO:0008538,predicate:20,HP:0003565,0.0
model_10.pt,PUBCHEM.COMPOUND:137636752,predicate:0,CHEBI:134753,MONDO:0008538,predicate:20,HP:0003565,0.0
model_10.pt,PUBCHEM.COMPOUND:124221273,predicate:23,MONDO:0015691,MONDO:0008538,predicate:20,HP:0003565,0.0
model_10.pt,PUBCHEM.COMPOUND:130200977,predicate:18,CHEBI:144991,MONDO:0008538,predicate:20,HP:0003565,0.0
model_10.pt,MONDO:0005044,predicate:11,MONDO:0056796,MONDO:0008538,predicate:20,HP:0003565,0.0
model_10.pt,CHEBI:16592,predicate:41,CHEBI:114693,MONDO:0008538,predicate:20,HP:0003565,0.0
model_10.pt,CHEBI:166772,predicate:15,CHEBI:175537,MONDO:0008538,predicate:20,HP:0003565,0.0
model_10.pt,DRUGBANK:DB11158,predicate:2,MONDO:0005147,MONDO:0008538,predicate:20,HP:0003565,0.0
model_10.pt,CHEBI:145008,predicate:2,MONDO:0001076,MONDO:0008538,predicate:20,HP:0003565,0.0
model_10.pt,CHEBI:172333,predicate:11,CHEBI:84017,MONDO:0008538,predicate:20,HP:0003565,0.0
model_10.pt,CHEBI:188563,predicate:12,PUBCHEM.COMPOUND:52924335,MONDO:0008538,predicate:20,HP:0003565,0.0
model_10.pt,CHEBI:190239,predicate:11,HMDB:HMDB0072989,MONDO:0008538,predicate:20,HP:0003565,0.0
model_10.pt,CHEBI:135278,predicate:22,MONDO:0005559,MONDO:0008538,predicate:20,HP:0003565,0.0
model_10.pt,CHEBI:47040,predicate:15,CHEBI:146256,MONDO:0008538,predicate:20,HP:0003565,0.0
model_10.pt,CHEMBL.COMPOUND:CHEMBL4747062,predicate:0,CHEBI:71479,MONDO:0008538,predicate:20,HP:0003565,0.0
model_10.pt,CHEBI:42371,predicate:17,CHEBI:135736,MONDO:0008538,predicate:20,HP:0003565,0.0
model_10.pt,CHEBI:143114,predicate:1,CHEBI:125432,MONDO:0008538,predicate:20,HP:0003565,0.0
model_10.pt,CHEBI:185767,predicate:1,CHEBI:16264,MONDO:0008538,predicate:20,HP:0003565,0.0
model_10.pt,CHEBI:109317,predicate:14,CHEBI:170587,MONDO:0008538,predicate:20,HP:0003565,0.0
model_10.pt,CHEMBL.COMPOUND:CHEMBL4877928,predicate:1,PUBCHEM.COMPOUND:130363355,MONDO:0008538,predicate:20,HP:0003565,0.0
model_10.pt,CHEBI:136073,predicate:10,MONDO:0007263,MONDO:0008538,predicate:20,HP:0003565,0.0
model_10.pt,PUBCHEM.COMPOUND:131762323,predicate:13,CHEBI:149534,MONDO:0008538,predicate:20,HP:0003565,0.0
model_10.pt,PUBCHEM.COMPOUND:54325967,predicate:0,CHEBI:149800,MONDO:0008538,predicate:20,HP:0003565,0.0
model_10.pt,HP:0000021,predicate:0,CHEBI:167578,MONDO:0008538,predicate:20,HP:0003565,0.0
model_10.pt,CHEMBL.COMPOUND:CHEMBL4782467,predicate:15,CHEBI:134948,MONDO:0008538,predicate:20,HP:0003565,0.0
model_10.pt,NCBIGene:23163,predicate:18,NCBIGene:100528017,MONDO:0008538,predicate:20,HP:0003565,0.0
model_10.pt,CHEBI:142271,predicate:1,CHEBI:192396,MONDO:0008538,predicate:20,HP:0003565,0.0
model_10.pt,CHEBI:146285,predicate:12,PUBCHEM.COMPOUND:53478731,MONDO:0008538,predicate:20,HP:0003565,0.0
model_10.pt,CHEBI:136073,predicate:15,CHEBI:125586,MONDO:0008538,predicate:20,HP:0003565,0.0
model_10.pt,CHEMBL.COMPOUND:CHEMBL596806,predicate:20,HP:0000253,MONDO:0008538,predicate:20,HP:0003565,10.969167709350586
model_10.pt,NCBIGene:838170,predicate:13,CHEBI:75099,MONDO:0008538,predicate:20,HP:0003565,0.0
model_10.pt,PUBCHEM.COMPOUND:117859783,predicate:11,PUBCHEM.COMPOUND:10525997,MONDO:0008538,predicate:20,HP:0003565,0.0
model_10.pt,PUBCHEM.COMPOUND:127036977,predicate:0,CHEBI:103739,MONDO:0008538,predicate:20,HP:0003565,0.0
model_10.pt,PUBCHEM.COMPOUND:44433263,predicate:0,CHEBI:119893,MONDO:0008538,predicate:20,HP:0003565,0.0
model_10.pt,CHEBI:3914,predicate:15,CHEBI:190153,MONDO:0008538,predicate:20,HP:0003565,0.0
model_10.pt,PUBCHEM.COMPOUND:44314087,predicate:0,CHEBI:140407,MONDO:0008538,predicate:20,HP:0003565,0.0
model_10.pt,PUBCHEM.COMPOUND:25093440,predicate:0,CHEBI:113553,MONDO:0008538,predicate:20,HP:0003565,0.0
model_10.pt,CHEBI:65179,predicate:11,PUBCHEM.COMPOUND:11274029,MONDO:0008538,predicate:20,HP:0003565,0.0
model_10.pt,CHEBI:71580,predicate:22,MONDO:0005068,MONDO:0008538,predicate:20,HP:0003565,0.0
model_10.pt,CHEBI:190006,predicate:14,PUBCHEM.COMPOUND:118471641,MONDO:0008538,predicate:20,HP:0003565,0.0
model_10.pt,PUBCHEM.COMPOUND:59268935,predicate:0,CHEBI:113373,MONDO:0008538,predicate:20,HP:0003565,0.0
model_10.pt,CHEBI:157642,predicate:1,PUBCHEM.COMPOUND:130345144,MONDO:0008538,predicate:20,HP:0003565,0.0
model_10.pt,PUBCHEM.COMPOUND:57395067,predicate:0,CHEBI:167320,MONDO:0008538,predicate:20,HP:0003565,0.0
model_10.pt,PUBCHEM.COMPOUND:2744597,predicate:11,PUBCHEM.COMPOUND:2930224,MONDO:0008538,predicate:20,HP:0003565,0.0
model_10.pt,CHEBI:137225,predicate:17,CHEBI:131804,MONDO:0008538,predicate:20,HP:0003565,0.0
model_10.pt,CHEBI:111166,predicate:1,CHEBI:93303,MONDO:0008538,predicate:20,HP:0003565,0.0
model_10.pt,MONDO:0013171,predicate:20,MONDO:0001071,MONDO:0008538,predicate:20,HP:0003565,28.99898338317871
model_10.pt,CHEBI:143170,predicate:1,CHEBI:166778,MONDO:0008538,predicate:20,HP:0003565,0.0
model_10.pt,CHEBI:51561,predicate:2,HP:0001945,MONDO:0008538,predicate:20,HP:0003565,0.0
model_10.pt,UNII:5M691HL4BO,predicate:23,HP:0001288,MONDO:0008538,predicate:20,HP:0003565,0.0
model_10.pt,MONDO:0011122,predicate:18,CHEBI:132752,MONDO:0008538,predicate:20,HP:0003565,0.0
model_10.pt,PUBCHEM.COMPOUND:10314049,predicate:13,CHEBI:18086,MONDO:0008538,predicate:20,HP:0003565,0.0
model_10.pt,CHEBI:144357,predicate:20,HP:0002857,MONDO:0008538,predicate:20,HP:0003565,44.65836334228516
model_10.pt,CHEBI:16207,predicate:15,CHEBI:129768,MONDO:0008538,predicate:20,HP:0003565,0.0
model_10.pt,CHEBI:139081,predicate:20,HP:0010864,MONDO:0008538,predicate:20,HP:0003565,6.756194114685059
model_10.pt,PUBCHEM.COMPOUND:5702107,predicate:3,CHEBI:109116,MONDO:0008538,predicate:20,HP:0003565,0.0
model_10.pt,CHEBI:71289,predicate:17,CHEBI:180867,MONDO:0008538,predicate:20,HP:0003565,0.0
model_10.pt,PUBCHEM.COMPOUND:9834864,predicate:21,CHEBI:113373,MONDO:0008538,predicate:20,HP:0003565,0.0
model_10.pt,PUBCHEM.COMPOUND:44431492,predicate:18,CHEBI:121826,MONDO:0008538,predicate:20,HP:0003565,0.0
model_10.pt,PUBCHEM.COMPOUND:10432760,predicate:25,CHEBI:166658,MONDO:0008538,predicate:20,HP:0003565,0.0
model_10.pt,PUBCHEM.COMPOUND:25015107,predicate:0,CHEBI:127989,MONDO:0008538,predicate:20,HP:0003565,0.0
model_10.pt,PUBCHEM.COMPOUND:131757266,predicate:13,MONDO:0006749,MONDO:0008538,predicate:20,HP:0003565,0.0
model_10.pt,CHEBI:72619,predicate:1,CHEBI:196198,MONDO:0008538,predicate:20,HP:0003565,0.0
model_10.pt,CHEBI:71600,predicate:1,HMDB:HMDB0009929,MONDO:0008538,predicate:20,HP:0003565,0.0
model_10.pt,CHEBI:184579,predicate:11,CHEBI:144250,MONDO:0008538,predicate:20,HP:0003565,0.0
model_10.pt,CHEBI:88497,predicate:1,CHEBI:144822,MONDO:0008538,predicate:20,HP:0003565,0.0
model_10.pt,CHEBI:15040,predicate:16,MONDO:0013171,MONDO:0008538,predicate:20,HP:0003565,0.0
model_10.pt,MONDO:0005272,predicate:1,CHEBI:18262,MONDO:0008538,predicate:20,HP:0003565,0.0
model_10.pt,CHEBI:126004,predicate:17,CHEBI:175375,MONDO:0008538,predicate:20,HP:0003565,0.0
model_10.pt,MONDO:0035764,predicate:1,HMDB:HMDB0083268,MONDO:0008538,predicate:20,HP:0003565,0.0
model_10.pt,PUBCHEM.COMPOUND:155512592,predicate:0,CHEBI:103843,MONDO:0008538,predicate:20,HP:0003565,0.0
model_10.pt,CHEBI:15490,predicate:15,CHEBI:170609,MONDO:0008538,predicate:20,HP:0003565,0.0
model_10.pt,CHEBI:138520,predicate:28,CHEBI:171141,MONDO:0008538,predicate:20,HP:0003565,0.0
model_10.pt,CHEBI:131557,predicate:1,CHEBI:73731,MONDO:0008538,predicate:20,HP:0003565,0.0
model_10.pt,CHEBI:134948,predicate:22,MONDO:0000831,MONDO:0008538,predicate:20,HP:0003565,0.0
model_10.pt,PUBCHEM.COMPOUND:10578760,predicate:0,CHEBI:92697,MONDO:0008538,predicate:20,HP:0003565,0.0
model_10.pt,HMDB:HMDB0076696,predicate:17,CHEBI:170784,MONDO:0008538,predicate:20,HP:0003565,0.0
model_10.pt,MONDO:0859265,predicate:3,CHEBI:176304,MONDO:0008538,predicate:20,HP:0003565,0.0
model_10.pt,CHEBI:113553,predicate:1,HMDB:HMDB0077232,MONDO:0008538,predicate:20,HP:0003565,0.0
model_10.pt,PUBCHEM.COMPOUND:137226420,predicate:0,CHEBI:109116,MONDO:0008538,predicate:20,HP:0003565,0.0
model_10.pt,MONDO:0010691,predicate:20,HP:0007957,MONDO:0008538,predicate:20,HP:0003565,4.672896385192871
model_10.pt,CHEMBL.COMPOUND:CHEMBL536308,predicate:1,CHEBI:163814,MONDO:0008538,predicate:20,HP:0003565,0.0
model_10.pt,CHEBI:83370,predicate:16,CHEBI:72635,MONDO:0008538,predicate:20,HP:0003565,0.0
model_10.pt,PUBCHEM.COMPOUND:122196132,predicate:0,CHEBI:172159,MONDO:0008538,predicate:20,HP:0003565,0.0
model_10.pt,MONDO:0011730,predicate:1,CHEMBL.COMPOUND:CHEMBL54465,MONDO:0008538,predicate:20,HP:0003565,0.0
model_10.pt,MONDO:0011840,predicate:1,CHEBI:139280,MONDO:0008538,predicate:20,HP:0003565,0.0
model_10.pt,CHEBI:17482,predicate:23,MONDO:0001382,MONDO:0008538,predicate:20,HP:0003565,0.0
model_10.pt,PUBCHEM.COMPOUND:25263321,predicate:11,PUBCHEM.COMPOUND:3003511,MONDO:0008538,predicate:20,HP:0003565,0.0
model_10.pt,PUBCHEM.COMPOUND:10216381,predicate:11,PUBCHEM.COMPOUND:10431492,MONDO:0008538,predicate:20,HP:0003565,0.0
model_10.pt,NCBIGene:820781,predicate:12,PUBCHEM.COMPOUND:131761197,MONDO:0008538,predicate:20,HP:0003565,0.0
model_10.pt,CHEBI:51068,predicate:17,HMDB:HMDB0009399,MONDO:0008538,predicate:20,HP:0003565,0.0
model_10.pt,CHEBI:9330,predicate:22,MONDO:0005011,MONDO:0008538,predicate:20,HP:0003565,0.0
model_10.pt,PUBCHEM.COMPOUND:10048208,predicate:26,CHEMBL.COMPOUND:CHEMBL151630,MONDO:0008538,predicate:20,HP:0003565,0.0
model_10.pt,PUBCHEM.COMPOUND:44176335,predicate:0,CHEBI:105317,MONDO:0008538,predicate:20,HP:0003565,0.0
model_10.pt,PUBCHEM.COMPOUND:49864838,predicate:18,CHEBI:109533,MONDO:0008538,predicate:20,HP:0003565,0.0
model_10.pt,CHEBI:185985,predicate:16,CHEBI:70967,MONDO:0008538,predicate:20,HP:0003565,0.0
model_10.pt,CHEMBL.COMPOUND:CHEMBL4798272,predicate:15,CHEBI:167641,MONDO:0008538,predicate:20,HP:0003565,0.0
model_10.pt,PUBCHEM.COMPOUND:126739109,predicate:11,MONDO:0006996,MONDO:0008538,predicate:20,HP:0003565,0.0
model_10.pt,MONDO:0012176,predicate:20,HP:0003028,CHEBI:128999,predicate:1,CHEBI:129103,0.0
model_10.pt,CHEBI:16959,predicate:17,CHEBI:172284,CHEBI:128999,predicate:1,CHEBI:129103,0.0
model_10.pt,PUBCHEM.COMPOUND:68020555,predicate:0,PUBCHEM.COMPOUND:44459583,CHEBI:128999,predicate:1,CHEBI:129103,0.0
model_10.pt,PUBCHEM.COMPOUND:137636752,predicate:0,CHEBI:134753,CHEBI:128999,predicate:1,CHEBI:129103,0.0
model_10.pt,PUBCHEM.COMPOUND:124221273,predicate:23,MONDO:0015691,CHEBI:128999,predicate:1,CHEBI:129103,0.0
model_10.pt,PUBCHEM.COMPOUND:130200977,predicate:18,CHEBI:144991,CHEBI:128999,predicate:1,CHEBI:129103,0.0
model_10.pt,MONDO:0005044,predicate:11,MONDO:0056796,CHEBI:128999,predicate:1,CHEBI:129103,0.0
model_10.pt,CHEBI:16592,predicate:41,CHEBI:114693,CHEBI:128999,predicate:1,CHEBI:129103,0.0
model_10.pt,CHEBI:166772,predicate:15,CHEBI:175537,CHEBI:128999,predicate:1,CHEBI:129103,0.0
model_10.pt,DRUGBANK:DB11158,predicate:2,MONDO:0005147,CHEBI:128999,predicate:1,CHEBI:129103,0.0
model_10.pt,CHEBI:145008,predicate:2,MONDO:0001076,CHEBI:128999,predicate:1,CHEBI:129103,0.0
model_10.pt,CHEBI:172333,predicate:11,CHEBI:84017,CHEBI:128999,predicate:1,CHEBI:129103,0.0
model_10.pt,CHEBI:188563,predicate:12,PUBCHEM.COMPOUND:52924335,CHEBI:128999,predicate:1,CHEBI:129103,0.0
model_10.pt,CHEBI:190239,predicate:11,HMDB:HMDB0072989,CHEBI:128999,predicate:1,CHEBI:129103,0.0
model_10.pt,CHEBI:135278,predicate:22,MONDO:0005559,CHEBI:128999,predicate:1,CHEBI:129103,0.0
model_10.pt,CHEBI:47040,predicate:15,CHEBI:146256,CHEBI:128999,predicate:1,CHEBI:129103,0.0
model_10.pt,CHEMBL.COMPOUND:CHEMBL4747062,predicate:0,CHEBI:71479,CHEBI:128999,predicate:1,CHEBI:129103,0.0
model_10.pt,CHEBI:42371,predicate:17,CHEBI:135736,CHEBI:128999,predicate:1,CHEBI:129103,0.0
model_10.pt,CHEBI:143114,predicate:1,CHEBI:125432,CHEBI:128999,predicate:1,CHEBI:129103,-20.32233619689941
model_10.pt,CHEBI:185767,predicate:1,CHEBI:16264,CHEBI:128999,predicate:1,CHEBI:129103,-33.08588790893555
model_10.pt,CHEBI:109317,predicate:14,CHEBI:170587,CHEBI:128999,predicate:1,CHEBI:129103,0.0
model_10.pt,CHEMBL.COMPOUND:CHEMBL4877928,predicate:1,PUBCHEM.COMPOUND:130363355,CHEBI:128999,predicate:1,CHEBI:129103,-23.15777969360352
model_10.pt,CHEBI:136073,predicate:10,MONDO:0007263,CHEBI:128999,predicate:1,CHEBI:129103,0.0
model_10.pt,PUBCHEM.COMPOUND:131762323,predicate:13,CHEBI:149534,CHEBI:128999,predicate:1,CHEBI:129103,0.0
model_10.pt,PUBCHEM.COMPOUND:54325967,predicate:0,CHEBI:149800,CHEBI:128999,predicate:1,CHEBI:129103,0.0
model_10.pt,HP:0000021,predicate:0,CHEBI:167578,CHEBI:128999,predicate:1,CHEBI:129103,0.0
model_10.pt,CHEMBL.COMPOUND:CHEMBL4782467,predicate:15,CHEBI:134948,CHEBI:128999,predicate:1,CHEBI:129103,0.0
model_10.pt,NCBIGene:23163,predicate:18,NCBIGene:100528017,CHEBI:128999,predicate:1,CHEBI:129103,0.0
model_10.pt,CHEBI:142271,predicate:1,CHEBI:192396,CHEBI:128999,predicate:1,CHEBI:129103,50.25960159301758
model_10.pt,CHEBI:146285,predicate:12,PUBCHEM.COMPOUND:53478731,CHEBI:128999,predicate:1,CHEBI:129103,0.0
model_10.pt,CHEBI:136073,predicate:15,CHEBI:125586,CHEBI:128999,predicate:1,CHEBI:129103,0.0
model_10.pt,CHEMBL.COMPOUND:CHEMBL596806,predicate:20,HP:0000253,CHEBI:128999,predicate:1,CHEBI:129103,0.0
model_10.pt,NCBIGene:838170,predicate:13,CHEBI:75099,CHEBI:128999,predicate:1,CHEBI:129103,0.0
model_10.pt,PUBCHEM.COMPOUND:117859783,predicate:11,PUBCHEM.COMPOUND:10525997,CHEBI:128999,predicate:1,CHEBI:129103,0.0
model_10.pt,PUBCHEM.COMPOUND:127036977,predicate:0,CHEBI:103739,CHEBI:128999,predicate:1,CHEBI:129103,0.0
model_10.pt,PUBCHEM.COMPOUND:44433263,predicate:0,CHEBI:119893,CHEBI:128999,predicate:1,CHEBI:129103,0.0
model_10.pt,CHEBI:3914,predicate:15,CHEBI:190153,CHEBI:128999,predicate:1,CHEBI:129103,0.0
model_10.pt,PUBCHEM.COMPOUND:44314087,predicate:0,CHEBI:140407,CHEBI:128999,predicate:1,CHEBI:129103,0.0
model_10.pt,PUBCHEM.COMPOUND:25093440,predicate:0,CHEBI:113553,CHEBI:128999,predicate:1,CHEBI:129103,0.0
model_10.pt,CHEBI:65179,predicate:11,PUBCHEM.COMPOUND:11274029,CHEBI:128999,predicate:1,CHEBI:129103,0.0
model_10.pt,CHEBI:71580,predicate:22,MONDO:0005068,CHEBI:128999,predicate:1,CHEBI:129103,0.0
model_10.pt,CHEBI:190006,predicate:14,PUBCHEM.COMPOUND:118471641,CHEBI:128999,predicate:1,CHEBI:129103,0.0
model_10.pt,PUBCHEM.COMPOUND:59268935,predicate:0,CHEBI:113373,CHEBI:128999,predicate:1,CHEBI:129103,0.0
model_10.pt,CHEBI:157642,predicate:1,PUBCHEM.COMPOUND:130345144,CHEBI:128999,predicate:1,CHEBI:129103,10.672515869140623
model_10.pt,PUBCHEM.COMPOUND:57395067,predicate:0,CHEBI:167320,CHEBI:128999,predicate:1,CHEBI:129103,0.0
model_10.pt,PUBCHEM.COMPOUND:2744597,predicate:11,PUBCHEM.COMPOUND:2930224,CHEBI:128999,predicate:1,CHEBI:129103,0.0
model_10.pt,CHEBI:137225,predicate:17,CHEBI:131804,CHEBI:128999,predicate:1,CHEBI:129103,0.0
model_10.pt,CHEBI:111166,predicate:1,CHEBI:93303,CHEBI:128999,predicate:1,CHEBI:129103,-59.04693984985352
model_10.pt,MONDO:0013171,predicate:20,MONDO:0001071,CHEBI:128999,predicate:1,CHEBI:129103,0.0
model_10.pt,CHEBI:143170,predicate:1,CHEBI:166778,CHEBI:128999,predicate:1,CHEBI:129103,-16.18851089477539
model_10.pt,CHEBI:51561,predicate:2,HP:0001945,CHEBI:128999,predicate:1,CHEBI:129103,0.0
model_10.pt,UNII:5M691HL4BO,predicate:23,HP:0001288,CHEBI:128999,predicate:1,CHEBI:129103,0.0
model_10.pt,MONDO:0011122,predicate:18,CHEBI:132752,CHEBI:128999,predicate:1,CHEBI:129103,0.0
model_10.pt,PUBCHEM.COMPOUND:10314049,predicate:13,CHEBI:18086,CHEBI:128999,predicate:1,CHEBI:129103,0.0
model_10.pt,CHEBI:144357,predicate:20,HP:0002857,CHEBI:128999,predicate:1,CHEBI:129103,0.0
model_10.pt,CHEBI:16207,predicate:15,CHEBI:129768,CHEBI:128999,predicate:1,CHEBI:129103,0.0
model_10.pt,CHEBI:139081,predicate:20,HP:0010864,CHEBI:128999,predicate:1,CHEBI:129103,0.0
model_10.pt,PUBCHEM.COMPOUND:5702107,predicate:3,CHEBI:109116,CHEBI:128999,predicate:1,CHEBI:129103,0.0
model_10.pt,CHEBI:71289,predicate:17,CHEBI:180867,CHEBI:128999,predicate:1,CHEBI:129103,0.0
model_10.pt,PUBCHEM.COMPOUND:9834864,predicate:21,CHEBI:113373,CHEBI:128999,predicate:1,CHEBI:129103,0.0
model_10.pt,PUBCHEM.COMPOUND:44431492,predicate:18,CHEBI:121826,CHEBI:128999,predicate:1,CHEBI:129103,0.0
model_10.pt,PUBCHEM.COMPOUND:10432760,predicate:25,CHEBI:166658,CHEBI:128999,predicate:1,CHEBI:129103,0.0
model_10.pt,PUBCHEM.COMPOUND:25015107,predicate:0,CHEBI:127989,CHEBI:128999,predicate:1,CHEBI:129103,0.0
model_10.pt,PUBCHEM.COMPOUND:131757266,predicate:13,MONDO:0006749,CHEBI:128999,predicate:1,CHEBI:129103,0.0
model_10.pt,CHEBI:72619,predicate:1,CHEBI:196198,CHEBI:128999,predicate:1,CHEBI:129103,43.02917098999024
model_10.pt,CHEBI:71600,predicate:1,HMDB:HMDB0009929,CHEBI:128999,predicate:1,CHEBI:129103,21.296640396118164
model_10.pt,CHEBI:184579,predicate:11,CHEBI:144250,CHEBI:128999,predicate:1,CHEBI:129103,0.0
model_10.pt,CHEBI:88497,predicate:1,CHEBI:144822,CHEBI:128999,predicate:1,CHEBI:129103,12.38727855682373
model_10.pt,CHEBI:15040,predicate:16,MONDO:0013171,CHEBI:128999,predicate:1,CHEBI:129103,0.0
model_10.pt,MONDO:0005272,predicate:1,CHEBI:18262,CHEBI:128999,predicate:1,CHEBI:129103,13.584083557128906
model_10.pt,CHEBI:126004,predicate:17,CHEBI:175375,CHEBI:128999,predicate:1,CHEBI:129103,0.0
model_10.pt,MONDO:0035764,predicate:1,HMDB:HMDB0083268,CHEBI:128999,predicate:1,CHEBI:129103,0.8964958190917969
model_10.pt,PUBCHEM.COMPOUND:155512592,predicate:0,CHEBI:103843,CHEBI:128999,predicate:1,CHEBI:129103,0.0
model_10.pt,CHEBI:15490,predicate:15,CHEBI:170609,CHEBI:128999,predicate:1,CHEBI:129103,0.0
model_10.pt,CHEBI:138520,predicate:28,CHEBI:171141,CHEBI:128999,predicate:1,CHEBI:129103,0.0
model_10.pt,CHEBI:131557,predicate:1,CHEBI:73731,CHEBI:128999,predicate:1,CHEBI:129103,16.821611404418945
model_10.pt,CHEBI:134948,predicate:22,MONDO:0000831,CHEBI:128999,predicate:1,CHEBI:129103,0.0
model_10.pt,PUBCHEM.COMPOUND:10578760,predicate:0,CHEBI:92697,CHEBI:128999,predicate:1,CHEBI:129103,0.0
model_10.pt,HMDB:HMDB0076696,predicate:17,CHEBI:170784,CHEBI:128999,predicate:1,CHEBI:129103,0.0
model_10.pt,MONDO:0859265,predicate:3,CHEBI:176304,CHEBI:128999,predicate:1,CHEBI:129103,0.0
model_10.pt,CHEBI:113553,predicate:1,HMDB:HMDB0077232,CHEBI:128999,predicate:1,CHEBI:129103,-84.48902893066406
model_10.pt,PUBCHEM.COMPOUND:137226420,predicate:0,CHEBI:109116,CHEBI:128999,predicate:1,CHEBI:129103,0.0
model_10.pt,MONDO:0010691,predicate:20,HP:0007957,CHEBI:128999,predicate:1,CHEBI:129103,0.0
model_10.pt,CHEMBL.COMPOUND:CHEMBL536308,predicate:1,CHEBI:163814,CHEBI:128999,predicate:1,CHEBI:129103,-13.250771522521973
model_10.pt,CHEBI:83370,predicate:16,CHEBI:72635,CHEBI:128999,predicate:1,CHEBI:129103,0.0
model_10.pt,PUBCHEM.COMPOUND:122196132,predicate:0,CHEBI:172159,CHEBI:128999,predicate:1,CHEBI:129103,0.0
model_10.pt,MONDO:0011730,predicate:1,CHEMBL.COMPOUND:CHEMBL54465,CHEBI:128999,predicate:1,CHEBI:129103,51.41496276855469
model_10.pt,MONDO:0011840,predicate:1,CHEBI:139280,CHEBI:128999,predicate:1,CHEBI:129103,-2.365167617797852
model_10.pt,CHEBI:17482,predicate:23,MONDO:0001382,CHEBI:128999,predicate:1,CHEBI:129103,0.0
model_10.pt,PUBCHEM.COMPOUND:25263321,predicate:11,PUBCHEM.COMPOUND:3003511,CHEBI:128999,predicate:1,CHEBI:129103,0.0
model_10.pt,PUBCHEM.COMPOUND:10216381,predicate:11,PUBCHEM.COMPOUND:10431492,CHEBI:128999,predicate:1,CHEBI:129103,0.0
model_10.pt,NCBIGene:820781,predicate:12,PUBCHEM.COMPOUND:131761197,CHEBI:128999,predicate:1,CHEBI:129103,0.0
model_10.pt,CHEBI:51068,predicate:17,HMDB:HMDB0009399,CHEBI:128999,predicate:1,CHEBI:129103,0.0
model_10.pt,CHEBI:9330,predicate:22,MONDO:0005011,CHEBI:128999,predicate:1,CHEBI:129103,0.0
model_10.pt,PUBCHEM.COMPOUND:10048208,predicate:26,CHEMBL.COMPOUND:CHEMBL151630,CHEBI:128999,predicate:1,CHEBI:129103,0.0
model_10.pt,PUBCHEM.COMPOUND:44176335,predicate:0,CHEBI:105317,CHEBI:128999,predicate:1,CHEBI:129103,0.0
model_10.pt,PUBCHEM.COMPOUND:49864838,predicate:18,CHEBI:109533,CHEBI:128999,predicate:1,CHEBI:129103,0.0
model_10.pt,CHEBI:185985,predicate:16,CHEBI:70967,CHEBI:128999,predicate:1,CHEBI:129103,0.0
model_10.pt,CHEMBL.COMPOUND:CHEMBL4798272,predicate:15,CHEBI:167641,CHEBI:128999,predicate:1,CHEBI:129103,0.0
model_10.pt,PUBCHEM.COMPOUND:126739109,predicate:11,MONDO:0006996,CHEBI:128999,predicate:1,CHEBI:129103,0.0
model_10.pt,MONDO:0012176,predicate:20,HP:0003028,CHEBI:15632,predicate:23,HP:0002239,0.0
model_10.pt,CHEBI:16959,predicate:17,CHEBI:172284,CHEBI:15632,predicate:23,HP:0002239,0.0
model_10.pt,PUBCHEM.COMPOUND:68020555,predicate:0,PUBCHEM.COMPOUND:44459583,CHEBI:15632,predicate:23,HP:0002239,0.0
model_10.pt,PUBCHEM.COMPOUND:137636752,predicate:0,CHEBI:134753,CHEBI:15632,predicate:23,HP:0002239,0.0
model_10.pt,PUBCHEM.COMPOUND:124221273,predicate:23,MONDO:0015691,CHEBI:15632,predicate:23,HP:0002239,54.90258026123047
model_10.pt,PUBCHEM.COMPOUND:130200977,predicate:18,CHEBI:144991,CHEBI:15632,predicate:23,HP:0002239,0.0
model_10.pt,MONDO:0005044,predicate:11,MONDO:0056796,CHEBI:15632,predicate:23,HP:0002239,0.0
model_10.pt,CHEBI:16592,predicate:41,CHEBI:114693,CHEBI:15632,predicate:23,HP:0002239,0.0
model_10.pt,CHEBI:166772,predicate:15,CHEBI:175537,CHEBI:15632,predicate:23,HP:0002239,0.0
model_10.pt,DRUGBANK:DB11158,predicate:2,MONDO:0005147,CHEBI:15632,predicate:23,HP:0002239,0.0
model_10.pt,CHEBI:145008,predicate:2,MONDO:0001076,CHEBI:15632,predicate:23,HP:0002239,0.0
model_10.pt,CHEBI:172333,predicate:11,CHEBI:84017,CHEBI:15632,predicate:23,HP:0002239,0.0
model_10.pt,CHEBI:188563,predicate:12,PUBCHEM.COMPOUND:52924335,CHEBI:15632,predicate:23,HP:0002239,0.0
model_10.pt,CHEBI:190239,predicate:11,HMDB:HMDB0072989,CHEBI:15632,predicate:23,HP:0002239,0.0
model_10.pt,CHEBI:135278,predicate:22,MONDO:0005559,CHEBI:15632,predicate:23,HP:0002239,0.0
model_10.pt,CHEBI:47040,predicate:15,CHEBI:146256,CHEBI:15632,predicate:23,HP:0002239,0.0
model_10.pt,CHEMBL.COMPOUND:CHEMBL4747062,predicate:0,CHEBI:71479,CHEBI:15632,predicate:23,HP:0002239,0.0
model_10.pt,CHEBI:42371,predicate:17,CHEBI:135736,CHEBI:15632,predicate:23,HP:0002239,0.0
model_10.pt,CHEBI:143114,predicate:1,CHEBI:125432,CHEBI:15632,predicate:23,HP:0002239,0.0
model_10.pt,CHEBI:185767,predicate:1,CHEBI:16264,CHEBI:15632,predicate:23,HP:0002239,0.0
model_10.pt,CHEBI:109317,predicate:14,CHEBI:170587,CHEBI:15632,predicate:23,HP:0002239,0.0
model_10.pt,CHEMBL.COMPOUND:CHEMBL4877928,predicate:1,PUBCHEM.COMPOUND:130363355,CHEBI:15632,predicate:23,HP:0002239,0.0
model_10.pt,CHEBI:136073,predicate:10,MONDO:0007263,CHEBI:15632,predicate:23,HP:0002239,0.0
model_10.pt,PUBCHEM.COMPOUND:131762323,predicate:13,CHEBI:149534,CHEBI:15632,predicate:23,HP:0002239,0.0
model_10.pt,PUBCHEM.COMPOUND:54325967,predicate:0,CHEBI:149800,CHEBI:15632,predicate:23,HP:0002239,0.0
model_10.pt,HP:0000021,predicate:0,CHEBI:167578,CHEBI:15632,predicate:23,HP:0002239,0.0
model_10.pt,CHEMBL.COMPOUND:CHEMBL4782467,predicate:15,CHEBI:134948,CHEBI:15632,predicate:23,HP:0002239,0.0
model_10.pt,NCBIGene:23163,predicate:18,NCBIGene:100528017,CHEBI:15632,predicate:23,HP:0002239,0.0
model_10.pt,CHEBI:142271,predicate:1,CHEBI:192396,CHEBI:15632,predicate:23,HP:0002239,0.0
model_10.pt,CHEBI:146285,predicate:12,PUBCHEM.COMPOUND:53478731,CHEBI:15632,predicate:23,HP:0002239,0.0
model_10.pt,CHEBI:136073,predicate:15,CHEBI:125586,CHEBI:15632,predicate:23,HP:0002239,0.0
model_10.pt,CHEMBL.COMPOUND:CHEMBL596806,predicate:20,HP:0000253,CHEBI:15632,predicate:23,HP:0002239,0.0
model_10.pt,NCBIGene:838170,predicate:13,CHEBI:75099,CHEBI:15632,predicate:23,HP:0002239,0.0
model_10.pt,PUBCHEM.COMPOUND:117859783,predicate:11,PUBCHEM.COMPOUND:10525997,CHEBI:15632,predicate:23,HP:0002239,0.0
model_10.pt,PUBCHEM.COMPOUND:127036977,predicate:0,CHEBI:103739,CHEBI:15632,predicate:23,HP:0002239,0.0
model_10.pt,PUBCHEM.COMPOUND:44433263,predicate:0,CHEBI:119893,CHEBI:15632,predicate:23,HP:0002239,0.0
model_10.pt,CHEBI:3914,predicate:15,CHEBI:190153,CHEBI:15632,predicate:23,HP:0002239,0.0
model_10.pt,PUBCHEM.COMPOUND:44314087,predicate:0,CHEBI:140407,CHEBI:15632,predicate:23,HP:0002239,0.0
model_10.pt,PUBCHEM.COMPOUND:25093440,predicate:0,CHEBI:113553,CHEBI:15632,predicate:23,HP:0002239,0.0
model_10.pt,CHEBI:65179,predicate:11,PUBCHEM.COMPOUND:11274029,CHEBI:15632,predicate:23,HP:0002239,0.0
model_10.pt,CHEBI:71580,predicate:22,MONDO:0005068,CHEBI:15632,predicate:23,HP:0002239,0.0
model_10.pt,CHEBI:190006,predicate:14,PUBCHEM.COMPOUND:118471641,CHEBI:15632,predicate:23,HP:0002239,0.0
model_10.pt,PUBCHEM.COMPOUND:59268935,predicate:0,CHEBI:113373,CHEBI:15632,predicate:23,HP:0002239,0.0
model_10.pt,CHEBI:157642,predicate:1,PUBCHEM.COMPOUND:130345144,CHEBI:15632,predicate:23,HP:0002239,0.0
model_10.pt,PUBCHEM.COMPOUND:57395067,predicate:0,CHEBI:167320,CHEBI:15632,predicate:23,HP:0002239,0.0
model_10.pt,PUBCHEM.COMPOUND:2744597,predicate:11,PUBCHEM.COMPOUND:2930224,CHEBI:15632,predicate:23,HP:0002239,0.0
model_10.pt,CHEBI:137225,predicate:17,CHEBI:131804,CHEBI:15632,predicate:23,HP:0002239,0.0
model_10.pt,CHEBI:111166,predicate:1,CHEBI:93303,CHEBI:15632,predicate:23,HP:0002239,0.0
model_10.pt,MONDO:0013171,predicate:20,MONDO:0001071,CHEBI:15632,predicate:23,HP:0002239,0.0
model_10.pt,CHEBI:143170,predicate:1,CHEBI:166778,CHEBI:15632,predicate:23,HP:0002239,0.0
model_10.pt,CHEBI:51561,predicate:2,HP:0001945,CHEBI:15632,predicate:23,HP:0002239,0.0
model_10.pt,UNII:5M691HL4BO,predicate:23,HP:0001288,CHEBI:15632,predicate:23,HP:0002239,70.41957092285156
model_10.pt,MONDO:0011122,predicate:18,CHEBI:132752,CHEBI:15632,predicate:23,HP:0002239,0.0
model_10.pt,PUBCHEM.COMPOUND:10314049,predicate:13,CHEBI:18086,CHEBI:15632,predicate:23,HP:0002239,0.0
model_10.pt,CHEBI:144357,predicate:20,HP:0002857,CHEBI:15632,predicate:23,HP:0002239,0.0
model_10.pt,CHEBI:16207,predicate:15,CHEBI:129768,CHEBI:15632,predicate:23,HP:0002239,0.0
model_10.pt,CHEBI:139081,predicate:20,HP:0010864,CHEBI:15632,predicate:23,HP:0002239,0.0
model_10.pt,PUBCHEM.COMPOUND:5702107,predicate:3,CHEBI:109116,CHEBI:15632,predicate:23,HP:0002239,0.0
model_10.pt,CHEBI:71289,predicate:17,CHEBI:180867,CHEBI:15632,predicate:23,HP:0002239,0.0
model_10.pt,PUBCHEM.COMPOUND:9834864,predicate:21,CHEBI:113373,CHEBI:15632,predicate:23,HP:0002239,0.0
model_10.pt,PUBCHEM.COMPOUND:44431492,predicate:18,CHEBI:121826,CHEBI:15632,predicate:23,HP:0002239,0.0
model_10.pt,PUBCHEM.COMPOUND:10432760,predicate:25,CHEBI:166658,CHEBI:15632,predicate:23,HP:0002239,0.0
model_10.pt,PUBCHEM.COMPOUND:25015107,predicate:0,CHEBI:127989,CHEBI:15632,predicate:23,HP:0002239,0.0
model_10.pt,PUBCHEM.COMPOUND:131757266,predicate:13,MONDO:0006749,CHEBI:15632,predicate:23,HP:0002239,0.0
model_10.pt,CHEBI:72619,predicate:1,CHEBI:196198,CHEBI:15632,predicate:23,HP:0002239,0.0
model_10.pt,CHEBI:71600,predicate:1,HMDB:HMDB0009929,CHEBI:15632,predicate:23,HP:0002239,0.0
model_10.pt,CHEBI:184579,predicate:11,CHEBI:144250,CHEBI:15632,predicate:23,HP:0002239,0.0
model_10.pt,CHEBI:88497,predicate:1,CHEBI:144822,CHEBI:15632,predicate:23,HP:0002239,0.0
model_10.pt,CHEBI:15040,predicate:16,MONDO:0013171,CHEBI:15632,predicate:23,HP:0002239,0.0
model_10.pt,MONDO:0005272,predicate:1,CHEBI:18262,CHEBI:15632,predicate:23,HP:0002239,0.0
model_10.pt,CHEBI:126004,predicate:17,CHEBI:175375,CHEBI:15632,predicate:23,HP:0002239,0.0
model_10.pt,MONDO:0035764,predicate:1,HMDB:HMDB0083268,CHEBI:15632,predicate:23,HP:0002239,0.0
model_10.pt,PUBCHEM.COMPOUND:155512592,predicate:0,CHEBI:103843,CHEBI:15632,predicate:23,HP:0002239,0.0
model_10.pt,CHEBI:15490,predicate:15,CHEBI:170609,CHEBI:15632,predicate:23,HP:0002239,0.0
model_10.pt,CHEBI:138520,predicate:28,CHEBI:171141,CHEBI:15632,predicate:23,HP:0002239,0.0
model_10.pt,CHEBI:131557,predicate:1,CHEBI:73731,CHEBI:15632,predicate:23,HP:0002239,0.0
model_10.pt,CHEBI:134948,predicate:22,MONDO:0000831,CHEBI:15632,predicate:23,HP:0002239,0.0
model_10.pt,PUBCHEM.COMPOUND:10578760,predicate:0,CHEBI:92697,CHEBI:15632,predicate:23,HP:0002239,0.0
model_10.pt,HMDB:HMDB0076696,predicate:17,CHEBI:170784,CHEBI:15632,predicate:23,HP:0002239,0.0
model_10.pt,MONDO:0859265,predicate:3,CHEBI:176304,CHEBI:15632,predicate:23,HP:0002239,0.0
model_10.pt,CHEBI:113553,predicate:1,HMDB:HMDB0077232,CHEBI:15632,predicate:23,HP:0002239,0.0
model_10.pt,PUBCHEM.COMPOUND:137226420,predicate:0,CHEBI:109116,CHEBI:15632,predicate:23,HP:0002239,0.0
model_10.pt,MONDO:0010691,predicate:20,HP:0007957,CHEBI:15632,predicate:23,HP:0002239,0.0
model_10.pt,CHEMBL.COMPOUND:CHEMBL536308,predicate:1,CHEBI:163814,CHEBI:15632,predicate:23,HP:0002239,0.0
model_10.pt,CHEBI:83370,predicate:16,CHEBI:72635,CHEBI:15632,predicate:23,HP:0002239,0.0
model_10.pt,PUBCHEM.COMPOUND:122196132,predicate:0,CHEBI:172159,CHEBI:15632,predicate:23,HP:0002239,0.0
model_10.pt,MONDO:0011730,predicate:1,CHEMBL.COMPOUND:CHEMBL54465,CHEBI:15632,predicate:23,HP:0002239,0.0
model_10.pt,MONDO:0011840,predicate:1,CHEBI:139280,CHEBI:15632,predicate:23,HP:0002239,0.0
model_10.pt,CHEBI:17482,predicate:23,MONDO:0001382,CHEBI:15632,predicate:23,HP:0002239,50.23437881469727
model_10.pt,PUBCHEM.COMPOUND:25263321,predicate:11,PUBCHEM.COMPOUND:3003511,CHEBI:15632,predicate:23,HP:0002239,0.0
model_10.pt,PUBCHEM.COMPOUND:10216381,predicate:11,PUBCHEM.COMPOUND:10431492,CHEBI:15632,predicate:23,HP:0002239,0.0
model_10.pt,NCBIGene:820781,predicate:12,PUBCHEM.COMPOUND:131761197,CHEBI:15632,predicate:23,HP:0002239,0.0
model_10.pt,CHEBI:51068,predicate:17,HMDB:HMDB0009399,CHEBI:15632,predicate:23,HP:0002239,0.0
model_10.pt,CHEBI:9330,predicate:22,MONDO:0005011,CHEBI:15632,predicate:23,HP:0002239,0.0
model_10.pt,PUBCHEM.COMPOUND:10048208,predicate:26,CHEMBL.COMPOUND:CHEMBL151630,CHEBI:15632,predicate:23,HP:0002239,0.0
model_10.pt,PUBCHEM.COMPOUND:44176335,predicate:0,CHEBI:105317,CHEBI:15632,predicate:23,HP:0002239,0.0
model_10.pt,PUBCHEM.COMPOUND:49864838,predicate:18,CHEBI:109533,CHEBI:15632,predicate:23,HP:0002239,0.0
model_10.pt,CHEBI:185985,predicate:16,CHEBI:70967,CHEBI:15632,predicate:23,HP:0002239,0.0
model_10.pt,CHEMBL.COMPOUND:CHEMBL4798272,predicate:15,CHEBI:167641,CHEBI:15632,predicate:23,HP:0002239,0.0
model_10.pt,PUBCHEM.COMPOUND:126739109,predicate:11,MONDO:0006996,CHEBI:15632,predicate:23,HP:0002239,0.0
model_10.pt,MONDO:0012176,predicate:20,HP:0003028,CHEBI:126466,predicate:14,CHEBI:142514,0.0
model_10.pt,CHEBI:16959,predicate:17,CHEBI:172284,CHEBI:126466,predicate:14,CHEBI:142514,0.0
model_10.pt,PUBCHEM.COMPOUND:68020555,predicate:0,PUBCHEM.COMPOUND:44459583,CHEBI:126466,predicate:14,CHEBI:142514,0.0
model_10.pt,PUBCHEM.COMPOUND:137636752,predicate:0,CHEBI:134753,CHEBI:126466,predicate:14,CHEBI:142514,0.0
model_10.pt,PUBCHEM.COMPOUND:124221273,predicate:23,MONDO:0015691,CHEBI:126466,predicate:14,CHEBI:142514,0.0
model_10.pt,PUBCHEM.COMPOUND:130200977,predicate:18,CHEBI:144991,CHEBI:126466,predicate:14,CHEBI:142514,0.0
model_10.pt,MONDO:0005044,predicate:11,MONDO:0056796,CHEBI:126466,predicate:14,CHEBI:142514,0.0
model_10.pt,CHEBI:16592,predicate:41,CHEBI:114693,CHEBI:126466,predicate:14,CHEBI:142514,0.0
model_10.pt,CHEBI:166772,predicate:15,CHEBI:175537,CHEBI:126466,predicate:14,CHEBI:142514,0.0
model_10.pt,DRUGBANK:DB11158,predicate:2,MONDO:0005147,CHEBI:126466,predicate:14,CHEBI:142514,0.0
model_10.pt,CHEBI:145008,predicate:2,MONDO:0001076,CHEBI:126466,predicate:14,CHEBI:142514,0.0
model_10.pt,CHEBI:172333,predicate:11,CHEBI:84017,CHEBI:126466,predicate:14,CHEBI:142514,0.0
model_10.pt,CHEBI:188563,predicate:12,PUBCHEM.COMPOUND:52924335,CHEBI:126466,predicate:14,CHEBI:142514,0.0
model_10.pt,CHEBI:190239,predicate:11,HMDB:HMDB0072989,CHEBI:126466,predicate:14,CHEBI:142514,0.0
model_10.pt,CHEBI:135278,predicate:22,MONDO:0005559,CHEBI:126466,predicate:14,CHEBI:142514,0.0
model_10.pt,CHEBI:47040,predicate:15,CHEBI:146256,CHEBI:126466,predicate:14,CHEBI:142514,0.0
model_10.pt,CHEMBL.COMPOUND:CHEMBL4747062,predicate:0,CHEBI:71479,CHEBI:126466,predicate:14,CHEBI:142514,0.0
model_10.pt,CHEBI:42371,predicate:17,CHEBI:135736,CHEBI:126466,predicate:14,CHEBI:142514,0.0
model_10.pt,CHEBI:143114,predicate:1,CHEBI:125432,CHEBI:126466,predicate:14,CHEBI:142514,0.0
model_10.pt,CHEBI:185767,predicate:1,CHEBI:16264,CHEBI:126466,predicate:14,CHEBI:142514,0.0
model_10.pt,CHEBI:109317,predicate:14,CHEBI:170587,CHEBI:126466,predicate:14,CHEBI:142514,9.541765213012695
model_10.pt,CHEMBL.COMPOUND:CHEMBL4877928,predicate:1,PUBCHEM.COMPOUND:130363355,CHEBI:126466,predicate:14,CHEBI:142514,0.0
model_10.pt,CHEBI:136073,predicate:10,MONDO:0007263,CHEBI:126466,predicate:14,CHEBI:142514,0.0
model_10.pt,PUBCHEM.COMPOUND:131762323,predicate:13,CHEBI:149534,CHEBI:126466,predicate:14,CHEBI:142514,0.0
model_10.pt,PUBCHEM.COMPOUND:54325967,predicate:0,CHEBI:149800,CHEBI:126466,predicate:14,CHEBI:142514,0.0
model_10.pt,HP:0000021,predicate:0,CHEBI:167578,CHEBI:126466,predicate:14,CHEBI:142514,0.0
model_10.pt,CHEMBL.COMPOUND:CHEMBL4782467,predicate:15,CHEBI:134948,CHEBI:126466,predicate:14,CHEBI:142514,0.0
model_10.pt,NCBIGene:23163,predicate:18,NCBIGene:100528017,CHEBI:126466,predicate:14,CHEBI:142514,0.0
model_10.pt,CHEBI:142271,predicate:1,CHEBI:192396,CHEBI:126466,predicate:14,CHEBI:142514,0.0
model_10.pt,CHEBI:146285,predicate:12,PUBCHEM.COMPOUND:53478731,CHEBI:126466,predicate:14,CHEBI:142514,0.0
model_10.pt,CHEBI:136073,predicate:15,CHEBI:125586,CHEBI:126466,predicate:14,CHEBI:142514,0.0
model_10.pt,CHEMBL.COMPOUND:CHEMBL596806,predicate:20,HP:0000253,CHEBI:126466,predicate:14,CHEBI:142514,0.0
model_10.pt,NCBIGene:838170,predicate:13,CHEBI:75099,CHEBI:126466,predicate:14,CHEBI:142514,0.0
model_10.pt,PUBCHEM.COMPOUND:117859783,predicate:11,PUBCHEM.COMPOUND:10525997,CHEBI:126466,predicate:14,CHEBI:142514,0.0
model_10.pt,PUBCHEM.COMPOUND:127036977,predicate:0,CHEBI:103739,CHEBI:126466,predicate:14,CHEBI:142514,0.0
model_10.pt,PUBCHEM.COMPOUND:44433263,predicate:0,CHEBI:119893,CHEBI:126466,predicate:14,CHEBI:142514,0.0
model_10.pt,CHEBI:3914,predicate:15,CHEBI:190153,CHEBI:126466,predicate:14,CHEBI:142514,0.0
model_10.pt,PUBCHEM.COMPOUND:44314087,predicate:0,CHEBI:140407,CHEBI:126466,predicate:14,CHEBI:142514,0.0
model_10.pt,PUBCHEM.COMPOUND:25093440,predicate:0,CHEBI:113553,CHEBI:126466,predicate:14,CHEBI:142514,0.0
model_10.pt,CHEBI:65179,predicate:11,PUBCHEM.COMPOUND:11274029,CHEBI:126466,predicate:14,CHEBI:142514,0.0
model_10.pt,CHEBI:71580,predicate:22,MONDO:0005068,CHEBI:126466,predicate:14,CHEBI:142514,0.0
model_10.pt,CHEBI:190006,predicate:14,PUBCHEM.COMPOUND:118471641,CHEBI:126466,predicate:14,CHEBI:142514,-13.829254150390623
model_10.pt,PUBCHEM.COMPOUND:59268935,predicate:0,CHEBI:113373,CHEBI:126466,predicate:14,CHEBI:142514,0.0
model_10.pt,CHEBI:157642,predicate:1,PUBCHEM.COMPOUND:130345144,CHEBI:126466,predicate:14,CHEBI:142514,0.0
model_10.pt,PUBCHEM.COMPOUND:57395067,predicate:0,CHEBI:167320,CHEBI:126466,predicate:14,CHEBI:142514,0.0
model_10.pt,PUBCHEM.COMPOUND:2744597,predicate:11,PUBCHEM.COMPOUND:2930224,CHEBI:126466,predicate:14,CHEBI:142514,0.0
model_10.pt,CHEBI:137225,predicate:17,CHEBI:131804,CHEBI:126466,predicate:14,CHEBI:142514,0.0
model_10.pt,CHEBI:111166,predicate:1,CHEBI:93303,CHEBI:126466,predicate:14,CHEBI:142514,0.0
model_10.pt,MONDO:0013171,predicate:20,MONDO:0001071,CHEBI:126466,predicate:14,CHEBI:142514,0.0
model_10.pt,CHEBI:143170,predicate:1,CHEBI:166778,CHEBI:126466,predicate:14,CHEBI:142514,0.0
model_10.pt,CHEBI:51561,predicate:2,HP:0001945,CHEBI:126466,predicate:14,CHEBI:142514,0.0
model_10.pt,UNII:5M691HL4BO,predicate:23,HP:0001288,CHEBI:126466,predicate:14,CHEBI:142514,0.0
model_10.pt,MONDO:0011122,predicate:18,CHEBI:132752,CHEBI:126466,predicate:14,CHEBI:142514,0.0
model_10.pt,PUBCHEM.COMPOUND:10314049,predicate:13,CHEBI:18086,CHEBI:126466,predicate:14,CHEBI:142514,0.0
model_10.pt,CHEBI:144357,predicate:20,HP:0002857,CHEBI:126466,predicate:14,CHEBI:142514,0.0
model_10.pt,CHEBI:16207,predicate:15,CHEBI:129768,CHEBI:126466,predicate:14,CHEBI:142514,0.0
model_10.pt,CHEBI:139081,predicate:20,HP:0010864,CHEBI:126466,predicate:14,CHEBI:142514,0.0
model_10.pt,PUBCHEM.COMPOUND:5702107,predicate:3,CHEBI:109116,CHEBI:126466,predicate:14,CHEBI:142514,0.0
model_10.pt,CHEBI:71289,predicate:17,CHEBI:180867,CHEBI:126466,predicate:14,CHEBI:142514,0.0
model_10.pt,PUBCHEM.COMPOUND:9834864,predicate:21,CHEBI:113373,CHEBI:126466,predicate:14,CHEBI:142514,0.0
model_10.pt,PUBCHEM.COMPOUND:44431492,predicate:18,CHEBI:121826,CHEBI:126466,predicate:14,CHEBI:142514,0.0
model_10.pt,PUBCHEM.COMPOUND:10432760,predicate:25,CHEBI:166658,CHEBI:126466,predicate:14,CHEBI:142514,0.0
model_10.pt,PUBCHEM.COMPOUND:25015107,predicate:0,CHEBI:127989,CHEBI:126466,predicate:14,CHEBI:142514,0.0
model_10.pt,PUBCHEM.COMPOUND:131757266,predicate:13,MONDO:0006749,CHEBI:126466,predicate:14,CHEBI:142514,0.0
model_10.pt,CHEBI:72619,predicate:1,CHEBI:196198,CHEBI:126466,predicate:14,CHEBI:142514,0.0
model_10.pt,CHEBI:71600,predicate:1,HMDB:HMDB0009929,CHEBI:126466,predicate:14,CHEBI:142514,0.0
model_10.pt,CHEBI:184579,predicate:11,CHEBI:144250,CHEBI:126466,predicate:14,CHEBI:142514,0.0
model_10.pt,CHEBI:88497,predicate:1,CHEBI:144822,CHEBI:126466,predicate:14,CHEBI:142514,0.0
model_10.pt,CHEBI:15040,predicate:16,MONDO:0013171,CHEBI:126466,predicate:14,CHEBI:142514,0.0
model_10.pt,MONDO:0005272,predicate:1,CHEBI:18262,CHEBI:126466,predicate:14,CHEBI:142514,0.0
model_10.pt,CHEBI:126004,predicate:17,CHEBI:175375,CHEBI:126466,predicate:14,CHEBI:142514,0.0
model_10.pt,MONDO:0035764,predicate:1,HMDB:HMDB0083268,CHEBI:126466,predicate:14,CHEBI:142514,0.0
model_10.pt,PUBCHEM.COMPOUND:155512592,predicate:0,CHEBI:103843,CHEBI:126466,predicate:14,CHEBI:142514,0.0
model_10.pt,CHEBI:15490,predicate:15,CHEBI:170609,CHEBI:126466,predicate:14,CHEBI:142514,0.0
model_10.pt,CHEBI:138520,predicate:28,CHEBI:171141,CHEBI:126466,predicate:14,CHEBI:142514,0.0
model_10.pt,CHEBI:131557,predicate:1,CHEBI:73731,CHEBI:126466,predicate:14,CHEBI:142514,0.0
model_10.pt,CHEBI:134948,predicate:22,MONDO:0000831,CHEBI:126466,predicate:14,CHEBI:142514,0.0
model_10.pt,PUBCHEM.COMPOUND:10578760,predicate:0,CHEBI:92697,CHEBI:126466,predicate:14,CHEBI:142514,0.0
model_10.pt,HMDB:HMDB0076696,predicate:17,CHEBI:170784,CHEBI:126466,predicate:14,CHEBI:142514,0.0
model_10.pt,MONDO:0859265,predicate:3,CHEBI:176304,CHEBI:126466,predicate:14,CHEBI:142514,0.0
model_10.pt,CHEBI:113553,predicate:1,HMDB:HMDB0077232,CHEBI:126466,predicate:14,CHEBI:142514,0.0
model_10.pt,PUBCHEM.COMPOUND:137226420,predicate:0,CHEBI:109116,CHEBI:126466,predicate:14,CHEBI:142514,0.0
model_10.pt,MONDO:0010691,predicate:20,HP:0007957,CHEBI:126466,predicate:14,CHEBI:142514,0.0
model_10.pt,CHEMBL.COMPOUND:CHEMBL536308,predicate:1,CHEBI:163814,CHEBI:126466,predicate:14,CHEBI:142514,0.0
model_10.pt,CHEBI:83370,predicate:16,CHEBI:72635,CHEBI:126466,predicate:14,CHEBI:142514,0.0
model_10.pt,PUBCHEM.COMPOUND:122196132,predicate:0,CHEBI:172159,CHEBI:126466,predicate:14,CHEBI:142514,0.0
model_10.pt,MONDO:0011730,predicate:1,CHEMBL.COMPOUND:CHEMBL54465,CHEBI:126466,predicate:14,CHEBI:142514,0.0
model_10.pt,MONDO:0011840,predicate:1,CHEBI:139280,CHEBI:126466,predicate:14,CHEBI:142514,0.0
model_10.pt,CHEBI:17482,predicate:23,MONDO:0001382,CHEBI:126466,predicate:14,CHEBI:142514,0.0
model_10.pt,PUBCHEM.COMPOUND:25263321,predicate:11,PUBCHEM.COMPOUND:3003511,CHEBI:126466,predicate:14,CHEBI:142514,0.0
model_10.pt,PUBCHEM.COMPOUND:10216381,predicate:11,PUBCHEM.COMPOUND:10431492,CHEBI:126466,predicate:14,CHEBI:142514,0.0
model_10.pt,NCBIGene:820781,predicate:12,PUBCHEM.COMPOUND:131761197,CHEBI:126466,predicate:14,CHEBI:142514,0.0
model_10.pt,CHEBI:51068,predicate:17,HMDB:HMDB0009399,CHEBI:126466,predicate:14,CHEBI:142514,0.0
model_10.pt,CHEBI:9330,predicate:22,MONDO:0005011,CHEBI:126466,predicate:14,CHEBI:142514,0.0
model_10.pt,PUBCHEM.COMPOUND:10048208,predicate:26,CHEMBL.COMPOUND:CHEMBL151630,CHEBI:126466,predicate:14,CHEBI:142514,0.0
model_10.pt,PUBCHEM.COMPOUND:44176335,predicate:0,CHEBI:105317,CHEBI:126466,predicate:14,CHEBI:142514,0.0
model_10.pt,PUBCHEM.COMPOUND:49864838,predicate:18,CHEBI:109533,CHEBI:126466,predicate:14,CHEBI:142514,0.0
model_10.pt,CHEBI:185985,predicate:16,CHEBI:70967,CHEBI:126466,predicate:14,CHEBI:142514,0.0
model_10.pt,CHEMBL.COMPOUND:CHEMBL4798272,predicate:15,CHEBI:167641,CHEBI:126466,predicate:14,CHEBI:142514,0.0
model_10.pt,PUBCHEM.COMPOUND:126739109,predicate:11,MONDO:0006996,CHEBI:126466,predicate:14,CHEBI:142514,0.0
model_10.pt,MONDO:0012176,predicate:20,HP:0003028,CHEBI:139224,predicate:22,MONDO:0007540,0.0
model_10.pt,CHEBI:16959,predicate:17,CHEBI:172284,CHEBI:139224,predicate:22,MONDO:0007540,0.0
model_10.pt,PUBCHEM.COMPOUND:68020555,predicate:0,PUBCHEM.COMPOUND:44459583,CHEBI:139224,predicate:22,MONDO:0007540,0.0
model_10.pt,PUBCHEM.COMPOUND:137636752,predicate:0,CHEBI:134753,CHEBI:139224,predicate:22,MONDO:0007540,0.0
model_10.pt,PUBCHEM.COMPOUND:124221273,predicate:23,MONDO:0015691,CHEBI:139224,predicate:22,MONDO:0007540,0.0
model_10.pt,PUBCHEM.COMPOUND:130200977,predicate:18,CHEBI:144991,CHEBI:139224,predicate:22,MONDO:0007540,0.0
model_10.pt,MONDO:0005044,predicate:11,MONDO:0056796,CHEBI:139224,predicate:22,MONDO:0007540,0.0
model_10.pt,CHEBI:16592,predicate:41,CHEBI:114693,CHEBI:139224,predicate:22,MONDO:0007540,0.0
model_10.pt,CHEBI:166772,predicate:15,CHEBI:175537,CHEBI:139224,predicate:22,MONDO:0007540,0.0
model_10.pt,DRUGBANK:DB11158,predicate:2,MONDO:0005147,CHEBI:139224,predicate:22,MONDO:0007540,0.0
model_10.pt,CHEBI:145008,predicate:2,MONDO:0001076,CHEBI:139224,predicate:22,MONDO:0007540,0.0
model_10.pt,CHEBI:172333,predicate:11,CHEBI:84017,CHEBI:139224,predicate:22,MONDO:0007540,0.0
model_10.pt,CHEBI:188563,predicate:12,PUBCHEM.COMPOUND:52924335,CHEBI:139224,predicate:22,MONDO:0007540,0.0
model_10.pt,CHEBI:190239,predicate:11,HMDB:HMDB0072989,CHEBI:139224,predicate:22,MONDO:0007540,0.0
model_10.pt,CHEBI:135278,predicate:22,MONDO:0005559,CHEBI:139224,predicate:22,MONDO:0007540,5.457698822021484
model_10.pt,CHEBI:47040,predicate:15,CHEBI:146256,CHEBI:139224,predicate:22,MONDO:0007540,0.0
model_10.pt,CHEMBL.COMPOUND:CHEMBL4747062,predicate:0,CHEBI:71479,CHEBI:139224,predicate:22,MONDO:0007540,0.0
model_10.pt,CHEBI:42371,predicate:17,CHEBI:135736,CHEBI:139224,predicate:22,MONDO:0007540,0.0
model_10.pt,CHEBI:143114,predicate:1,CHEBI:125432,CHEBI:139224,predicate:22,MONDO:0007540,0.0
model_10.pt,CHEBI:185767,predicate:1,CHEBI:16264,CHEBI:139224,predicate:22,MONDO:0007540,0.0
model_10.pt,CHEBI:109317,predicate:14,CHEBI:170587,CHEBI:139224,predicate:22,MONDO:0007540,0.0
model_10.pt,CHEMBL.COMPOUND:CHEMBL4877928,predicate:1,PUBCHEM.COMPOUND:130363355,CHEBI:139224,predicate:22,MONDO:0007540,0.0
model_10.pt,CHEBI:136073,predicate:10,MONDO:0007263,CHEBI:139224,predicate:22,MONDO:0007540,0.0
model_10.pt,PUBCHEM.COMPOUND:131762323,predicate:13,CHEBI:149534,CHEBI:139224,predicate:22,MONDO:0007540,0.0
model_10.pt,PUBCHEM.COMPOUND:54325967,predicate:0,CHEBI:149800,CHEBI:139224,predicate:22,MONDO:0007540,0.0
model_10.pt,HP:0000021,predicate:0,CHEBI:167578,CHEBI:139224,predicate:22,MONDO:0007540,0.0
model_10.pt,CHEMBL.COMPOUND:CHEMBL4782467,predicate:15,CHEBI:134948,CHEBI:139224,predicate:22,MONDO:0007540,0.0
model_10.pt,NCBIGene:23163,predicate:18,NCBIGene:100528017,CHEBI:139224,predicate:22,MONDO:0007540,0.0
model_10.pt,CHEBI:142271,predicate:1,CHEBI:192396,CHEBI:139224,predicate:22,MONDO:0007540,0.0
model_10.pt,CHEBI:146285,predicate:12,PUBCHEM.COMPOUND:53478731,CHEBI:139224,predicate:22,MONDO:0007540,0.0
model_10.pt,CHEBI:136073,predicate:15,CHEBI:125586,CHEBI:139224,predicate:22,MONDO:0007540,0.0
model_10.pt,CHEMBL.COMPOUND:CHEMBL596806,predicate:20,HP:0000253,CHEBI:139224,predicate:22,MONDO:0007540,0.0
model_10.pt,NCBIGene:838170,predicate:13,CHEBI:75099,CHEBI:139224,predicate:22,MONDO:0007540,0.0
model_10.pt,PUBCHEM.COMPOUND:117859783,predicate:11,PUBCHEM.COMPOUND:10525997,CHEBI:139224,predicate:22,MONDO:0007540,0.0
model_10.pt,PUBCHEM.COMPOUND:127036977,predicate:0,CHEBI:103739,CHEBI:139224,predicate:22,MONDO:0007540,0.0
model_10.pt,PUBCHEM.COMPOUND:44433263,predicate:0,CHEBI:119893,CHEBI:139224,predicate:22,MONDO:0007540,0.0
model_10.pt,CHEBI:3914,predicate:15,CHEBI:190153,CHEBI:139224,predicate:22,MONDO:0007540,0.0
model_10.pt,PUBCHEM.COMPOUND:44314087,predicate:0,CHEBI:140407,CHEBI:139224,predicate:22,MONDO:0007540,0.0
model_10.pt,PUBCHEM.COMPOUND:25093440,predicate:0,CHEBI:113553,CHEBI:139224,predicate:22,MONDO:0007540,0.0
model_10.pt,CHEBI:65179,predicate:11,PUBCHEM.COMPOUND:11274029,CHEBI:139224,predicate:22,MONDO:0007540,0.0
model_10.pt,CHEBI:71580,predicate:22,MONDO:0005068,CHEBI:139224,predicate:22,MONDO:0007540,40.69518280029297
model_10.pt,CHEBI:190006,predicate:14,PUBCHEM.COMPOUND:118471641,CHEBI:139224,predicate:22,MONDO:0007540,0.0
model_10.pt,PUBCHEM.COMPOUND:59268935,predicate:0,CHEBI:113373,CHEBI:139224,predicate:22,MONDO:0007540,0.0
model_10.pt,CHEBI:157642,predicate:1,PUBCHEM.COMPOUND:130345144,CHEBI:139224,predicate:22,MONDO:0007540,0.0
model_10.pt,PUBCHEM.COMPOUND:57395067,predicate:0,CHEBI:167320,CHEBI:139224,predicate:22,MONDO:0007540,0.0
model_10.pt,PUBCHEM.COMPOUND:2744597,predicate:11,PUBCHEM.COMPOUND:2930224,CHEBI:139224,predicate:22,MONDO:0007540,0.0
model_10.pt,CHEBI:137225,predicate:17,CHEBI:131804,CHEBI:139224,predicate:22,MONDO:0007540,0.0
model_10.pt,CHEBI:111166,predicate:1,CHEBI:93303,CHEBI:139224,predicate:22,MONDO:0007540,0.0
model_10.pt,MONDO:0013171,predicate:20,MONDO:0001071,CHEBI:139224,predicate:22,MONDO:0007540,0.0
model_10.pt,CHEBI:143170,predicate:1,CHEBI:166778,CHEBI:139224,predicate:22,MONDO:0007540,0.0
model_10.pt,CHEBI:51561,predicate:2,HP:0001945,CHEBI:139224,predicate:22,MONDO:0007540,0.0
model_10.pt,UNII:5M691HL4BO,predicate:23,HP:0001288,CHEBI:139224,predicate:22,MONDO:0007540,0.0
model_10.pt,MONDO:0011122,predicate:18,CHEBI:132752,CHEBI:139224,predicate:22,MONDO:0007540,0.0
model_10.pt,PUBCHEM.COMPOUND:10314049,predicate:13,CHEBI:18086,CHEBI:139224,predicate:22,MONDO:0007540,0.0
model_10.pt,CHEBI:144357,predicate:20,HP:0002857,CHEBI:139224,predicate:22,MONDO:0007540,0.0
model_10.pt,CHEBI:16207,predicate:15,CHEBI:129768,CHEBI:139224,predicate:22,MONDO:0007540,0.0
model_10.pt,CHEBI:139081,predicate:20,HP:0010864,CHEBI:139224,predicate:22,MONDO:0007540,0.0
model_10.pt,PUBCHEM.COMPOUND:5702107,predicate:3,CHEBI:109116,CHEBI:139224,predicate:22,MONDO:0007540,0.0
model_10.pt,CHEBI:71289,predicate:17,CHEBI:180867,CHEBI:139224,predicate:22,MONDO:0007540,0.0
model_10.pt,PUBCHEM.COMPOUND:9834864,predicate:21,CHEBI:113373,CHEBI:139224,predicate:22,MONDO:0007540,0.0
model_10.pt,PUBCHEM.COMPOUND:44431492,predicate:18,CHEBI:121826,CHEBI:139224,predicate:22,MONDO:0007540,0.0
model_10.pt,PUBCHEM.COMPOUND:10432760,predicate:25,CHEBI:166658,CHEBI:139224,predicate:22,MONDO:0007540,0.0
model_10.pt,PUBCHEM.COMPOUND:25015107,predicate:0,CHEBI:127989,CHEBI:139224,predicate:22,MONDO:0007540,0.0
model_10.pt,PUBCHEM.COMPOUND:131757266,predicate:13,MONDO:0006749,CHEBI:139224,predicate:22,MONDO:0007540,0.0
model_10.pt,CHEBI:72619,predicate:1,CHEBI:196198,CHEBI:139224,predicate:22,MONDO:0007540,0.0
model_10.pt,CHEBI:71600,predicate:1,HMDB:HMDB0009929,CHEBI:139224,predicate:22,MONDO:0007540,0.0
model_10.pt,CHEBI:184579,predicate:11,CHEBI:144250,CHEBI:139224,predicate:22,MONDO:0007540,0.0
model_10.pt,CHEBI:88497,predicate:1,CHEBI:144822,CHEBI:139224,predicate:22,MONDO:0007540,0.0
model_10.pt,CHEBI:15040,predicate:16,MONDO:0013171,CHEBI:139224,predicate:22,MONDO:0007540,0.0
model_10.pt,MONDO:0005272,predicate:1,CHEBI:18262,CHEBI:139224,predicate:22,MONDO:0007540,0.0
model_10.pt,CHEBI:126004,predicate:17,CHEBI:175375,CHEBI:139224,predicate:22,MONDO:0007540,0.0
model_10.pt,MONDO:0035764,predicate:1,HMDB:HMDB0083268,CHEBI:139224,predicate:22,MONDO:0007540,0.0
model_10.pt,PUBCHEM.COMPOUND:155512592,predicate:0,CHEBI:103843,CHEBI:139224,predicate:22,MONDO:0007540,0.0
model_10.pt,CHEBI:15490,predicate:15,CHEBI:170609,CHEBI:139224,predicate:22,MONDO:0007540,0.0
model_10.pt,CHEBI:138520,predicate:28,CHEBI:171141,CHEBI:139224,predicate:22,MONDO:0007540,0.0
model_10.pt,CHEBI:131557,predicate:1,CHEBI:73731,CHEBI:139224,predicate:22,MONDO:0007540,0.0
model_10.pt,CHEBI:134948,predicate:22,MONDO:0000831,CHEBI:139224,predicate:22,MONDO:0007540,-3.3849594593048096
model_10.pt,PUBCHEM.COMPOUND:10578760,predicate:0,CHEBI:92697,CHEBI:139224,predicate:22,MONDO:0007540,0.0
model_10.pt,HMDB:HMDB0076696,predicate:17,CHEBI:170784,CHEBI:139224,predicate:22,MONDO:0007540,0.0
model_10.pt,MONDO:0859265,predicate:3,CHEBI:176304,CHEBI:139224,predicate:22,MONDO:0007540,0.0
model_10.pt,CHEBI:113553,predicate:1,HMDB:HMDB0077232,CHEBI:139224,predicate:22,MONDO:0007540,0.0
model_10.pt,PUBCHEM.COMPOUND:137226420,predicate:0,CHEBI:109116,CHEBI:139224,predicate:22,MONDO:0007540,0.0
model_10.pt,MONDO:0010691,predicate:20,HP:0007957,CHEBI:139224,predicate:22,MONDO:0007540,0.0
model_10.pt,CHEMBL.COMPOUND:CHEMBL536308,predicate:1,CHEBI:163814,CHEBI:139224,predicate:22,MONDO:0007540,0.0
model_10.pt,CHEBI:83370,predicate:16,CHEBI:72635,CHEBI:139224,predicate:22,MONDO:0007540,0.0
model_10.pt,PUBCHEM.COMPOUND:122196132,predicate:0,CHEBI:172159,CHEBI:139224,predicate:22,MONDO:0007540,0.0
model_10.pt,MONDO:0011730,predicate:1,CHEMBL.COMPOUND:CHEMBL54465,CHEBI:139224,predicate:22,MONDO:0007540,0.0
model_10.pt,MONDO:0011840,predicate:1,CHEBI:139280,CHEBI:139224,predicate:22,MONDO:0007540,0.0
model_10.pt,CHEBI:17482,predicate:23,MONDO:0001382,CHEBI:139224,predicate:22,MONDO:0007540,0.0
model_10.pt,PUBCHEM.COMPOUND:25263321,predicate:11,PUBCHEM.COMPOUND:3003511,CHEBI:139224,predicate:22,MONDO:0007540,0.0
model_10.pt,PUBCHEM.COMPOUND:10216381,predicate:11,PUBCHEM.COMPOUND:10431492,CHEBI:139224,predicate:22,MONDO:0007540,0.0
model_10.pt,NCBIGene:820781,predicate:12,PUBCHEM.COMPOUND:131761197,CHEBI:139224,predicate:22,MONDO:0007540,0.0
model_10.pt,CHEBI:51068,predicate:17,HMDB:HMDB0009399,CHEBI:139224,predicate:22,MONDO:0007540,0.0
model_10.pt,CHEBI:9330,predicate:22,MONDO:0005011,CHEBI:139224,predicate:22,MONDO:0007540,-13.754383087158203
model_10.pt,PUBCHEM.COMPOUND:10048208,predicate:26,CHEMBL.COMPOUND:CHEMBL151630,CHEBI:139224,predicate:22,MONDO:0007540,0.0
model_10.pt,PUBCHEM.COMPOUND:44176335,predicate:0,CHEBI:105317,CHEBI:139224,predicate:22,MONDO:0007540,0.0
model_10.pt,PUBCHEM.COMPOUND:49864838,predicate:18,CHEBI:109533,CHEBI:139224,predicate:22,MONDO:0007540,0.0
model_10.pt,CHEBI:185985,predicate:16,CHEBI:70967,CHEBI:139224,predicate:22,MONDO:0007540,0.0
model_10.pt,CHEMBL.COMPOUND:CHEMBL4798272,predicate:15,CHEBI:167641,CHEBI:139224,predicate:22,MONDO:0007540,0.0
model_10.pt,PUBCHEM.COMPOUND:126739109,predicate:11,MONDO:0006996,CHEBI:139224,predicate:22,MONDO:0007540,0.0
model_2.pt,MONDO:0012176,predicate:20,HP:0003028,MONDO:0008538,predicate:20,HP:0003565,-6.747007369995117
model_2.pt,CHEBI:16959,predicate:17,CHEBI:172284,MONDO:0008538,predicate:20,HP:0003565,0.0
model_2.pt,PUBCHEM.COMPOUND:68020555,predicate:0,PUBCHEM.COMPOUND:44459583,MONDO:0008538,predicate:20,HP:0003565,0.0
model_2.pt,PUBCHEM.COMPOUND:137636752,predicate:0,CHEBI:134753,MONDO:0008538,predicate:20,HP:0003565,0.0
model_2.pt,PUBCHEM.COMPOUND:124221273,predicate:23,MONDO:0015691,MONDO:0008538,predicate:20,HP:0003565,0.0
model_2.pt,PUBCHEM.COMPOUND:130200977,predicate:18,CHEBI:144991,MONDO:0008538,predicate:20,HP:0003565,0.0
model_2.pt,MONDO:0005044,predicate:11,MONDO:0056796,MONDO:0008538,predicate:20,HP:0003565,0.0
model_2.pt,CHEBI:16592,predicate:41,CHEBI:114693,MONDO:0008538,predicate:20,HP:0003565,0.0
model_2.pt,CHEBI:166772,predicate:15,CHEBI:175537,MONDO:0008538,predicate:20,HP:0003565,0.0
model_2.pt,DRUGBANK:DB11158,predicate:2,MONDO:0005147,MONDO:0008538,predicate:20,HP:0003565,0.0
model_2.pt,CHEBI:145008,predicate:2,MONDO:0001076,MONDO:0008538,predicate:20,HP:0003565,0.0
model_2.pt,CHEBI:172333,predicate:11,CHEBI:84017,MONDO:0008538,predicate:20,HP:0003565,0.0
model_2.pt,CHEBI:188563,predicate:12,PUBCHEM.COMPOUND:52924335,MONDO:0008538,predicate:20,HP:0003565,0.0
model_2.pt,CHEBI:190239,predicate:11,HMDB:HMDB0072989,MONDO:0008538,predicate:20,HP:0003565,0.0
model_2.pt,CHEBI:135278,predicate:22,MONDO:0005559,MONDO:0008538,predicate:20,HP:0003565,0.0
model_2.pt,CHEBI:47040,predicate:15,CHEBI:146256,MONDO:0008538,predicate:20,HP:0003565,0.0
model_2.pt,CHEMBL.COMPOUND:CHEMBL4747062,predicate:0,CHEBI:71479,MONDO:0008538,predicate:20,HP:0003565,0.0
model_2.pt,CHEBI:42371,predicate:17,CHEBI:135736,MONDO:0008538,predicate:20,HP:0003565,0.0
model_2.pt,CHEBI:143114,predicate:1,CHEBI:125432,MONDO:0008538,predicate:20,HP:0003565,0.0
model_2.pt,CHEBI:185767,predicate:1,CHEBI:16264,MONDO:0008538,predicate:20,HP:0003565,0.0
model_2.pt,CHEBI:109317,predicate:14,CHEBI:170587,MONDO:0008538,predicate:20,HP:0003565,0.0
model_2.pt,CHEMBL.COMPOUND:CHEMBL4877928,predicate:1,PUBCHEM.COMPOUND:130363355,MONDO:0008538,predicate:20,HP:0003565,0.0
model_2.pt,CHEBI:136073,predicate:10,MONDO:0007263,MONDO:0008538,predicate:20,HP:0003565,0.0
model_2.pt,PUBCHEM.COMPOUND:131762323,predicate:13,CHEBI:149534,MONDO:0008538,predicate:20,HP:0003565,0.0
model_2.pt,PUBCHEM.COMPOUND:54325967,predicate:0,CHEBI:149800,MONDO:0008538,predicate:20,HP:0003565,0.0
model_2.pt,HP:0000021,predicate:0,CHEBI:167578,MONDO:0008538,predicate:20,HP:0003565,0.0
model_2.pt,CHEMBL.COMPOUND:CHEMBL4782467,predicate:15,CHEBI:134948,MONDO:0008538,predicate:20,HP:0003565,0.0
model_2.pt,NCBIGene:23163,predicate:18,NCBIGene:100528017,MONDO:0008538,predicate:20,HP:0003565,0.0
model_2.pt,CHEBI:142271,predicate:1,CHEBI:192396,MONDO:0008538,predicate:20,HP:0003565,0.0
model_2.pt,CHEBI:146285,predicate:12,PUBCHEM.COMPOUND:53478731,MONDO:0008538,predicate:20,HP:0003565,0.0
model_2.pt,CHEBI:136073,predicate:15,CHEBI:125586,MONDO:0008538,predicate:20,HP:0003565,0.0
model_2.pt,CHEMBL.COMPOUND:CHEMBL596806,predicate:20,HP:0000253,MONDO:0008538,predicate:20,HP:0003565,-63.04320907592773
model_2.pt,NCBIGene:838170,predicate:13,CHEBI:75099,MONDO:0008538,predicate:20,HP:0003565,0.0
model_2.pt,PUBCHEM.COMPOUND:117859783,predicate:11,PUBCHEM.COMPOUND:10525997,MONDO:0008538,predicate:20,HP:0003565,0.0
model_2.pt,PUBCHEM.COMPOUND:127036977,predicate:0,CHEBI:103739,MONDO:0008538,predicate:20,HP:0003565,0.0
model_2.pt,PUBCHEM.COMPOUND:44433263,predicate:0,CHEBI:119893,MONDO:0008538,predicate:20,HP:0003565,0.0
model_2.pt,CHEBI:3914,predicate:15,CHEBI:190153,MONDO:0008538,predicate:20,HP:0003565,0.0
model_2.pt,PUBCHEM.COMPOUND:44314087,predicate:0,CHEBI:140407,MONDO:0008538,predicate:20,HP:0003565,0.0
model_2.pt,PUBCHEM.COMPOUND:25093440,predicate:0,CHEBI:113553,MONDO:0008538,predicate:20,HP:0003565,0.0
model_2.pt,CHEBI:65179,predicate:11,PUBCHEM.COMPOUND:11274029,MONDO:0008538,predicate:20,HP:0003565,0.0
model_2.pt,CHEBI:71580,predicate:22,MONDO:0005068,MONDO:0008538,predicate:20,HP:0003565,0.0
model_2.pt,CHEBI:190006,predicate:14,PUBCHEM.COMPOUND:118471641,MONDO:0008538,predicate:20,HP:0003565,0.0
model_2.pt,PUBCHEM.COMPOUND:59268935,predicate:0,CHEBI:113373,MONDO:0008538,predicate:20,HP:0003565,0.0
model_2.pt,CHEBI:157642,predicate:1,PUBCHEM.COMPOUND:130345144,MONDO:0008538,predicate:20,HP:0003565,0.0
model_2.pt,PUBCHEM.COMPOUND:57395067,predicate:0,CHEBI:167320,MONDO:0008538,predicate:20,HP:0003565,0.0
model_2.pt,PUBCHEM.COMPOUND:2744597,predicate:11,PUBCHEM.COMPOUND:2930224,MONDO:0008538,predicate:20,HP:0003565,0.0
model_2.pt,CHEBI:137225,predicate:17,CHEBI:131804,MONDO:0008538,predicate:20,HP:0003565,0.0
model_2.pt,CHEBI:111166,predicate:1,CHEBI:93303,MONDO:0008538,predicate:20,HP:0003565,0.0
model_2.pt,MONDO:0013171,predicate:20,MONDO:0001071,MONDO:0008538,predicate:20,HP:0003565,-4.781445503234863
model_2.pt,CHEBI:143170,predicate:1,CHEBI:166778,MONDO:0008538,predicate:20,HP:0003565,0.0
model_2.pt,CHEBI:51561,predicate:2,HP:0001945,MONDO:0008538,predicate:20,HP:0003565,0.0
model_2.pt,UNII:5M691HL4BO,predicate:23,HP:0001288,MONDO:0008538,predicate:20,HP:0003565,0.0
model_2.pt,MONDO:0011122,predicate:18,CHEBI:132752,MONDO:0008538,predicate:20,HP:0003565,0.0
model_2.pt,PUBCHEM.COMPOUND:10314049,predicate:13,CHEBI:18086,MONDO:0008538,predicate:20,HP:0003565,0.0
model_2.pt,CHEBI:144357,predicate:20,HP:0002857,MONDO:0008538,predicate:20,HP:0003565,24.32789802551269
model_2.pt,CHEBI:16207,predicate:15,CHEBI:129768,MONDO:0008538,predicate:20,HP:0003565,0.0
model_2.pt,CHEBI:139081,predicate:20,HP:0010864,MONDO:0008538,predicate:20,HP:0003565,22.53734016418457
model_2.pt,PUBCHEM.COMPOUND:5702107,predicate:3,CHEBI:109116,MONDO:0008538,predicate:20,HP:0003565,0.0
model_2.pt,CHEBI:71289,predicate:17,CHEBI:180867,MONDO:0008538,predicate:20,HP:0003565,0.0
model_2.pt,PUBCHEM.COMPOUND:9834864,predicate:21,CHEBI:113373,MONDO:0008538,predicate:20,HP:0003565,0.0
model_2.pt,PUBCHEM.COMPOUND:44431492,predicate:18,CHEBI:121826,MONDO:0008538,predicate:20,HP:0003565,0.0
model_2.pt,PUBCHEM.COMPOUND:10432760,predicate:25,CHEBI:166658,MONDO:0008538,predicate:20,HP:0003565,0.0
model_2.pt,PUBCHEM.COMPOUND:25015107,predicate:0,CHEBI:127989,MONDO:0008538,predicate:20,HP:0003565,0.0
model_2.pt,PUBCHEM.COMPOUND:131757266,predicate:13,MONDO:0006749,MONDO:0008538,predicate:20,HP:0003565,0.0
model_2.pt,CHEBI:72619,predicate:1,CHEBI:196198,MONDO:0008538,predicate:20,HP:0003565,0.0
model_2.pt,CHEBI:71600,predicate:1,HMDB:HMDB0009929,MONDO:0008538,predicate:20,HP:0003565,0.0
model_2.pt,CHEBI:184579,predicate:11,CHEBI:144250,MONDO:0008538,predicate:20,HP:0003565,0.0
model_2.pt,CHEBI:88497,predicate:1,CHEBI:144822,MONDO:0008538,predicate:20,HP:0003565,0.0
model_2.pt,CHEBI:15040,predicate:16,MONDO:0013171,MONDO:0008538,predicate:20,HP:0003565,0.0
model_2.pt,MONDO:0005272,predicate:1,CHEBI:18262,MONDO:0008538,predicate:20,HP:0003565,0.0
model_2.pt,CHEBI:126004,predicate:17,CHEBI:175375,MONDO:0008538,predicate:20,HP:0003565,0.0
model_2.pt,MONDO:0035764,predicate:1,HMDB:HMDB0083268,MONDO:0008538,predicate:20,HP:0003565,0.0
model_2.pt,PUBCHEM.COMPOUND:155512592,predicate:0,CHEBI:103843,MONDO:0008538,predicate:20,HP:0003565,0.0
model_2.pt,CHEBI:15490,predicate:15,CHEBI:170609,MONDO:0008538,predicate:20,HP:0003565,0.0
model_2.pt,CHEBI:138520,predicate:28,CHEBI:171141,MONDO:0008538,predicate:20,HP:0003565,0.0
model_2.pt,CHEBI:131557,predicate:1,CHEBI:73731,MONDO:0008538,predicate:20,HP:0003565,0.0
model_2.pt,CHEBI:134948,predicate:22,MONDO:0000831,MONDO:0008538,predicate:20,HP:0003565,0.0
model_2.pt,PUBCHEM.COMPOUND:10578760,predicate:0,CHEBI:92697,MONDO:0008538,predicate:20,HP:0003565,0.0
model_2.pt,HMDB:HMDB0076696,predicate:17,CHEBI:170784,MONDO:0008538,predicate:20,HP:0003565,0.0
model_2.pt,MONDO:0859265,predicate:3,CHEBI:176304,MONDO:0008538,predicate:20,HP:0003565,0.0
model_2.pt,CHEBI:113553,predicate:1,HMDB:HMDB0077232,MONDO:0008538,predicate:20,HP:0003565,0.0
model_2.pt,PUBCHEM.COMPOUND:137226420,predicate:0,CHEBI:109116,MONDO:0008538,predicate:20,HP:0003565,0.0
model_2.pt,MONDO:0010691,predicate:20,HP:0007957,MONDO:0008538,predicate:20,HP:0003565,1.8878297805786133
model_2.pt,CHEMBL.COMPOUND:CHEMBL536308,predicate:1,CHEBI:163814,MONDO:0008538,predicate:20,HP:0003565,0.0
model_2.pt,CHEBI:83370,predicate:16,CHEBI:72635,MONDO:0008538,predicate:20,HP:0003565,0.0
model_2.pt,PUBCHEM.COMPOUND:122196132,predicate:0,CHEBI:172159,MONDO:0008538,predicate:20,HP:0003565,0.0
model_2.pt,MONDO:0011730,predicate:1,CHEMBL.COMPOUND:CHEMBL54465,MONDO:0008538,predicate:20,HP:0003565,0.0
model_2.pt,MONDO:0011840,predicate:1,CHEBI:139280,MONDO:0008538,predicate:20,HP:0003565,0.0
model_2.pt,CHEBI:17482,predicate:23,MONDO:0001382,MONDO:0008538,predicate:20,HP:0003565,0.0
model_2.pt,PUBCHEM.COMPOUND:25263321,predicate:11,PUBCHEM.COMPOUND:3003511,MONDO:0008538,predicate:20,HP:0003565,0.0
model_2.pt,PUBCHEM.COMPOUND:10216381,predicate:11,PUBCHEM.COMPOUND:10431492,MONDO:0008538,predicate:20,HP:0003565,0.0
model_2.pt,NCBIGene:820781,predicate:12,PUBCHEM.COMPOUND:131761197,MONDO:0008538,predicate:20,HP:0003565,0.0
model_2.pt,CHEBI:51068,predicate:17,HMDB:HMDB0009399,MONDO:0008538,predicate:20,HP:0003565,0.0
model_2.pt,CHEBI:9330,predicate:22,MONDO:0005011,MONDO:0008538,predicate:20,HP:0003565,0.0
model_2.pt,PUBCHEM.COMPOUND:10048208,predicate:26,CHEMBL.COMPOUND:CHEMBL151630,MONDO:0008538,predicate:20,HP:0003565,0.0
model_2.pt,PUBCHEM.COMPOUND:44176335,predicate:0,CHEBI:105317,MONDO:0008538,predicate:20,HP:0003565,0.0
model_2.pt,PUBCHEM.COMPOUND:49864838,predicate:18,CHEBI:109533,MONDO:0008538,predicate:20,HP:0003565,0.0
model_2.pt,CHEBI:185985,predicate:16,CHEBI:70967,MONDO:0008538,predicate:20,HP:0003565,0.0
model_2.pt,CHEMBL.COMPOUND:CHEMBL4798272,predicate:15,CHEBI:167641,MONDO:0008538,predicate:20,HP:0003565,0.0
model_2.pt,PUBCHEM.COMPOUND:126739109,predicate:11,MONDO:0006996,MONDO:0008538,predicate:20,HP:0003565,0.0
model_2.pt,MONDO:0012176,predicate:20,HP:0003028,CHEBI:128999,predicate:1,CHEBI:129103,0.0
model_2.pt,CHEBI:16959,predicate:17,CHEBI:172284,CHEBI:128999,predicate:1,CHEBI:129103,0.0
model_2.pt,PUBCHEM.COMPOUND:68020555,predicate:0,PUBCHEM.COMPOUND:44459583,CHEBI:128999,predicate:1,CHEBI:129103,0.0
model_2.pt,PUBCHEM.COMPOUND:137636752,predicate:0,CHEBI:134753,CHEBI:128999,predicate:1,CHEBI:129103,0.0
model_2.pt,PUBCHEM.COMPOUND:124221273,predicate:23,MONDO:0015691,CHEBI:128999,predicate:1,CHEBI:129103,0.0
model_2.pt,PUBCHEM.COMPOUND:130200977,predicate:18,CHEBI:144991,CHEBI:128999,predicate:1,CHEBI:129103,0.0
model_2.pt,MONDO:0005044,predicate:11,MONDO:0056796,CHEBI:128999,predicate:1,CHEBI:129103,0.0
model_2.pt,CHEBI:16592,predicate:41,CHEBI:114693,CHEBI:128999,predicate:1,CHEBI:129103,0.0
model_2.pt,CHEBI:166772,predicate:15,CHEBI:175537,CHEBI:128999,predicate:1,CHEBI:129103,0.0
model_2.pt,DRUGBANK:DB11158,predicate:2,MONDO:0005147,CHEBI:128999,predicate:1,CHEBI:129103,0.0
model_2.pt,CHEBI:145008,predicate:2,MONDO:0001076,CHEBI:128999,predicate:1,CHEBI:129103,0.0
model_2.pt,CHEBI:172333,predicate:11,CHEBI:84017,CHEBI:128999,predicate:1,CHEBI:129103,0.0
model_2.pt,CHEBI:188563,predicate:12,PUBCHEM.COMPOUND:52924335,CHEBI:128999,predicate:1,CHEBI:129103,0.0
model_2.pt,CHEBI:190239,predicate:11,HMDB:HMDB0072989,CHEBI:128999,predicate:1,CHEBI:129103,0.0
model_2.pt,CHEBI:135278,predicate:22,MONDO:0005559,CHEBI:128999,predicate:1,CHEBI:129103,0.0
model_2.pt,CHEBI:47040,predicate:15,CHEBI:146256,CHEBI:128999,predicate:1,CHEBI:129103,0.0
model_2.pt,CHEMBL.COMPOUND:CHEMBL4747062,predicate:0,CHEBI:71479,CHEBI:128999,predicate:1,CHEBI:129103,0.0
model_2.pt,CHEBI:42371,predicate:17,CHEBI:135736,CHEBI:128999,predicate:1,CHEBI:129103,0.0
model_2.pt,CHEBI:143114,predicate:1,CHEBI:125432,CHEBI:128999,predicate:1,CHEBI:129103,7.5342698097229
model_2.pt,CHEBI:185767,predicate:1,CHEBI:16264,CHEBI:128999,predicate:1,CHEBI:129103,34.05191802978516
model_2.pt,CHEBI:109317,predicate:14,CHEBI:170587,CHEBI:128999,predicate:1,CHEBI:129103,0.0
model_2.pt,CHEMBL.COMPOUND:CHEMBL4877928,predicate:1,PUBCHEM.COMPOUND:130363355,CHEBI:128999,predicate:1,CHEBI:129103,70.89208984375
model_2.pt,CHEBI:136073,predicate:10,MONDO:0007263,CHEBI:128999,predicate:1,CHEBI:129103,0.0
model_2.pt,PUBCHEM.COMPOUND:131762323,predicate:13,CHEBI:149534,CHEBI:128999,predicate:1,CHEBI:129103,0.0
model_2.pt,PUBCHEM.COMPOUND:54325967,predicate:0,CHEBI:149800,CHEBI:128999,predicate:1,CHEBI:129103,0.0
model_2.pt,HP:0000021,predicate:0,CHEBI:167578,CHEBI:128999,predicate:1,CHEBI:129103,0.0
model_2.pt,CHEMBL.COMPOUND:CHEMBL4782467,predicate:15,CHEBI:134948,CHEBI:128999,predicate:1,CHEBI:129103,0.0
model_2.pt,NCBIGene:23163,predicate:18,NCBIGene:100528017,CHEBI:128999,predicate:1,CHEBI:129103,0.0
model_2.pt,CHEBI:142271,predicate:1,CHEBI:192396,CHEBI:128999,predicate:1,CHEBI:129103,-35.01435089111328
model_2.pt,CHEBI:146285,predicate:12,PUBCHEM.COMPOUND:53478731,CHEBI:128999,predicate:1,CHEBI:129103,0.0
model_2.pt,CHEBI:136073,predicate:15,CHEBI:125586,CHEBI:128999,predicate:1,CHEBI:129103,0.0
model_2.pt,CHEMBL.COMPOUND:CHEMBL596806,predicate:20,HP:0000253,CHEBI:128999,predicate:1,CHEBI:129103,0.0
model_2.pt,NCBIGene:838170,predicate:13,CHEBI:75099,CHEBI:128999,predicate:1,CHEBI:129103,0.0
model_2.pt,PUBCHEM.COMPOUND:117859783,predicate:11,PUBCHEM.COMPOUND:10525997,CHEBI:128999,predicate:1,CHEBI:129103,0.0
model_2.pt,PUBCHEM.COMPOUND:127036977,predicate:0,CHEBI:103739,CHEBI:128999,predicate:1,CHEBI:129103,0.0
model_2.pt,PUBCHEM.COMPOUND:44433263,predicate:0,CHEBI:119893,CHEBI:128999,predicate:1,CHEBI:129103,0.0
model_2.pt,CHEBI:3914,predicate:15,CHEBI:190153,CHEBI:128999,predicate:1,CHEBI:129103,0.0
model_2.pt,PUBCHEM.COMPOUND:44314087,predicate:0,CHEBI:140407,CHEBI:128999,predicate:1,CHEBI:129103,0.0
model_2.pt,PUBCHEM.COMPOUND:25093440,predicate:0,CHEBI:113553,CHEBI:128999,predicate:1,CHEBI:129103,0.0
model_2.pt,CHEBI:65179,predicate:11,PUBCHEM.COMPOUND:11274029,CHEBI:128999,predicate:1,CHEBI:129103,0.0
model_2.pt,CHEBI:71580,predicate:22,MONDO:0005068,CHEBI:128999,predicate:1,CHEBI:129103,0.0
model_2.pt,CHEBI:190006,predicate:14,PUBCHEM.COMPOUND:118471641,CHEBI:128999,predicate:1,CHEBI:129103,0.0
model_2.pt,PUBCHEM.COMPOUND:59268935,predicate:0,CHEBI:113373,CHEBI:128999,predicate:1,CHEBI:129103,0.0
model_2.pt,CHEBI:157642,predicate:1,PUBCHEM.COMPOUND:130345144,CHEBI:128999,predicate:1,CHEBI:129103,-36.192752838134766
model_2.pt,PUBCHEM.COMPOUND:57395067,predicate:0,CHEBI:167320,CHEBI:128999,predicate:1,CHEBI:129103,0.0
model_2.pt,PUBCHEM.COMPOUND:2744597,predicate:11,PUBCHEM.COMPOUND:2930224,CHEBI:128999,predicate:1,CHEBI:129103,0.0
model_2.pt,CHEBI:137225,predicate:17,CHEBI:131804,CHEBI:128999,predicate:1,CHEBI:129103,0.0
model_2.pt,CHEBI:111166,predicate:1,CHEBI:93303,CHEBI:128999,predicate:1,CHEBI:129103,55.712310791015625
model_2.pt,MONDO:0013171,predicate:20,MONDO:0001071,CHEBI:128999,predicate:1,CHEBI:129103,0.0
model_2.pt,CHEBI:143170,predicate:1,CHEBI:166778,CHEBI:128999,predicate:1,CHEBI:129103,75.55683898925781
model_2.pt,CHEBI:51561,predicate:2,HP:0001945,CHEBI:128999,predicate:1,CHEBI:129103,0.0
model_2.pt,UNII:5M691HL4BO,predicate:23,HP:0001288,CHEBI:128999,predicate:1,CHEBI:129103,0.0
model_2.pt,MONDO:0011122,predicate:18,CHEBI:132752,CHEBI:128999,predicate:1,CHEBI:129103,0.0
model_2.pt,PUBCHEM.COMPOUND:10314049,predicate:13,CHEBI:18086,CHEBI:128999,predicate:1,CHEBI:129103,0.0
model_2.pt,CHEBI:144357,predicate:20,HP:0002857,CHEBI:128999,predicate:1,CHEBI:129103,0.0
model_2.pt,CHEBI:16207,predicate:15,CHEBI:129768,CHEBI:128999,predicate:1,CHEBI:129103,0.0
model_2.pt,CHEBI:139081,predicate:20,HP:0010864,CHEBI:128999,predicate:1,CHEBI:129103,0.0
model_2.pt,PUBCHEM.COMPOUND:5702107,predicate:3,CHEBI:109116,CHEBI:128999,predicate:1,CHEBI:129103,0.0
model_2.pt,CHEBI:71289,predicate:17,CHEBI:180867,CHEBI:128999,predicate:1,CHEBI:129103,0.0
model_2.pt,PUBCHEM.COMPOUND:9834864,predicate:21,CHEBI:113373,CHEBI:128999,predicate:1,CHEBI:129103,0.0
model_2.pt,PUBCHEM.COMPOUND:44431492,predicate:18,CHEBI:121826,CHEBI:128999,predicate:1,CHEBI:129103,0.0
model_2.pt,PUBCHEM.COMPOUND:10432760,predicate:25,CHEBI:166658,CHEBI:128999,predicate:1,CHEBI:129103,0.0
model_2.pt,PUBCHEM.COMPOUND:25015107,predicate:0,CHEBI:127989,CHEBI:128999,predicate:1,CHEBI:129103,0.0
model_2.pt,PUBCHEM.COMPOUND:131757266,predicate:13,MONDO:0006749,CHEBI:128999,predicate:1,CHEBI:129103,0.0
model_2.pt,CHEBI:72619,predicate:1,CHEBI:196198,CHEBI:128999,predicate:1,CHEBI:129103,-24.636398315429688
model_2.pt,CHEBI:71600,predicate:1,HMDB:HMDB0009929,CHEBI:128999,predicate:1,CHEBI:129103,-88.84001922607422
model_2.pt,CHEBI:184579,predicate:11,CHEBI:144250,CHEBI:128999,predicate:1,CHEBI:129103,0.0
model_2.pt,CHEBI:88497,predicate:1,CHEBI:144822,CHEBI:128999,predicate:1,CHEBI:129103,22.98868560791016
model_2.pt,CHEBI:15040,predicate:16,MONDO:0013171,CHEBI:128999,predicate:1,CHEBI:129103,0.0
model_2.pt,MONDO:0005272,predicate:1,CHEBI:18262,CHEBI:128999,predicate:1,CHEBI:129103,13.31900119781494
model_2.pt,CHEBI:126004,predicate:17,CHEBI:175375,CHEBI:128999,predicate:1,CHEBI:129103,0.0
model_2.pt,MONDO:0035764,predicate:1,HMDB:HMDB0083268,CHEBI:128999,predicate:1,CHEBI:129103,-11.588354110717772
model_2.pt,PUBCHEM.COMPOUND:155512592,predicate:0,CHEBI:103843,CHEBI:128999,predicate:1,CHEBI:129103,0.0
model_2.pt,CHEBI:15490,predicate:15,CHEBI:170609,CHEBI:128999,predicate:1,CHEBI:129103,0.0
model_2.pt,CHEBI:138520,predicate:28,CHEBI:171141,CHEBI:128999,predicate:1,CHEBI:129103,0.0
model_2.pt,CHEBI:131557,predicate:1,CHEBI:73731,CHEBI:128999,predicate:1,CHEBI:129103,2.619959831237793
model_2.pt,CHEBI:134948,predicate:22,MONDO:0000831,CHEBI:128999,predicate:1,CHEBI:129103,0.0
model_2.pt,PUBCHEM.COMPOUND:10578760,predicate:0,CHEBI:92697,CHEBI:128999,predicate:1,CHEBI:129103,0.0
model_2.pt,HMDB:HMDB0076696,predicate:17,CHEBI:170784,CHEBI:128999,predicate:1,CHEBI:129103,0.0
model_2.pt,MONDO:0859265,predicate:3,CHEBI:176304,CHEBI:128999,predicate:1,CHEBI:129103,0.0
model_2.pt,CHEBI:113553,predicate:1,HMDB:HMDB0077232,CHEBI:128999,predicate:1,CHEBI:129103,-16.7113094329834
model_2.pt,PUBCHEM.COMPOUND:137226420,predicate:0,CHEBI:109116,CHEBI:128999,predicate:1,CHEBI:129103,0.0
model_2.pt,MONDO:0010691,predicate:20,HP:0007957,CHEBI:128999,predicate:1,CHEBI:129103,0.0
model_2.pt,CHEMBL.COMPOUND:CHEMBL536308,predicate:1,CHEBI:163814,CHEBI:128999,predicate:1,CHEBI:129103,45.94694519042969
model_2.pt,CHEBI:83370,predicate:16,CHEBI:72635,CHEBI:128999,predicate:1,CHEBI:129103,0.0
model_2.pt,PUBCHEM.COMPOUND:122196132,predicate:0,CHEBI:172159,CHEBI:128999,predicate:1,CHEBI:129103,0.0
model_2.pt,MONDO:0011730,predicate:1,CHEMBL.COMPOUND:CHEMBL54465,CHEBI:128999,predicate:1,CHEBI:129103,-41.83740234375
model_2.pt,MONDO:0011840,predicate:1,CHEBI:139280,CHEBI:128999,predicate:1,CHEBI:129103,29.091777801513672
model_2.pt,CHEBI:17482,predicate:23,MONDO:0001382,CHEBI:128999,predicate:1,CHEBI:129103,0.0
model_2.pt,PUBCHEM.COMPOUND:25263321,predicate:11,PUBCHEM.COMPOUND:3003511,CHEBI:128999,predicate:1,CHEBI:129103,0.0
model_2.pt,PUBCHEM.COMPOUND:10216381,predicate:11,PUBCHEM.COMPOUND:10431492,CHEBI:128999,predicate:1,CHEBI:129103,0.0
model_2.pt,NCBIGene:820781,predicate:12,PUBCHEM.COMPOUND:131761197,CHEBI:128999,predicate:1,CHEBI:129103,0.0
model_2.pt,CHEBI:51068,predicate:17,HMDB:HMDB0009399,CHEBI:128999,predicate:1,CHEBI:129103,0.0
model_2.pt,CHEBI:9330,predicate:22,MONDO:0005011,CHEBI:128999,predicate:1,CHEBI:129103,0.0
model_2.pt,PUBCHEM.COMPOUND:10048208,predicate:26,CHEMBL.COMPOUND:CHEMBL151630,CHEBI:128999,predicate:1,CHEBI:129103,0.0
model_2.pt,PUBCHEM.COMPOUND:44176335,predicate:0,CHEBI:105317,CHEBI:128999,predicate:1,CHEBI:129103,0.0
model_2.pt,PUBCHEM.COMPOUND:49864838,predicate:18,CHEBI:109533,CHEBI:128999,predicate:1,CHEBI:129103,0.0
model_2.pt,CHEBI:185985,predicate:16,CHEBI:70967,CHEBI:128999,predicate:1,CHEBI:129103,0.0
model_2.pt,CHEMBL.COMPOUND:CHEMBL4798272,predicate:15,CHEBI:167641,CHEBI:128999,predicate:1,CHEBI:129103,0.0
model_2.pt,PUBCHEM.COMPOUND:126739109,predicate:11,MONDO:0006996,CHEBI:128999,predicate:1,CHEBI:129103,0.0
model_2.pt,MONDO:0012176,predicate:20,HP:0003028,CHEBI:15632,predicate:23,HP:0002239,0.0
model_2.pt,CHEBI:16959,predicate:17,CHEBI:172284,CHEBI:15632,predicate:23,HP:0002239,0.0
model_2.pt,PUBCHEM.COMPOUND:68020555,predicate:0,PUBCHEM.COMPOUND:44459583,CHEBI:15632,predicate:23,HP:0002239,0.0
model_2.pt,PUBCHEM.COMPOUND:137636752,predicate:0,CHEBI:134753,CHEBI:15632,predicate:23,HP:0002239,0.0
model_2.pt,PUBCHEM.COMPOUND:124221273,predicate:23,MONDO:0015691,CHEBI:15632,predicate:23,HP:0002239,27.936492919921875
model_2.pt,PUBCHEM.COMPOUND:130200977,predicate:18,CHEBI:144991,CHEBI:15632,predicate:23,HP:0002239,0.0
model_2.pt,MONDO:0005044,predicate:11,MONDO:0056796,CHEBI:15632,predicate:23,HP:0002239,0.0
model_2.pt,CHEBI:16592,predicate:41,CHEBI:114693,CHEBI:15632,predicate:23,HP:0002239,0.0
model_2.pt,CHEBI:166772,predicate:15,CHEBI:175537,CHEBI:15632,predicate:23,HP:0002239,0.0
model_2.pt,DRUGBANK:DB11158,predicate:2,MONDO:0005147,CHEBI:15632,predicate:23,HP:0002239,0.0
model_2.pt,CHEBI:145008,predicate:2,MONDO:0001076,CHEBI:15632,predicate:23,HP:0002239,0.0
model_2.pt,CHEBI:172333,predicate:11,CHEBI:84017,CHEBI:15632,predicate:23,HP:0002239,0.0
model_2.pt,CHEBI:188563,predicate:12,PUBCHEM.COMPOUND:52924335,CHEBI:15632,predicate:23,HP:0002239,0.0
model_2.pt,CHEBI:190239,predicate:11,HMDB:HMDB0072989,CHEBI:15632,predicate:23,HP:0002239,0.0
model_2.pt,CHEBI:135278,predicate:22,MONDO:0005559,CHEBI:15632,predicate:23,HP:0002239,0.0
model_2.pt,CHEBI:47040,predicate:15,CHEBI:146256,CHEBI:15632,predicate:23,HP:0002239,0.0
model_2.pt,CHEMBL.COMPOUND:CHEMBL4747062,predicate:0,CHEBI:71479,CHEBI:15632,predicate:23,HP:0002239,0.0
model_2.pt,CHEBI:42371,predicate:17,CHEBI:135736,CHEBI:15632,predicate:23,HP:0002239,0.0
model_2.pt,CHEBI:143114,predicate:1,CHEBI:125432,CHEBI:15632,predicate:23,HP:0002239,0.0
model_2.pt,CHEBI:185767,predicate:1,CHEBI:16264,CHEBI:15632,predicate:23,HP:0002239,0.0
model_2.pt,CHEBI:109317,predicate:14,CHEBI:170587,CHEBI:15632,predicate:23,HP:0002239,0.0
model_2.pt,CHEMBL.COMPOUND:CHEMBL4877928,predicate:1,PUBCHEM.COMPOUND:130363355,CHEBI:15632,predicate:23,HP:0002239,0.0
model_2.pt,CHEBI:136073,predicate:10,MONDO:0007263,CHEBI:15632,predicate:23,HP:0002239,0.0
model_2.pt,PUBCHEM.COMPOUND:131762323,predicate:13,CHEBI:149534,CHEBI:15632,predicate:23,HP:0002239,0.0
model_2.pt,PUBCHEM.COMPOUND:54325967,predicate:0,CHEBI:149800,CHEBI:15632,predicate:23,HP:0002239,0.0
model_2.pt,HP:0000021,predicate:0,CHEBI:167578,CHEBI:15632,predicate:23,HP:0002239,0.0
model_2.pt,CHEMBL.COMPOUND:CHEMBL4782467,predicate:15,CHEBI:134948,CHEBI:15632,predicate:23,HP:0002239,0.0
model_2.pt,NCBIGene:23163,predicate:18,NCBIGene:100528017,CHEBI:15632,predicate:23,HP:0002239,0.0
model_2.pt,CHEBI:142271,predicate:1,CHEBI:192396,CHEBI:15632,predicate:23,HP:0002239,0.0
model_2.pt,CHEBI:146285,predicate:12,PUBCHEM.COMPOUND:53478731,CHEBI:15632,predicate:23,HP:0002239,0.0
model_2.pt,CHEBI:136073,predicate:15,CHEBI:125586,CHEBI:15632,predicate:23,HP:0002239,0.0
model_2.pt,CHEMBL.COMPOUND:CHEMBL596806,predicate:20,HP:0000253,CHEBI:15632,predicate:23,HP:0002239,0.0
model_2.pt,NCBIGene:838170,predicate:13,CHEBI:75099,CHEBI:15632,predicate:23,HP:0002239,0.0
model_2.pt,PUBCHEM.COMPOUND:117859783,predicate:11,PUBCHEM.COMPOUND:10525997,CHEBI:15632,predicate:23,HP:0002239,0.0
model_2.pt,PUBCHEM.COMPOUND:127036977,predicate:0,CHEBI:103739,CHEBI:15632,predicate:23,HP:0002239,0.0
model_2.pt,PUBCHEM.COMPOUND:44433263,predicate:0,CHEBI:119893,CHEBI:15632,predicate:23,HP:0002239,0.0
model_2.pt,CHEBI:3914,predicate:15,CHEBI:190153,CHEBI:15632,predicate:23,HP:0002239,0.0
model_2.pt,PUBCHEM.COMPOUND:44314087,predicate:0,CHEBI:140407,CHEBI:15632,predicate:23,HP:0002239,0.0
model_2.pt,PUBCHEM.COMPOUND:25093440,predicate:0,CHEBI:113553,CHEBI:15632,predicate:23,HP:0002239,0.0
model_2.pt,CHEBI:65179,predicate:11,PUBCHEM.COMPOUND:11274029,CHEBI:15632,predicate:23,HP:0002239,0.0
model_2.pt,CHEBI:71580,predicate:22,MONDO:0005068,CHEBI:15632,predicate:23,HP:0002239,0.0
model_2.pt,CHEBI:190006,predicate:14,PUBCHEM.COMPOUND:118471641,CHEBI:15632,predicate:23,HP:0002239,0.0
model_2.pt,PUBCHEM.COMPOUND:59268935,predicate:0,CHEBI:113373,CHEBI:15632,predicate:23,HP:0002239,0.0
model_2.pt,CHEBI:157642,predicate:1,PUBCHEM.COMPOUND:130345144,CHEBI:15632,predicate:23,HP:0002239,0.0
model_2.pt,PUBCHEM.COMPOUND:57395067,predicate:0,CHEBI:167320,CHEBI:15632,predicate:23,HP:0002239,0.0
model_2.pt,PUBCHEM.COMPOUND:2744597,predicate:11,PUBCHEM.COMPOUND:2930224,CHEBI:15632,predicate:23,HP:0002239,0.0
model_2.pt,CHEBI:137225,predicate:17,CHEBI:131804,CHEBI:15632,predicate:23,HP:0002239,0.0
model_2.pt,CHEBI:111166,predicate:1,CHEBI:93303,CHEBI:15632,predicate:23,HP:0002239,0.0
model_2.pt,MONDO:0013171,predicate:20,MONDO:0001071,CHEBI:15632,predicate:23,HP:0002239,0.0
model_2.pt,CHEBI:143170,predicate:1,CHEBI:166778,CHEBI:15632,predicate:23,HP:0002239,0.0
model_2.pt,CHEBI:51561,predicate:2,HP:0001945,CHEBI:15632,predicate:23,HP:0002239,0.0
model_2.pt,UNII:5M691HL4BO,predicate:23,HP:0001288,CHEBI:15632,predicate:23,HP:0002239,43.33305740356445
model_2.pt,MONDO:0011122,predicate:18,CHEBI:132752,CHEBI:15632,predicate:23,HP:0002239,0.0
model_2.pt,PUBCHEM.COMPOUND:10314049,predicate:13,CHEBI:18086,CHEBI:15632,predicate:23,HP:0002239,0.0
model_2.pt,CHEBI:144357,predicate:20,HP:0002857,CHEBI:15632,predicate:23,HP:0002239,0.0
model_2.pt,CHEBI:16207,predicate:15,CHEBI:129768,CHEBI:15632,predicate:23,HP:0002239,0.0
model_2.pt,CHEBI:139081,predicate:20,HP:0010864,CHEBI:15632,predicate:23,HP:0002239,0.0
model_2.pt,PUBCHEM.COMPOUND:5702107,predicate:3,CHEBI:109116,CHEBI:15632,predicate:23,HP:0002239,0.0
model_2.pt,CHEBI:71289,predicate:17,CHEBI:180867,CHEBI:15632,predicate:23,HP:0002239,0.0
model_2.pt,PUBCHEM.COMPOUND:9834864,predicate:21,CHEBI:113373,CHEBI:15632,predicate:23,HP:0002239,0.0
model_2.pt,PUBCHEM.COMPOUND:44431492,predicate:18,CHEBI:121826,CHEBI:15632,predicate:23,HP:0002239,0.0
model_2.pt,PUBCHEM.COMPOUND:10432760,predicate:25,CHEBI:166658,CHEBI:15632,predicate:23,HP:0002239,0.0
model_2.pt,PUBCHEM.COMPOUND:25015107,predicate:0,CHEBI:127989,CHEBI:15632,predicate:23,HP:0002239,0.0
model_2.pt,PUBCHEM.COMPOUND:131757266,predicate:13,MONDO:0006749,CHEBI:15632,predicate:23,HP:0002239,0.0
model_2.pt,CHEBI:72619,predicate:1,CHEBI:196198,CHEBI:15632,predicate:23,HP:0002239,0.0
model_2.pt,CHEBI:71600,predicate:1,HMDB:HMDB0009929,CHEBI:15632,predicate:23,HP:0002239,0.0
model_2.pt,CHEBI:184579,predicate:11,CHEBI:144250,CHEBI:15632,predicate:23,HP:0002239,0.0
model_2.pt,CHEBI:88497,predicate:1,CHEBI:144822,CHEBI:15632,predicate:23,HP:0002239,0.0
model_2.pt,CHEBI:15040,predicate:16,MONDO:0013171,CHEBI:15632,predicate:23,HP:0002239,0.0
model_2.pt,MONDO:0005272,predicate:1,CHEBI:18262,CHEBI:15632,predicate:23,HP:0002239,0.0
model_2.pt,CHEBI:126004,predicate:17,CHEBI:175375,CHEBI:15632,predicate:23,HP:0002239,0.0
model_2.pt,MONDO:0035764,predicate:1,HMDB:HMDB0083268,CHEBI:15632,predicate:23,HP:0002239,0.0
model_2.pt,PUBCHEM.COMPOUND:155512592,predicate:0,CHEBI:103843,CHEBI:15632,predicate:23,HP:0002239,0.0
model_2.pt,CHEBI:15490,predicate:15,CHEBI:170609,CHEBI:15632,predicate:23,HP:0002239,0.0
model_2.pt,CHEBI:138520,predicate:28,CHEBI:171141,CHEBI:15632,predicate:23,HP:0002239,0.0
model_2.pt,CHEBI:131557,predicate:1,CHEBI:73731,CHEBI:15632,predicate:23,HP:0002239,0.0
model_2.pt,CHEBI:134948,predicate:22,MONDO:0000831,CHEBI:15632,predicate:23,HP:0002239,0.0
model_2.pt,PUBCHEM.COMPOUND:10578760,predicate:0,CHEBI:92697,CHEBI:15632,predicate:23,HP:0002239,0.0
model_2.pt,HMDB:HMDB0076696,predicate:17,CHEBI:170784,CHEBI:15632,predicate:23,HP:0002239,0.0
model_2.pt,MONDO:0859265,predicate:3,CHEBI:176304,CHEBI:15632,predicate:23,HP:0002239,0.0
model_2.pt,CHEBI:113553,predicate:1,HMDB:HMDB0077232,CHEBI:15632,predicate:23,HP:0002239,0.0
model_2.pt,PUBCHEM.COMPOUND:137226420,predicate:0,CHEBI:109116,CHEBI:15632,predicate:23,HP:0002239,0.0
model_2.pt,MONDO:0010691,predicate:20,HP:0007957,CHEBI:15632,predicate:23,HP:0002239,0.0
model_2.pt,CHEMBL.COMPOUND:CHEMBL536308,predicate:1,CHEBI:163814,CHEBI:15632,predicate:23,HP:0002239,0.0
model_2.pt,CHEBI:83370,predicate:16,CHEBI:72635,CHEBI:15632,predicate:23,HP:0002239,0.0
model_2.pt,PUBCHEM.COMPOUND:122196132,predicate:0,CHEBI:172159,CHEBI:15632,predicate:23,HP:0002239,0.0
model_2.pt,MONDO:0011730,predicate:1,CHEMBL.COMPOUND:CHEMBL54465,CHEBI:15632,predicate:23,HP:0002239,0.0
model_2.pt,MONDO:0011840,predicate:1,CHEBI:139280,CHEBI:15632,predicate:23,HP:0002239,0.0
model_2.pt,CHEBI:17482,predicate:23,MONDO:0001382,CHEBI:15632,predicate:23,HP:0002239,73.48480224609375
model_2.pt,PUBCHEM.COMPOUND:25263321,predicate:11,PUBCHEM.COMPOUND:3003511,CHEBI:15632,predicate:23,HP:0002239,0.0
model_2.pt,PUBCHEM.COMPOUND:10216381,predicate:11,PUBCHEM.COMPOUND:10431492,CHEBI:15632,predicate:23,HP:0002239,0.0
model_2.pt,NCBIGene:820781,predicate:12,PUBCHEM.COMPOUND:131761197,CHEBI:15632,predicate:23,HP:0002239,0.0
model_2.pt,CHEBI:51068,predicate:17,HMDB:HMDB0009399,CHEBI:15632,predicate:23,HP:0002239,0.0
model_2.pt,CHEBI:9330,predicate:22,MONDO:0005011,CHEBI:15632,predicate:23,HP:0002239,0.0
model_2.pt,PUBCHEM.COMPOUND:10048208,predicate:26,CHEMBL.COMPOUND:CHEMBL151630,CHEBI:15632,predicate:23,HP:0002239,0.0
model_2.pt,PUBCHEM.COMPOUND:44176335,predicate:0,CHEBI:105317,CHEBI:15632,predicate:23,HP:0002239,0.0
model_2.pt,PUBCHEM.COMPOUND:49864838,predicate:18,CHEBI:109533,CHEBI:15632,predicate:23,HP:0002239,0.0
model_2.pt,CHEBI:185985,predicate:16,CHEBI:70967,CHEBI:15632,predicate:23,HP:0002239,0.0
model_2.pt,CHEMBL.COMPOUND:CHEMBL4798272,predicate:15,CHEBI:167641,CHEBI:15632,predicate:23,HP:0002239,0.0
model_2.pt,PUBCHEM.COMPOUND:126739109,predicate:11,MONDO:0006996,CHEBI:15632,predicate:23,HP:0002239,0.0
model_2.pt,MONDO:0012176,predicate:20,HP:0003028,CHEBI:126466,predicate:14,CHEBI:142514,0.0
model_2.pt,CHEBI:16959,predicate:17,CHEBI:172284,CHEBI:126466,predicate:14,CHEBI:142514,0.0
model_2.pt,PUBCHEM.COMPOUND:68020555,predicate:0,PUBCHEM.COMPOUND:44459583,CHEBI:126466,predicate:14,CHEBI:142514,0.0
model_2.pt,PUBCHEM.COMPOUND:137636752,predicate:0,CHEBI:134753,CHEBI:126466,predicate:14,CHEBI:142514,0.0
model_2.pt,PUBCHEM.COMPOUND:124221273,predicate:23,MONDO:0015691,CHEBI:126466,predicate:14,CHEBI:142514,0.0
model_2.pt,PUBCHEM.COMPOUND:130200977,predicate:18,CHEBI:144991,CHEBI:126466,predicate:14,CHEBI:142514,0.0
model_2.pt,MONDO:0005044,predicate:11,MONDO:0056796,CHEBI:126466,predicate:14,CHEBI:142514,0.0
model_2.pt,CHEBI:16592,predicate:41,CHEBI:114693,CHEBI:126466,predicate:14,CHEBI:142514,0.0
model_2.pt,CHEBI:166772,predicate:15,CHEBI:175537,CHEBI:126466,predicate:14,CHEBI:142514,0.0
model_2.pt,DRUGBANK:DB11158,predicate:2,MONDO:0005147,CHEBI:126466,predicate:14,CHEBI:142514,0.0
model_2.pt,CHEBI:145008,predicate:2,MONDO:0001076,CHEBI:126466,predicate:14,CHEBI:142514,0.0
model_2.pt,CHEBI:172333,predicate:11,CHEBI:84017,CHEBI:126466,predicate:14,CHEBI:142514,0.0
model_2.pt,CHEBI:188563,predicate:12,PUBCHEM.COMPOUND:52924335,CHEBI:126466,predicate:14,CHEBI:142514,0.0
model_2.pt,CHEBI:190239,predicate:11,HMDB:HMDB0072989,CHEBI:126466,predicate:14,CHEBI:142514,0.0
model_2.pt,CHEBI:135278,predicate:22,MONDO:0005559,CHEBI:126466,predicate:14,CHEBI:142514,0.0
model_2.pt,CHEBI:47040,predicate:15,CHEBI:146256,CHEBI:126466,predicate:14,CHEBI:142514,0.0
model_2.pt,CHEMBL.COMPOUND:CHEMBL4747062,predicate:0,CHEBI:71479,CHEBI:126466,predicate:14,CHEBI:142514,0.0
model_2.pt,CHEBI:42371,predicate:17,CHEBI:135736,CHEBI:126466,predicate:14,CHEBI:142514,0.0
model_2.pt,CHEBI:143114,predicate:1,CHEBI:125432,CHEBI:126466,predicate:14,CHEBI:142514,0.0
model_2.pt,CHEBI:185767,predicate:1,CHEBI:16264,CHEBI:126466,predicate:14,CHEBI:142514,0.0
model_2.pt,CHEBI:109317,predicate:14,CHEBI:170587,CHEBI:126466,predicate:14,CHEBI:142514,-38.084739685058594
model_2.pt,CHEMBL.COMPOUND:CHEMBL4877928,predicate:1,PUBCHEM.COMPOUND:130363355,CHEBI:126466,predicate:14,CHEBI:142514,0.0
model_2.pt,CHEBI:136073,predicate:10,MONDO:0007263,CHEBI:126466,predicate:14,CHEBI:142514,0.0
model_2.pt,PUBCHEM.COMPOUND:131762323,predicate:13,CHEBI:149534,CHEBI:126466,predicate:14,CHEBI:142514,0.0
model_2.pt,PUBCHEM.COMPOUND:54325967,predicate:0,CHEBI:149800,CHEBI:126466,predicate:14,CHEBI:142514,0.0
model_2.pt,HP:0000021,predicate:0,CHEBI:167578,CHEBI:126466,predicate:14,CHEBI:142514,0.0
model_2.pt,CHEMBL.COMPOUND:CHEMBL4782467,predicate:15,CHEBI:134948,CHEBI:126466,predicate:14,CHEBI:142514,0.0
model_2.pt,NCBIGene:23163,predicate:18,NCBIGene:100528017,CHEBI:126466,predicate:14,CHEBI:142514,0.0
model_2.pt,CHEBI:142271,predicate:1,CHEBI:192396,CHEBI:126466,predicate:14,CHEBI:142514,0.0
model_2.pt,CHEBI:146285,predicate:12,PUBCHEM.COMPOUND:53478731,CHEBI:126466,predicate:14,CHEBI:142514,0.0
model_2.pt,CHEBI:136073,predicate:15,CHEBI:125586,CHEBI:126466,predicate:14,CHEBI:142514,0.0
model_2.pt,CHEMBL.COMPOUND:CHEMBL596806,predicate:20,HP:0000253,CHEBI:126466,predicate:14,CHEBI:142514,0.0
model_2.pt,NCBIGene:838170,predicate:13,CHEBI:75099,CHEBI:126466,predicate:14,CHEBI:142514,0.0
model_2.pt,PUBCHEM.COMPOUND:117859783,predicate:11,PUBCHEM.COMPOUND:10525997,CHEBI:126466,predicate:14,CHEBI:142514,0.0
model_2.pt,PUBCHEM.COMPOUND:127036977,predicate:0,CHEBI:103739,CHEBI:126466,predicate:14,CHEBI:142514,0.0
model_2.pt,PUBCHEM.COMPOUND:44433263,predicate:0,CHEBI:119893,CHEBI:126466,predicate:14,CHEBI:142514,0.0
model_2.pt,CHEBI:3914,predicate:15,CHEBI:190153,CHEBI:126466,predicate:14,CHEBI:142514,0.0
model_2.pt,PUBCHEM.COMPOUND:44314087,predicate:0,CHEBI:140407,CHEBI:126466,predicate:14,CHEBI:142514,0.0
model_2.pt,PUBCHEM.COMPOUND:25093440,predicate:0,CHEBI:113553,CHEBI:126466,predicate:14,CHEBI:142514,0.0
model_2.pt,CHEBI:65179,predicate:11,PUBCHEM.COMPOUND:11274029,CHEBI:126466,predicate:14,CHEBI:142514,0.0
model_2.pt,CHEBI:71580,predicate:22,MONDO:0005068,CHEBI:126466,predicate:14,CHEBI:142514,0.0
model_2.pt,CHEBI:190006,predicate:14,PUBCHEM.COMPOUND:118471641,CHEBI:126466,predicate:14,CHEBI:142514,2.835906982421875
model_2.pt,PUBCHEM.COMPOUND:59268935,predicate:0,CHEBI:113373,CHEBI:126466,predicate:14,CHEBI:142514,0.0
model_2.pt,CHEBI:157642,predicate:1,PUBCHEM.COMPOUND:130345144,CHEBI:126466,predicate:14,CHEBI:142514,0.0
model_2.pt,PUBCHEM.COMPOUND:57395067,predicate:0,CHEBI:167320,CHEBI:126466,predicate:14,CHEBI:142514,0.0
model_2.pt,PUBCHEM.COMPOUND:2744597,predicate:11,PUBCHEM.COMPOUND:2930224,CHEBI:126466,predicate:14,CHEBI:142514,0.0
model_2.pt,CHEBI:137225,predicate:17,CHEBI:131804,CHEBI:126466,predicate:14,CHEBI:142514,0.0
model_2.pt,CHEBI:111166,predicate:1,CHEBI:93303,CHEBI:126466,predicate:14,CHEBI:142514,0.0
model_2.pt,MONDO:0013171,predicate:20,MONDO:0001071,CHEBI:126466,predicate:14,CHEBI:142514,0.0
model_2.pt,CHEBI:143170,predicate:1,CHEBI:166778,CHEBI:126466,predicate:14,CHEBI:142514,0.0
model_2.pt,CHEBI:51561,predicate:2,HP:0001945,CHEBI:126466,predicate:14,CHEBI:142514,0.0
model_2.pt,UNII:5M691HL4BO,predicate:23,HP:0001288,CHEBI:126466,predicate:14,CHEBI:142514,0.0
model_2.pt,MONDO:0011122,predicate:18,CHEBI:132752,CHEBI:126466,predicate:14,CHEBI:142514,0.0
model_2.pt,PUBCHEM.COMPOUND:10314049,predicate:13,CHEBI:18086,CHEBI:126466,predicate:14,CHEBI:142514,0.0
model_2.pt,CHEBI:144357,predicate:20,HP:0002857,CHEBI:126466,predicate:14,CHEBI:142514,0.0
model_2.pt,CHEBI:16207,predicate:15,CHEBI:129768,CHEBI:126466,predicate:14,CHEBI:142514,0.0
model_2.pt,CHEBI:139081,predicate:20,HP:0010864,CHEBI:126466,predicate:14,CHEBI:142514,0.0
model_2.pt,PUBCHEM.COMPOUND:5702107,predicate:3,CHEBI:109116,CHEBI:126466,predicate:14,CHEBI:142514,0.0
model_2.pt,CHEBI:71289,predicate:17,CHEBI:180867,CHEBI:126466,predicate:14,CHEBI:142514,0.0
model_2.pt,PUBCHEM.COMPOUND:9834864,predicate:21,CHEBI:113373,CHEBI:126466,predicate:14,CHEBI:142514,0.0
model_2.pt,PUBCHEM.COMPOUND:44431492,predicate:18,CHEBI:121826,CHEBI:126466,predicate:14,CHEBI:142514,0.0
model_2.pt,PUBCHEM.COMPOUND:10432760,predicate:25,CHEBI:166658,CHEBI:126466,predicate:14,CHEBI:142514,0.0
model_2.pt,PUBCHEM.COMPOUND:25015107,predicate:0,CHEBI:127989,CHEBI:126466,predicate:14,CHEBI:142514,0.0
model_2.pt,PUBCHEM.COMPOUND:131757266,predicate:13,MONDO:0006749,CHEBI:126466,predicate:14,CHEBI:142514,0.0
model_2.pt,CHEBI:72619,predicate:1,CHEBI:196198,CHEBI:126466,predicate:14,CHEBI:142514,0.0
model_2.pt,CHEBI:71600,predicate:1,HMDB:HMDB0009929,CHEBI:126466,predicate:14,CHEBI:142514,0.0
model_2.pt,CHEBI:184579,predicate:11,CHEBI:144250,CHEBI:126466,predicate:14,CHEBI:142514,0.0
model_2.pt,CHEBI:88497,predicate:1,CHEBI:144822,CHEBI:126466,predicate:14,CHEBI:142514,0.0
model_2.pt,CHEBI:15040,predicate:16,MONDO:0013171,CHEBI:126466,predicate:14,CHEBI:142514,0.0
model_2.pt,MONDO:0005272,predicate:1,CHEBI:18262,CHEBI:126466,predicate:14,CHEBI:142514,0.0
model_2.pt,CHEBI:126004,predicate:17,CHEBI:175375,CHEBI:126466,predicate:14,CHEBI:142514,0.0
model_2.pt,MONDO:0035764,predicate:1,HMDB:HMDB0083268,CHEBI:126466,predicate:14,CHEBI:142514,0.0
model_2.pt,PUBCHEM.COMPOUND:155512592,predicate:0,CHEBI:103843,CHEBI:126466,predicate:14,CHEBI:142514,0.0
model_2.pt,CHEBI:15490,predicate:15,CHEBI:170609,CHEBI:126466,predicate:14,CHEBI:142514,0.0
model_2.pt,CHEBI:138520,predicate:28,CHEBI:171141,CHEBI:126466,predicate:14,CHEBI:142514,0.0
model_2.pt,CHEBI:131557,predicate:1,CHEBI:73731,CHEBI:126466,predicate:14,CHEBI:142514,0.0
model_2.pt,CHEBI:134948,predicate:22,MONDO:0000831,CHEBI:126466,predicate:14,CHEBI:142514,0.0
model_2.pt,PUBCHEM.COMPOUND:10578760,predicate:0,CHEBI:92697,CHEBI:126466,predicate:14,CHEBI:142514,0.0
model_2.pt,HMDB:HMDB0076696,predicate:17,CHEBI:170784,CHEBI:126466,predicate:14,CHEBI:142514,0.0
model_2.pt,MONDO:0859265,predicate:3,CHEBI:176304,CHEBI:126466,predicate:14,CHEBI:142514,0.0
model_2.pt,CHEBI:113553,predicate:1,HMDB:HMDB0077232,CHEBI:126466,predicate:14,CHEBI:142514,0.0
model_2.pt,PUBCHEM.COMPOUND:137226420,predicate:0,CHEBI:109116,CHEBI:126466,predicate:14,CHEBI:142514,0.0
model_2.pt,MONDO:0010691,predicate:20,HP:0007957,CHEBI:126466,predicate:14,CHEBI:142514,0.0
model_2.pt,CHEMBL.COMPOUND:CHEMBL536308,predicate:1,CHEBI:163814,CHEBI:126466,predicate:14,CHEBI:142514,0.0
model_2.pt,CHEBI:83370,predicate:16,CHEBI:72635,CHEBI:126466,predicate:14,CHEBI:142514,0.0
model_2.pt,PUBCHEM.COMPOUND:122196132,predicate:0,CHEBI:172159,CHEBI:126466,predicate:14,CHEBI:142514,0.0
model_2.pt,MONDO:0011730,predicate:1,CHEMBL.COMPOUND:CHEMBL54465,CHEBI:126466,predicate:14,CHEBI:142514,0.0
model_2.pt,MONDO:0011840,predicate:1,CHEBI:139280,CHEBI:126466,predicate:14,CHEBI:142514,0.0
model_2.pt,CHEBI:17482,predicate:23,MONDO:0001382,CHEBI:126466,predicate:14,CHEBI:142514,0.0
model_2.pt,PUBCHEM.COMPOUND:25263321,predicate:11,PUBCHEM.COMPOUND:3003511,CHEBI:126466,predicate:14,CHEBI:142514,0.0
model_2.pt,PUBCHEM.COMPOUND:10216381,predicate:11,PUBCHEM.COMPOUND:10431492,CHEBI:126466,predicate:14,CHEBI:142514,0.0
model_2.pt,NCBIGene:820781,predicate:12,PUBCHEM.COMPOUND:131761197,CHEBI:126466,predicate:14,CHEBI:142514,0.0
model_2.pt,CHEBI:51068,predicate:17,HMDB:HMDB0009399,CHEBI:126466,predicate:14,CHEBI:142514,0.0
model_2.pt,CHEBI:9330,predicate:22,MONDO:0005011,CHEBI:126466,predicate:14,CHEBI:142514,0.0
model_2.pt,PUBCHEM.COMPOUND:10048208,predicate:26,CHEMBL.COMPOUND:CHEMBL151630,CHEBI:126466,predicate:14,CHEBI:142514,0.0
model_2.pt,PUBCHEM.COMPOUND:44176335,predicate:0,CHEBI:105317,CHEBI:126466,predicate:14,CHEBI:142514,0.0
model_2.pt,PUBCHEM.COMPOUND:49864838,predicate:18,CHEBI:109533,CHEBI:126466,predicate:14,CHEBI:142514,0.0
model_2.pt,CHEBI:185985,predicate:16,CHEBI:70967,CHEBI:126466,predicate:14,CHEBI:142514,0.0
model_2.pt,CHEMBL.COMPOUND:CHEMBL4798272,predicate:15,CHEBI:167641,CHEBI:126466,predicate:14,CHEBI:142514,0.0
model_2.pt,PUBCHEM.COMPOUND:126739109,predicate:11,MONDO:0006996,CHEBI:126466,predicate:14,CHEBI:142514,0.0
model_2.pt,MONDO:0012176,predicate:20,HP:0003028,CHEBI:139224,predicate:22,MONDO:0007540,0.0
model_2.pt,CHEBI:16959,predicate:17,CHEBI:172284,CHEBI:139224,predicate:22,MONDO:0007540,0.0
model_2.pt,PUBCHEM.COMPOUND:68020555,predicate:0,PUBCHEM.COMPOUND:44459583,CHEBI:139224,predicate:22,MONDO:0007540,0.0
model_2.pt,PUBCHEM.COMPOUND:137636752,predicate:0,CHEBI:134753,CHEBI:139224,predicate:22,MONDO:0007540,0.0
model_2.pt,PUBCHEM.COMPOUND:124221273,predicate:23,MONDO:0015691,CHEBI:139224,predicate:22,MONDO:0007540,0.0
model_2.pt,PUBCHEM.COMPOUND:130200977,predicate:18,CHEBI:144991,CHEBI:139224,predicate:22,MONDO:0007540,0.0
model_2.pt,MONDO:0005044,predicate:11,MONDO:0056796,CHEBI:139224,predicate:22,MONDO:0007540,0.0
model_2.pt,CHEBI:16592,predicate:41,CHEBI:114693,CHEBI:139224,predicate:22,MONDO:0007540,0.0
model_2.pt,CHEBI:166772,predicate:15,CHEBI:175537,CHEBI:139224,predicate:22,MONDO:0007540,0.0
model_2.pt,DRUGBANK:DB11158,predicate:2,MONDO:0005147,CHEBI:139224,predicate:22,MONDO:0007540,0.0
model_2.pt,CHEBI:145008,predicate:2,MONDO:0001076,CHEBI:139224,predicate:22,MONDO:0007540,0.0
model_2.pt,CHEBI:172333,predicate:11,CHEBI:84017,CHEBI:139224,predicate:22,MONDO:0007540,0.0
model_2.pt,CHEBI:188563,predicate:12,PUBCHEM.COMPOUND:52924335,CHEBI:139224,predicate:22,MONDO:0007540,0.0
model_2.pt,CHEBI:190239,predicate:11,HMDB:HMDB0072989,CHEBI:139224,predicate:22,MONDO:0007540,0.0
model_2.pt,CHEBI:135278,predicate:22,MONDO:0005559,CHEBI:139224,predicate:22,MONDO:0007540,-37.042510986328125
model_2.pt,CHEBI:47040,predicate:15,CHEBI:146256,CHEBI:139224,predicate:22,MONDO:0007540,0.0
model_2.pt,CHEMBL.COMPOUND:CHEMBL4747062,predicate:0,CHEBI:71479,CHEBI:139224,predicate:22,MONDO:0007540,0.0
model_2.pt,CHEBI:42371,predicate:17,CHEBI:135736,CHEBI:139224,predicate:22,MONDO:0007540,0.0
model_2.pt,CHEBI:143114,predicate:1,CHEBI:125432,CHEBI:139224,predicate:22,MONDO:0007540,0.0
model_2.pt,CHEBI:185767,predicate:1,CHEBI:16264,CHEBI:139224,predicate:22,MONDO:0007540,0.0
model_2.pt,CHEBI:109317,predicate:14,CHEBI:170587,CHEBI:139224,predicate:22,MONDO:0007540,0.0
model_2.pt,CHEMBL.COMPOUND:CHEMBL4877928,predicate:1,PUBCHEM.COMPOUND:130363355,CHEBI:139224,predicate:22,MONDO:0007540,0.0
model_2.pt,CHEBI:136073,predicate:10,MONDO:0007263,CHEBI:139224,predicate:22,MONDO:0007540,0.0
model_2.pt,PUBCHEM.COMPOUND:131762323,predicate:13,CHEBI:149534,CHEBI:139224,predicate:22,MONDO:0007540,0.0
model_2.pt,PUBCHEM.COMPOUND:54325967,predicate:0,CHEBI:149800,CHEBI:139224,predicate:22,MONDO:0007540,0.0
model_2.pt,HP:0000021,predicate:0,CHEBI:167578,CHEBI:139224,predicate:22,MONDO:0007540,0.0
model_2.pt,CHEMBL.COMPOUND:CHEMBL4782467,predicate:15,CHEBI:134948,CHEBI:139224,predicate:22,MONDO:0007540,0.0
model_2.pt,NCBIGene:23163,predicate:18,NCBIGene:100528017,CHEBI:139224,predicate:22,MONDO:0007540,0.0
model_2.pt,CHEBI:142271,predicate:1,CHEBI:192396,CHEBI:139224,predicate:22,MONDO:0007540,0.0
model_2.pt,CHEBI:146285,predicate:12,PUBCHEM.COMPOUND:53478731,CHEBI:139224,predicate:22,MONDO:0007540,0.0
model_2.pt,CHEBI:136073,predicate:15,CHEBI:125586,CHEBI:139224,predicate:22,MONDO:0007540,0.0
model_2.pt,CHEMBL.COMPOUND:CHEMBL596806,predicate:20,HP:0000253,CHEBI:139224,predicate:22,MONDO:0007540,0.0
model_2.pt,NCBIGene:838170,predicate:13,CHEBI:75099,CHEBI:139224,predicate:22,MONDO:0007540,0.0
model_2.pt,PUBCHEM.COMPOUND:117859783,predicate:11,PUBCHEM.COMPOUND:10525997,CHEBI:139224,predicate:22,MONDO:0007540,0.0
model_2.pt,PUBCHEM.COMPOUND:127036977,predicate:0,CHEBI:103739,CHEBI:139224,predicate:22,MONDO:0007540,0.0
model_2.pt,PUBCHEM.COMPOUND:44433263,predicate:0,CHEBI:119893,CHEBI:139224,predicate:22,MONDO:0007540,0.0
model_2.pt,CHEBI:3914,predicate:15,CHEBI:190153,CHEBI:139224,predicate:22,MONDO:0007540,0.0
model_2.pt,PUBCHEM.COMPOUND:44314087,predicate:0,CHEBI:140407,CHEBI:139224,predicate:22,MONDO:0007540,0.0
model_2.pt,PUBCHEM.COMPOUND:25093440,predicate:0,CHEBI:113553,CHEBI:139224,predicate:22,MONDO:0007540,0.0
model_2.pt,CHEBI:65179,predicate:11,PUBCHEM.COMPOUND:11274029,CHEBI:139224,predicate:22,MONDO:0007540,0.0
model_2.pt,CHEBI:71580,predicate:22,MONDO:0005068,CHEBI:139224,predicate:22,MONDO:0007540,23.98276710510254
model_2.pt,CHEBI:190006,predicate:14,PUBCHEM.COMPOUND:118471641,CHEBI:139224,predicate:22,MONDO:0007540,0.0
model_2.pt,PUBCHEM.COMPOUND:59268935,predicate:0,CHEBI:113373,CHEBI:139224,predicate:22,MONDO:0007540,0.0
model_2.pt,CHEBI:157642,predicate:1,PUBCHEM.COMPOUND:130345144,CHEBI:139224,predicate:22,MONDO:0007540,0.0
model_2.pt,PUBCHEM.COMPOUND:57395067,predicate:0,CHEBI:167320,CHEBI:139224,predicate:22,MONDO:0007540,0.0
model_2.pt,PUBCHEM.COMPOUND:2744597,predicate:11,PUBCHEM.COMPOUND:2930224,CHEBI:139224,predicate:22,MONDO:0007540,0.0
model_2.pt,CHEBI:137225,predicate:17,CHEBI:131804,CHEBI:139224,predicate:22,MONDO:0007540,0.0
model_2.pt,CHEBI:111166,predicate:1,CHEBI:93303,CHEBI:139224,predicate:22,MONDO:0007540,0.0
model_2.pt,MONDO:0013171,predicate:20,MONDO:0001071,CHEBI:139224,predicate:22,MONDO:0007540,0.0
model_2.pt,CHEBI:143170,predicate:1,CHEBI:166778,CHEBI:139224,predicate:22,MONDO:0007540,0.0
model_2.pt,CHEBI:51561,predicate:2,HP:0001945,CHEBI:139224,predicate:22,MONDO:0007540,0.0
model_2.pt,UNII:5M691HL4BO,predicate:23,HP:0001288,CHEBI:139224,predicate:22,MONDO:0007540,0.0
model_2.pt,MONDO:0011122,predicate:18,CHEBI:132752,CHEBI:139224,predicate:22,MONDO:0007540,0.0
model_2.pt,PUBCHEM.COMPOUND:10314049,predicate:13,CHEBI:18086,CHEBI:139224,predicate:22,MONDO:0007540,0.0
model_2.pt,CHEBI:144357,predicate:20,HP:0002857,CHEBI:139224,predicate:22,MONDO:0007540,0.0
model_2.pt,CHEBI:16207,predicate:15,CHEBI:129768,CHEBI:139224,predicate:22,MONDO:0007540,0.0
model_2.pt,CHEBI:139081,predicate:20,HP:0010864,CHEBI:139224,predicate:22,MONDO:0007540,0.0
model_2.pt,PUBCHEM.COMPOUND:5702107,predicate:3,CHEBI:109116,CHEBI:139224,predicate:22,MONDO:0007540,0.0
model_2.pt,CHEBI:71289,predicate:17,CHEBI:180867,CHEBI:139224,predicate:22,MONDO:0007540,0.0
model_2.pt,PUBCHEM.COMPOUND:9834864,predicate:21,CHEBI:113373,CHEBI:139224,predicate:22,MONDO:0007540,0.0
model_2.pt,PUBCHEM.COMPOUND:44431492,predicate:18,CHEBI:121826,CHEBI:139224,predicate:22,MONDO:0007540,0.0
model_2.pt,PUBCHEM.COMPOUND:10432760,predicate:25,CHEBI:166658,CHEBI:139224,predicate:22,MONDO:0007540,0.0
model_2.pt,PUBCHEM.COMPOUND:25015107,predicate:0,CHEBI:127989,CHEBI:139224,predicate:22,MONDO:0007540,0.0
model_2.pt,PUBCHEM.COMPOUND:131757266,predicate:13,MONDO:0006749,CHEBI:139224,predicate:22,MONDO:0007540,0.0
model_2.pt,CHEBI:72619,predicate:1,CHEBI:196198,CHEBI:139224,predicate:22,MONDO:0007540,0.0
model_2.pt,CHEBI:71600,predicate:1,HMDB:HMDB0009929,CHEBI:139224,predicate:22,MONDO:0007540,0.0
model_2.pt,CHEBI:184579,predicate:11,CHEBI:144250,CHEBI:139224,predicate:22,MONDO:0007540,0.0
model_2.pt,CHEBI:88497,predicate:1,CHEBI:144822,CHEBI:139224,predicate:22,MONDO:0007540,0.0
model_2.pt,CHEBI:15040,predicate:16,MONDO:0013171,CHEBI:139224,predicate:22,MONDO:0007540,0.0
model_2.pt,MONDO:0005272,predicate:1,CHEBI:18262,CHEBI:139224,predicate:22,MONDO:0007540,0.0
model_2.pt,CHEBI:126004,predicate:17,CHEBI:175375,CHEBI:139224,predicate:22,MONDO:0007540,0.0
model_2.pt,MONDO:0035764,predicate:1,HMDB:HMDB0083268,CHEBI:139224,predicate:22,MONDO:0007540,0.0
model_2.pt,PUBCHEM.COMPOUND:155512592,predicate:0,CHEBI:103843,CHEBI:139224,predicate:22,MONDO:0007540,0.0
model_2.pt,CHEBI:15490,predicate:15,CHEBI:170609,CHEBI:139224,predicate:22,MONDO:0007540,0.0
model_2.pt,CHEBI:138520,predicate:28,CHEBI:171141,CHEBI:139224,predicate:22,MONDO:0007540,0.0
model_2.pt,CHEBI:131557,predicate:1,CHEBI:73731,CHEBI:139224,predicate:22,MONDO:0007540,0.0
model_2.pt,CHEBI:134948,predicate:22,MONDO:0000831,CHEBI:139224,predicate:22,MONDO:0007540,-19.2518367767334
model_2.pt,PUBCHEM.COMPOUND:10578760,predicate:0,CHEBI:92697,CHEBI:139224,predicate:22,MONDO:0007540,0.0
model_2.pt,HMDB:HMDB0076696,predicate:17,CHEBI:170784,CHEBI:139224,predicate:22,MONDO:0007540,0.0
model_2.pt,MONDO:0859265,predicate:3,CHEBI:176304,CHEBI:139224,predicate:22,MONDO:0007540,0.0
model_2.pt,CHEBI:113553,predicate:1,HMDB:HMDB0077232,CHEBI:139224,predicate:22,MONDO:0007540,0.0
model_2.pt,PUBCHEM.COMPOUND:137226420,predicate:0,CHEBI:109116,CHEBI:139224,predicate:22,MONDO:0007540,0.0
model_2.pt,MONDO:0010691,predicate:20,HP:0007957,CHEBI:139224,predicate:22,MONDO:0007540,0.0
model_2.pt,CHEMBL.COMPOUND:CHEMBL536308,predicate:1,CHEBI:163814,CHEBI:139224,predicate:22,MONDO:0007540,0.0
model_2.pt,CHEBI:83370,predicate:16,CHEBI:72635,CHEBI:139224,predicate:22,MONDO:0007540,0.0
model_2.pt,PUBCHEM.COMPOUND:122196132,predicate:0,CHEBI:172159,CHEBI:139224,predicate:22,MONDO:0007540,0.0
model_2.pt,MONDO:0011730,predicate:1,CHEMBL.COMPOUND:CHEMBL54465,CHEBI:139224,predicate:22,MONDO:0007540,0.0
model_2.pt,MONDO:0011840,predicate:1,CHEBI:139280,CHEBI:139224,predicate:22,MONDO:0007540,0.0
model_2.pt,CHEBI:17482,predicate:23,MONDO:0001382,CHEBI:139224,predicate:22,MONDO:0007540,0.0
model_2.pt,PUBCHEM.COMPOUND:25263321,predicate:11,PUBCHEM.COMPOUND:3003511,CHEBI:139224,predicate:22,MONDO:0007540,0.0
model_2.pt,PUBCHEM.COMPOUND:10216381,predicate:11,PUBCHEM.COMPOUND:10431492,CHEBI:139224,predicate:22,MONDO:0007540,0.0
model_2.pt,NCBIGene:820781,predicate:12,PUBCHEM.COMPOUND:131761197,CHEBI:139224,predicate:22,MONDO:0007540,0.0
model_2.pt,CHEBI:51068,predicate:17,HMDB:HMDB0009399,CHEBI:139224,predicate:22,MONDO:0007540,0.0
model_2.pt,CHEBI:9330,predicate:22,MONDO:0005011,CHEBI:139224,predicate:22,MONDO:0007540,23.11823081970215
model_2.pt,PUBCHEM.COMPOUND:10048208,predicate:26,CHEMBL.COMPOUND:CHEMBL151630,CHEBI:139224,predicate:22,MONDO:0007540,0.0
model_2.pt,PUBCHEM.COMPOUND:44176335,predicate:0,CHEBI:105317,CHEBI:139224,predicate:22,MONDO:0007540,0.0
model_2.pt,PUBCHEM.COMPOUND:49864838,predicate:18,CHEBI:109533,CHEBI:139224,predicate:22,MONDO:0007540,0.0
model_2.pt,CHEBI:185985,predicate:16,CHEBI:70967,CHEBI:139224,predicate:22,MONDO:0007540,0.0
model_2.pt,CHEMBL.COMPOUND:CHEMBL4798272,predicate:15,CHEBI:167641,CHEBI:139224,predicate:22,MONDO:0007540,0.0
model_2.pt,PUBCHEM.COMPOUND:126739109,predicate:11,MONDO:0006996,CHEBI:139224,predicate:22,MONDO:0007540,0.0
model_26.pt,MONDO:0012176,predicate:20,HP:0003028,MONDO:0008538,predicate:20,HP:0003565,41.59832000732422
model_26.pt,CHEBI:16959,predicate:17,CHEBI:172284,MONDO:0008538,predicate:20,HP:0003565,0.0
model_26.pt,PUBCHEM.COMPOUND:68020555,predicate:0,PUBCHEM.COMPOUND:44459583,MONDO:0008538,predicate:20,HP:0003565,0.0
model_26.pt,PUBCHEM.COMPOUND:137636752,predicate:0,CHEBI:134753,MONDO:0008538,predicate:20,HP:0003565,0.0
model_26.pt,PUBCHEM.COMPOUND:124221273,predicate:23,MONDO:0015691,MONDO:0008538,predicate:20,HP:0003565,0.0
model_26.pt,PUBCHEM.COMPOUND:130200977,predicate:18,CHEBI:144991,MONDO:0008538,predicate:20,HP:0003565,0.0
model_26.pt,MONDO:0005044,predicate:11,MONDO:0056796,MONDO:0008538,predicate:20,HP:0003565,0.0
model_26.pt,CHEBI:16592,predicate:41,CHEBI:114693,MONDO:0008538,predicate:20,HP:0003565,0.0
model_26.pt,CHEBI:166772,predicate:15,CHEBI:175537,MONDO:0008538,predicate:20,HP:0003565,0.0
model_26.pt,DRUGBANK:DB11158,predicate:2,MONDO:0005147,MONDO:0008538,predicate:20,HP:0003565,0.0
model_26.pt,CHEBI:145008,predicate:2,MONDO:0001076,MONDO:0008538,predicate:20,HP:0003565,0.0
model_26.pt,CHEBI:172333,predicate:11,CHEBI:84017,MONDO:0008538,predicate:20,HP:0003565,0.0
model_26.pt,CHEBI:188563,predicate:12,PUBCHEM.COMPOUND:52924335,MONDO:0008538,predicate:20,HP:0003565,0.0
model_26.pt,CHEBI:190239,predicate:11,HMDB:HMDB0072989,MONDO:0008538,predicate:20,HP:0003565,0.0
model_26.pt,CHEBI:135278,predicate:22,MONDO:0005559,MONDO:0008538,predicate:20,HP:0003565,0.0
model_26.pt,CHEBI:47040,predicate:15,CHEBI:146256,MONDO:0008538,predicate:20,HP:0003565,0.0
model_26.pt,CHEMBL.COMPOUND:CHEMBL4747062,predicate:0,CHEBI:71479,MONDO:0008538,predicate:20,HP:0003565,0.0
model_26.pt,CHEBI:42371,predicate:17,CHEBI:135736,MONDO:0008538,predicate:20,HP:0003565,0.0
model_26.pt,CHEBI:143114,predicate:1,CHEBI:125432,MONDO:0008538,predicate:20,HP:0003565,0.0
model_26.pt,CHEBI:185767,predicate:1,CHEBI:16264,MONDO:0008538,predicate:20,HP:0003565,0.0
model_26.pt,CHEBI:109317,predicate:14,CHEBI:170587,MONDO:0008538,predicate:20,HP:0003565,0.0
model_26.pt,CHEMBL.COMPOUND:CHEMBL4877928,predicate:1,PUBCHEM.COMPOUND:130363355,MONDO:0008538,predicate:20,HP:0003565,0.0
model_26.pt,CHEBI:136073,predicate:10,MONDO:0007263,MONDO:0008538,predicate:20,HP:0003565,0.0
model_26.pt,PUBCHEM.COMPOUND:131762323,predicate:13,CHEBI:149534,MONDO:0008538,predicate:20,HP:0003565,0.0
model_26.pt,PUBCHEM.COMPOUND:54325967,predicate:0,CHEBI:149800,MONDO:0008538,predicate:20,HP:0003565,0.0
model_26.pt,HP:0000021,predicate:0,CHEBI:167578,MONDO:0008538,predicate:20,HP:0003565,0.0
model_26.pt,CHEMBL.COMPOUND:CHEMBL4782467,predicate:15,CHEBI:134948,MONDO:0008538,predicate:20,HP:0003565,0.0
model_26.pt,NCBIGene:23163,predicate:18,NCBIGene:100528017,MONDO:0008538,predicate:20,HP:0003565,0.0
model_26.pt,CHEBI:142271,predicate:1,CHEBI:192396,MONDO:0008538,predicate:20,HP:0003565,0.0
model_26.pt,CHEBI:146285,predicate:12,PUBCHEM.COMPOUND:53478731,MONDO:0008538,predicate:20,HP:0003565,0.0
model_26.pt,CHEBI:136073,predicate:15,CHEBI:125586,MONDO:0008538,predicate:20,HP:0003565,0.0
model_26.pt,CHEMBL.COMPOUND:CHEMBL596806,predicate:20,HP:0000253,MONDO:0008538,predicate:20,HP:0003565,-25.15155029296875
model_26.pt,NCBIGene:838170,predicate:13,CHEBI:75099,MONDO:0008538,predicate:20,HP:0003565,0.0
model_26.pt,PUBCHEM.COMPOUND:117859783,predicate:11,PUBCHEM.COMPOUND:10525997,MONDO:0008538,predicate:20,HP:0003565,0.0
model_26.pt,PUBCHEM.COMPOUND:127036977,predicate:0,CHEBI:103739,MONDO:0008538,predicate:20,HP:0003565,0.0
model_26.pt,PUBCHEM.COMPOUND:44433263,predicate:0,CHEBI:119893,MONDO:0008538,predicate:20,HP:0003565,0.0
model_26.pt,CHEBI:3914,predicate:15,CHEBI:190153,MONDO:0008538,predicate:20,HP:0003565,0.0
model_26.pt,PUBCHEM.COMPOUND:44314087,predicate:0,CHEBI:140407,MONDO:0008538,predicate:20,HP:0003565,0.0
model_26.pt,PUBCHEM.COMPOUND:25093440,predicate:0,CHEBI:113553,MONDO:0008538,predicate:20,HP:0003565,0.0
model_26.pt,CHEBI:65179,predicate:11,PUBCHEM.COMPOUND:11274029,MONDO:0008538,predicate:20,HP:0003565,0.0
model_26.pt,CHEBI:71580,predicate:22,MONDO:0005068,MONDO:0008538,predicate:20,HP:0003565,0.0
model_26.pt,CHEBI:190006,predicate:14,PUBCHEM.COMPOUND:118471641,MONDO:0008538,predicate:20,HP:0003565,0.0
model_26.pt,PUBCHEM.COMPOUND:59268935,predicate:0,CHEBI:113373,MONDO:0008538,predicate:20,HP:0003565,0.0
model_26.pt,CHEBI:157642,predicate:1,PUBCHEM.COMPOUND:130345144,MONDO:0008538,predicate:20,HP:0003565,0.0
model_26.pt,PUBCHEM.COMPOUND:57395067,predicate:0,CHEBI:167320,MONDO:0008538,predicate:20,HP:0003565,0.0
model_26.pt,PUBCHEM.COMPOUND:2744597,predicate:11,PUBCHEM.COMPOUND:2930224,MONDO:0008538,predicate:20,HP:0003565,0.0
model_26.pt,CHEBI:137225,predicate:17,CHEBI:131804,MONDO:0008538,predicate:20,HP:0003565,0.0
model_26.pt,CHEBI:111166,predicate:1,CHEBI:93303,MONDO:0008538,predicate:20,HP:0003565,0.0
model_26.pt,MONDO:0013171,predicate:20,MONDO:0001071,MONDO:0008538,predicate:20,HP:0003565,-102.04679870605467
model_26.pt,CHEBI:143170,predicate:1,CHEBI:166778,MONDO:0008538,predicate:20,HP:0003565,0.0
model_26.pt,CHEBI:51561,predicate:2,HP:0001945,MONDO:0008538,predicate:20,HP:0003565,0.0
model_26.pt,UNII:5M691HL4BO,predicate:23,HP:0001288,MONDO:0008538,predicate:20,HP:0003565,0.0
model_26.pt,MONDO:0011122,predicate:18,CHEBI:132752,MONDO:0008538,predicate:20,HP:0003565,0.0
model_26.pt,PUBCHEM.COMPOUND:10314049,predicate:13,CHEBI:18086,MONDO:0008538,predicate:20,HP:0003565,0.0
model_26.pt,CHEBI:144357,predicate:20,HP:0002857,MONDO:0008538,predicate:20,HP:0003565,60.86838912963867
model_26.pt,CHEBI:16207,predicate:15,CHEBI:129768,MONDO:0008538,predicate:20,HP:0003565,0.0
model_26.pt,CHEBI:139081,predicate:20,HP:0010864,MONDO:0008538,predicate:20,HP:0003565,-56.3906135559082
model_26.pt,PUBCHEM.COMPOUND:5702107,predicate:3,CHEBI:109116,MONDO:0008538,predicate:20,HP:0003565,0.0
model_26.pt,CHEBI:71289,predicate:17,CHEBI:180867,MONDO:0008538,predicate:20,HP:0003565,0.0
model_26.pt,PUBCHEM.COMPOUND:9834864,predicate:21,CHEBI:113373,MONDO:0008538,predicate:20,HP:0003565,0.0
model_26.pt,PUBCHEM.COMPOUND:44431492,predicate:18,CHEBI:121826,MONDO:0008538,predicate:20,HP:0003565,0.0
model_26.pt,PUBCHEM.COMPOUND:10432760,predicate:25,CHEBI:166658,MONDO:0008538,predicate:20,HP:0003565,0.0
model_26.pt,PUBCHEM.COMPOUND:25015107,predicate:0,CHEBI:127989,MONDO:0008538,predicate:20,HP:0003565,0.0
model_26.pt,PUBCHEM.COMPOUND:131757266,predicate:13,MONDO:0006749,MONDO:0008538,predicate:20,HP:0003565,0.0
model_26.pt,CHEBI:72619,predicate:1,CHEBI:196198,MONDO:0008538,predicate:20,HP:0003565,0.0
model_26.pt,CHEBI:71600,predicate:1,HMDB:HMDB0009929,MONDO:0008538,predicate:20,HP:0003565,0.0
model_26.pt,CHEBI:184579,predicate:11,CHEBI:144250,MONDO:0008538,predicate:20,HP:0003565,0.0
model_26.pt,CHEBI:88497,predicate:1,CHEBI:144822,MONDO:0008538,predicate:20,HP:0003565,0.0
model_26.pt,CHEBI:15040,predicate:16,MONDO:0013171,MONDO:0008538,predicate:20,HP:0003565,0.0
model_26.pt,MONDO:0005272,predicate:1,CHEBI:18262,MONDO:0008538,predicate:20,HP:0003565,0.0
model_26.pt,CHEBI:126004,predicate:17,CHEBI:175375,MONDO:0008538,predicate:20,HP:0003565,0.0
model_26.pt,MONDO:0035764,predicate:1,HMDB:HMDB0083268,MONDO:0008538,predicate:20,HP:0003565,0.0
model_26.pt,PUBCHEM.COMPOUND:155512592,predicate:0,CHEBI:103843,MONDO:0008538,predicate:20,HP:0003565,0.0
model_26.pt,CHEBI:15490,predicate:15,CHEBI:170609,MONDO:0008538,predicate:20,HP:0003565,0.0
model_26.pt,CHEBI:138520,predicate:28,CHEBI:171141,MONDO:0008538,predicate:20,HP:0003565,0.0
model_26.pt,CHEBI:131557,predicate:1,CHEBI:73731,MONDO:0008538,predicate:20,HP:0003565,0.0
model_26.pt,CHEBI:134948,predicate:22,MONDO:0000831,MONDO:0008538,predicate:20,HP:0003565,0.0
model_26.pt,PUBCHEM.COMPOUND:10578760,predicate:0,CHEBI:92697,MONDO:0008538,predicate:20,HP:0003565,0.0
model_26.pt,HMDB:HMDB0076696,predicate:17,CHEBI:170784,MONDO:0008538,predicate:20,HP:0003565,0.0
model_26.pt,MONDO:0859265,predicate:3,CHEBI:176304,MONDO:0008538,predicate:20,HP:0003565,0.0
model_26.pt,CHEBI:113553,predicate:1,HMDB:HMDB0077232,MONDO:0008538,predicate:20,HP:0003565,0.0
model_26.pt,PUBCHEM.COMPOUND:137226420,predicate:0,CHEBI:109116,MONDO:0008538,predicate:20,HP:0003565,0.0
model_26.pt,MONDO:0010691,predicate:20,HP:0007957,MONDO:0008538,predicate:20,HP:0003565,-65.36503601074219
model_26.pt,CHEMBL.COMPOUND:CHEMBL536308,predicate:1,CHEBI:163814,MONDO:0008538,predicate:20,HP:0003565,0.0
model_26.pt,CHEBI:83370,predicate:16,CHEBI:72635,MONDO:0008538,predicate:20,HP:0003565,0.0
model_26.pt,PUBCHEM.COMPOUND:122196132,predicate:0,CHEBI:172159,MONDO:0008538,predicate:20,HP:0003565,0.0
model_26.pt,MONDO:0011730,predicate:1,CHEMBL.COMPOUND:CHEMBL54465,MONDO:0008538,predicate:20,HP:0003565,0.0
model_26.pt,MONDO:0011840,predicate:1,CHEBI:139280,MONDO:0008538,predicate:20,HP:0003565,0.0
model_26.pt,CHEBI:17482,predicate:23,MONDO:0001382,MONDO:0008538,predicate:20,HP:0003565,0.0
model_26.pt,PUBCHEM.COMPOUND:25263321,predicate:11,PUBCHEM.COMPOUND:3003511,MONDO:0008538,predicate:20,HP:0003565,0.0
model_26.pt,PUBCHEM.COMPOUND:10216381,predicate:11,PUBCHEM.COMPOUND:10431492,MONDO:0008538,predicate:20,HP:0003565,0.0
model_26.pt,NCBIGene:820781,predicate:12,PUBCHEM.COMPOUND:131761197,MONDO:0008538,predicate:20,HP:0003565,0.0
model_26.pt,CHEBI:51068,predicate:17,HMDB:HMDB0009399,MONDO:0008538,predicate:20,HP:0003565,0.0
model_26.pt,CHEBI:9330,predicate:22,MONDO:0005011,MONDO:0008538,predicate:20,HP:0003565,0.0
model_26.pt,PUBCHEM.COMPOUND:10048208,predicate:26,CHEMBL.COMPOUND:CHEMBL151630,MONDO:0008538,predicate:20,HP:0003565,0.0
model_26.pt,PUBCHEM.COMPOUND:44176335,predicate:0,CHEBI:105317,MONDO:0008538,predicate:20,HP:0003565,0.0
model_26.pt,PUBCHEM.COMPOUND:49864838,predicate:18,CHEBI:109533,MONDO:0008538,predicate:20,HP:0003565,0.0
model_26.pt,CHEBI:185985,predicate:16,CHEBI:70967,MONDO:0008538,predicate:20,HP:0003565,0.0
model_26.pt,CHEMBL.COMPOUND:CHEMBL4798272,predicate:15,CHEBI:167641,MONDO:0008538,predicate:20,HP:0003565,0.0
model_26.pt,PUBCHEM.COMPOUND:126739109,predicate:11,MONDO:0006996,MONDO:0008538,predicate:20,HP:0003565,0.0
model_26.pt,MONDO:0012176,predicate:20,HP:0003028,CHEBI:128999,predicate:1,CHEBI:129103,0.0
model_26.pt,CHEBI:16959,predicate:17,CHEBI:172284,CHEBI:128999,predicate:1,CHEBI:129103,0.0
model_26.pt,PUBCHEM.COMPOUND:68020555,predicate:0,PUBCHEM.COMPOUND:44459583,CHEBI:128999,predicate:1,CHEBI:129103,0.0
model_26.pt,PUBCHEM.COMPOUND:137636752,predicate:0,CHEBI:134753,CHEBI:128999,predicate:1,CHEBI:129103,0.0
model_26.pt,PUBCHEM.COMPOUND:124221273,predicate:23,MONDO:0015691,CHEBI:128999,predicate:1,CHEBI:129103,0.0
model_26.pt,PUBCHEM.COMPOUND:130200977,predicate:18,CHEBI:144991,CHEBI:128999,predicate:1,CHEBI:129103,0.0
model_26.pt,MONDO:0005044,predicate:11,MONDO:0056796,CHEBI:128999,predicate:1,CHEBI:129103,0.0
model_26.pt,CHEBI:16592,predicate:41,CHEBI:114693,CHEBI:128999,predicate:1,CHEBI:129103,0.0
model_26.pt,CHEBI:166772,predicate:15,CHEBI:175537,CHEBI:128999,predicate:1,CHEBI:129103,0.0
model_26.pt,DRUGBANK:DB11158,predicate:2,MONDO:0005147,CHEBI:128999,predicate:1,CHEBI:129103,0.0
model_26.pt,CHEBI:145008,predicate:2,MONDO:0001076,CHEBI:128999,predicate:1,CHEBI:129103,0.0
model_26.pt,CHEBI:172333,predicate:11,CHEBI:84017,CHEBI:128999,predicate:1,CHEBI:129103,0.0
model_26.pt,CHEBI:188563,predicate:12,PUBCHEM.COMPOUND:52924335,CHEBI:128999,predicate:1,CHEBI:129103,0.0
model_26.pt,CHEBI:190239,predicate:11,HMDB:HMDB0072989,CHEBI:128999,predicate:1,CHEBI:129103,0.0
model_26.pt,CHEBI:135278,predicate:22,MONDO:0005559,CHEBI:128999,predicate:1,CHEBI:129103,0.0
model_26.pt,CHEBI:47040,predicate:15,CHEBI:146256,CHEBI:128999,predicate:1,CHEBI:129103,0.0
model_26.pt,CHEMBL.COMPOUND:CHEMBL4747062,predicate:0,CHEBI:71479,CHEBI:128999,predicate:1,CHEBI:129103,0.0
model_26.pt,CHEBI:42371,predicate:17,CHEBI:135736,CHEBI:128999,predicate:1,CHEBI:129103,0.0
model_26.pt,CHEBI:143114,predicate:1,CHEBI:125432,CHEBI:128999,predicate:1,CHEBI:129103,-1.041534423828125
model_26.pt,CHEBI:185767,predicate:1,CHEBI:16264,CHEBI:128999,predicate:1,CHEBI:129103,5.891887664794922
model_26.pt,CHEBI:109317,predicate:14,CHEBI:170587,CHEBI:128999,predicate:1,CHEBI:129103,0.0
model_26.pt,CHEMBL.COMPOUND:CHEMBL4877928,predicate:1,PUBCHEM.COMPOUND:130363355,CHEBI:128999,predicate:1,CHEBI:129103,-13.360273361206056
model_26.pt,CHEBI:136073,predicate:10,MONDO:0007263,CHEBI:128999,predicate:1,CHEBI:129103,0.0
model_26.pt,PUBCHEM.COMPOUND:131762323,predicate:13,CHEBI:149534,CHEBI:128999,predicate:1,CHEBI:129103,0.0
model_26.pt,PUBCHEM.COMPOUND:54325967,predicate:0,CHEBI:149800,CHEBI:128999,predicate:1,CHEBI:129103,0.0
model_26.pt,HP:0000021,predicate:0,CHEBI:167578,CHEBI:128999,predicate:1,CHEBI:129103,0.0
model_26.pt,CHEMBL.COMPOUND:CHEMBL4782467,predicate:15,CHEBI:134948,CHEBI:128999,predicate:1,CHEBI:129103,0.0
model_26.pt,NCBIGene:23163,predicate:18,NCBIGene:100528017,CHEBI:128999,predicate:1,CHEBI:129103,0.0
model_26.pt,CHEBI:142271,predicate:1,CHEBI:192396,CHEBI:128999,predicate:1,CHEBI:129103,83.36027526855469
model_26.pt,CHEBI:146285,predicate:12,PUBCHEM.COMPOUND:53478731,CHEBI:128999,predicate:1,CHEBI:129103,0.0
model_26.pt,CHEBI:136073,predicate:15,CHEBI:125586,CHEBI:128999,predicate:1,CHEBI:129103,0.0
model_26.pt,CHEMBL.COMPOUND:CHEMBL596806,predicate:20,HP:0000253,CHEBI:128999,predicate:1,CHEBI:129103,0.0
model_26.pt,NCBIGene:838170,predicate:13,CHEBI:75099,CHEBI:128999,predicate:1,CHEBI:129103,0.0
model_26.pt,PUBCHEM.COMPOUND:117859783,predicate:11,PUBCHEM.COMPOUND:10525997,CHEBI:128999,predicate:1,CHEBI:129103,0.0
model_26.pt,PUBCHEM.COMPOUND:127036977,predicate:0,CHEBI:103739,CHEBI:128999,predicate:1,CHEBI:129103,0.0
model_26.pt,PUBCHEM.COMPOUND:44433263,predicate:0,CHEBI:119893,CHEBI:128999,predicate:1,CHEBI:129103,0.0
model_26.pt,CHEBI:3914,predicate:15,CHEBI:190153,CHEBI:128999,predicate:1,CHEBI:129103,0.0
model_26.pt,PUBCHEM.COMPOUND:44314087,predicate:0,CHEBI:140407,CHEBI:128999,predicate:1,CHEBI:129103,0.0
model_26.pt,PUBCHEM.COMPOUND:25093440,predicate:0,CHEBI:113553,CHEBI:128999,predicate:1,CHEBI:129103,0.0
model_26.pt,CHEBI:65179,predicate:11,PUBCHEM.COMPOUND:11274029,CHEBI:128999,predicate:1,CHEBI:129103,0.0
model_26.pt,CHEBI:71580,predicate:22,MONDO:0005068,CHEBI:128999,predicate:1,CHEBI:129103,0.0
model_26.pt,CHEBI:190006,predicate:14,PUBCHEM.COMPOUND:118471641,CHEBI:128999,predicate:1,CHEBI:129103,0.0
model_26.pt,PUBCHEM.COMPOUND:59268935,predicate:0,CHEBI:113373,CHEBI:128999,predicate:1,CHEBI:129103,0.0
model_26.pt,CHEBI:157642,predicate:1,PUBCHEM.COMPOUND:130345144,CHEBI:128999,predicate:1,CHEBI:129103,60.961727142333984
model_26.pt,PUBCHEM.COMPOUND:57395067,predicate:0,CHEBI:167320,CHEBI:128999,predicate:1,CHEBI:129103,0.0
model_26.pt,PUBCHEM.COMPOUND:2744597,predicate:11,PUBCHEM.COMPOUND:2930224,CHEBI:128999,predicate:1,CHEBI:129103,0.0
model_26.pt,CHEBI:137225,predicate:17,CHEBI:131804,CHEBI:128999,predicate:1,CHEBI:129103,0.0
model_26.pt,CHEBI:111166,predicate:1,CHEBI:93303,CHEBI:128999,predicate:1,CHEBI:129103,-88.18869018554688
model_26.pt,MONDO:0013171,predicate:20,MONDO:0001071,CHEBI:128999,predicate:1,CHEBI:129103,0.0
model_26.pt,CHEBI:143170,predicate:1,CHEBI:166778,CHEBI:128999,predicate:1,CHEBI:129103,36.01473617553711
model_26.pt,CHEBI:51561,predicate:2,HP:0001945,CHEBI:128999,predicate:1,CHEBI:129103,0.0
model_26.pt,UNII:5M691HL4BO,predicate:23,HP:0001288,CHEBI:128999,predicate:1,CHEBI:129103,0.0
model_26.pt,MONDO:0011122,predicate:18,CHEBI:132752,CHEBI:128999,predicate:1,CHEBI:129103,0.0
model_26.pt,PUBCHEM.COMPOUND:10314049,predicate:13,CHEBI:18086,CHEBI:128999,predicate:1,CHEBI:129103,0.0
model_26.pt,CHEBI:144357,predicate:20,HP:0002857,CHEBI:128999,predicate:1,CHEBI:129103,0.0
model_26.pt,CHEBI:16207,predicate:15,CHEBI:129768,CHEBI:128999,predicate:1,CHEBI:129103,0.0
model_26.pt,CHEBI:139081,predicate:20,HP:0010864,CHEBI:128999,predicate:1,CHEBI:129103,0.0
model_26.pt,PUBCHEM.COMPOUND:5702107,predicate:3,CHEBI:109116,CHEBI:128999,predicate:1,CHEBI:129103,0.0
model_26.pt,CHEBI:71289,predicate:17,CHEBI:180867,CHEBI:128999,predicate:1,CHEBI:129103,0.0
model_26.pt,PUBCHEM.COMPOUND:9834864,predicate:21,CHEBI:113373,CHEBI:128999,predicate:1,CHEBI:129103,0.0
model_26.pt,PUBCHEM.COMPOUND:44431492,predicate:18,CHEBI:121826,CHEBI:128999,predicate:1,CHEBI:129103,0.0
model_26.pt,PUBCHEM.COMPOUND:10432760,predicate:25,CHEBI:166658,CHEBI:128999,predicate:1,CHEBI:129103,0.0
model_26.pt,PUBCHEM.COMPOUND:25015107,predicate:0,CHEBI:127989,CHEBI:128999,predicate:1,CHEBI:129103,0.0
model_26.pt,PUBCHEM.COMPOUND:131757266,predicate:13,MONDO:0006749,CHEBI:128999,predicate:1,CHEBI:129103,0.0
model_26.pt,CHEBI:72619,predicate:1,CHEBI:196198,CHEBI:128999,predicate:1,CHEBI:129103,-42.72102737426758
model_26.pt,CHEBI:71600,predicate:1,HMDB:HMDB0009929,CHEBI:128999,predicate:1,CHEBI:129103,20.25460433959961
model_26.pt,CHEBI:184579,predicate:11,CHEBI:144250,CHEBI:128999,predicate:1,CHEBI:129103,0.0
model_26.pt,CHEBI:88497,predicate:1,CHEBI:144822,CHEBI:128999,predicate:1,CHEBI:129103,1.1171951293945312
model_26.pt,CHEBI:15040,predicate:16,MONDO:0013171,CHEBI:128999,predicate:1,CHEBI:129103,0.0
model_26.pt,MONDO:0005272,predicate:1,CHEBI:18262,CHEBI:128999,predicate:1,CHEBI:129103,27.147937774658203
model_26.pt,CHEBI:126004,predicate:17,CHEBI:175375,CHEBI:128999,predicate:1,CHEBI:129103,0.0
model_26.pt,MONDO:0035764,predicate:1,HMDB:HMDB0083268,CHEBI:128999,predicate:1,CHEBI:129103,-69.20738220214844
model_26.pt,PUBCHEM.COMPOUND:155512592,predicate:0,CHEBI:103843,CHEBI:128999,predicate:1,CHEBI:129103,0.0
model_26.pt,CHEBI:15490,predicate:15,CHEBI:170609,CHEBI:128999,predicate:1,CHEBI:129103,0.0
model_26.pt,CHEBI:138520,predicate:28,CHEBI:171141,CHEBI:128999,predicate:1,CHEBI:129103,0.0
model_26.pt,CHEBI:131557,predicate:1,CHEBI:73731,CHEBI:128999,predicate:1,CHEBI:129103,-49.60630798339844
model_26.pt,CHEBI:134948,predicate:22,MONDO:0000831,CHEBI:128999,predicate:1,CHEBI:129103,0.0
model_26.pt,PUBCHEM.COMPOUND:10578760,predicate:0,CHEBI:92697,CHEBI:128999,predicate:1,CHEBI:129103,0.0
model_26.pt,HMDB:HMDB0076696,predicate:17,CHEBI:170784,CHEBI:128999,predicate:1,CHEBI:129103,0.0
model_26.pt,MONDO:0859265,predicate:3,CHEBI:176304,CHEBI:128999,predicate:1,CHEBI:129103,0.0
model_26.pt,CHEBI:113553,predicate:1,HMDB:HMDB0077232,CHEBI:128999,predicate:1,CHEBI:129103,23.420108795166016
model_26.pt,PUBCHEM.COMPOUND:137226420,predicate:0,CHEBI:109116,CHEBI:128999,predicate:1,CHEBI:129103,0.0
model_26.pt,MONDO:0010691,predicate:20,HP:0007957,CHEBI:128999,predicate:1,CHEBI:129103,0.0
model_26.pt,CHEMBL.COMPOUND:CHEMBL536308,predicate:1,CHEBI:163814,CHEBI:128999,predicate:1,CHEBI:129103,-61.09077072143555
model_26.pt,CHEBI:83370,predicate:16,CHEBI:72635,CHEBI:128999,predicate:1,CHEBI:129103,0.0
model_26.pt,PUBCHEM.COMPOUND:122196132,predicate:0,CHEBI:172159,CHEBI:128999,predicate:1,CHEBI:129103,0.0
model_26.pt,MONDO:0011730,predicate:1,CHEMBL.COMPOUND:CHEMBL54465,CHEBI:128999,predicate:1,CHEBI:129103,-28.96565055847168
model_26.pt,MONDO:0011840,predicate:1,CHEBI:139280,CHEBI:128999,predicate:1,CHEBI:129103,28.915868759155277
model_26.pt,CHEBI:17482,predicate:23,MONDO:0001382,CHEBI:128999,predicate:1,CHEBI:129103,0.0
model_26.pt,PUBCHEM.COMPOUND:25263321,predicate:11,PUBCHEM.COMPOUND:3003511,CHEBI:128999,predicate:1,CHEBI:129103,0.0
model_26.pt,PUBCHEM.COMPOUND:10216381,predicate:11,PUBCHEM.COMPOUND:10431492,CHEBI:128999,predicate:1,CHEBI:129103,0.0
model_26.pt,NCBIGene:820781,predicate:12,PUBCHEM.COMPOUND:131761197,CHEBI:128999,predicate:1,CHEBI:129103,0.0
model_26.pt,CHEBI:51068,predicate:17,HMDB:HMDB0009399,CHEBI:128999,predicate:1,CHEBI:129103,0.0
model_26.pt,CHEBI:9330,predicate:22,MONDO:0005011,CHEBI:128999,predicate:1,CHEBI:129103,0.0
model_26.pt,PUBCHEM.COMPOUND:10048208,predicate:26,CHEMBL.COMPOUND:CHEMBL151630,CHEBI:128999,predicate:1,CHEBI:129103,0.0
model_26.pt,PUBCHEM.COMPOUND:44176335,predicate:0,CHEBI:105317,CHEBI:128999,predicate:1,CHEBI:129103,0.0
model_26.pt,PUBCHEM.COMPOUND:49864838,predicate:18,CHEBI:109533,CHEBI:128999,predicate:1,CHEBI:129103,0.0
model_26.pt,CHEBI:185985,predicate:16,CHEBI:70967,CHEBI:128999,predicate:1,CHEBI:129103,0.0
model_26.pt,CHEMBL.COMPOUND:CHEMBL4798272,predicate:15,CHEBI:167641,CHEBI:128999,predicate:1,CHEBI:129103,0.0
model_26.pt,PUBCHEM.COMPOUND:126739109,predicate:11,MONDO:0006996,CHEBI:128999,predicate:1,CHEBI:129103,0.0
model_26.pt,MONDO:0012176,predicate:20,HP:0003028,CHEBI:15632,predicate:23,HP:0002239,0.0
model_26.pt,CHEBI:16959,predicate:17,CHEBI:172284,CHEBI:15632,predicate:23,HP:0002239,0.0
model_26.pt,PUBCHEM.COMPOUND:68020555,predicate:0,PUBCHEM.COMPOUND:44459583,CHEBI:15632,predicate:23,HP:0002239,0.0
model_26.pt,PUBCHEM.COMPOUND:137636752,predicate:0,CHEBI:134753,CHEBI:15632,predicate:23,HP:0002239,0.0
model_26.pt,PUBCHEM.COMPOUND:124221273,predicate:23,MONDO:0015691,CHEBI:15632,predicate:23,HP:0002239,15.260684967041016
model_26.pt,PUBCHEM.COMPOUND:130200977,predicate:18,CHEBI:144991,CHEBI:15632,predicate:23,HP:0002239,0.0
model_26.pt,MONDO:0005044,predicate:11,MONDO:0056796,CHEBI:15632,predicate:23,HP:0002239,0.0
model_26.pt,CHEBI:16592,predicate:41,CHEBI:114693,CHEBI:15632,predicate:23,HP:0002239,0.0
model_26.pt,CHEBI:166772,predicate:15,CHEBI:175537,CHEBI:15632,predicate:23,HP:0002239,0.0
model_26.pt,DRUGBANK:DB11158,predicate:2,MONDO:0005147,CHEBI:15632,predicate:23,HP:0002239,0.0
model_26.pt,CHEBI:145008,predicate:2,MONDO:0001076,CHEBI:15632,predicate:23,HP:0002239,0.0
model_26.pt,CHEBI:172333,predicate:11,CHEBI:84017,CHEBI:15632,predicate:23,HP:0002239,0.0
model_26.pt,CHEBI:188563,predicate:12,PUBCHEM.COMPOUND:52924335,CHEBI:15632,predicate:23,HP:0002239,0.0
model_26.pt,CHEBI:190239,predicate:11,HMDB:HMDB0072989,CHEBI:15632,predicate:23,HP:0002239,0.0
model_26.pt,CHEBI:135278,predicate:22,MONDO:0005559,CHEBI:15632,predicate:23,HP:0002239,0.0
model_26.pt,CHEBI:47040,predicate:15,CHEBI:146256,CHEBI:15632,predicate:23,HP:0002239,0.0
model_26.pt,CHEMBL.COMPOUND:CHEMBL4747062,predicate:0,CHEBI:71479,CHEBI:15632,predicate:23,HP:0002239,0.0
model_26.pt,CHEBI:42371,predicate:17,CHEBI:135736,CHEBI:15632,predicate:23,HP:0002239,0.0
model_26.pt,CHEBI:143114,predicate:1,CHEBI:125432,CHEBI:15632,predicate:23,HP:0002239,0.0
model_26.pt,CHEBI:185767,predicate:1,CHEBI:16264,CHEBI:15632,predicate:23,HP:0002239,0.0
model_26.pt,CHEBI:109317,predicate:14,CHEBI:170587,CHEBI:15632,predicate:23,HP:0002239,0.0
model_26.pt,CHEMBL.COMPOUND:CHEMBL4877928,predicate:1,PUBCHEM.COMPOUND:130363355,CHEBI:15632,predicate:23,HP:0002239,0.0
model_26.pt,CHEBI:136073,predicate:10,MONDO:0007263,CHEBI:15632,predicate:23,HP:0002239,0.0
model_26.pt,PUBCHEM.COMPOUND:131762323,predicate:13,CHEBI:149534,CHEBI:15632,predicate:23,HP:0002239,0.0
model_26.pt,PUBCHEM.COMPOUND:54325967,predicate:0,CHEBI:149800,CHEBI:15632,predicate:23,HP:0002239,0.0
model_26.pt,HP:0000021,predicate:0,CHEBI:167578,CHEBI:15632,predicate:23,HP:0002239,0.0
model_26.pt,CHEMBL.COMPOUND:CHEMBL4782467,predicate:15,CHEBI:134948,CHEBI:15632,predicate:23,HP:0002239,0.0
model_26.pt,NCBIGene:23163,predicate:18,NCBIGene:100528017,CHEBI:15632,predicate:23,HP:0002239,0.0
model_26.pt,CHEBI:142271,predicate:1,CHEBI:192396,CHEBI:15632,predicate:23,HP:0002239,0.0
model_26.pt,CHEBI:146285,predicate:12,PUBCHEM.COMPOUND:53478731,CHEBI:15632,predicate:23,HP:0002239,0.0
model_26.pt,CHEBI:136073,predicate:15,CHEBI:125586,CHEBI:15632,predicate:23,HP:0002239,0.0
model_26.pt,CHEMBL.COMPOUND:CHEMBL596806,predicate:20,HP:0000253,CHEBI:15632,predicate:23,HP:0002239,0.0
model_26.pt,NCBIGene:838170,predicate:13,CHEBI:75099,CHEBI:15632,predicate:23,HP:0002239,0.0
model_26.pt,PUBCHEM.COMPOUND:117859783,predicate:11,PUBCHEM.COMPOUND:10525997,CHEBI:15632,predicate:23,HP:0002239,0.0
model_26.pt,PUBCHEM.COMPOUND:127036977,predicate:0,CHEBI:103739,CHEBI:15632,predicate:23,HP:0002239,0.0
model_26.pt,PUBCHEM.COMPOUND:44433263,predicate:0,CHEBI:119893,CHEBI:15632,predicate:23,HP:0002239,0.0
model_26.pt,CHEBI:3914,predicate:15,CHEBI:190153,CHEBI:15632,predicate:23,HP:0002239,0.0
model_26.pt,PUBCHEM.COMPOUND:44314087,predicate:0,CHEBI:140407,CHEBI:15632,predicate:23,HP:0002239,0.0
model_26.pt,PUBCHEM.COMPOUND:25093440,predicate:0,CHEBI:113553,CHEBI:15632,predicate:23,HP:0002239,0.0
model_26.pt,CHEBI:65179,predicate:11,PUBCHEM.COMPOUND:11274029,CHEBI:15632,predicate:23,HP:0002239,0.0
model_26.pt,CHEBI:71580,predicate:22,MONDO:0005068,CHEBI:15632,predicate:23,HP:0002239,0.0
model_26.pt,CHEBI:190006,predicate:14,PUBCHEM.COMPOUND:118471641,CHEBI:15632,predicate:23,HP:0002239,0.0
model_26.pt,PUBCHEM.COMPOUND:59268935,predicate:0,CHEBI:113373,CHEBI:15632,predicate:23,HP:0002239,0.0
model_26.pt,CHEBI:157642,predicate:1,PUBCHEM.COMPOUND:130345144,CHEBI:15632,predicate:23,HP:0002239,0.0
model_26.pt,PUBCHEM.COMPOUND:57395067,predicate:0,CHEBI:167320,CHEBI:15632,predicate:23,HP:0002239,0.0
model_26.pt,PUBCHEM.COMPOUND:2744597,predicate:11,PUBCHEM.COMPOUND:2930224,CHEBI:15632,predicate:23,HP:0002239,0.0
model_26.pt,CHEBI:137225,predicate:17,CHEBI:131804,CHEBI:15632,predicate:23,HP:0002239,0.0
model_26.pt,CHEBI:111166,predicate:1,CHEBI:93303,CHEBI:15632,predicate:23,HP:0002239,0.0
model_26.pt,MONDO:0013171,predicate:20,MONDO:0001071,CHEBI:15632,predicate:23,HP:0002239,0.0
model_26.pt,CHEBI:143170,predicate:1,CHEBI:166778,CHEBI:15632,predicate:23,HP:0002239,0.0
model_26.pt,CHEBI:51561,predicate:2,HP:0001945,CHEBI:15632,predicate:23,HP:0002239,0.0
model_26.pt,UNII:5M691HL4BO,predicate:23,HP:0001288,CHEBI:15632,predicate:23,HP:0002239,-15.245939254760742
model_26.pt,MONDO:0011122,predicate:18,CHEBI:132752,CHEBI:15632,predicate:23,HP:0002239,0.0
model_26.pt,PUBCHEM.COMPOUND:10314049,predicate:13,CHEBI:18086,CHEBI:15632,predicate:23,HP:0002239,0.0
model_26.pt,CHEBI:144357,predicate:20,HP:0002857,CHEBI:15632,predicate:23,HP:0002239,0.0
model_26.pt,CHEBI:16207,predicate:15,CHEBI:129768,CHEBI:15632,predicate:23,HP:0002239,0.0
model_26.pt,CHEBI:139081,predicate:20,HP:0010864,CHEBI:15632,predicate:23,HP:0002239,0.0
model_26.pt,PUBCHEM.COMPOUND:5702107,predicate:3,CHEBI:109116,CHEBI:15632,predicate:23,HP:0002239,0.0
model_26.pt,CHEBI:71289,predicate:17,CHEBI:180867,CHEBI:15632,predicate:23,HP:0002239,0.0
model_26.pt,PUBCHEM.COMPOUND:9834864,predicate:21,CHEBI:113373,CHEBI:15632,predicate:23,HP:0002239,0.0
model_26.pt,PUBCHEM.COMPOUND:44431492,predicate:18,CHEBI:121826,CHEBI:15632,predicate:23,HP:0002239,0.0
model_26.pt,PUBCHEM.COMPOUND:10432760,predicate:25,CHEBI:166658,CHEBI:15632,predicate:23,HP:0002239,0.0
model_26.pt,PUBCHEM.COMPOUND:25015107,predicate:0,CHEBI:127989,CHEBI:15632,predicate:23,HP:0002239,0.0
model_26.pt,PUBCHEM.COMPOUND:131757266,predicate:13,MONDO:0006749,CHEBI:15632,predicate:23,HP:0002239,0.0
model_26.pt,CHEBI:72619,predicate:1,CHEBI:196198,CHEBI:15632,predicate:23,HP:0002239,0.0
model_26.pt,CHEBI:71600,predicate:1,HMDB:HMDB0009929,CHEBI:15632,predicate:23,HP:0002239,0.0
model_26.pt,CHEBI:184579,predicate:11,CHEBI:144250,CHEBI:15632,predicate:23,HP:0002239,0.0
model_26.pt,CHEBI:88497,predicate:1,CHEBI:144822,CHEBI:15632,predicate:23,HP:0002239,0.0
model_26.pt,CHEBI:15040,predicate:16,MONDO:0013171,CHEBI:15632,predicate:23,HP:0002239,0.0
model_26.pt,MONDO:0005272,predicate:1,CHEBI:18262,CHEBI:15632,predicate:23,HP:0002239,0.0
model_26.pt,CHEBI:126004,predicate:17,CHEBI:175375,CHEBI:15632,predicate:23,HP:0002239,0.0
model_26.pt,MONDO:0035764,predicate:1,HMDB:HMDB0083268,CHEBI:15632,predicate:23,HP:0002239,0.0
model_26.pt,PUBCHEM.COMPOUND:155512592,predicate:0,CHEBI:103843,CHEBI:15632,predicate:23,HP:0002239,0.0
model_26.pt,CHEBI:15490,predicate:15,CHEBI:170609,CHEBI:15632,predicate:23,HP:0002239,0.0
model_26.pt,CHEBI:138520,predicate:28,CHEBI:171141,CHEBI:15632,predicate:23,HP:0002239,0.0
model_26.pt,CHEBI:131557,predicate:1,CHEBI:73731,CHEBI:15632,predicate:23,HP:0002239,0.0
model_26.pt,CHEBI:134948,predicate:22,MONDO:0000831,CHEBI:15632,predicate:23,HP:0002239,0.0
model_26.pt,PUBCHEM.COMPOUND:10578760,predicate:0,CHEBI:92697,CHEBI:15632,predicate:23,HP:0002239,0.0
model_26.pt,HMDB:HMDB0076696,predicate:17,CHEBI:170784,CHEBI:15632,predicate:23,HP:0002239,0.0
model_26.pt,MONDO:0859265,predicate:3,CHEBI:176304,CHEBI:15632,predicate:23,HP:0002239,0.0
model_26.pt,CHEBI:113553,predicate:1,HMDB:HMDB0077232,CHEBI:15632,predicate:23,HP:0002239,0.0
model_26.pt,PUBCHEM.COMPOUND:137226420,predicate:0,CHEBI:109116,CHEBI:15632,predicate:23,HP:0002239,0.0
model_26.pt,MONDO:0010691,predicate:20,HP:0007957,CHEBI:15632,predicate:23,HP:0002239,0.0
model_26.pt,CHEMBL.COMPOUND:CHEMBL536308,predicate:1,CHEBI:163814,CHEBI:15632,predicate:23,HP:0002239,0.0
model_26.pt,CHEBI:83370,predicate:16,CHEBI:72635,CHEBI:15632,predicate:23,HP:0002239,0.0
model_26.pt,PUBCHEM.COMPOUND:122196132,predicate:0,CHEBI:172159,CHEBI:15632,predicate:23,HP:0002239,0.0
model_26.pt,MONDO:0011730,predicate:1,CHEMBL.COMPOUND:CHEMBL54465,CHEBI:15632,predicate:23,HP:0002239,0.0
model_26.pt,MONDO:0011840,predicate:1,CHEBI:139280,CHEBI:15632,predicate:23,HP:0002239,0.0
model_26.pt,CHEBI:17482,predicate:23,MONDO:0001382,CHEBI:15632,predicate:23,HP:0002239,-37.77448272705078
model_26.pt,PUBCHEM.COMPOUND:25263321,predicate:11,PUBCHEM.COMPOUND:3003511,CHEBI:15632,predicate:23,HP:0002239,0.0
model_26.pt,PUBCHEM.COMPOUND:10216381,predicate:11,PUBCHEM.COMPOUND:10431492,CHEBI:15632,predicate:23,HP:0002239,0.0
model_26.pt,NCBIGene:820781,predicate:12,PUBCHEM.COMPOUND:131761197,CHEBI:15632,predicate:23,HP:0002239,0.0
model_26.pt,CHEBI:51068,predicate:17,HMDB:HMDB0009399,CHEBI:15632,predicate:23,HP:0002239,0.0
model_26.pt,CHEBI:9330,predicate:22,MONDO:0005011,CHEBI:15632,predicate:23,HP:0002239,0.0
model_26.pt,PUBCHEM.COMPOUND:10048208,predicate:26,CHEMBL.COMPOUND:CHEMBL151630,CHEBI:15632,predicate:23,HP:0002239,0.0
model_26.pt,PUBCHEM.COMPOUND:44176335,predicate:0,CHEBI:105317,CHEBI:15632,predicate:23,HP:0002239,0.0
model_26.pt,PUBCHEM.COMPOUND:49864838,predicate:18,CHEBI:109533,CHEBI:15632,predicate:23,HP:0002239,0.0
model_26.pt,CHEBI:185985,predicate:16,CHEBI:70967,CHEBI:15632,predicate:23,HP:0002239,0.0
model_26.pt,CHEMBL.COMPOUND:CHEMBL4798272,predicate:15,CHEBI:167641,CHEBI:15632,predicate:23,HP:0002239,0.0
model_26.pt,PUBCHEM.COMPOUND:126739109,predicate:11,MONDO:0006996,CHEBI:15632,predicate:23,HP:0002239,0.0
model_26.pt,MONDO:0012176,predicate:20,HP:0003028,CHEBI:126466,predicate:14,CHEBI:142514,0.0
model_26.pt,CHEBI:16959,predicate:17,CHEBI:172284,CHEBI:126466,predicate:14,CHEBI:142514,0.0
model_26.pt,PUBCHEM.COMPOUND:68020555,predicate:0,PUBCHEM.COMPOUND:44459583,CHEBI:126466,predicate:14,CHEBI:142514,0.0
model_26.pt,PUBCHEM.COMPOUND:137636752,predicate:0,CHEBI:134753,CHEBI:126466,predicate:14,CHEBI:142514,0.0
model_26.pt,PUBCHEM.COMPOUND:124221273,predicate:23,MONDO:0015691,CHEBI:126466,predicate:14,CHEBI:142514,0.0
model_26.pt,PUBCHEM.COMPOUND:130200977,predicate:18,CHEBI:144991,CHEBI:126466,predicate:14,CHEBI:142514,0.0
model_26.pt,MONDO:0005044,predicate:11,MONDO:0056796,CHEBI:126466,predicate:14,CHEBI:142514,0.0
model_26.pt,CHEBI:16592,predicate:41,CHEBI:114693,CHEBI:126466,predicate:14,CHEBI:142514,0.0
model_26.pt,CHEBI:166772,predicate:15,CHEBI:175537,CHEBI:126466,predicate:14,CHEBI:142514,0.0
model_26.pt,DRUGBANK:DB11158,predicate:2,MONDO:0005147,CHEBI:126466,predicate:14,CHEBI:142514,0.0
model_26.pt,CHEBI:145008,predicate:2,MONDO:0001076,CHEBI:126466,predicate:14,CHEBI:142514,0.0
model_26.pt,CHEBI:172333,predicate:11,CHEBI:84017,CHEBI:126466,predicate:14,CHEBI:142514,0.0
model_26.pt,CHEBI:188563,predicate:12,PUBCHEM.COMPOUND:52924335,CHEBI:126466,predicate:14,CHEBI:142514,0.0
model_26.pt,CHEBI:190239,predicate:11,HMDB:HMDB0072989,CHEBI:126466,predicate:14,CHEBI:142514,0.0
model_26.pt,CHEBI:135278,predicate:22,MONDO:0005559,CHEBI:126466,predicate:14,CHEBI:142514,0.0
model_26.pt,CHEBI:47040,predicate:15,CHEBI:146256,CHEBI:126466,predicate:14,CHEBI:142514,0.0
model_26.pt,CHEMBL.COMPOUND:CHEMBL4747062,predicate:0,CHEBI:71479,CHEBI:126466,predicate:14,CHEBI:142514,0.0
model_26.pt,CHEBI:42371,predicate:17,CHEBI:135736,CHEBI:126466,predicate:14,CHEBI:142514,0.0
model_26.pt,CHEBI:143114,predicate:1,CHEBI:125432,CHEBI:126466,predicate:14,CHEBI:142514,0.0
model_26.pt,CHEBI:185767,predicate:1,CHEBI:16264,CHEBI:126466,predicate:14,CHEBI:142514,0.0
model_26.pt,CHEBI:109317,predicate:14,CHEBI:170587,CHEBI:126466,predicate:14,CHEBI:142514,-11.695194244384766
model_26.pt,CHEMBL.COMPOUND:CHEMBL4877928,predicate:1,PUBCHEM.COMPOUND:130363355,CHEBI:126466,predicate:14,CHEBI:142514,0.0
model_26.pt,CHEBI:136073,predicate:10,MONDO:0007263,CHEBI:126466,predicate:14,CHEBI:142514,0.0
model_26.pt,PUBCHEM.COMPOUND:131762323,predicate:13,CHEBI:149534,CHEBI:126466,predicate:14,CHEBI:142514,0.0
model_26.pt,PUBCHEM.COMPOUND:54325967,predicate:0,CHEBI:149800,CHEBI:126466,predicate:14,CHEBI:142514,0.0
model_26.pt,HP:0000021,predicate:0,CHEBI:167578,CHEBI:126466,predicate:14,CHEBI:142514,0.0
model_26.pt,CHEMBL.COMPOUND:CHEMBL4782467,predicate:15,CHEBI:134948,CHEBI:126466,predicate:14,CHEBI:142514,0.0
model_26.pt,NCBIGene:23163,predicate:18,NCBIGene:100528017,CHEBI:126466,predicate:14,CHEBI:142514,0.0
model_26.pt,CHEBI:142271,predicate:1,CHEBI:192396,CHEBI:126466,predicate:14,CHEBI:142514,0.0
model_26.pt,CHEBI:146285,predicate:12,PUBCHEM.COMPOUND:53478731,CHEBI:126466,predicate:14,CHEBI:142514,0.0
model_26.pt,CHEBI:136073,predicate:15,CHEBI:125586,CHEBI:126466,predicate:14,CHEBI:142514,0.0
model_26.pt,CHEMBL.COMPOUND:CHEMBL596806,predicate:20,HP:0000253,CHEBI:126466,predicate:14,CHEBI:142514,0.0
model_26.pt,NCBIGene:838170,predicate:13,CHEBI:75099,CHEBI:126466,predicate:14,CHEBI:142514,0.0
model_26.pt,PUBCHEM.COMPOUND:117859783,predicate:11,PUBCHEM.COMPOUND:10525997,CHEBI:126466,predicate:14,CHEBI:142514,0.0
model_26.pt,PUBCHEM.COMPOUND:127036977,predicate:0,CHEBI:103739,CHEBI:126466,predicate:14,CHEBI:142514,0.0
model_26.pt,PUBCHEM.COMPOUND:44433263,predicate:0,CHEBI:119893,CHEBI:126466,predicate:14,CHEBI:142514,0.0
model_26.pt,CHEBI:3914,predicate:15,CHEBI:190153,CHEBI:126466,predicate:14,CHEBI:142514,0.0
model_26.pt,PUBCHEM.COMPOUND:44314087,predicate:0,CHEBI:140407,CHEBI:126466,predicate:14,CHEBI:142514,0.0
model_26.pt,PUBCHEM.COMPOUND:25093440,predicate:0,CHEBI:113553,CHEBI:126466,predicate:14,CHEBI:142514,0.0
model_26.pt,CHEBI:65179,predicate:11,PUBCHEM.COMPOUND:11274029,CHEBI:126466,predicate:14,CHEBI:142514,0.0
model_26.pt,CHEBI:71580,predicate:22,MONDO:0005068,CHEBI:126466,predicate:14,CHEBI:142514,0.0
model_26.pt,CHEBI:190006,predicate:14,PUBCHEM.COMPOUND:118471641,CHEBI:126466,predicate:14,CHEBI:142514,-30.54152107238769
model_26.pt,PUBCHEM.COMPOUND:59268935,predicate:0,CHEBI:113373,CHEBI:126466,predicate:14,CHEBI:142514,0.0
model_26.pt,CHEBI:157642,predicate:1,PUBCHEM.COMPOUND:130345144,CHEBI:126466,predicate:14,CHEBI:142514,0.0
model_26.pt,PUBCHEM.COMPOUND:57395067,predicate:0,CHEBI:167320,CHEBI:126466,predicate:14,CHEBI:142514,0.0
model_26.pt,PUBCHEM.COMPOUND:2744597,predicate:11,PUBCHEM.COMPOUND:2930224,CHEBI:126466,predicate:14,CHEBI:142514,0.0
model_26.pt,CHEBI:137225,predicate:17,CHEBI:131804,CHEBI:126466,predicate:14,CHEBI:142514,0.0
model_26.pt,CHEBI:111166,predicate:1,CHEBI:93303,CHEBI:126466,predicate:14,CHEBI:142514,0.0
model_26.pt,MONDO:0013171,predicate:20,MONDO:0001071,CHEBI:126466,predicate:14,CHEBI:142514,0.0
model_26.pt,CHEBI:143170,predicate:1,CHEBI:166778,CHEBI:126466,predicate:14,CHEBI:142514,0.0
model_26.pt,CHEBI:51561,predicate:2,HP:0001945,CHEBI:126466,predicate:14,CHEBI:142514,0.0
model_26.pt,UNII:5M691HL4BO,predicate:23,HP:0001288,CHEBI:126466,predicate:14,CHEBI:142514,0.0
model_26.pt,MONDO:0011122,predicate:18,CHEBI:132752,CHEBI:126466,predicate:14,CHEBI:142514,0.0
model_26.pt,PUBCHEM.COMPOUND:10314049,predicate:13,CHEBI:18086,CHEBI:126466,predicate:14,CHEBI:142514,0.0
model_26.pt,CHEBI:144357,predicate:20,HP:0002857,CHEBI:126466,predicate:14,CHEBI:142514,0.0
model_26.pt,CHEBI:16207,predicate:15,CHEBI:129768,CHEBI:126466,predicate:14,CHEBI:142514,0.0
model_26.pt,CHEBI:139081,predicate:20,HP:0010864,CHEBI:126466,predicate:14,CHEBI:142514,0.0
model_26.pt,PUBCHEM.COMPOUND:5702107,predicate:3,CHEBI:109116,CHEBI:126466,predicate:14,CHEBI:142514,0.0
model_26.pt,CHEBI:71289,predicate:17,CHEBI:180867,CHEBI:126466,predicate:14,CHEBI:142514,0.0
model_26.pt,PUBCHEM.COMPOUND:9834864,predicate:21,CHEBI:113373,CHEBI:126466,predicate:14,CHEBI:142514,0.0
model_26.pt,PUBCHEM.COMPOUND:44431492,predicate:18,CHEBI:121826,CHEBI:126466,predicate:14,CHEBI:142514,0.0
model_26.pt,PUBCHEM.COMPOUND:10432760,predicate:25,CHEBI:166658,CHEBI:126466,predicate:14,CHEBI:142514,0.0
model_26.pt,PUBCHEM.COMPOUND:25015107,predicate:0,CHEBI:127989,CHEBI:126466,predicate:14,CHEBI:142514,0.0
model_26.pt,PUBCHEM.COMPOUND:131757266,predicate:13,MONDO:0006749,CHEBI:126466,predicate:14,CHEBI:142514,0.0
model_26.pt,CHEBI:72619,predicate:1,CHEBI:196198,CHEBI:126466,predicate:14,CHEBI:142514,0.0
model_26.pt,CHEBI:71600,predicate:1,HMDB:HMDB0009929,CHEBI:126466,predicate:14,CHEBI:142514,0.0
model_26.pt,CHEBI:184579,predicate:11,CHEBI:144250,CHEBI:126466,predicate:14,CHEBI:142514,0.0
model_26.pt,CHEBI:88497,predicate:1,CHEBI:144822,CHEBI:126466,predicate:14,CHEBI:142514,0.0
model_26.pt,CHEBI:15040,predicate:16,MONDO:0013171,CHEBI:126466,predicate:14,CHEBI:142514,0.0
model_26.pt,MONDO:0005272,predicate:1,CHEBI:18262,CHEBI:126466,predicate:14,CHEBI:142514,0.0
model_26.pt,CHEBI:126004,predicate:17,CHEBI:175375,CHEBI:126466,predicate:14,CHEBI:142514,0.0
model_26.pt,MONDO:0035764,predicate:1,HMDB:HMDB0083268,CHEBI:126466,predicate:14,CHEBI:142514,0.0
model_26.pt,PUBCHEM.COMPOUND:155512592,predicate:0,CHEBI:103843,CHEBI:126466,predicate:14,CHEBI:142514,0.0
model_26.pt,CHEBI:15490,predicate:15,CHEBI:170609,CHEBI:126466,predicate:14,CHEBI:142514,0.0
model_26.pt,CHEBI:138520,predicate:28,CHEBI:171141,CHEBI:126466,predicate:14,CHEBI:142514,0.0
model_26.pt,CHEBI:131557,predicate:1,CHEBI:73731,CHEBI:126466,predicate:14,CHEBI:142514,0.0
model_26.pt,CHEBI:134948,predicate:22,MONDO:0000831,CHEBI:126466,predicate:14,CHEBI:142514,0.0
model_26.pt,PUBCHEM.COMPOUND:10578760,predicate:0,CHEBI:92697,CHEBI:126466,predicate:14,CHEBI:142514,0.0
model_26.pt,HMDB:HMDB0076696,predicate:17,CHEBI:170784,CHEBI:126466,predicate:14,CHEBI:142514,0.0
model_26.pt,MONDO:0859265,predicate:3,CHEBI:176304,CHEBI:126466,predicate:14,CHEBI:142514,0.0
model_26.pt,CHEBI:113553,predicate:1,HMDB:HMDB0077232,CHEBI:126466,predicate:14,CHEBI:142514,0.0
model_26.pt,PUBCHEM.COMPOUND:137226420,predicate:0,CHEBI:109116,CHEBI:126466,predicate:14,CHEBI:142514,0.0
model_26.pt,MONDO:0010691,predicate:20,HP:0007957,CHEBI:126466,predicate:14,CHEBI:142514,0.0
model_26.pt,CHEMBL.COMPOUND:CHEMBL536308,predicate:1,CHEBI:163814,CHEBI:126466,predicate:14,CHEBI:142514,0.0
model_26.pt,CHEBI:83370,predicate:16,CHEBI:72635,CHEBI:126466,predicate:14,CHEBI:142514,0.0
model_26.pt,PUBCHEM.COMPOUND:122196132,predicate:0,CHEBI:172159,CHEBI:126466,predicate:14,CHEBI:142514,0.0
model_26.pt,MONDO:0011730,predicate:1,CHEMBL.COMPOUND:CHEMBL54465,CHEBI:126466,predicate:14,CHEBI:142514,0.0
model_26.pt,MONDO:0011840,predicate:1,CHEBI:139280,CHEBI:126466,predicate:14,CHEBI:142514,0.0
model_26.pt,CHEBI:17482,predicate:23,MONDO:0001382,CHEBI:126466,predicate:14,CHEBI:142514,0.0
model_26.pt,PUBCHEM.COMPOUND:25263321,predicate:11,PUBCHEM.COMPOUND:3003511,CHEBI:126466,predicate:14,CHEBI:142514,0.0
model_26.pt,PUBCHEM.COMPOUND:10216381,predicate:11,PUBCHEM.COMPOUND:10431492,CHEBI:126466,predicate:14,CHEBI:142514,0.0
model_26.pt,NCBIGene:820781,predicate:12,PUBCHEM.COMPOUND:131761197,CHEBI:126466,predicate:14,CHEBI:142514,0.0
model_26.pt,CHEBI:51068,predicate:17,HMDB:HMDB0009399,CHEBI:126466,predicate:14,CHEBI:142514,0.0
model_26.pt,CHEBI:9330,predicate:22,MONDO:0005011,CHEBI:126466,predicate:14,CHEBI:142514,0.0
model_26.pt,PUBCHEM.COMPOUND:10048208,predicate:26,CHEMBL.COMPOUND:CHEMBL151630,CHEBI:126466,predicate:14,CHEBI:142514,0.0
model_26.pt,PUBCHEM.COMPOUND:44176335,predicate:0,CHEBI:105317,CHEBI:126466,predicate:14,CHEBI:142514,0.0
model_26.pt,PUBCHEM.COMPOUND:49864838,predicate:18,CHEBI:109533,CHEBI:126466,predicate:14,CHEBI:142514,0.0
model_26.pt,CHEBI:185985,predicate:16,CHEBI:70967,CHEBI:126466,predicate:14,CHEBI:142514,0.0
model_26.pt,CHEMBL.COMPOUND:CHEMBL4798272,predicate:15,CHEBI:167641,CHEBI:126466,predicate:14,CHEBI:142514,0.0
model_26.pt,PUBCHEM.COMPOUND:126739109,predicate:11,MONDO:0006996,CHEBI:126466,predicate:14,CHEBI:142514,0.0
model_26.pt,MONDO:0012176,predicate:20,HP:0003028,CHEBI:139224,predicate:22,MONDO:0007540,0.0
model_26.pt,CHEBI:16959,predicate:17,CHEBI:172284,CHEBI:139224,predicate:22,MONDO:0007540,0.0
model_26.pt,PUBCHEM.COMPOUND:68020555,predicate:0,PUBCHEM.COMPOUND:44459583,CHEBI:139224,predicate:22,MONDO:0007540,0.0
model_26.pt,PUBCHEM.COMPOUND:137636752,predicate:0,CHEBI:134753,CHEBI:139224,predicate:22,MONDO:0007540,0.0
model_26.pt,PUBCHEM.COMPOUND:124221273,predicate:23,MONDO:0015691,CHEBI:139224,predicate:22,MONDO:0007540,0.0
model_26.pt,PUBCHEM.COMPOUND:130200977,predicate:18,CHEBI:144991,CHEBI:139224,predicate:22,MONDO:0007540,0.0
model_26.pt,MONDO:0005044,predicate:11,MONDO:0056796,CHEBI:139224,predicate:22,MONDO:0007540,0.0
model_26.pt,CHEBI:16592,predicate:41,CHEBI:114693,CHEBI:139224,predicate:22,MONDO:0007540,0.0
model_26.pt,CHEBI:166772,predicate:15,CHEBI:175537,CHEBI:139224,predicate:22,MONDO:0007540,0.0
model_26.pt,DRUGBANK:DB11158,predicate:2,MONDO:0005147,CHEBI:139224,predicate:22,MONDO:0007540,0.0
model_26.pt,CHEBI:145008,predicate:2,MONDO:0001076,CHEBI:139224,predicate:22,MONDO:0007540,0.0
model_26.pt,CHEBI:172333,predicate:11,CHEBI:84017,CHEBI:139224,predicate:22,MONDO:0007540,0.0
model_26.pt,CHEBI:188563,predicate:12,PUBCHEM.COMPOUND:52924335,CHEBI:139224,predicate:22,MONDO:0007540,0.0
model_26.pt,CHEBI:190239,predicate:11,HMDB:HMDB0072989,CHEBI:139224,predicate:22,MONDO:0007540,0.0
model_26.pt,CHEBI:135278,predicate:22,MONDO:0005559,CHEBI:139224,predicate:22,MONDO:0007540,-55.39103698730469
model_26.pt,CHEBI:47040,predicate:15,CHEBI:146256,CHEBI:139224,predicate:22,MONDO:0007540,0.0
model_26.pt,CHEMBL.COMPOUND:CHEMBL4747062,predicate:0,CHEBI:71479,CHEBI:139224,predicate:22,MONDO:0007540,0.0
model_26.pt,CHEBI:42371,predicate:17,CHEBI:135736,CHEBI:139224,predicate:22,MONDO:0007540,0.0
model_26.pt,CHEBI:143114,predicate:1,CHEBI:125432,CHEBI:139224,predicate:22,MONDO:0007540,0.0
model_26.pt,CHEBI:185767,predicate:1,CHEBI:16264,CHEBI:139224,predicate:22,MONDO:0007540,0.0
model_26.pt,CHEBI:109317,predicate:14,CHEBI:170587,CHEBI:139224,predicate:22,MONDO:0007540,0.0
model_26.pt,CHEMBL.COMPOUND:CHEMBL4877928,predicate:1,PUBCHEM.COMPOUND:130363355,CHEBI:139224,predicate:22,MONDO:0007540,0.0
model_26.pt,CHEBI:136073,predicate:10,MONDO:0007263,CHEBI:139224,predicate:22,MONDO:0007540,0.0
model_26.pt,PUBCHEM.COMPOUND:131762323,predicate:13,CHEBI:149534,CHEBI:139224,predicate:22,MONDO:0007540,0.0
model_26.pt,PUBCHEM.COMPOUND:54325967,predicate:0,CHEBI:149800,CHEBI:139224,predicate:22,MONDO:0007540,0.0
model_26.pt,HP:0000021,predicate:0,CHEBI:167578,CHEBI:139224,predicate:22,MONDO:0007540,0.0
model_26.pt,CHEMBL.COMPOUND:CHEMBL4782467,predicate:15,CHEBI:134948,CHEBI:139224,predicate:22,MONDO:0007540,0.0
model_26.pt,NCBIGene:23163,predicate:18,NCBIGene:100528017,CHEBI:139224,predicate:22,MONDO:0007540,0.0
model_26.pt,CHEBI:142271,predicate:1,CHEBI:192396,CHEBI:139224,predicate:22,MONDO:0007540,0.0
model_26.pt,CHEBI:146285,predicate:12,PUBCHEM.COMPOUND:53478731,CHEBI:139224,predicate:22,MONDO:0007540,0.0
model_26.pt,CHEBI:136073,predicate:15,CHEBI:125586,CHEBI:139224,predicate:22,MONDO:0007540,0.0
model_26.pt,CHEMBL.COMPOUND:CHEMBL596806,predicate:20,HP:0000253,CHEBI:139224,predicate:22,MONDO:0007540,0.0
model_26.pt,NCBIGene:838170,predicate:13,CHEBI:75099,CHEBI:139224,predicate:22,MONDO:0007540,0.0
model_26.pt,PUBCHEM.COMPOUND:117859783,predicate:11,PUBCHEM.COMPOUND:10525997,CHEBI:139224,predicate:22,MONDO:0007540,0.0
model_26.pt,PUBCHEM.COMPOUND:127036977,predicate:0,CHEBI:103739,CHEBI:139224,predicate:22,MONDO:0007540,0.0
model_26.pt,PUBCHEM.COMPOUND:44433263,predicate:0,CHEBI:119893,CHEBI:139224,predicate:22,MONDO:0007540,0.0
model_26.pt,CHEBI:3914,predicate:15,CHEBI:190153,CHEBI:139224,predicate:22,MONDO:0007540,0.0
model_26.pt,PUBCHEM.COMPOUND:44314087,predicate:0,CHEBI:140407,CHEBI:139224,predicate:22,MONDO:0007540,0.0
model_26.pt,PUBCHEM.COMPOUND:25093440,predicate:0,CHEBI:113553,CHEBI:139224,predicate:22,MONDO:0007540,0.0
model_26.pt,CHEBI:65179,predicate:11,PUBCHEM.COMPOUND:11274029,CHEBI:139224,predicate:22,MONDO:0007540,0.0
model_26.pt,CHEBI:71580,predicate:22,MONDO:0005068,CHEBI:139224,predicate:22,MONDO:0007540,39.50827407836914
model_26.pt,CHEBI:190006,predicate:14,PUBCHEM.COMPOUND:118471641,CHEBI:139224,predicate:22,MONDO:0007540,0.0
model_26.pt,PUBCHEM.COMPOUND:59268935,predicate:0,CHEBI:113373,CHEBI:139224,predicate:22,MONDO:0007540,0.0
model_26.pt,CHEBI:157642,predicate:1,PUBCHEM.COMPOUND:130345144,CHEBI:139224,predicate:22,MONDO:0007540,0.0
model_26.pt,PUBCHEM.COMPOUND:57395067,predicate:0,CHEBI:167320,CHEBI:139224,predicate:22,MONDO:0007540,0.0
model_26.pt,PUBCHEM.COMPOUND:2744597,predicate:11,PUBCHEM.COMPOUND:2930224,CHEBI:139224,predicate:22,MONDO:0007540,0.0
model_26.pt,CHEBI:137225,predicate:17,CHEBI:131804,CHEBI:139224,predicate:22,MONDO:0007540,0.0
model_26.pt,CHEBI:111166,predicate:1,CHEBI:93303,CHEBI:139224,predicate:22,MONDO:0007540,0.0
model_26.pt,MONDO:0013171,predicate:20,MONDO:0001071,CHEBI:139224,predicate:22,MONDO:0007540,0.0
model_26.pt,CHEBI:143170,predicate:1,CHEBI:166778,CHEBI:139224,predicate:22,MONDO:0007540,0.0
model_26.pt,CHEBI:51561,predicate:2,HP:0001945,CHEBI:139224,predicate:22,MONDO:0007540,0.0
model_26.pt,UNII:5M691HL4BO,predicate:23,HP:0001288,CHEBI:139224,predicate:22,MONDO:0007540,0.0
model_26.pt,MONDO:0011122,predicate:18,CHEBI:132752,CHEBI:139224,predicate:22,MONDO:0007540,0.0
model_26.pt,PUBCHEM.COMPOUND:10314049,predicate:13,CHEBI:18086,CHEBI:139224,predicate:22,MONDO:0007540,0.0
model_26.pt,CHEBI:144357,predicate:20,HP:0002857,CHEBI:139224,predicate:22,MONDO:0007540,0.0
model_26.pt,CHEBI:16207,predicate:15,CHEBI:129768,CHEBI:139224,predicate:22,MONDO:0007540,0.0
model_26.pt,CHEBI:139081,predicate:20,HP:0010864,CHEBI:139224,predicate:22,MONDO:0007540,0.0
model_26.pt,PUBCHEM.COMPOUND:5702107,predicate:3,CHEBI:109116,CHEBI:139224,predicate:22,MONDO:0007540,0.0
model_26.pt,CHEBI:71289,predicate:17,CHEBI:180867,CHEBI:139224,predicate:22,MONDO:0007540,0.0
model_26.pt,PUBCHEM.COMPOUND:9834864,predicate:21,CHEBI:113373,CHEBI:139224,predicate:22,MONDO:0007540,0.0
model_26.pt,PUBCHEM.COMPOUND:44431492,predicate:18,CHEBI:121826,CHEBI:139224,predicate:22,MONDO:0007540,0.0
model_26.pt,PUBCHEM.COMPOUND:10432760,predicate:25,CHEBI:166658,CHEBI:139224,predicate:22,MONDO:0007540,0.0
model_26.pt,PUBCHEM.COMPOUND:25015107,predicate:0,CHEBI:127989,CHEBI:139224,predicate:22,MONDO:0007540,0.0
model_26.pt,PUBCHEM.COMPOUND:131757266,predicate:13,MONDO:0006749,CHEBI:139224,predicate:22,MONDO:0007540,0.0
model_26.pt,CHEBI:72619,predicate:1,CHEBI:196198,CHEBI:139224,predicate:22,MONDO:0007540,0.0
model_26.pt,CHEBI:71600,predicate:1,HMDB:HMDB0009929,CHEBI:139224,predicate:22,MONDO:0007540,0.0
model_26.pt,CHEBI:184579,predicate:11,CHEBI:144250,CHEBI:139224,predicate:22,MONDO:0007540,0.0
model_26.pt,CHEBI:88497,predicate:1,CHEBI:144822,CHEBI:139224,predicate:22,MONDO:0007540,0.0
model_26.pt,CHEBI:15040,predicate:16,MONDO:0013171,CHEBI:139224,predicate:22,MONDO:0007540,0.0
model_26.pt,MONDO:0005272,predicate:1,CHEBI:18262,CHEBI:139224,predicate:22,MONDO:0007540,0.0
model_26.pt,CHEBI:126004,predicate:17,CHEBI:175375,CHEBI:139224,predicate:22,MONDO:0007540,0.0
model_26.pt,MONDO:0035764,predicate:1,HMDB:HMDB0083268,CHEBI:139224,predicate:22,MONDO:0007540,0.0
model_26.pt,PUBCHEM.COMPOUND:155512592,predicate:0,CHEBI:103843,CHEBI:139224,predicate:22,MONDO:0007540,0.0
model_26.pt,CHEBI:15490,predicate:15,CHEBI:170609,CHEBI:139224,predicate:22,MONDO:0007540,0.0
model_26.pt,CHEBI:138520,predicate:28,CHEBI:171141,CHEBI:139224,predicate:22,MONDO:0007540,0.0
model_26.pt,CHEBI:131557,predicate:1,CHEBI:73731,CHEBI:139224,predicate:22,MONDO:0007540,0.0
model_26.pt,CHEBI:134948,predicate:22,MONDO:0000831,CHEBI:139224,predicate:22,MONDO:0007540,17.249523162841797
model_26.pt,PUBCHEM.COMPOUND:10578760,predicate:0,CHEBI:92697,CHEBI:139224,predicate:22,MONDO:0007540,0.0
model_26.pt,HMDB:HMDB0076696,predicate:17,CHEBI:170784,CHEBI:139224,predicate:22,MONDO:0007540,0.0
model_26.pt,MONDO:0859265,predicate:3,CHEBI:176304,CHEBI:139224,predicate:22,MONDO:0007540,0.0
model_26.pt,CHEBI:113553,predicate:1,HMDB:HMDB0077232,CHEBI:139224,predicate:22,MONDO:0007540,0.0
model_26.pt,PUBCHEM.COMPOUND:137226420,predicate:0,CHEBI:109116,CHEBI:139224,predicate:22,MONDO:0007540,0.0
model_26.pt,MONDO:0010691,predicate:20,HP:0007957,CHEBI:139224,predicate:22,MONDO:0007540,0.0
model_26.pt,CHEMBL.COMPOUND:CHEMBL536308,predicate:1,CHEBI:163814,CHEBI:139224,predicate:22,MONDO:0007540,0.0
model_26.pt,CHEBI:83370,predicate:16,CHEBI:72635,CHEBI:139224,predicate:22,MONDO:0007540,0.0
model_26.pt,PUBCHEM.COMPOUND:122196132,predicate:0,CHEBI:172159,CHEBI:139224,predicate:22,MONDO:0007540,0.0
model_26.pt,MONDO:0011730,predicate:1,CHEMBL.COMPOUND:CHEMBL54465,CHEBI:139224,predicate:22,MONDO:0007540,0.0
model_26.pt,MONDO:0011840,predicate:1,CHEBI:139280,CHEBI:139224,predicate:22,MONDO:0007540,0.0
model_26.pt,CHEBI:17482,predicate:23,MONDO:0001382,CHEBI:139224,predicate:22,MONDO:0007540,0.0
model_26.pt,PUBCHEM.COMPOUND:25263321,predicate:11,PUBCHEM.COMPOUND:3003511,CHEBI:139224,predicate:22,MONDO:0007540,0.0
model_26.pt,PUBCHEM.COMPOUND:10216381,predicate:11,PUBCHEM.COMPOUND:10431492,CHEBI:139224,predicate:22,MONDO:0007540,0.0
model_26.pt,NCBIGene:820781,predicate:12,PUBCHEM.COMPOUND:131761197,CHEBI:139224,predicate:22,MONDO:0007540,0.0
model_26.pt,CHEBI:51068,predicate:17,HMDB:HMDB0009399,CHEBI:139224,predicate:22,MONDO:0007540,0.0
model_26.pt,CHEBI:9330,predicate:22,MONDO:0005011,CHEBI:139224,predicate:22,MONDO:0007540,61.01263046264648
model_26.pt,PUBCHEM.COMPOUND:10048208,predicate:26,CHEMBL.COMPOUND:CHEMBL151630,CHEBI:139224,predicate:22,MONDO:0007540,0.0
model_26.pt,PUBCHEM.COMPOUND:44176335,predicate:0,CHEBI:105317,CHEBI:139224,predicate:22,MONDO:0007540,0.0
model_26.pt,PUBCHEM.COMPOUND:49864838,predicate:18,CHEBI:109533,CHEBI:139224,predicate:22,MONDO:0007540,0.0
model_26.pt,CHEBI:185985,predicate:16,CHEBI:70967,CHEBI:139224,predicate:22,MONDO:0007540,0.0
model_26.pt,CHEMBL.COMPOUND:CHEMBL4798272,predicate:15,CHEBI:167641,CHEBI:139224,predicate:22,MONDO:0007540,0.0
model_26.pt,PUBCHEM.COMPOUND:126739109,predicate:11,MONDO:0006996,CHEBI:139224,predicate:22,MONDO:0007540,0.0
model_10.pt,MONDO:0012176,predicate:20,HP:0003028,CHEMBL.COMPOUND:CHEMBL558259,predicate:1,HMDB:HMDB0081634,0.0
model_10.pt,CHEBI:16959,predicate:17,CHEBI:172284,CHEMBL.COMPOUND:CHEMBL558259,predicate:1,HMDB:HMDB0081634,0.0
model_10.pt,PUBCHEM.COMPOUND:68020555,predicate:0,PUBCHEM.COMPOUND:44459583,CHEMBL.COMPOUND:CHEMBL558259,predicate:1,HMDB:HMDB0081634,0.0
model_10.pt,PUBCHEM.COMPOUND:137636752,predicate:0,CHEBI:134753,CHEMBL.COMPOUND:CHEMBL558259,predicate:1,HMDB:HMDB0081634,0.0
model_10.pt,PUBCHEM.COMPOUND:124221273,predicate:23,MONDO:0015691,CHEMBL.COMPOUND:CHEMBL558259,predicate:1,HMDB:HMDB0081634,0.0
model_10.pt,PUBCHEM.COMPOUND:130200977,predicate:18,CHEBI:144991,CHEMBL.COMPOUND:CHEMBL558259,predicate:1,HMDB:HMDB0081634,0.0
model_10.pt,MONDO:0005044,predicate:11,MONDO:0056796,CHEMBL.COMPOUND:CHEMBL558259,predicate:1,HMDB:HMDB0081634,0.0
model_10.pt,CHEBI:16592,predicate:41,CHEBI:114693,CHEMBL.COMPOUND:CHEMBL558259,predicate:1,HMDB:HMDB0081634,0.0
model_10.pt,CHEBI:166772,predicate:15,CHEBI:175537,CHEMBL.COMPOUND:CHEMBL558259,predicate:1,HMDB:HMDB0081634,0.0
model_10.pt,DRUGBANK:DB11158,predicate:2,MONDO:0005147,CHEMBL.COMPOUND:CHEMBL558259,predicate:1,HMDB:HMDB0081634,0.0
model_10.pt,CHEBI:145008,predicate:2,MONDO:0001076,CHEMBL.COMPOUND:CHEMBL558259,predicate:1,HMDB:HMDB0081634,0.0
model_10.pt,CHEBI:172333,predicate:11,CHEBI:84017,CHEMBL.COMPOUND:CHEMBL558259,predicate:1,HMDB:HMDB0081634,0.0
model_10.pt,CHEBI:188563,predicate:12,PUBCHEM.COMPOUND:52924335,CHEMBL.COMPOUND:CHEMBL558259,predicate:1,HMDB:HMDB0081634,0.0
model_10.pt,CHEBI:190239,predicate:11,HMDB:HMDB0072989,CHEMBL.COMPOUND:CHEMBL558259,predicate:1,HMDB:HMDB0081634,0.0
model_10.pt,CHEBI:135278,predicate:22,MONDO:0005559,CHEMBL.COMPOUND:CHEMBL558259,predicate:1,HMDB:HMDB0081634,0.0
model_10.pt,CHEBI:47040,predicate:15,CHEBI:146256,CHEMBL.COMPOUND:CHEMBL558259,predicate:1,HMDB:HMDB0081634,0.0
model_10.pt,CHEMBL.COMPOUND:CHEMBL4747062,predicate:0,CHEBI:71479,CHEMBL.COMPOUND:CHEMBL558259,predicate:1,HMDB:HMDB0081634,0.0
model_10.pt,CHEBI:42371,predicate:17,CHEBI:135736,CHEMBL.COMPOUND:CHEMBL558259,predicate:1,HMDB:HMDB0081634,0.0
model_10.pt,CHEBI:143114,predicate:1,CHEBI:125432,CHEMBL.COMPOUND:CHEMBL558259,predicate:1,HMDB:HMDB0081634,-6.433810234069824
model_10.pt,CHEBI:185767,predicate:1,CHEBI:16264,CHEMBL.COMPOUND:CHEMBL558259,predicate:1,HMDB:HMDB0081634,17.403038024902344
model_10.pt,CHEBI:109317,predicate:14,CHEBI:170587,CHEMBL.COMPOUND:CHEMBL558259,predicate:1,HMDB:HMDB0081634,0.0
model_10.pt,CHEMBL.COMPOUND:CHEMBL4877928,predicate:1,PUBCHEM.COMPOUND:130363355,CHEMBL.COMPOUND:CHEMBL558259,predicate:1,HMDB:HMDB0081634,8.729180335998535
model_10.pt,CHEBI:136073,predicate:10,MONDO:0007263,CHEMBL.COMPOUND:CHEMBL558259,predicate:1,HMDB:HMDB0081634,0.0
model_10.pt,PUBCHEM.COMPOUND:131762323,predicate:13,CHEBI:149534,CHEMBL.COMPOUND:CHEMBL558259,predicate:1,HMDB:HMDB0081634,0.0
model_10.pt,PUBCHEM.COMPOUND:54325967,predicate:0,CHEBI:149800,CHEMBL.COMPOUND:CHEMBL558259,predicate:1,HMDB:HMDB0081634,0.0
model_10.pt,HP:0000021,predicate:0,CHEBI:167578,CHEMBL.COMPOUND:CHEMBL558259,predicate:1,HMDB:HMDB0081634,0.0
model_10.pt,CHEMBL.COMPOUND:CHEMBL4782467,predicate:15,CHEBI:134948,CHEMBL.COMPOUND:CHEMBL558259,predicate:1,HMDB:HMDB0081634,0.0
model_10.pt,NCBIGene:23163,predicate:18,NCBIGene:100528017,CHEMBL.COMPOUND:CHEMBL558259,predicate:1,HMDB:HMDB0081634,0.0
model_10.pt,CHEBI:142271,predicate:1,CHEBI:192396,CHEMBL.COMPOUND:CHEMBL558259,predicate:1,HMDB:HMDB0081634,-28.56459045410156
model_10.pt,CHEBI:146285,predicate:12,PUBCHEM.COMPOUND:53478731,CHEMBL.COMPOUND:CHEMBL558259,predicate:1,HMDB:HMDB0081634,0.0
model_10.pt,CHEBI:136073,predicate:15,CHEBI:125586,CHEMBL.COMPOUND:CHEMBL558259,predicate:1,HMDB:HMDB0081634,0.0
model_10.pt,CHEMBL.COMPOUND:CHEMBL596806,predicate:20,HP:0000253,CHEMBL.COMPOUND:CHEMBL558259,predicate:1,HMDB:HMDB0081634,0.0
model_10.pt,NCBIGene:838170,predicate:13,CHEBI:75099,CHEMBL.COMPOUND:CHEMBL558259,predicate:1,HMDB:HMDB0081634,0.0
model_10.pt,PUBCHEM.COMPOUND:117859783,predicate:11,PUBCHEM.COMPOUND:10525997,CHEMBL.COMPOUND:CHEMBL558259,predicate:1,HMDB:HMDB0081634,0.0
model_10.pt,PUBCHEM.COMPOUND:127036977,predicate:0,CHEBI:103739,CHEMBL.COMPOUND:CHEMBL558259,predicate:1,HMDB:HMDB0081634,0.0
model_10.pt,PUBCHEM.COMPOUND:44433263,predicate:0,CHEBI:119893,CHEMBL.COMPOUND:CHEMBL558259,predicate:1,HMDB:HMDB0081634,0.0
model_10.pt,CHEBI:3914,predicate:15,CHEBI:190153,CHEMBL.COMPOUND:CHEMBL558259,predicate:1,HMDB:HMDB0081634,0.0
model_10.pt,PUBCHEM.COMPOUND:44314087,predicate:0,CHEBI:140407,CHEMBL.COMPOUND:CHEMBL558259,predicate:1,HMDB:HMDB0081634,0.0
model_10.pt,PUBCHEM.COMPOUND:25093440,predicate:0,CHEBI:113553,CHEMBL.COMPOUND:CHEMBL558259,predicate:1,HMDB:HMDB0081634,0.0
model_10.pt,CHEBI:65179,predicate:11,PUBCHEM.COMPOUND:11274029,CHEMBL.COMPOUND:CHEMBL558259,predicate:1,HMDB:HMDB0081634,0.0
model_10.pt,CHEBI:71580,predicate:22,MONDO:0005068,CHEMBL.COMPOUND:CHEMBL558259,predicate:1,HMDB:HMDB0081634,0.0
model_10.pt,CHEBI:190006,predicate:14,PUBCHEM.COMPOUND:118471641,CHEMBL.COMPOUND:CHEMBL558259,predicate:1,HMDB:HMDB0081634,0.0
model_10.pt,PUBCHEM.COMPOUND:59268935,predicate:0,CHEBI:113373,CHEMBL.COMPOUND:CHEMBL558259,predicate:1,HMDB:HMDB0081634,0.0
model_10.pt,CHEBI:157642,predicate:1,PUBCHEM.COMPOUND:130345144,CHEMBL.COMPOUND:CHEMBL558259,predicate:1,HMDB:HMDB0081634,-20.17888069152832
model_10.pt,PUBCHEM.COMPOUND:57395067,predicate:0,CHEBI:167320,CHEMBL.COMPOUND:CHEMBL558259,predicate:1,HMDB:HMDB0081634,0.0
model_10.pt,PUBCHEM.COMPOUND:2744597,predicate:11,PUBCHEM.COMPOUND:2930224,CHEMBL.COMPOUND:CHEMBL558259,predicate:1,HMDB:HMDB0081634,0.0
model_10.pt,CHEBI:137225,predicate:17,CHEBI:131804,CHEMBL.COMPOUND:CHEMBL558259,predicate:1,HMDB:HMDB0081634,0.0
model_10.pt,CHEBI:111166,predicate:1,CHEBI:93303,CHEMBL.COMPOUND:CHEMBL558259,predicate:1,HMDB:HMDB0081634,64.8664779663086
model_10.pt,MONDO:0013171,predicate:20,MONDO:0001071,CHEMBL.COMPOUND:CHEMBL558259,predicate:1,HMDB:HMDB0081634,0.0
model_10.pt,CHEBI:143170,predicate:1,CHEBI:166778,CHEMBL.COMPOUND:CHEMBL558259,predicate:1,HMDB:HMDB0081634,79.12579345703125
model_10.pt,CHEBI:51561,predicate:2,HP:0001945,CHEMBL.COMPOUND:CHEMBL558259,predicate:1,HMDB:HMDB0081634,0.0
model_10.pt,UNII:5M691HL4BO,predicate:23,HP:0001288,CHEMBL.COMPOUND:CHEMBL558259,predicate:1,HMDB:HMDB0081634,0.0
model_10.pt,MONDO:0011122,predicate:18,CHEBI:132752,CHEMBL.COMPOUND:CHEMBL558259,predicate:1,HMDB:HMDB0081634,0.0
model_10.pt,PUBCHEM.COMPOUND:10314049,predicate:13,CHEBI:18086,CHEMBL.COMPOUND:CHEMBL558259,predicate:1,HMDB:HMDB0081634,0.0
model_10.pt,CHEBI:144357,predicate:20,HP:0002857,CHEMBL.COMPOUND:CHEMBL558259,predicate:1,HMDB:HMDB0081634,0.0
model_10.pt,CHEBI:16207,predicate:15,CHEBI:129768,CHEMBL.COMPOUND:CHEMBL558259,predicate:1,HMDB:HMDB0081634,0.0
model_10.pt,CHEBI:139081,predicate:20,HP:0010864,CHEMBL.COMPOUND:CHEMBL558259,predicate:1,HMDB:HMDB0081634,0.0
model_10.pt,PUBCHEM.COMPOUND:5702107,predicate:3,CHEBI:109116,CHEMBL.COMPOUND:CHEMBL558259,predicate:1,HMDB:HMDB0081634,0.0
model_10.pt,CHEBI:71289,predicate:17,CHEBI:180867,CHEMBL.COMPOUND:CHEMBL558259,predicate:1,HMDB:HMDB0081634,0.0
model_10.pt,PUBCHEM.COMPOUND:9834864,predicate:21,CHEBI:113373,CHEMBL.COMPOUND:CHEMBL558259,predicate:1,HMDB:HMDB0081634,0.0
model_10.pt,PUBCHEM.COMPOUND:44431492,predicate:18,CHEBI:121826,CHEMBL.COMPOUND:CHEMBL558259,predicate:1,HMDB:HMDB0081634,0.0
model_10.pt,PUBCHEM.COMPOUND:10432760,predicate:25,CHEBI:166658,CHEMBL.COMPOUND:CHEMBL558259,predicate:1,HMDB:HMDB0081634,0.0
model_10.pt,PUBCHEM.COMPOUND:25015107,predicate:0,CHEBI:127989,CHEMBL.COMPOUND:CHEMBL558259,predicate:1,HMDB:HMDB0081634,0.0
model_10.pt,PUBCHEM.COMPOUND:131757266,predicate:13,MONDO:0006749,CHEMBL.COMPOUND:CHEMBL558259,predicate:1,HMDB:HMDB0081634,0.0
model_10.pt,CHEBI:72619,predicate:1,CHEBI:196198,CHEMBL.COMPOUND:CHEMBL558259,predicate:1,HMDB:HMDB0081634,-65.79158020019531
model_10.pt,CHEBI:71600,predicate:1,HMDB:HMDB0009929,CHEMBL.COMPOUND:CHEMBL558259,predicate:1,HMDB:HMDB0081634,-31.00248146057129
model_10.pt,CHEBI:184579,predicate:11,CHEBI:144250,CHEMBL.COMPOUND:CHEMBL558259,predicate:1,HMDB:HMDB0081634,0.0
model_10.pt,CHEBI:88497,predicate:1,CHEBI:144822,CHEMBL.COMPOUND:CHEMBL558259,predicate:1,HMDB:HMDB0081634,-10.215608596801758
model_10.pt,CHEBI:15040,predicate:16,MONDO:0013171,CHEMBL.COMPOUND:CHEMBL558259,predicate:1,HMDB:HMDB0081634,0.0
model_10.pt,MONDO:0005272,predicate:1,CHEBI:18262,CHEMBL.COMPOUND:CHEMBL558259,predicate:1,HMDB:HMDB0081634,17.430084228515625
model_10.pt,CHEBI:126004,predicate:17,CHEBI:175375,CHEMBL.COMPOUND:CHEMBL558259,predicate:1,HMDB:HMDB0081634,0.0
model_10.pt,MONDO:0035764,predicate:1,HMDB:HMDB0083268,CHEMBL.COMPOUND:CHEMBL558259,predicate:1,HMDB:HMDB0081634,-24.183727264404297
model_10.pt,PUBCHEM.COMPOUND:155512592,predicate:0,CHEBI:103843,CHEMBL.COMPOUND:CHEMBL558259,predicate:1,HMDB:HMDB0081634,0.0
model_10.pt,CHEBI:15490,predicate:15,CHEBI:170609,CHEMBL.COMPOUND:CHEMBL558259,predicate:1,HMDB:HMDB0081634,0.0
model_10.pt,CHEBI:138520,predicate:28,CHEBI:171141,CHEMBL.COMPOUND:CHEMBL558259,predicate:1,HMDB:HMDB0081634,0.0
model_10.pt,CHEBI:131557,predicate:1,CHEBI:73731,CHEMBL.COMPOUND:CHEMBL558259,predicate:1,HMDB:HMDB0081634,-59.29277801513672
model_10.pt,CHEBI:134948,predicate:22,MONDO:0000831,CHEMBL.COMPOUND:CHEMBL558259,predicate:1,HMDB:HMDB0081634,0.0
model_10.pt,PUBCHEM.COMPOUND:10578760,predicate:0,CHEBI:92697,CHEMBL.COMPOUND:CHEMBL558259,predicate:1,HMDB:HMDB0081634,0.0
model_10.pt,HMDB:HMDB0076696,predicate:17,CHEBI:170784,CHEMBL.COMPOUND:CHEMBL558259,predicate:1,HMDB:HMDB0081634,0.0
model_10.pt,MONDO:0859265,predicate:3,CHEBI:176304,CHEMBL.COMPOUND:CHEMBL558259,predicate:1,HMDB:HMDB0081634,0.0
model_10.pt,CHEBI:113553,predicate:1,HMDB:HMDB0077232,CHEMBL.COMPOUND:CHEMBL558259,predicate:1,HMDB:HMDB0081634,-33.0224609375
model_10.pt,PUBCHEM.COMPOUND:137226420,predicate:0,CHEBI:109116,CHEMBL.COMPOUND:CHEMBL558259,predicate:1,HMDB:HMDB0081634,0.0
model_10.pt,MONDO:0010691,predicate:20,HP:0007957,CHEMBL.COMPOUND:CHEMBL558259,predicate:1,HMDB:HMDB0081634,0.0
model_10.pt,CHEMBL.COMPOUND:CHEMBL536308,predicate:1,CHEBI:163814,CHEMBL.COMPOUND:CHEMBL558259,predicate:1,HMDB:HMDB0081634,41.741920471191406
model_10.pt,CHEBI:83370,predicate:16,CHEBI:72635,CHEMBL.COMPOUND:CHEMBL558259,predicate:1,HMDB:HMDB0081634,0.0
model_10.pt,PUBCHEM.COMPOUND:122196132,predicate:0,CHEBI:172159,CHEMBL.COMPOUND:CHEMBL558259,predicate:1,HMDB:HMDB0081634,0.0
model_10.pt,MONDO:0011730,predicate:1,CHEMBL.COMPOUND:CHEMBL54465,CHEMBL.COMPOUND:CHEMBL558259,predicate:1,HMDB:HMDB0081634,108.56088256835938
model_10.pt,MONDO:0011840,predicate:1,CHEBI:139280,CHEMBL.COMPOUND:CHEMBL558259,predicate:1,HMDB:HMDB0081634,13.391416549682615
model_10.pt,CHEBI:17482,predicate:23,MONDO:0001382,CHEMBL.COMPOUND:CHEMBL558259,predicate:1,HMDB:HMDB0081634,0.0
model_10.pt,PUBCHEM.COMPOUND:25263321,predicate:11,PUBCHEM.COMPOUND:3003511,CHEMBL.COMPOUND:CHEMBL558259,predicate:1,HMDB:HMDB0081634,0.0
model_10.pt,PUBCHEM.COMPOUND:10216381,predicate:11,PUBCHEM.COMPOUND:10431492,CHEMBL.COMPOUND:CHEMBL558259,predicate:1,HMDB:HMDB0081634,0.0
model_10.pt,NCBIGene:820781,predicate:12,PUBCHEM.COMPOUND:131761197,CHEMBL.COMPOUND:CHEMBL558259,predicate:1,HMDB:HMDB0081634,0.0
model_10.pt,CHEBI:51068,predicate:17,HMDB:HMDB0009399,CHEMBL.COMPOUND:CHEMBL558259,predicate:1,HMDB:HMDB0081634,0.0
model_10.pt,CHEBI:9330,predicate:22,MONDO:0005011,CHEMBL.COMPOUND:CHEMBL558259,predicate:1,HMDB:HMDB0081634,0.0
model_10.pt,PUBCHEM.COMPOUND:10048208,predicate:26,CHEMBL.COMPOUND:CHEMBL151630,CHEMBL.COMPOUND:CHEMBL558259,predicate:1,HMDB:HMDB0081634,0.0
model_10.pt,PUBCHEM.COMPOUND:44176335,predicate:0,CHEBI:105317,CHEMBL.COMPOUND:CHEMBL558259,predicate:1,HMDB:HMDB0081634,0.0
model_10.pt,PUBCHEM.COMPOUND:49864838,predicate:18,CHEBI:109533,CHEMBL.COMPOUND:CHEMBL558259,predicate:1,HMDB:HMDB0081634,0.0
model_10.pt,CHEBI:185985,predicate:16,CHEBI:70967,CHEMBL.COMPOUND:CHEMBL558259,predicate:1,HMDB:HMDB0081634,0.0
model_10.pt,CHEMBL.COMPOUND:CHEMBL4798272,predicate:15,CHEBI:167641,CHEMBL.COMPOUND:CHEMBL558259,predicate:1,HMDB:HMDB0081634,0.0
model_10.pt,PUBCHEM.COMPOUND:126739109,predicate:11,MONDO:0006996,CHEMBL.COMPOUND:CHEMBL558259,predicate:1,HMDB:HMDB0081634,0.0
model_10.pt,MONDO:0012176,predicate:20,HP:0003028,HP:0000153,predicate:11,MONDO:0008534,0.0
model_10.pt,CHEBI:16959,predicate:17,CHEBI:172284,HP:0000153,predicate:11,MONDO:0008534,0.0
model_10.pt,PUBCHEM.COMPOUND:68020555,predicate:0,PUBCHEM.COMPOUND:44459583,HP:0000153,predicate:11,MONDO:0008534,0.0
model_10.pt,PUBCHEM.COMPOUND:137636752,predicate:0,CHEBI:134753,HP:0000153,predicate:11,MONDO:0008534,0.0
model_10.pt,PUBCHEM.COMPOUND:124221273,predicate:23,MONDO:0015691,HP:0000153,predicate:11,MONDO:0008534,0.0
model_10.pt,PUBCHEM.COMPOUND:130200977,predicate:18,CHEBI:144991,HP:0000153,predicate:11,MONDO:0008534,0.0
model_10.pt,MONDO:0005044,predicate:11,MONDO:0056796,HP:0000153,predicate:11,MONDO:0008534,61.602386474609375
model_10.pt,CHEBI:16592,predicate:41,CHEBI:114693,HP:0000153,predicate:11,MONDO:0008534,0.0
model_10.pt,CHEBI:166772,predicate:15,CHEBI:175537,HP:0000153,predicate:11,MONDO:0008534,0.0
model_10.pt,DRUGBANK:DB11158,predicate:2,MONDO:0005147,HP:0000153,predicate:11,MONDO:0008534,0.0
model_10.pt,CHEBI:145008,predicate:2,MONDO:0001076,HP:0000153,predicate:11,MONDO:0008534,0.0
model_10.pt,CHEBI:172333,predicate:11,CHEBI:84017,HP:0000153,predicate:11,MONDO:0008534,-52.15201568603516
model_10.pt,CHEBI:188563,predicate:12,PUBCHEM.COMPOUND:52924335,HP:0000153,predicate:11,MONDO:0008534,0.0
model_10.pt,CHEBI:190239,predicate:11,HMDB:HMDB0072989,HP:0000153,predicate:11,MONDO:0008534,11.858402252197266
model_10.pt,CHEBI:135278,predicate:22,MONDO:0005559,HP:0000153,predicate:11,MONDO:0008534,0.0
model_10.pt,CHEBI:47040,predicate:15,CHEBI:146256,HP:0000153,predicate:11,MONDO:0008534,0.0
model_10.pt,CHEMBL.COMPOUND:CHEMBL4747062,predicate:0,CHEBI:71479,HP:0000153,predicate:11,MONDO:0008534,0.0
model_10.pt,CHEBI:42371,predicate:17,CHEBI:135736,HP:0000153,predicate:11,MONDO:0008534,0.0
model_10.pt,CHEBI:143114,predicate:1,CHEBI:125432,HP:0000153,predicate:11,MONDO:0008534,0.0
model_10.pt,CHEBI:185767,predicate:1,CHEBI:16264,HP:0000153,predicate:11,MONDO:0008534,0.0
model_10.pt,CHEBI:109317,predicate:14,CHEBI:170587,HP:0000153,predicate:11,MONDO:0008534,0.0
model_10.pt,CHEMBL.COMPOUND:CHEMBL4877928,predicate:1,PUBCHEM.COMPOUND:130363355,HP:0000153,predicate:11,MONDO:0008534,0.0
model_10.pt,CHEBI:136073,predicate:10,MONDO:0007263,HP:0000153,predicate:11,MONDO:0008534,0.0
model_10.pt,PUBCHEM.COMPOUND:131762323,predicate:13,CHEBI:149534,HP:0000153,predicate:11,MONDO:0008534,0.0
model_10.pt,PUBCHEM.COMPOUND:54325967,predicate:0,CHEBI:149800,HP:0000153,predicate:11,MONDO:0008534,0.0
model_10.pt,HP:0000021,predicate:0,CHEBI:167578,HP:0000153,predicate:11,MONDO:0008534,0.0
model_10.pt,CHEMBL.COMPOUND:CHEMBL4782467,predicate:15,CHEBI:134948,HP:0000153,predicate:11,MONDO:0008534,0.0
model_10.pt,NCBIGene:23163,predicate:18,NCBIGene:100528017,HP:0000153,predicate:11,MONDO:0008534,0.0
model_10.pt,CHEBI:142271,predicate:1,CHEBI:192396,HP:0000153,predicate:11,MONDO:0008534,0.0
model_10.pt,CHEBI:146285,predicate:12,PUBCHEM.COMPOUND:53478731,HP:0000153,predicate:11,MONDO:0008534,0.0
model_10.pt,CHEBI:136073,predicate:15,CHEBI:125586,HP:0000153,predicate:11,MONDO:0008534,0.0
model_10.pt,CHEMBL.COMPOUND:CHEMBL596806,predicate:20,HP:0000253,HP:0000153,predicate:11,MONDO:0008534,0.0
model_10.pt,NCBIGene:838170,predicate:13,CHEBI:75099,HP:0000153,predicate:11,MONDO:0008534,0.0
model_10.pt,PUBCHEM.COMPOUND:117859783,predicate:11,PUBCHEM.COMPOUND:10525997,HP:0000153,predicate:11,MONDO:0008534,84.89729309082031
model_10.pt,PUBCHEM.COMPOUND:127036977,predicate:0,CHEBI:103739,HP:0000153,predicate:11,MONDO:0008534,0.0
model_10.pt,PUBCHEM.COMPOUND:44433263,predicate:0,CHEBI:119893,HP:0000153,predicate:11,MONDO:0008534,0.0
model_10.pt,CHEBI:3914,predicate:15,CHEBI:190153,HP:0000153,predicate:11,MONDO:0008534,0.0
model_10.pt,PUBCHEM.COMPOUND:44314087,predicate:0,CHEBI:140407,HP:0000153,predicate:11,MONDO:0008534,0.0
model_10.pt,PUBCHEM.COMPOUND:25093440,predicate:0,CHEBI:113553,HP:0000153,predicate:11,MONDO:0008534,0.0
model_10.pt,CHEBI:65179,predicate:11,PUBCHEM.COMPOUND:11274029,HP:0000153,predicate:11,MONDO:0008534,43.24647521972656
model_10.pt,CHEBI:71580,predicate:22,MONDO:0005068,HP:0000153,predicate:11,MONDO:0008534,0.0
model_10.pt,CHEBI:190006,predicate:14,PUBCHEM.COMPOUND:118471641,HP:0000153,predicate:11,MONDO:0008534,0.0
model_10.pt,PUBCHEM.COMPOUND:59268935,predicate:0,CHEBI:113373,HP:0000153,predicate:11,MONDO:0008534,0.0
model_10.pt,CHEBI:157642,predicate:1,PUBCHEM.COMPOUND:130345144,HP:0000153,predicate:11,MONDO:0008534,0.0
model_10.pt,PUBCHEM.COMPOUND:57395067,predicate:0,CHEBI:167320,HP:0000153,predicate:11,MONDO:0008534,0.0
model_10.pt,PUBCHEM.COMPOUND:2744597,predicate:11,PUBCHEM.COMPOUND:2930224,HP:0000153,predicate:11,MONDO:0008534,-6.273106575012207
model_10.pt,CHEBI:137225,predicate:17,CHEBI:131804,HP:0000153,predicate:11,MONDO:0008534,0.0
model_10.pt,CHEBI:111166,predicate:1,CHEBI:93303,HP:0000153,predicate:11,MONDO:0008534,0.0
model_10.pt,MONDO:0013171,predicate:20,MONDO:0001071,HP:0000153,predicate:11,MONDO:0008534,0.0
model_10.pt,CHEBI:143170,predicate:1,CHEBI:166778,HP:0000153,predicate:11,MONDO:0008534,0.0
model_10.pt,CHEBI:51561,predicate:2,HP:0001945,HP:0000153,predicate:11,MONDO:0008534,0.0
model_10.pt,UNII:5M691HL4BO,predicate:23,HP:0001288,HP:0000153,predicate:11,MONDO:0008534,0.0
model_10.pt,MONDO:0011122,predicate:18,CHEBI:132752,HP:0000153,predicate:11,MONDO:0008534,0.0
model_10.pt,PUBCHEM.COMPOUND:10314049,predicate:13,CHEBI:18086,HP:0000153,predicate:11,MONDO:0008534,0.0
model_10.pt,CHEBI:144357,predicate:20,HP:0002857,HP:0000153,predicate:11,MONDO:0008534,0.0
model_10.pt,CHEBI:16207,predicate:15,CHEBI:129768,HP:0000153,predicate:11,MONDO:0008534,0.0
model_10.pt,CHEBI:139081,predicate:20,HP:0010864,HP:0000153,predicate:11,MONDO:0008534,0.0
model_10.pt,PUBCHEM.COMPOUND:5702107,predicate:3,CHEBI:109116,HP:0000153,predicate:11,MONDO:0008534,0.0
model_10.pt,CHEBI:71289,predicate:17,CHEBI:180867,HP:0000153,predicate:11,MONDO:0008534,0.0
model_10.pt,PUBCHEM.COMPOUND:9834864,predicate:21,CHEBI:113373,HP:0000153,predicate:11,MONDO:0008534,0.0
model_10.pt,PUBCHEM.COMPOUND:44431492,predicate:18,CHEBI:121826,HP:0000153,predicate:11,MONDO:0008534,0.0
model_10.pt,PUBCHEM.COMPOUND:10432760,predicate:25,CHEBI:166658,HP:0000153,predicate:11,MONDO:0008534,0.0
model_10.pt,PUBCHEM.COMPOUND:25015107,predicate:0,CHEBI:127989,HP:0000153,predicate:11,MONDO:0008534,0.0
model_10.pt,PUBCHEM.COMPOUND:131757266,predicate:13,MONDO:0006749,HP:0000153,predicate:11,MONDO:0008534,0.0
model_10.pt,CHEBI:72619,predicate:1,CHEBI:196198,HP:0000153,predicate:11,MONDO:0008534,0.0
model_10.pt,CHEBI:71600,predicate:1,HMDB:HMDB0009929,HP:0000153,predicate:11,MONDO:0008534,0.0
model_10.pt,CHEBI:184579,predicate:11,CHEBI:144250,HP:0000153,predicate:11,MONDO:0008534,20.810325622558597
model_10.pt,CHEBI:88497,predicate:1,CHEBI:144822,HP:0000153,predicate:11,MONDO:0008534,0.0
model_10.pt,CHEBI:15040,predicate:16,MONDO:0013171,HP:0000153,predicate:11,MONDO:0008534,0.0
model_10.pt,MONDO:0005272,predicate:1,CHEBI:18262,HP:0000153,predicate:11,MONDO:0008534,0.0
model_10.pt,CHEBI:126004,predicate:17,CHEBI:175375,HP:0000153,predicate:11,MONDO:0008534,0.0
model_10.pt,MONDO:0035764,predicate:1,HMDB:HMDB0083268,HP:0000153,predicate:11,MONDO:0008534,0.0
model_10.pt,PUBCHEM.COMPOUND:155512592,predicate:0,CHEBI:103843,HP:0000153,predicate:11,MONDO:0008534,0.0
model_10.pt,CHEBI:15490,predicate:15,CHEBI:170609,HP:0000153,predicate:11,MONDO:0008534,0.0
model_10.pt,CHEBI:138520,predicate:28,CHEBI:171141,HP:0000153,predicate:11,MONDO:0008534,0.0
model_10.pt,CHEBI:131557,predicate:1,CHEBI:73731,HP:0000153,predicate:11,MONDO:0008534,0.0
model_10.pt,CHEBI:134948,predicate:22,MONDO:0000831,HP:0000153,predicate:11,MONDO:0008534,0.0
model_10.pt,PUBCHEM.COMPOUND:10578760,predicate:0,CHEBI:92697,HP:0000153,predicate:11,MONDO:0008534,0.0
model_10.pt,HMDB:HMDB0076696,predicate:17,CHEBI:170784,HP:0000153,predicate:11,MONDO:0008534,0.0
model_10.pt,MONDO:0859265,predicate:3,CHEBI:176304,HP:0000153,predicate:11,MONDO:0008534,0.0
model_10.pt,CHEBI:113553,predicate:1,HMDB:HMDB0077232,HP:0000153,predicate:11,MONDO:0008534,0.0
model_10.pt,PUBCHEM.COMPOUND:137226420,predicate:0,CHEBI:109116,HP:0000153,predicate:11,MONDO:0008534,0.0
model_10.pt,MONDO:0010691,predicate:20,HP:0007957,HP:0000153,predicate:11,MONDO:0008534,0.0
model_10.pt,CHEMBL.COMPOUND:CHEMBL536308,predicate:1,CHEBI:163814,HP:0000153,predicate:11,MONDO:0008534,0.0
model_10.pt,CHEBI:83370,predicate:16,CHEBI:72635,HP:0000153,predicate:11,MONDO:0008534,0.0
model_10.pt,PUBCHEM.COMPOUND:122196132,predicate:0,CHEBI:172159,HP:0000153,predicate:11,MONDO:0008534,0.0
model_10.pt,MONDO:0011730,predicate:1,CHEMBL.COMPOUND:CHEMBL54465,HP:0000153,predicate:11,MONDO:0008534,0.0
model_10.pt,MONDO:0011840,predicate:1,CHEBI:139280,HP:0000153,predicate:11,MONDO:0008534,0.0
model_10.pt,CHEBI:17482,predicate:23,MONDO:0001382,HP:0000153,predicate:11,MONDO:0008534,0.0
model_10.pt,PUBCHEM.COMPOUND:25263321,predicate:11,PUBCHEM.COMPOUND:3003511,HP:0000153,predicate:11,MONDO:0008534,-19.1765251159668
model_10.pt,PUBCHEM.COMPOUND:10216381,predicate:11,PUBCHEM.COMPOUND:10431492,HP:0000153,predicate:11,MONDO:0008534,29.77542495727539
model_10.pt,NCBIGene:820781,predicate:12,PUBCHEM.COMPOUND:131761197,HP:0000153,predicate:11,MONDO:0008534,0.0
model_10.pt,CHEBI:51068,predicate:17,HMDB:HMDB0009399,HP:0000153,predicate:11,MONDO:0008534,0.0
model_10.pt,CHEBI:9330,predicate:22,MONDO:0005011,HP:0000153,predicate:11,MONDO:0008534,0.0
model_10.pt,PUBCHEM.COMPOUND:10048208,predicate:26,CHEMBL.COMPOUND:CHEMBL151630,HP:0000153,predicate:11,MONDO:0008534,0.0
model_10.pt,PUBCHEM.COMPOUND:44176335,predicate:0,CHEBI:105317,HP:0000153,predicate:11,MONDO:0008534,0.0
model_10.pt,PUBCHEM.COMPOUND:49864838,predicate:18,CHEBI:109533,HP:0000153,predicate:11,MONDO:0008534,0.0
model_10.pt,CHEBI:185985,predicate:16,CHEBI:70967,HP:0000153,predicate:11,MONDO:0008534,0.0
model_10.pt,CHEMBL.COMPOUND:CHEMBL4798272,predicate:15,CHEBI:167641,HP:0000153,predicate:11,MONDO:0008534,0.0
model_10.pt,PUBCHEM.COMPOUND:126739109,predicate:11,MONDO:0006996,HP:0000153,predicate:11,MONDO:0008534,-66.12879943847656
model_10.pt,MONDO:0012176,predicate:20,HP:0003028,CHEBI:115712,predicate:1,CHEBI:91679,0.0
model_10.pt,CHEBI:16959,predicate:17,CHEBI:172284,CHEBI:115712,predicate:1,CHEBI:91679,0.0
model_10.pt,PUBCHEM.COMPOUND:68020555,predicate:0,PUBCHEM.COMPOUND:44459583,CHEBI:115712,predicate:1,CHEBI:91679,0.0
model_10.pt,PUBCHEM.COMPOUND:137636752,predicate:0,CHEBI:134753,CHEBI:115712,predicate:1,CHEBI:91679,0.0
model_10.pt,PUBCHEM.COMPOUND:124221273,predicate:23,MONDO:0015691,CHEBI:115712,predicate:1,CHEBI:91679,0.0
model_10.pt,PUBCHEM.COMPOUND:130200977,predicate:18,CHEBI:144991,CHEBI:115712,predicate:1,CHEBI:91679,0.0
model_10.pt,MONDO:0005044,predicate:11,MONDO:0056796,CHEBI:115712,predicate:1,CHEBI:91679,0.0
model_10.pt,CHEBI:16592,predicate:41,CHEBI:114693,CHEBI:115712,predicate:1,CHEBI:91679,0.0
model_10.pt,CHEBI:166772,predicate:15,CHEBI:175537,CHEBI:115712,predicate:1,CHEBI:91679,0.0
model_10.pt,DRUGBANK:DB11158,predicate:2,MONDO:0005147,CHEBI:115712,predicate:1,CHEBI:91679,0.0
model_10.pt,CHEBI:145008,predicate:2,MONDO:0001076,CHEBI:115712,predicate:1,CHEBI:91679,0.0
model_10.pt,CHEBI:172333,predicate:11,CHEBI:84017,CHEBI:115712,predicate:1,CHEBI:91679,0.0
model_10.pt,CHEBI:188563,predicate:12,PUBCHEM.COMPOUND:52924335,CHEBI:115712,predicate:1,CHEBI:91679,0.0
model_10.pt,CHEBI:190239,predicate:11,HMDB:HMDB0072989,CHEBI:115712,predicate:1,CHEBI:91679,0.0
model_10.pt,CHEBI:135278,predicate:22,MONDO:0005559,CHEBI:115712,predicate:1,CHEBI:91679,0.0
model_10.pt,CHEBI:47040,predicate:15,CHEBI:146256,CHEBI:115712,predicate:1,CHEBI:91679,0.0
model_10.pt,CHEMBL.COMPOUND:CHEMBL4747062,predicate:0,CHEBI:71479,CHEBI:115712,predicate:1,CHEBI:91679,0.0
model_10.pt,CHEBI:42371,predicate:17,CHEBI:135736,CHEBI:115712,predicate:1,CHEBI:91679,0.0
model_10.pt,CHEBI:143114,predicate:1,CHEBI:125432,CHEBI:115712,predicate:1,CHEBI:91679,18.323505401611328
model_10.pt,CHEBI:185767,predicate:1,CHEBI:16264,CHEBI:115712,predicate:1,CHEBI:91679,-70.12193298339844
model_10.pt,CHEBI:109317,predicate:14,CHEBI:170587,CHEBI:115712,predicate:1,CHEBI:91679,0.0
model_10.pt,CHEMBL.COMPOUND:CHEMBL4877928,predicate:1,PUBCHEM.COMPOUND:130363355,CHEBI:115712,predicate:1,CHEBI:91679,27.53424835205078
model_10.pt,CHEBI:136073,predicate:10,MONDO:0007263,CHEBI:115712,predicate:1,CHEBI:91679,0.0
model_10.pt,PUBCHEM.COMPOUND:131762323,predicate:13,CHEBI:149534,CHEBI:115712,predicate:1,CHEBI:91679,0.0
model_10.pt,PUBCHEM.COMPOUND:54325967,predicate:0,CHEBI:149800,CHEBI:115712,predicate:1,CHEBI:91679,0.0
model_10.pt,HP:0000021,predicate:0,CHEBI:167578,CHEBI:115712,predicate:1,CHEBI:91679,0.0
model_10.pt,CHEMBL.COMPOUND:CHEMBL4782467,predicate:15,CHEBI:134948,CHEBI:115712,predicate:1,CHEBI:91679,0.0
model_10.pt,NCBIGene:23163,predicate:18,NCBIGene:100528017,CHEBI:115712,predicate:1,CHEBI:91679,0.0
model_10.pt,CHEBI:142271,predicate:1,CHEBI:192396,CHEBI:115712,predicate:1,CHEBI:91679,-10.318321228027344
model_10.pt,CHEBI:146285,predicate:12,PUBCHEM.COMPOUND:53478731,CHEBI:115712,predicate:1,CHEBI:91679,0.0
model_10.pt,CHEBI:136073,predicate:15,CHEBI:125586,CHEBI:115712,predicate:1,CHEBI:91679,0.0
model_10.pt,CHEMBL.COMPOUND:CHEMBL596806,predicate:20,HP:0000253,CHEBI:115712,predicate:1,CHEBI:91679,0.0
model_10.pt,NCBIGene:838170,predicate:13,CHEBI:75099,CHEBI:115712,predicate:1,CHEBI:91679,0.0
model_10.pt,PUBCHEM.COMPOUND:117859783,predicate:11,PUBCHEM.COMPOUND:10525997,CHEBI:115712,predicate:1,CHEBI:91679,0.0
model_10.pt,PUBCHEM.COMPOUND:127036977,predicate:0,CHEBI:103739,CHEBI:115712,predicate:1,CHEBI:91679,0.0
model_10.pt,PUBCHEM.COMPOUND:44433263,predicate:0,CHEBI:119893,CHEBI:115712,predicate:1,CHEBI:91679,0.0
model_10.pt,CHEBI:3914,predicate:15,CHEBI:190153,CHEBI:115712,predicate:1,CHEBI:91679,0.0
model_10.pt,PUBCHEM.COMPOUND:44314087,predicate:0,CHEBI:140407,CHEBI:115712,predicate:1,CHEBI:91679,0.0
model_10.pt,PUBCHEM.COMPOUND:25093440,predicate:0,CHEBI:113553,CHEBI:115712,predicate:1,CHEBI:91679,0.0
model_10.pt,CHEBI:65179,predicate:11,PUBCHEM.COMPOUND:11274029,CHEBI:115712,predicate:1,CHEBI:91679,0.0
model_10.pt,CHEBI:71580,predicate:22,MONDO:0005068,CHEBI:115712,predicate:1,CHEBI:91679,0.0
model_10.pt,CHEBI:190006,predicate:14,PUBCHEM.COMPOUND:118471641,CHEBI:115712,predicate:1,CHEBI:91679,0.0
model_10.pt,PUBCHEM.COMPOUND:59268935,predicate:0,CHEBI:113373,CHEBI:115712,predicate:1,CHEBI:91679,0.0
model_10.pt,CHEBI:157642,predicate:1,PUBCHEM.COMPOUND:130345144,CHEBI:115712,predicate:1,CHEBI:91679,-1.5208377838134766
model_10.pt,PUBCHEM.COMPOUND:57395067,predicate:0,CHEBI:167320,CHEBI:115712,predicate:1,CHEBI:91679,0.0
model_10.pt,PUBCHEM.COMPOUND:2744597,predicate:11,PUBCHEM.COMPOUND:2930224,CHEBI:115712,predicate:1,CHEBI:91679,0.0
model_10.pt,CHEBI:137225,predicate:17,CHEBI:131804,CHEBI:115712,predicate:1,CHEBI:91679,0.0
model_10.pt,CHEBI:111166,predicate:1,CHEBI:93303,CHEBI:115712,predicate:1,CHEBI:91679,-25.221099853515625
model_10.pt,MONDO:0013171,predicate:20,MONDO:0001071,CHEBI:115712,predicate:1,CHEBI:91679,0.0
model_10.pt,CHEBI:143170,predicate:1,CHEBI:166778,CHEBI:115712,predicate:1,CHEBI:91679,6.584709167480469
model_10.pt,CHEBI:51561,predicate:2,HP:0001945,CHEBI:115712,predicate:1,CHEBI:91679,0.0
model_10.pt,UNII:5M691HL4BO,predicate:23,HP:0001288,CHEBI:115712,predicate:1,CHEBI:91679,0.0
model_10.pt,MONDO:0011122,predicate:18,CHEBI:132752,CHEBI:115712,predicate:1,CHEBI:91679,0.0
model_10.pt,PUBCHEM.COMPOUND:10314049,predicate:13,CHEBI:18086,CHEBI:115712,predicate:1,CHEBI:91679,0.0
model_10.pt,CHEBI:144357,predicate:20,HP:0002857,CHEBI:115712,predicate:1,CHEBI:91679,0.0
model_10.pt,CHEBI:16207,predicate:15,CHEBI:129768,CHEBI:115712,predicate:1,CHEBI:91679,0.0
model_10.pt,CHEBI:139081,predicate:20,HP:0010864,CHEBI:115712,predicate:1,CHEBI:91679,0.0
model_10.pt,PUBCHEM.COMPOUND:5702107,predicate:3,CHEBI:109116,CHEBI:115712,predicate:1,CHEBI:91679,0.0
model_10.pt,CHEBI:71289,predicate:17,CHEBI:180867,CHEBI:115712,predicate:1,CHEBI:91679,0.0
model_10.pt,PUBCHEM.COMPOUND:9834864,predicate:21,CHEBI:113373,CHEBI:115712,predicate:1,CHEBI:91679,0.0
model_10.pt,PUBCHEM.COMPOUND:44431492,predicate:18,CHEBI:121826,CHEBI:115712,predicate:1,CHEBI:91679,0.0
model_10.pt,PUBCHEM.COMPOUND:10432760,predicate:25,CHEBI:166658,CHEBI:115712,predicate:1,CHEBI:91679,0.0
model_10.pt,PUBCHEM.COMPOUND:25015107,predicate:0,CHEBI:127989,CHEBI:115712,predicate:1,CHEBI:91679,0.0
model_10.pt,PUBCHEM.COMPOUND:131757266,predicate:13,MONDO:0006749,CHEBI:115712,predicate:1,CHEBI:91679,0.0
model_10.pt,CHEBI:72619,predicate:1,CHEBI:196198,CHEBI:115712,predicate:1,CHEBI:91679,13.119766235351562
model_10.pt,CHEBI:71600,predicate:1,HMDB:HMDB0009929,CHEBI:115712,predicate:1,CHEBI:91679,-57.571964263916016
model_10.pt,CHEBI:184579,predicate:11,CHEBI:144250,CHEBI:115712,predicate:1,CHEBI:91679,0.0
model_10.pt,CHEBI:88497,predicate:1,CHEBI:144822,CHEBI:115712,predicate:1,CHEBI:91679,-111.7651138305664
model_10.pt,CHEBI:15040,predicate:16,MONDO:0013171,CHEBI:115712,predicate:1,CHEBI:91679,0.0
model_10.pt,MONDO:0005272,predicate:1,CHEBI:18262,CHEBI:115712,predicate:1,CHEBI:91679,-51.83559036254883
model_10.pt,CHEBI:126004,predicate:17,CHEBI:175375,CHEBI:115712,predicate:1,CHEBI:91679,0.0
model_10.pt,MONDO:0035764,predicate:1,HMDB:HMDB0083268,CHEBI:115712,predicate:1,CHEBI:91679,-8.38551139831543
model_10.pt,PUBCHEM.COMPOUND:155512592,predicate:0,CHEBI:103843,CHEBI:115712,predicate:1,CHEBI:91679,0.0
model_10.pt,CHEBI:15490,predicate:15,CHEBI:170609,CHEBI:115712,predicate:1,CHEBI:91679,0.0
model_10.pt,CHEBI:138520,predicate:28,CHEBI:171141,CHEBI:115712,predicate:1,CHEBI:91679,0.0
model_10.pt,CHEBI:131557,predicate:1,CHEBI:73731,CHEBI:115712,predicate:1,CHEBI:91679,51.501895904541016
model_10.pt,CHEBI:134948,predicate:22,MONDO:0000831,CHEBI:115712,predicate:1,CHEBI:91679,0.0
model_10.pt,PUBCHEM.COMPOUND:10578760,predicate:0,CHEBI:92697,CHEBI:115712,predicate:1,CHEBI:91679,0.0
model_10.pt,HMDB:HMDB0076696,predicate:17,CHEBI:170784,CHEBI:115712,predicate:1,CHEBI:91679,0.0
model_10.pt,MONDO:0859265,predicate:3,CHEBI:176304,CHEBI:115712,predicate:1,CHEBI:91679,0.0
model_10.pt,CHEBI:113553,predicate:1,HMDB:HMDB0077232,CHEBI:115712,predicate:1,CHEBI:91679,-53.59604263305664
model_10.pt,PUBCHEM.COMPOUND:137226420,predicate:0,CHEBI:109116,CHEBI:115712,predicate:1,CHEBI:91679,0.0
model_10.pt,MONDO:0010691,predicate:20,HP:0007957,CHEBI:115712,predicate:1,CHEBI:91679,0.0
model_10.pt,CHEMBL.COMPOUND:CHEMBL536308,predicate:1,CHEBI:163814,CHEBI:115712,predicate:1,CHEBI:91679,-26.893613815307617
model_10.pt,CHEBI:83370,predicate:16,CHEBI:72635,CHEBI:115712,predicate:1,CHEBI:91679,0.0
model_10.pt,PUBCHEM.COMPOUND:122196132,predicate:0,CHEBI:172159,CHEBI:115712,predicate:1,CHEBI:91679,0.0
model_10.pt,MONDO:0011730,predicate:1,CHEMBL.COMPOUND:CHEMBL54465,CHEBI:115712,predicate:1,CHEBI:91679,1.6453094482421875
model_10.pt,MONDO:0011840,predicate:1,CHEBI:139280,CHEBI:115712,predicate:1,CHEBI:91679,-36.17054748535156
model_10.pt,CHEBI:17482,predicate:23,MONDO:0001382,CHEBI:115712,predicate:1,CHEBI:91679,0.0
model_10.pt,PUBCHEM.COMPOUND:25263321,predicate:11,PUBCHEM.COMPOUND:3003511,CHEBI:115712,predicate:1,CHEBI:91679,0.0
model_10.pt,PUBCHEM.COMPOUND:10216381,predicate:11,PUBCHEM.COMPOUND:10431492,CHEBI:115712,predicate:1,CHEBI:91679,0.0
model_10.pt,NCBIGene:820781,predicate:12,PUBCHEM.COMPOUND:131761197,CHEBI:115712,predicate:1,CHEBI:91679,0.0
model_10.pt,CHEBI:51068,predicate:17,HMDB:HMDB0009399,CHEBI:115712,predicate:1,CHEBI:91679,0.0
model_10.pt,CHEBI:9330,predicate:22,MONDO:0005011,CHEBI:115712,predicate:1,CHEBI:91679,0.0
model_10.pt,PUBCHEM.COMPOUND:10048208,predicate:26,CHEMBL.COMPOUND:CHEMBL151630,CHEBI:115712,predicate:1,CHEBI:91679,0.0
model_10.pt,PUBCHEM.COMPOUND:44176335,predicate:0,CHEBI:105317,CHEBI:115712,predicate:1,CHEBI:91679,0.0
model_10.pt,PUBCHEM.COMPOUND:49864838,predicate:18,CHEBI:109533,CHEBI:115712,predicate:1,CHEBI:91679,0.0
model_10.pt,CHEBI:185985,predicate:16,CHEBI:70967,CHEBI:115712,predicate:1,CHEBI:91679,0.0
model_10.pt,CHEMBL.COMPOUND:CHEMBL4798272,predicate:15,CHEBI:167641,CHEBI:115712,predicate:1,CHEBI:91679,0.0
model_10.pt,PUBCHEM.COMPOUND:126739109,predicate:11,MONDO:0006996,CHEBI:115712,predicate:1,CHEBI:91679,0.0
model_10.pt,MONDO:0012176,predicate:20,HP:0003028,CHEMBL.COMPOUND:CHEMBL417457,predicate:42,CHEBI:145225,0.0
model_10.pt,CHEBI:16959,predicate:17,CHEBI:172284,CHEMBL.COMPOUND:CHEMBL417457,predicate:42,CHEBI:145225,0.0
model_10.pt,PUBCHEM.COMPOUND:68020555,predicate:0,PUBCHEM.COMPOUND:44459583,CHEMBL.COMPOUND:CHEMBL417457,predicate:42,CHEBI:145225,0.0
model_10.pt,PUBCHEM.COMPOUND:137636752,predicate:0,CHEBI:134753,CHEMBL.COMPOUND:CHEMBL417457,predicate:42,CHEBI:145225,0.0
model_10.pt,PUBCHEM.COMPOUND:124221273,predicate:23,MONDO:0015691,CHEMBL.COMPOUND:CHEMBL417457,predicate:42,CHEBI:145225,0.0
model_10.pt,PUBCHEM.COMPOUND:130200977,predicate:18,CHEBI:144991,CHEMBL.COMPOUND:CHEMBL417457,predicate:42,CHEBI:145225,0.0
model_10.pt,MONDO:0005044,predicate:11,MONDO:0056796,CHEMBL.COMPOUND:CHEMBL417457,predicate:42,CHEBI:145225,0.0
model_10.pt,CHEBI:16592,predicate:41,CHEBI:114693,CHEMBL.COMPOUND:CHEMBL417457,predicate:42,CHEBI:145225,0.0
model_10.pt,CHEBI:166772,predicate:15,CHEBI:175537,CHEMBL.COMPOUND:CHEMBL417457,predicate:42,CHEBI:145225,0.0
model_10.pt,DRUGBANK:DB11158,predicate:2,MONDO:0005147,CHEMBL.COMPOUND:CHEMBL417457,predicate:42,CHEBI:145225,0.0
model_10.pt,CHEBI:145008,predicate:2,MONDO:0001076,CHEMBL.COMPOUND:CHEMBL417457,predicate:42,CHEBI:145225,0.0
model_10.pt,CHEBI:172333,predicate:11,CHEBI:84017,CHEMBL.COMPOUND:CHEMBL417457,predicate:42,CHEBI:145225,0.0
model_10.pt,CHEBI:188563,predicate:12,PUBCHEM.COMPOUND:52924335,CHEMBL.COMPOUND:CHEMBL417457,predicate:42,CHEBI:145225,0.0
model_10.pt,CHEBI:190239,predicate:11,HMDB:HMDB0072989,CHEMBL.COMPOUND:CHEMBL417457,predicate:42,CHEBI:145225,0.0
model_10.pt,CHEBI:135278,predicate:22,MONDO:0005559,CHEMBL.COMPOUND:CHEMBL417457,predicate:42,CHEBI:145225,0.0
model_10.pt,CHEBI:47040,predicate:15,CHEBI:146256,CHEMBL.COMPOUND:CHEMBL417457,predicate:42,CHEBI:145225,0.0
model_10.pt,CHEMBL.COMPOUND:CHEMBL4747062,predicate:0,CHEBI:71479,CHEMBL.COMPOUND:CHEMBL417457,predicate:42,CHEBI:145225,0.0
model_10.pt,CHEBI:42371,predicate:17,CHEBI:135736,CHEMBL.COMPOUND:CHEMBL417457,predicate:42,CHEBI:145225,0.0
model_10.pt,CHEBI:143114,predicate:1,CHEBI:125432,CHEMBL.COMPOUND:CHEMBL417457,predicate:42,CHEBI:145225,0.0
model_10.pt,CHEBI:185767,predicate:1,CHEBI:16264,CHEMBL.COMPOUND:CHEMBL417457,predicate:42,CHEBI:145225,0.0
model_10.pt,CHEBI:109317,predicate:14,CHEBI:170587,CHEMBL.COMPOUND:CHEMBL417457,predicate:42,CHEBI:145225,0.0
model_10.pt,CHEMBL.COMPOUND:CHEMBL4877928,predicate:1,PUBCHEM.COMPOUND:130363355,CHEMBL.COMPOUND:CHEMBL417457,predicate:42,CHEBI:145225,0.0
model_10.pt,CHEBI:136073,predicate:10,MONDO:0007263,CHEMBL.COMPOUND:CHEMBL417457,predicate:42,CHEBI:145225,0.0
model_10.pt,PUBCHEM.COMPOUND:131762323,predicate:13,CHEBI:149534,CHEMBL.COMPOUND:CHEMBL417457,predicate:42,CHEBI:145225,0.0
model_10.pt,PUBCHEM.COMPOUND:54325967,predicate:0,CHEBI:149800,CHEMBL.COMPOUND:CHEMBL417457,predicate:42,CHEBI:145225,0.0
model_10.pt,HP:0000021,predicate:0,CHEBI:167578,CHEMBL.COMPOUND:CHEMBL417457,predicate:42,CHEBI:145225,0.0
model_10.pt,CHEMBL.COMPOUND:CHEMBL4782467,predicate:15,CHEBI:134948,CHEMBL.COMPOUND:CHEMBL417457,predicate:42,CHEBI:145225,0.0
model_10.pt,NCBIGene:23163,predicate:18,NCBIGene:100528017,CHEMBL.COMPOUND:CHEMBL417457,predicate:42,CHEBI:145225,0.0
model_10.pt,CHEBI:142271,predicate:1,CHEBI:192396,CHEMBL.COMPOUND:CHEMBL417457,predicate:42,CHEBI:145225,0.0
model_10.pt,CHEBI:146285,predicate:12,PUBCHEM.COMPOUND:53478731,CHEMBL.COMPOUND:CHEMBL417457,predicate:42,CHEBI:145225,0.0
model_10.pt,CHEBI:136073,predicate:15,CHEBI:125586,CHEMBL.COMPOUND:CHEMBL417457,predicate:42,CHEBI:145225,0.0
model_10.pt,CHEMBL.COMPOUND:CHEMBL596806,predicate:20,HP:0000253,CHEMBL.COMPOUND:CHEMBL417457,predicate:42,CHEBI:145225,0.0
model_10.pt,NCBIGene:838170,predicate:13,CHEBI:75099,CHEMBL.COMPOUND:CHEMBL417457,predicate:42,CHEBI:145225,0.0
model_10.pt,PUBCHEM.COMPOUND:117859783,predicate:11,PUBCHEM.COMPOUND:10525997,CHEMBL.COMPOUND:CHEMBL417457,predicate:42,CHEBI:145225,0.0
model_10.pt,PUBCHEM.COMPOUND:127036977,predicate:0,CHEBI:103739,CHEMBL.COMPOUND:CHEMBL417457,predicate:42,CHEBI:145225,0.0
model_10.pt,PUBCHEM.COMPOUND:44433263,predicate:0,CHEBI:119893,CHEMBL.COMPOUND:CHEMBL417457,predicate:42,CHEBI:145225,0.0
model_10.pt,CHEBI:3914,predicate:15,CHEBI:190153,CHEMBL.COMPOUND:CHEMBL417457,predicate:42,CHEBI:145225,0.0
model_10.pt,PUBCHEM.COMPOUND:44314087,predicate:0,CHEBI:140407,CHEMBL.COMPOUND:CHEMBL417457,predicate:42,CHEBI:145225,0.0
model_10.pt,PUBCHEM.COMPOUND:25093440,predicate:0,CHEBI:113553,CHEMBL.COMPOUND:CHEMBL417457,predicate:42,CHEBI:145225,0.0
model_10.pt,CHEBI:65179,predicate:11,PUBCHEM.COMPOUND:11274029,CHEMBL.COMPOUND:CHEMBL417457,predicate:42,CHEBI:145225,0.0
model_10.pt,CHEBI:71580,predicate:22,MONDO:0005068,CHEMBL.COMPOUND:CHEMBL417457,predicate:42,CHEBI:145225,0.0
model_10.pt,CHEBI:190006,predicate:14,PUBCHEM.COMPOUND:118471641,CHEMBL.COMPOUND:CHEMBL417457,predicate:42,CHEBI:145225,0.0
model_10.pt,PUBCHEM.COMPOUND:59268935,predicate:0,CHEBI:113373,CHEMBL.COMPOUND:CHEMBL417457,predicate:42,CHEBI:145225,0.0
model_10.pt,CHEBI:157642,predicate:1,PUBCHEM.COMPOUND:130345144,CHEMBL.COMPOUND:CHEMBL417457,predicate:42,CHEBI:145225,0.0
model_10.pt,PUBCHEM.COMPOUND:57395067,predicate:0,CHEBI:167320,CHEMBL.COMPOUND:CHEMBL417457,predicate:42,CHEBI:145225,0.0
model_10.pt,PUBCHEM.COMPOUND:2744597,predicate:11,PUBCHEM.COMPOUND:2930224,CHEMBL.COMPOUND:CHEMBL417457,predicate:42,CHEBI:145225,0.0
model_10.pt,CHEBI:137225,predicate:17,CHEBI:131804,CHEMBL.COMPOUND:CHEMBL417457,predicate:42,CHEBI:145225,0.0
model_10.pt,CHEBI:111166,predicate:1,CHEBI:93303,CHEMBL.COMPOUND:CHEMBL417457,predicate:42,CHEBI:145225,0.0
model_10.pt,MONDO:0013171,predicate:20,MONDO:0001071,CHEMBL.COMPOUND:CHEMBL417457,predicate:42,CHEBI:145225,0.0
model_10.pt,CHEBI:143170,predicate:1,CHEBI:166778,CHEMBL.COMPOUND:CHEMBL417457,predicate:42,CHEBI:145225,0.0
model_10.pt,CHEBI:51561,predicate:2,HP:0001945,CHEMBL.COMPOUND:CHEMBL417457,predicate:42,CHEBI:145225,0.0
model_10.pt,UNII:5M691HL4BO,predicate:23,HP:0001288,CHEMBL.COMPOUND:CHEMBL417457,predicate:42,CHEBI:145225,0.0
model_10.pt,MONDO:0011122,predicate:18,CHEBI:132752,CHEMBL.COMPOUND:CHEMBL417457,predicate:42,CHEBI:145225,0.0
model_10.pt,PUBCHEM.COMPOUND:10314049,predicate:13,CHEBI:18086,CHEMBL.COMPOUND:CHEMBL417457,predicate:42,CHEBI:145225,0.0
model_10.pt,CHEBI:144357,predicate:20,HP:0002857,CHEMBL.COMPOUND:CHEMBL417457,predicate:42,CHEBI:145225,0.0
model_10.pt,CHEBI:16207,predicate:15,CHEBI:129768,CHEMBL.COMPOUND:CHEMBL417457,predicate:42,CHEBI:145225,0.0
model_10.pt,CHEBI:139081,predicate:20,HP:0010864,CHEMBL.COMPOUND:CHEMBL417457,predicate:42,CHEBI:145225,0.0
model_10.pt,PUBCHEM.COMPOUND:5702107,predicate:3,CHEBI:109116,CHEMBL.COMPOUND:CHEMBL417457,predicate:42,CHEBI:145225,0.0
model_10.pt,CHEBI:71289,predicate:17,CHEBI:180867,CHEMBL.COMPOUND:CHEMBL417457,predicate:42,CHEBI:145225,0.0
model_10.pt,PUBCHEM.COMPOUND:9834864,predicate:21,CHEBI:113373,CHEMBL.COMPOUND:CHEMBL417457,predicate:42,CHEBI:145225,0.0
model_10.pt,PUBCHEM.COMPOUND:44431492,predicate:18,CHEBI:121826,CHEMBL.COMPOUND:CHEMBL417457,predicate:42,CHEBI:145225,0.0
model_10.pt,PUBCHEM.COMPOUND:10432760,predicate:25,CHEBI:166658,CHEMBL.COMPOUND:CHEMBL417457,predicate:42,CHEBI:145225,0.0
model_10.pt,PUBCHEM.COMPOUND:25015107,predicate:0,CHEBI:127989,CHEMBL.COMPOUND:CHEMBL417457,predicate:42,CHEBI:145225,0.0
model_10.pt,PUBCHEM.COMPOUND:131757266,predicate:13,MONDO:0006749,CHEMBL.COMPOUND:CHEMBL417457,predicate:42,CHEBI:145225,0.0
model_10.pt,CHEBI:72619,predicate:1,CHEBI:196198,CHEMBL.COMPOUND:CHEMBL417457,predicate:42,CHEBI:145225,0.0
model_10.pt,CHEBI:71600,predicate:1,HMDB:HMDB0009929,CHEMBL.COMPOUND:CHEMBL417457,predicate:42,CHEBI:145225,0.0
model_10.pt,CHEBI:184579,predicate:11,CHEBI:144250,CHEMBL.COMPOUND:CHEMBL417457,predicate:42,CHEBI:145225,0.0
model_10.pt,CHEBI:88497,predicate:1,CHEBI:144822,CHEMBL.COMPOUND:CHEMBL417457,predicate:42,CHEBI:145225,0.0
model_10.pt,CHEBI:15040,predicate:16,MONDO:0013171,CHEMBL.COMPOUND:CHEMBL417457,predicate:42,CHEBI:145225,0.0
model_10.pt,MONDO:0005272,predicate:1,CHEBI:18262,CHEMBL.COMPOUND:CHEMBL417457,predicate:42,CHEBI:145225,0.0
model_10.pt,CHEBI:126004,predicate:17,CHEBI:175375,CHEMBL.COMPOUND:CHEMBL417457,predicate:42,CHEBI:145225,0.0
model_10.pt,MONDO:0035764,predicate:1,HMDB:HMDB0083268,CHEMBL.COMPOUND:CHEMBL417457,predicate:42,CHEBI:145225,0.0
model_10.pt,PUBCHEM.COMPOUND:155512592,predicate:0,CHEBI:103843,CHEMBL.COMPOUND:CHEMBL417457,predicate:42,CHEBI:145225,0.0
model_10.pt,CHEBI:15490,predicate:15,CHEBI:170609,CHEMBL.COMPOUND:CHEMBL417457,predicate:42,CHEBI:145225,0.0
model_10.pt,CHEBI:138520,predicate:28,CHEBI:171141,CHEMBL.COMPOUND:CHEMBL417457,predicate:42,CHEBI:145225,0.0
model_10.pt,CHEBI:131557,predicate:1,CHEBI:73731,CHEMBL.COMPOUND:CHEMBL417457,predicate:42,CHEBI:145225,0.0
model_10.pt,CHEBI:134948,predicate:22,MONDO:0000831,CHEMBL.COMPOUND:CHEMBL417457,predicate:42,CHEBI:145225,0.0
model_10.pt,PUBCHEM.COMPOUND:10578760,predicate:0,CHEBI:92697,CHEMBL.COMPOUND:CHEMBL417457,predicate:42,CHEBI:145225,0.0
model_10.pt,HMDB:HMDB0076696,predicate:17,CHEBI:170784,CHEMBL.COMPOUND:CHEMBL417457,predicate:42,CHEBI:145225,0.0
model_10.pt,MONDO:0859265,predicate:3,CHEBI:176304,CHEMBL.COMPOUND:CHEMBL417457,predicate:42,CHEBI:145225,0.0
model_10.pt,CHEBI:113553,predicate:1,HMDB:HMDB0077232,CHEMBL.COMPOUND:CHEMBL417457,predicate:42,CHEBI:145225,0.0
model_10.pt,PUBCHEM.COMPOUND:137226420,predicate:0,CHEBI:109116,CHEMBL.COMPOUND:CHEMBL417457,predicate:42,CHEBI:145225,0.0
model_10.pt,MONDO:0010691,predicate:20,HP:0007957,CHEMBL.COMPOUND:CHEMBL417457,predicate:42,CHEBI:145225,0.0
model_10.pt,CHEMBL.COMPOUND:CHEMBL536308,predicate:1,CHEBI:163814,CHEMBL.COMPOUND:CHEMBL417457,predicate:42,CHEBI:145225,0.0
model_10.pt,CHEBI:83370,predicate:16,CHEBI:72635,CHEMBL.COMPOUND:CHEMBL417457,predicate:42,CHEBI:145225,0.0
model_10.pt,PUBCHEM.COMPOUND:122196132,predicate:0,CHEBI:172159,CHEMBL.COMPOUND:CHEMBL417457,predicate:42,CHEBI:145225,0.0
model_10.pt,MONDO:0011730,predicate:1,CHEMBL.COMPOUND:CHEMBL54465,CHEMBL.COMPOUND:CHEMBL417457,predicate:42,CHEBI:145225,0.0
model_10.pt,MONDO:0011840,predicate:1,CHEBI:139280,CHEMBL.COMPOUND:CHEMBL417457,predicate:42,CHEBI:145225,0.0
model_10.pt,CHEBI:17482,predicate:23,MONDO:0001382,CHEMBL.COMPOUND:CHEMBL417457,predicate:42,CHEBI:145225,0.0
model_10.pt,PUBCHEM.COMPOUND:25263321,predicate:11,PUBCHEM.COMPOUND:3003511,CHEMBL.COMPOUND:CHEMBL417457,predicate:42,CHEBI:145225,0.0
model_10.pt,PUBCHEM.COMPOUND:10216381,predicate:11,PUBCHEM.COMPOUND:10431492,CHEMBL.COMPOUND:CHEMBL417457,predicate:42,CHEBI:145225,0.0
model_10.pt,NCBIGene:820781,predicate:12,PUBCHEM.COMPOUND:131761197,CHEMBL.COMPOUND:CHEMBL417457,predicate:42,CHEBI:145225,0.0
model_10.pt,CHEBI:51068,predicate:17,HMDB:HMDB0009399,CHEMBL.COMPOUND:CHEMBL417457,predicate:42,CHEBI:145225,0.0
model_10.pt,CHEBI:9330,predicate:22,MONDO:0005011,CHEMBL.COMPOUND:CHEMBL417457,predicate:42,CHEBI:145225,0.0
model_10.pt,PUBCHEM.COMPOUND:10048208,predicate:26,CHEMBL.COMPOUND:CHEMBL151630,CHEMBL.COMPOUND:CHEMBL417457,predicate:42,CHEBI:145225,0.0
model_10.pt,PUBCHEM.COMPOUND:44176335,predicate:0,CHEBI:105317,CHEMBL.COMPOUND:CHEMBL417457,predicate:42,CHEBI:145225,0.0
model_10.pt,PUBCHEM.COMPOUND:49864838,predicate:18,CHEBI:109533,CHEMBL.COMPOUND:CHEMBL417457,predicate:42,CHEBI:145225,0.0
model_10.pt,CHEBI:185985,predicate:16,CHEBI:70967,CHEMBL.COMPOUND:CHEMBL417457,predicate:42,CHEBI:145225,0.0
model_10.pt,CHEMBL.COMPOUND:CHEMBL4798272,predicate:15,CHEBI:167641,CHEMBL.COMPOUND:CHEMBL417457,predicate:42,CHEBI:145225,0.0
model_10.pt,PUBCHEM.COMPOUND:126739109,predicate:11,MONDO:0006996,CHEMBL.COMPOUND:CHEMBL417457,predicate:42,CHEBI:145225,0.0
model_10.pt,MONDO:0012176,predicate:20,HP:0003028,CHEBI:40751,predicate:19,UMLS:C0233472,0.0
model_10.pt,CHEBI:16959,predicate:17,CHEBI:172284,CHEBI:40751,predicate:19,UMLS:C0233472,0.0
model_10.pt,PUBCHEM.COMPOUND:68020555,predicate:0,PUBCHEM.COMPOUND:44459583,CHEBI:40751,predicate:19,UMLS:C0233472,0.0
model_10.pt,PUBCHEM.COMPOUND:137636752,predicate:0,CHEBI:134753,CHEBI:40751,predicate:19,UMLS:C0233472,0.0
model_10.pt,PUBCHEM.COMPOUND:124221273,predicate:23,MONDO:0015691,CHEBI:40751,predicate:19,UMLS:C0233472,0.0
model_10.pt,PUBCHEM.COMPOUND:130200977,predicate:18,CHEBI:144991,CHEBI:40751,predicate:19,UMLS:C0233472,0.0
model_10.pt,MONDO:0005044,predicate:11,MONDO:0056796,CHEBI:40751,predicate:19,UMLS:C0233472,0.0
model_10.pt,CHEBI:16592,predicate:41,CHEBI:114693,CHEBI:40751,predicate:19,UMLS:C0233472,0.0
model_10.pt,CHEBI:166772,predicate:15,CHEBI:175537,CHEBI:40751,predicate:19,UMLS:C0233472,0.0
model_10.pt,DRUGBANK:DB11158,predicate:2,MONDO:0005147,CHEBI:40751,predicate:19,UMLS:C0233472,0.0
model_10.pt,CHEBI:145008,predicate:2,MONDO:0001076,CHEBI:40751,predicate:19,UMLS:C0233472,0.0
model_10.pt,CHEBI:172333,predicate:11,CHEBI:84017,CHEBI:40751,predicate:19,UMLS:C0233472,0.0
model_10.pt,CHEBI:188563,predicate:12,PUBCHEM.COMPOUND:52924335,CHEBI:40751,predicate:19,UMLS:C0233472,0.0
model_10.pt,CHEBI:190239,predicate:11,HMDB:HMDB0072989,CHEBI:40751,predicate:19,UMLS:C0233472,0.0
model_10.pt,CHEBI:135278,predicate:22,MONDO:0005559,CHEBI:40751,predicate:19,UMLS:C0233472,0.0
model_10.pt,CHEBI:47040,predicate:15,CHEBI:146256,CHEBI:40751,predicate:19,UMLS:C0233472,0.0
model_10.pt,CHEMBL.COMPOUND:CHEMBL4747062,predicate:0,CHEBI:71479,CHEBI:40751,predicate:19,UMLS:C0233472,0.0
model_10.pt,CHEBI:42371,predicate:17,CHEBI:135736,CHEBI:40751,predicate:19,UMLS:C0233472,0.0
model_10.pt,CHEBI:143114,predicate:1,CHEBI:125432,CHEBI:40751,predicate:19,UMLS:C0233472,0.0
model_10.pt,CHEBI:185767,predicate:1,CHEBI:16264,CHEBI:40751,predicate:19,UMLS:C0233472,0.0
model_10.pt,CHEBI:109317,predicate:14,CHEBI:170587,CHEBI:40751,predicate:19,UMLS:C0233472,0.0
model_10.pt,CHEMBL.COMPOUND:CHEMBL4877928,predicate:1,PUBCHEM.COMPOUND:130363355,CHEBI:40751,predicate:19,UMLS:C0233472,0.0
model_10.pt,CHEBI:136073,predicate:10,MONDO:0007263,CHEBI:40751,predicate:19,UMLS:C0233472,0.0
model_10.pt,PUBCHEM.COMPOUND:131762323,predicate:13,CHEBI:149534,CHEBI:40751,predicate:19,UMLS:C0233472,0.0
model_10.pt,PUBCHEM.COMPOUND:54325967,predicate:0,CHEBI:149800,CHEBI:40751,predicate:19,UMLS:C0233472,0.0
model_10.pt,HP:0000021,predicate:0,CHEBI:167578,CHEBI:40751,predicate:19,UMLS:C0233472,0.0
model_10.pt,CHEMBL.COMPOUND:CHEMBL4782467,predicate:15,CHEBI:134948,CHEBI:40751,predicate:19,UMLS:C0233472,0.0
model_10.pt,NCBIGene:23163,predicate:18,NCBIGene:100528017,CHEBI:40751,predicate:19,UMLS:C0233472,0.0
model_10.pt,CHEBI:142271,predicate:1,CHEBI:192396,CHEBI:40751,predicate:19,UMLS:C0233472,0.0
model_10.pt,CHEBI:146285,predicate:12,PUBCHEM.COMPOUND:53478731,CHEBI:40751,predicate:19,UMLS:C0233472,0.0
model_10.pt,CHEBI:136073,predicate:15,CHEBI:125586,CHEBI:40751,predicate:19,UMLS:C0233472,0.0
model_10.pt,CHEMBL.COMPOUND:CHEMBL596806,predicate:20,HP:0000253,CHEBI:40751,predicate:19,UMLS:C0233472,0.0
model_10.pt,NCBIGene:838170,predicate:13,CHEBI:75099,CHEBI:40751,predicate:19,UMLS:C0233472,0.0
model_10.pt,PUBCHEM.COMPOUND:117859783,predicate:11,PUBCHEM.COMPOUND:10525997,CHEBI:40751,predicate:19,UMLS:C0233472,0.0
model_10.pt,PUBCHEM.COMPOUND:127036977,predicate:0,CHEBI:103739,CHEBI:40751,predicate:19,UMLS:C0233472,0.0
model_10.pt,PUBCHEM.COMPOUND:44433263,predicate:0,CHEBI:119893,CHEBI:40751,predicate:19,UMLS:C0233472,0.0
model_10.pt,CHEBI:3914,predicate:15,CHEBI:190153,CHEBI:40751,predicate:19,UMLS:C0233472,0.0
model_10.pt,PUBCHEM.COMPOUND:44314087,predicate:0,CHEBI:140407,CHEBI:40751,predicate:19,UMLS:C0233472,0.0
model_10.pt,PUBCHEM.COMPOUND:25093440,predicate:0,CHEBI:113553,CHEBI:40751,predicate:19,UMLS:C0233472,0.0
model_10.pt,CHEBI:65179,predicate:11,PUBCHEM.COMPOUND:11274029,CHEBI:40751,predicate:19,UMLS:C0233472,0.0
model_10.pt,CHEBI:71580,predicate:22,MONDO:0005068,CHEBI:40751,predicate:19,UMLS:C0233472,0.0
model_10.pt,CHEBI:190006,predicate:14,PUBCHEM.COMPOUND:118471641,CHEBI:40751,predicate:19,UMLS:C0233472,0.0
model_10.pt,PUBCHEM.COMPOUND:59268935,predicate:0,CHEBI:113373,CHEBI:40751,predicate:19,UMLS:C0233472,0.0
model_10.pt,CHEBI:157642,predicate:1,PUBCHEM.COMPOUND:130345144,CHEBI:40751,predicate:19,UMLS:C0233472,0.0
model_10.pt,PUBCHEM.COMPOUND:57395067,predicate:0,CHEBI:167320,CHEBI:40751,predicate:19,UMLS:C0233472,0.0
model_10.pt,PUBCHEM.COMPOUND:2744597,predicate:11,PUBCHEM.COMPOUND:2930224,CHEBI:40751,predicate:19,UMLS:C0233472,0.0
model_10.pt,CHEBI:137225,predicate:17,CHEBI:131804,CHEBI:40751,predicate:19,UMLS:C0233472,0.0
model_10.pt,CHEBI:111166,predicate:1,CHEBI:93303,CHEBI:40751,predicate:19,UMLS:C0233472,0.0
model_10.pt,MONDO:0013171,predicate:20,MONDO:0001071,CHEBI:40751,predicate:19,UMLS:C0233472,0.0
model_10.pt,CHEBI:143170,predicate:1,CHEBI:166778,CHEBI:40751,predicate:19,UMLS:C0233472,0.0
model_10.pt,CHEBI:51561,predicate:2,HP:0001945,CHEBI:40751,predicate:19,UMLS:C0233472,0.0
model_10.pt,UNII:5M691HL4BO,predicate:23,HP:0001288,CHEBI:40751,predicate:19,UMLS:C0233472,0.0
model_10.pt,MONDO:0011122,predicate:18,CHEBI:132752,CHEBI:40751,predicate:19,UMLS:C0233472,0.0
model_10.pt,PUBCHEM.COMPOUND:10314049,predicate:13,CHEBI:18086,CHEBI:40751,predicate:19,UMLS:C0233472,0.0
model_10.pt,CHEBI:144357,predicate:20,HP:0002857,CHEBI:40751,predicate:19,UMLS:C0233472,0.0
model_10.pt,CHEBI:16207,predicate:15,CHEBI:129768,CHEBI:40751,predicate:19,UMLS:C0233472,0.0
model_10.pt,CHEBI:139081,predicate:20,HP:0010864,CHEBI:40751,predicate:19,UMLS:C0233472,0.0
model_10.pt,PUBCHEM.COMPOUND:5702107,predicate:3,CHEBI:109116,CHEBI:40751,predicate:19,UMLS:C0233472,0.0
model_10.pt,CHEBI:71289,predicate:17,CHEBI:180867,CHEBI:40751,predicate:19,UMLS:C0233472,0.0
model_10.pt,PUBCHEM.COMPOUND:9834864,predicate:21,CHEBI:113373,CHEBI:40751,predicate:19,UMLS:C0233472,0.0
model_10.pt,PUBCHEM.COMPOUND:44431492,predicate:18,CHEBI:121826,CHEBI:40751,predicate:19,UMLS:C0233472,0.0
model_10.pt,PUBCHEM.COMPOUND:10432760,predicate:25,CHEBI:166658,CHEBI:40751,predicate:19,UMLS:C0233472,0.0
model_10.pt,PUBCHEM.COMPOUND:25015107,predicate:0,CHEBI:127989,CHEBI:40751,predicate:19,UMLS:C0233472,0.0
model_10.pt,PUBCHEM.COMPOUND:131757266,predicate:13,MONDO:0006749,CHEBI:40751,predicate:19,UMLS:C0233472,0.0
model_10.pt,CHEBI:72619,predicate:1,CHEBI:196198,CHEBI:40751,predicate:19,UMLS:C0233472,0.0
model_10.pt,CHEBI:71600,predicate:1,HMDB:HMDB0009929,CHEBI:40751,predicate:19,UMLS:C0233472,0.0
model_10.pt,CHEBI:184579,predicate:11,CHEBI:144250,CHEBI:40751,predicate:19,UMLS:C0233472,0.0
model_10.pt,CHEBI:88497,predicate:1,CHEBI:144822,CHEBI:40751,predicate:19,UMLS:C0233472,0.0
model_10.pt,CHEBI:15040,predicate:16,MONDO:0013171,CHEBI:40751,predicate:19,UMLS:C0233472,0.0
model_10.pt,MONDO:0005272,predicate:1,CHEBI:18262,CHEBI:40751,predicate:19,UMLS:C0233472,0.0
model_10.pt,CHEBI:126004,predicate:17,CHEBI:175375,CHEBI:40751,predicate:19,UMLS:C0233472,0.0
model_10.pt,MONDO:0035764,predicate:1,HMDB:HMDB0083268,CHEBI:40751,predicate:19,UMLS:C0233472,0.0
model_10.pt,PUBCHEM.COMPOUND:155512592,predicate:0,CHEBI:103843,CHEBI:40751,predicate:19,UMLS:C0233472,0.0
model_10.pt,CHEBI:15490,predicate:15,CHEBI:170609,CHEBI:40751,predicate:19,UMLS:C0233472,0.0
model_10.pt,CHEBI:138520,predicate:28,CHEBI:171141,CHEBI:40751,predicate:19,UMLS:C0233472,0.0
model_10.pt,CHEBI:131557,predicate:1,CHEBI:73731,CHEBI:40751,predicate:19,UMLS:C0233472,0.0
model_10.pt,CHEBI:134948,predicate:22,MONDO:0000831,CHEBI:40751,predicate:19,UMLS:C0233472,0.0
model_10.pt,PUBCHEM.COMPOUND:10578760,predicate:0,CHEBI:92697,CHEBI:40751,predicate:19,UMLS:C0233472,0.0
model_10.pt,HMDB:HMDB0076696,predicate:17,CHEBI:170784,CHEBI:40751,predicate:19,UMLS:C0233472,0.0
model_10.pt,MONDO:0859265,predicate:3,CHEBI:176304,CHEBI:40751,predicate:19,UMLS:C0233472,0.0
model_10.pt,CHEBI:113553,predicate:1,HMDB:HMDB0077232,CHEBI:40751,predicate:19,UMLS:C0233472,0.0
model_10.pt,PUBCHEM.COMPOUND:137226420,predicate:0,CHEBI:109116,CHEBI:40751,predicate:19,UMLS:C0233472,0.0
model_10.pt,MONDO:0010691,predicate:20,HP:0007957,CHEBI:40751,predicate:19,UMLS:C0233472,0.0
model_10.pt,CHEMBL.COMPOUND:CHEMBL536308,predicate:1,CHEBI:163814,CHEBI:40751,predicate:19,UMLS:C0233472,0.0
model_10.pt,CHEBI:83370,predicate:16,CHEBI:72635,CHEBI:40751,predicate:19,UMLS:C0233472,0.0
model_10.pt,PUBCHEM.COMPOUND:122196132,predicate:0,CHEBI:172159,CHEBI:40751,predicate:19,UMLS:C0233472,0.0
model_10.pt,MONDO:0011730,predicate:1,CHEMBL.COMPOUND:CHEMBL54465,CHEBI:40751,predicate:19,UMLS:C0233472,0.0
model_10.pt,MONDO:0011840,predicate:1,CHEBI:139280,CHEBI:40751,predicate:19,UMLS:C0233472,0.0
model_10.pt,CHEBI:17482,predicate:23,MONDO:0001382,CHEBI:40751,predicate:19,UMLS:C0233472,0.0
model_10.pt,PUBCHEM.COMPOUND:25263321,predicate:11,PUBCHEM.COMPOUND:3003511,CHEBI:40751,predicate:19,UMLS:C0233472,0.0
model_10.pt,PUBCHEM.COMPOUND:10216381,predicate:11,PUBCHEM.COMPOUND:10431492,CHEBI:40751,predicate:19,UMLS:C0233472,0.0
model_10.pt,NCBIGene:820781,predicate:12,PUBCHEM.COMPOUND:131761197,CHEBI:40751,predicate:19,UMLS:C0233472,0.0
model_10.pt,CHEBI:51068,predicate:17,HMDB:HMDB0009399,CHEBI:40751,predicate:19,UMLS:C0233472,0.0
model_10.pt,CHEBI:9330,predicate:22,MONDO:0005011,CHEBI:40751,predicate:19,UMLS:C0233472,0.0
model_10.pt,PUBCHEM.COMPOUND:10048208,predicate:26,CHEMBL.COMPOUND:CHEMBL151630,CHEBI:40751,predicate:19,UMLS:C0233472,0.0
model_10.pt,PUBCHEM.COMPOUND:44176335,predicate:0,CHEBI:105317,CHEBI:40751,predicate:19,UMLS:C0233472,0.0
model_10.pt,PUBCHEM.COMPOUND:49864838,predicate:18,CHEBI:109533,CHEBI:40751,predicate:19,UMLS:C0233472,0.0
model_10.pt,CHEBI:185985,predicate:16,CHEBI:70967,CHEBI:40751,predicate:19,UMLS:C0233472,0.0
model_10.pt,CHEMBL.COMPOUND:CHEMBL4798272,predicate:15,CHEBI:167641,CHEBI:40751,predicate:19,UMLS:C0233472,0.0
model_10.pt,PUBCHEM.COMPOUND:126739109,predicate:11,MONDO:0006996,CHEBI:40751,predicate:19,UMLS:C0233472,0.0
model_2.pt,MONDO:0012176,predicate:20,HP:0003028,CHEMBL.COMPOUND:CHEMBL558259,predicate:1,HMDB:HMDB0081634,0.0
model_2.pt,CHEBI:16959,predicate:17,CHEBI:172284,CHEMBL.COMPOUND:CHEMBL558259,predicate:1,HMDB:HMDB0081634,0.0
model_2.pt,PUBCHEM.COMPOUND:68020555,predicate:0,PUBCHEM.COMPOUND:44459583,CHEMBL.COMPOUND:CHEMBL558259,predicate:1,HMDB:HMDB0081634,0.0
model_2.pt,PUBCHEM.COMPOUND:137636752,predicate:0,CHEBI:134753,CHEMBL.COMPOUND:CHEMBL558259,predicate:1,HMDB:HMDB0081634,0.0
model_2.pt,PUBCHEM.COMPOUND:124221273,predicate:23,MONDO:0015691,CHEMBL.COMPOUND:CHEMBL558259,predicate:1,HMDB:HMDB0081634,0.0
model_2.pt,PUBCHEM.COMPOUND:130200977,predicate:18,CHEBI:144991,CHEMBL.COMPOUND:CHEMBL558259,predicate:1,HMDB:HMDB0081634,0.0
model_2.pt,MONDO:0005044,predicate:11,MONDO:0056796,CHEMBL.COMPOUND:CHEMBL558259,predicate:1,HMDB:HMDB0081634,0.0
model_2.pt,CHEBI:16592,predicate:41,CHEBI:114693,CHEMBL.COMPOUND:CHEMBL558259,predicate:1,HMDB:HMDB0081634,0.0
model_2.pt,CHEBI:166772,predicate:15,CHEBI:175537,CHEMBL.COMPOUND:CHEMBL558259,predicate:1,HMDB:HMDB0081634,0.0
model_2.pt,DRUGBANK:DB11158,predicate:2,MONDO:0005147,CHEMBL.COMPOUND:CHEMBL558259,predicate:1,HMDB:HMDB0081634,0.0
model_2.pt,CHEBI:145008,predicate:2,MONDO:0001076,CHEMBL.COMPOUND:CHEMBL558259,predicate:1,HMDB:HMDB0081634,0.0
model_2.pt,CHEBI:172333,predicate:11,CHEBI:84017,CHEMBL.COMPOUND:CHEMBL558259,predicate:1,HMDB:HMDB0081634,0.0
model_2.pt,CHEBI:188563,predicate:12,PUBCHEM.COMPOUND:52924335,CHEMBL.COMPOUND:CHEMBL558259,predicate:1,HMDB:HMDB0081634,0.0
model_2.pt,CHEBI:190239,predicate:11,HMDB:HMDB0072989,CHEMBL.COMPOUND:CHEMBL558259,predicate:1,HMDB:HMDB0081634,0.0
model_2.pt,CHEBI:135278,predicate:22,MONDO:0005559,CHEMBL.COMPOUND:CHEMBL558259,predicate:1,HMDB:HMDB0081634,0.0
model_2.pt,CHEBI:47040,predicate:15,CHEBI:146256,CHEMBL.COMPOUND:CHEMBL558259,predicate:1,HMDB:HMDB0081634,0.0
model_2.pt,CHEMBL.COMPOUND:CHEMBL4747062,predicate:0,CHEBI:71479,CHEMBL.COMPOUND:CHEMBL558259,predicate:1,HMDB:HMDB0081634,0.0
model_2.pt,CHEBI:42371,predicate:17,CHEBI:135736,CHEMBL.COMPOUND:CHEMBL558259,predicate:1,HMDB:HMDB0081634,0.0
model_2.pt,CHEBI:143114,predicate:1,CHEBI:125432,CHEMBL.COMPOUND:CHEMBL558259,predicate:1,HMDB:HMDB0081634,31.82592010498047
model_2.pt,CHEBI:185767,predicate:1,CHEBI:16264,CHEMBL.COMPOUND:CHEMBL558259,predicate:1,HMDB:HMDB0081634,15.153158187866213
model_2.pt,CHEBI:109317,predicate:14,CHEBI:170587,CHEMBL.COMPOUND:CHEMBL558259,predicate:1,HMDB:HMDB0081634,0.0
model_2.pt,CHEMBL.COMPOUND:CHEMBL4877928,predicate:1,PUBCHEM.COMPOUND:130363355,CHEMBL.COMPOUND:CHEMBL558259,predicate:1,HMDB:HMDB0081634,6.593278884887695
model_2.pt,CHEBI:136073,predicate:10,MONDO:0007263,CHEMBL.COMPOUND:CHEMBL558259,predicate:1,HMDB:HMDB0081634,0.0
model_2.pt,PUBCHEM.COMPOUND:131762323,predicate:13,CHEBI:149534,CHEMBL.COMPOUND:CHEMBL558259,predicate:1,HMDB:HMDB0081634,0.0
model_2.pt,PUBCHEM.COMPOUND:54325967,predicate:0,CHEBI:149800,CHEMBL.COMPOUND:CHEMBL558259,predicate:1,HMDB:HMDB0081634,0.0
model_2.pt,HP:0000021,predicate:0,CHEBI:167578,CHEMBL.COMPOUND:CHEMBL558259,predicate:1,HMDB:HMDB0081634,0.0
model_2.pt,CHEMBL.COMPOUND:CHEMBL4782467,predicate:15,CHEBI:134948,CHEMBL.COMPOUND:CHEMBL558259,predicate:1,HMDB:HMDB0081634,0.0
model_2.pt,NCBIGene:23163,predicate:18,NCBIGene:100528017,CHEMBL.COMPOUND:CHEMBL558259,predicate:1,HMDB:HMDB0081634,0.0
model_2.pt,CHEBI:142271,predicate:1,CHEBI:192396,CHEMBL.COMPOUND:CHEMBL558259,predicate:1,HMDB:HMDB0081634,10.768756866455078
model_2.pt,CHEBI:146285,predicate:12,PUBCHEM.COMPOUND:53478731,CHEMBL.COMPOUND:CHEMBL558259,predicate:1,HMDB:HMDB0081634,0.0
model_2.pt,CHEBI:136073,predicate:15,CHEBI:125586,CHEMBL.COMPOUND:CHEMBL558259,predicate:1,HMDB:HMDB0081634,0.0
model_2.pt,CHEMBL.COMPOUND:CHEMBL596806,predicate:20,HP:0000253,CHEMBL.COMPOUND:CHEMBL558259,predicate:1,HMDB:HMDB0081634,0.0
model_2.pt,NCBIGene:838170,predicate:13,CHEBI:75099,CHEMBL.COMPOUND:CHEMBL558259,predicate:1,HMDB:HMDB0081634,0.0
model_2.pt,PUBCHEM.COMPOUND:117859783,predicate:11,PUBCHEM.COMPOUND:10525997,CHEMBL.COMPOUND:CHEMBL558259,predicate:1,HMDB:HMDB0081634,0.0
model_2.pt,PUBCHEM.COMPOUND:127036977,predicate:0,CHEBI:103739,CHEMBL.COMPOUND:CHEMBL558259,predicate:1,HMDB:HMDB0081634,0.0
model_2.pt,PUBCHEM.COMPOUND:44433263,predicate:0,CHEBI:119893,CHEMBL.COMPOUND:CHEMBL558259,predicate:1,HMDB:HMDB0081634,0.0
model_2.pt,CHEBI:3914,predicate:15,CHEBI:190153,CHEMBL.COMPOUND:CHEMBL558259,predicate:1,HMDB:HMDB0081634,0.0
model_2.pt,PUBCHEM.COMPOUND:44314087,predicate:0,CHEBI:140407,CHEMBL.COMPOUND:CHEMBL558259,predicate:1,HMDB:HMDB0081634,0.0
model_2.pt,PUBCHEM.COMPOUND:25093440,predicate:0,CHEBI:113553,CHEMBL.COMPOUND:CHEMBL558259,predicate:1,HMDB:HMDB0081634,0.0
model_2.pt,CHEBI:65179,predicate:11,PUBCHEM.COMPOUND:11274029,CHEMBL.COMPOUND:CHEMBL558259,predicate:1,HMDB:HMDB0081634,0.0
model_2.pt,CHEBI:71580,predicate:22,MONDO:0005068,CHEMBL.COMPOUND:CHEMBL558259,predicate:1,HMDB:HMDB0081634,0.0
model_2.pt,CHEBI:190006,predicate:14,PUBCHEM.COMPOUND:118471641,CHEMBL.COMPOUND:CHEMBL558259,predicate:1,HMDB:HMDB0081634,0.0
model_2.pt,PUBCHEM.COMPOUND:59268935,predicate:0,CHEBI:113373,CHEMBL.COMPOUND:CHEMBL558259,predicate:1,HMDB:HMDB0081634,0.0
model_2.pt,CHEBI:157642,predicate:1,PUBCHEM.COMPOUND:130345144,CHEMBL.COMPOUND:CHEMBL558259,predicate:1,HMDB:HMDB0081634,48.38938903808594
model_2.pt,PUBCHEM.COMPOUND:57395067,predicate:0,CHEBI:167320,CHEMBL.COMPOUND:CHEMBL558259,predicate:1,HMDB:HMDB0081634,0.0
model_2.pt,PUBCHEM.COMPOUND:2744597,predicate:11,PUBCHEM.COMPOUND:2930224,CHEMBL.COMPOUND:CHEMBL558259,predicate:1,HMDB:HMDB0081634,0.0
model_2.pt,CHEBI:137225,predicate:17,CHEBI:131804,CHEMBL.COMPOUND:CHEMBL558259,predicate:1,HMDB:HMDB0081634,0.0
model_2.pt,CHEBI:111166,predicate:1,CHEBI:93303,CHEMBL.COMPOUND:CHEMBL558259,predicate:1,HMDB:HMDB0081634,32.12797546386719
model_2.pt,MONDO:0013171,predicate:20,MONDO:0001071,CHEMBL.COMPOUND:CHEMBL558259,predicate:1,HMDB:HMDB0081634,0.0
model_2.pt,CHEBI:143170,predicate:1,CHEBI:166778,CHEMBL.COMPOUND:CHEMBL558259,predicate:1,HMDB:HMDB0081634,-60.88343048095703
model_2.pt,CHEBI:51561,predicate:2,HP:0001945,CHEMBL.COMPOUND:CHEMBL558259,predicate:1,HMDB:HMDB0081634,0.0
model_2.pt,UNII:5M691HL4BO,predicate:23,HP:0001288,CHEMBL.COMPOUND:CHEMBL558259,predicate:1,HMDB:HMDB0081634,0.0
model_2.pt,MONDO:0011122,predicate:18,CHEBI:132752,CHEMBL.COMPOUND:CHEMBL558259,predicate:1,HMDB:HMDB0081634,0.0
model_2.pt,PUBCHEM.COMPOUND:10314049,predicate:13,CHEBI:18086,CHEMBL.COMPOUND:CHEMBL558259,predicate:1,HMDB:HMDB0081634,0.0
model_2.pt,CHEBI:144357,predicate:20,HP:0002857,CHEMBL.COMPOUND:CHEMBL558259,predicate:1,HMDB:HMDB0081634,0.0
model_2.pt,CHEBI:16207,predicate:15,CHEBI:129768,CHEMBL.COMPOUND:CHEMBL558259,predicate:1,HMDB:HMDB0081634,0.0
model_2.pt,CHEBI:139081,predicate:20,HP:0010864,CHEMBL.COMPOUND:CHEMBL558259,predicate:1,HMDB:HMDB0081634,0.0
model_2.pt,PUBCHEM.COMPOUND:5702107,predicate:3,CHEBI:109116,CHEMBL.COMPOUND:CHEMBL558259,predicate:1,HMDB:HMDB0081634,0.0
model_2.pt,CHEBI:71289,predicate:17,CHEBI:180867,CHEMBL.COMPOUND:CHEMBL558259,predicate:1,HMDB:HMDB0081634,0.0
model_2.pt,PUBCHEM.COMPOUND:9834864,predicate:21,CHEBI:113373,CHEMBL.COMPOUND:CHEMBL558259,predicate:1,HMDB:HMDB0081634,0.0
model_2.pt,PUBCHEM.COMPOUND:44431492,predicate:18,CHEBI:121826,CHEMBL.COMPOUND:CHEMBL558259,predicate:1,HMDB:HMDB0081634,0.0
model_2.pt,PUBCHEM.COMPOUND:10432760,predicate:25,CHEBI:166658,CHEMBL.COMPOUND:CHEMBL558259,predicate:1,HMDB:HMDB0081634,0.0
model_2.pt,PUBCHEM.COMPOUND:25015107,predicate:0,CHEBI:127989,CHEMBL.COMPOUND:CHEMBL558259,predicate:1,HMDB:HMDB0081634,0.0
model_2.pt,PUBCHEM.COMPOUND:131757266,predicate:13,MONDO:0006749,CHEMBL.COMPOUND:CHEMBL558259,predicate:1,HMDB:HMDB0081634,0.0
model_2.pt,CHEBI:72619,predicate:1,CHEBI:196198,CHEMBL.COMPOUND:CHEMBL558259,predicate:1,HMDB:HMDB0081634,11.500166893005373
model_2.pt,CHEBI:71600,predicate:1,HMDB:HMDB0009929,CHEMBL.COMPOUND:CHEMBL558259,predicate:1,HMDB:HMDB0081634,19.465545654296875
model_2.pt,CHEBI:184579,predicate:11,CHEBI:144250,CHEMBL.COMPOUND:CHEMBL558259,predicate:1,HMDB:HMDB0081634,0.0
model_2.pt,CHEBI:88497,predicate:1,CHEBI:144822,CHEMBL.COMPOUND:CHEMBL558259,predicate:1,HMDB:HMDB0081634,-28.18676376342773
model_2.pt,CHEBI:15040,predicate:16,MONDO:0013171,CHEMBL.COMPOUND:CHEMBL558259,predicate:1,HMDB:HMDB0081634,0.0
model_2.pt,MONDO:0005272,predicate:1,CHEBI:18262,CHEMBL.COMPOUND:CHEMBL558259,predicate:1,HMDB:HMDB0081634,73.66529083251953
model_2.pt,CHEBI:126004,predicate:17,CHEBI:175375,CHEMBL.COMPOUND:CHEMBL558259,predicate:1,HMDB:HMDB0081634,0.0
model_2.pt,MONDO:0035764,predicate:1,HMDB:HMDB0083268,CHEMBL.COMPOUND:CHEMBL558259,predicate:1,HMDB:HMDB0081634,30.441404342651367
model_2.pt,PUBCHEM.COMPOUND:155512592,predicate:0,CHEBI:103843,CHEMBL.COMPOUND:CHEMBL558259,predicate:1,HMDB:HMDB0081634,0.0
model_2.pt,CHEBI:15490,predicate:15,CHEBI:170609,CHEMBL.COMPOUND:CHEMBL558259,predicate:1,HMDB:HMDB0081634,0.0
model_2.pt,CHEBI:138520,predicate:28,CHEBI:171141,CHEMBL.COMPOUND:CHEMBL558259,predicate:1,HMDB:HMDB0081634,0.0
model_2.pt,CHEBI:131557,predicate:1,CHEBI:73731,CHEMBL.COMPOUND:CHEMBL558259,predicate:1,HMDB:HMDB0081634,88.46876525878906
model_2.pt,CHEBI:134948,predicate:22,MONDO:0000831,CHEMBL.COMPOUND:CHEMBL558259,predicate:1,HMDB:HMDB0081634,0.0
model_2.pt,PUBCHEM.COMPOUND:10578760,predicate:0,CHEBI:92697,CHEMBL.COMPOUND:CHEMBL558259,predicate:1,HMDB:HMDB0081634,0.0
model_2.pt,HMDB:HMDB0076696,predicate:17,CHEBI:170784,CHEMBL.COMPOUND:CHEMBL558259,predicate:1,HMDB:HMDB0081634,0.0
model_2.pt,MONDO:0859265,predicate:3,CHEBI:176304,CHEMBL.COMPOUND:CHEMBL558259,predicate:1,HMDB:HMDB0081634,0.0
model_2.pt,CHEBI:113553,predicate:1,HMDB:HMDB0077232,CHEMBL.COMPOUND:CHEMBL558259,predicate:1,HMDB:HMDB0081634,22.624557495117188
model_2.pt,PUBCHEM.COMPOUND:137226420,predicate:0,CHEBI:109116,CHEMBL.COMPOUND:CHEMBL558259,predicate:1,HMDB:HMDB0081634,0.0
model_2.pt,MONDO:0010691,predicate:20,HP:0007957,CHEMBL.COMPOUND:CHEMBL558259,predicate:1,HMDB:HMDB0081634,0.0
model_2.pt,CHEMBL.COMPOUND:CHEMBL536308,predicate:1,CHEBI:163814,CHEMBL.COMPOUND:CHEMBL558259,predicate:1,HMDB:HMDB0081634,40.69206237792969
model_2.pt,CHEBI:83370,predicate:16,CHEBI:72635,CHEMBL.COMPOUND:CHEMBL558259,predicate:1,HMDB:HMDB0081634,0.0
model_2.pt,PUBCHEM.COMPOUND:122196132,predicate:0,CHEBI:172159,CHEMBL.COMPOUND:CHEMBL558259,predicate:1,HMDB:HMDB0081634,0.0
model_2.pt,MONDO:0011730,predicate:1,CHEMBL.COMPOUND:CHEMBL54465,CHEMBL.COMPOUND:CHEMBL558259,predicate:1,HMDB:HMDB0081634,-41.40298461914063
model_2.pt,MONDO:0011840,predicate:1,CHEBI:139280,CHEMBL.COMPOUND:CHEMBL558259,predicate:1,HMDB:HMDB0081634,54.55587387084961
model_2.pt,CHEBI:17482,predicate:23,MONDO:0001382,CHEMBL.COMPOUND:CHEMBL558259,predicate:1,HMDB:HMDB0081634,0.0
model_2.pt,PUBCHEM.COMPOUND:25263321,predicate:11,PUBCHEM.COMPOUND:3003511,CHEMBL.COMPOUND:CHEMBL558259,predicate:1,HMDB:HMDB0081634,0.0
model_2.pt,PUBCHEM.COMPOUND:10216381,predicate:11,PUBCHEM.COMPOUND:10431492,CHEMBL.COMPOUND:CHEMBL558259,predicate:1,HMDB:HMDB0081634,0.0
model_2.pt,NCBIGene:820781,predicate:12,PUBCHEM.COMPOUND:131761197,CHEMBL.COMPOUND:CHEMBL558259,predicate:1,HMDB:HMDB0081634,0.0
model_2.pt,CHEBI:51068,predicate:17,HMDB:HMDB0009399,CHEMBL.COMPOUND:CHEMBL558259,predicate:1,HMDB:HMDB0081634,0.0
model_2.pt,CHEBI:9330,predicate:22,MONDO:0005011,CHEMBL.COMPOUND:CHEMBL558259,predicate:1,HMDB:HMDB0081634,0.0
model_2.pt,PUBCHEM.COMPOUND:10048208,predicate:26,CHEMBL.COMPOUND:CHEMBL151630,CHEMBL.COMPOUND:CHEMBL558259,predicate:1,HMDB:HMDB0081634,0.0
model_2.pt,PUBCHEM.COMPOUND:44176335,predicate:0,CHEBI:105317,CHEMBL.COMPOUND:CHEMBL558259,predicate:1,HMDB:HMDB0081634,0.0
model_2.pt,PUBCHEM.COMPOUND:49864838,predicate:18,CHEBI:109533,CHEMBL.COMPOUND:CHEMBL558259,predicate:1,HMDB:HMDB0081634,0.0
model_2.pt,CHEBI:185985,predicate:16,CHEBI:70967,CHEMBL.COMPOUND:CHEMBL558259,predicate:1,HMDB:HMDB0081634,0.0
model_2.pt,CHEMBL.COMPOUND:CHEMBL4798272,predicate:15,CHEBI:167641,CHEMBL.COMPOUND:CHEMBL558259,predicate:1,HMDB:HMDB0081634,0.0
model_2.pt,PUBCHEM.COMPOUND:126739109,predicate:11,MONDO:0006996,CHEMBL.COMPOUND:CHEMBL558259,predicate:1,HMDB:HMDB0081634,0.0
model_2.pt,MONDO:0012176,predicate:20,HP:0003028,HP:0000153,predicate:11,MONDO:0008534,0.0
model_2.pt,CHEBI:16959,predicate:17,CHEBI:172284,HP:0000153,predicate:11,MONDO:0008534,0.0
model_2.pt,PUBCHEM.COMPOUND:68020555,predicate:0,PUBCHEM.COMPOUND:44459583,HP:0000153,predicate:11,MONDO:0008534,0.0
model_2.pt,PUBCHEM.COMPOUND:137636752,predicate:0,CHEBI:134753,HP:0000153,predicate:11,MONDO:0008534,0.0
model_2.pt,PUBCHEM.COMPOUND:124221273,predicate:23,MONDO:0015691,HP:0000153,predicate:11,MONDO:0008534,0.0
model_2.pt,PUBCHEM.COMPOUND:130200977,predicate:18,CHEBI:144991,HP:0000153,predicate:11,MONDO:0008534,0.0
model_2.pt,MONDO:0005044,predicate:11,MONDO:0056796,HP:0000153,predicate:11,MONDO:0008534,-27.9749698638916
model_2.pt,CHEBI:16592,predicate:41,CHEBI:114693,HP:0000153,predicate:11,MONDO:0008534,0.0
model_2.pt,CHEBI:166772,predicate:15,CHEBI:175537,HP:0000153,predicate:11,MONDO:0008534,0.0
model_2.pt,DRUGBANK:DB11158,predicate:2,MONDO:0005147,HP:0000153,predicate:11,MONDO:0008534,0.0
model_2.pt,CHEBI:145008,predicate:2,MONDO:0001076,HP:0000153,predicate:11,MONDO:0008534,0.0
model_2.pt,CHEBI:172333,predicate:11,CHEBI:84017,HP:0000153,predicate:11,MONDO:0008534,0.1305313110351562
model_2.pt,CHEBI:188563,predicate:12,PUBCHEM.COMPOUND:52924335,HP:0000153,predicate:11,MONDO:0008534,0.0
model_2.pt,CHEBI:190239,predicate:11,HMDB:HMDB0072989,HP:0000153,predicate:11,MONDO:0008534,-2.907012939453125
model_2.pt,CHEBI:135278,predicate:22,MONDO:0005559,HP:0000153,predicate:11,MONDO:0008534,0.0
model_2.pt,CHEBI:47040,predicate:15,CHEBI:146256,HP:0000153,predicate:11,MONDO:0008534,0.0
model_2.pt,CHEMBL.COMPOUND:CHEMBL4747062,predicate:0,CHEBI:71479,HP:0000153,predicate:11,MONDO:0008534,0.0
model_2.pt,CHEBI:42371,predicate:17,CHEBI:135736,HP:0000153,predicate:11,MONDO:0008534,0.0
model_2.pt,CHEBI:143114,predicate:1,CHEBI:125432,HP:0000153,predicate:11,MONDO:0008534,0.0
model_2.pt,CHEBI:185767,predicate:1,CHEBI:16264,HP:0000153,predicate:11,MONDO:0008534,0.0
model_2.pt,CHEBI:109317,predicate:14,CHEBI:170587,HP:0000153,predicate:11,MONDO:0008534,0.0
model_2.pt,CHEMBL.COMPOUND:CHEMBL4877928,predicate:1,PUBCHEM.COMPOUND:130363355,HP:0000153,predicate:11,MONDO:0008534,0.0
model_2.pt,CHEBI:136073,predicate:10,MONDO:0007263,HP:0000153,predicate:11,MONDO:0008534,0.0
model_2.pt,PUBCHEM.COMPOUND:131762323,predicate:13,CHEBI:149534,HP:0000153,predicate:11,MONDO:0008534,0.0
model_2.pt,PUBCHEM.COMPOUND:54325967,predicate:0,CHEBI:149800,HP:0000153,predicate:11,MONDO:0008534,0.0
model_2.pt,HP:0000021,predicate:0,CHEBI:167578,HP:0000153,predicate:11,MONDO:0008534,0.0
model_2.pt,CHEMBL.COMPOUND:CHEMBL4782467,predicate:15,CHEBI:134948,HP:0000153,predicate:11,MONDO:0008534,0.0
model_2.pt,NCBIGene:23163,predicate:18,NCBIGene:100528017,HP:0000153,predicate:11,MONDO:0008534,0.0
model_2.pt,CHEBI:142271,predicate:1,CHEBI:192396,HP:0000153,predicate:11,MONDO:0008534,0.0
model_2.pt,CHEBI:146285,predicate:12,PUBCHEM.COMPOUND:53478731,HP:0000153,predicate:11,MONDO:0008534,0.0
model_2.pt,CHEBI:136073,predicate:15,CHEBI:125586,HP:0000153,predicate:11,MONDO:0008534,0.0
model_2.pt,CHEMBL.COMPOUND:CHEMBL596806,predicate:20,HP:0000253,HP:0000153,predicate:11,MONDO:0008534,0.0
model_2.pt,NCBIGene:838170,predicate:13,CHEBI:75099,HP:0000153,predicate:11,MONDO:0008534,0.0
model_2.pt,PUBCHEM.COMPOUND:117859783,predicate:11,PUBCHEM.COMPOUND:10525997,HP:0000153,predicate:11,MONDO:0008534,-47.06832885742188
model_2.pt,PUBCHEM.COMPOUND:127036977,predicate:0,CHEBI:103739,HP:0000153,predicate:11,MONDO:0008534,0.0
model_2.pt,PUBCHEM.COMPOUND:44433263,predicate:0,CHEBI:119893,HP:0000153,predicate:11,MONDO:0008534,0.0
model_2.pt,CHEBI:3914,predicate:15,CHEBI:190153,HP:0000153,predicate:11,MONDO:0008534,0.0
model_2.pt,PUBCHEM.COMPOUND:44314087,predicate:0,CHEBI:140407,HP:0000153,predicate:11,MONDO:0008534,0.0
model_2.pt,PUBCHEM.COMPOUND:25093440,predicate:0,CHEBI:113553,HP:0000153,predicate:11,MONDO:0008534,0.0
model_2.pt,CHEBI:65179,predicate:11,PUBCHEM.COMPOUND:11274029,HP:0000153,predicate:11,MONDO:0008534,-35.436546325683594
model_2.pt,CHEBI:71580,predicate:22,MONDO:0005068,HP:0000153,predicate:11,MONDO:0008534,0.0
model_2.pt,CHEBI:190006,predicate:14,PUBCHEM.COMPOUND:118471641,HP:0000153,predicate:11,MONDO:0008534,0.0
model_2.pt,PUBCHEM.COMPOUND:59268935,predicate:0,CHEBI:113373,HP:0000153,predicate:11,MONDO:0008534,0.0
model_2.pt,CHEBI:157642,predicate:1,PUBCHEM.COMPOUND:130345144,HP:0000153,predicate:11,MONDO:0008534,0.0
model_2.pt,PUBCHEM.COMPOUND:57395067,predicate:0,CHEBI:167320,HP:0000153,predicate:11,MONDO:0008534,0.0
model_2.pt,PUBCHEM.COMPOUND:2744597,predicate:11,PUBCHEM.COMPOUND:2930224,HP:0000153,predicate:11,MONDO:0008534,-64.82756042480469
model_2.pt,CHEBI:137225,predicate:17,CHEBI:131804,HP:0000153,predicate:11,MONDO:0008534,0.0
model_2.pt,CHEBI:111166,predicate:1,CHEBI:93303,HP:0000153,predicate:11,MONDO:0008534,0.0
model_2.pt,MONDO:0013171,predicate:20,MONDO:0001071,HP:0000153,predicate:11,MONDO:0008534,0.0
model_2.pt,CHEBI:143170,predicate:1,CHEBI:166778,HP:0000153,predicate:11,MONDO:0008534,0.0
model_2.pt,CHEBI:51561,predicate:2,HP:0001945,HP:0000153,predicate:11,MONDO:0008534,0.0
model_2.pt,UNII:5M691HL4BO,predicate:23,HP:0001288,HP:0000153,predicate:11,MONDO:0008534,0.0
model_2.pt,MONDO:0011122,predicate:18,CHEBI:132752,HP:0000153,predicate:11,MONDO:0008534,0.0
model_2.pt,PUBCHEM.COMPOUND:10314049,predicate:13,CHEBI:18086,HP:0000153,predicate:11,MONDO:0008534,0.0
model_2.pt,CHEBI:144357,predicate:20,HP:0002857,HP:0000153,predicate:11,MONDO:0008534,0.0
model_2.pt,CHEBI:16207,predicate:15,CHEBI:129768,HP:0000153,predicate:11,MONDO:0008534,0.0
model_2.pt,CHEBI:139081,predicate:20,HP:0010864,HP:0000153,predicate:11,MONDO:0008534,0.0
model_2.pt,PUBCHEM.COMPOUND:5702107,predicate:3,CHEBI:109116,HP:0000153,predicate:11,MONDO:0008534,0.0
model_2.pt,CHEBI:71289,predicate:17,CHEBI:180867,HP:0000153,predicate:11,MONDO:0008534,0.0
model_2.pt,PUBCHEM.COMPOUND:9834864,predicate:21,CHEBI:113373,HP:0000153,predicate:11,MONDO:0008534,0.0
model_2.pt,PUBCHEM.COMPOUND:44431492,predicate:18,CHEBI:121826,HP:0000153,predicate:11,MONDO:0008534,0.0
model_2.pt,PUBCHEM.COMPOUND:10432760,predicate:25,CHEBI:166658,HP:0000153,predicate:11,MONDO:0008534,0.0
model_2.pt,PUBCHEM.COMPOUND:25015107,predicate:0,CHEBI:127989,HP:0000153,predicate:11,MONDO:0008534,0.0
model_2.pt,PUBCHEM.COMPOUND:131757266,predicate:13,MONDO:0006749,HP:0000153,predicate:11,MONDO:0008534,0.0
model_2.pt,CHEBI:72619,predicate:1,CHEBI:196198,HP:0000153,predicate:11,MONDO:0008534,0.0
model_2.pt,CHEBI:71600,predicate:1,HMDB:HMDB0009929,HP:0000153,predicate:11,MONDO:0008534,0.0
model_2.pt,CHEBI:184579,predicate:11,CHEBI:144250,HP:0000153,predicate:11,MONDO:0008534,81.0777359008789
model_2.pt,CHEBI:88497,predicate:1,CHEBI:144822,HP:0000153,predicate:11,MONDO:0008534,0.0
model_2.pt,CHEBI:15040,predicate:16,MONDO:0013171,HP:0000153,predicate:11,MONDO:0008534,0.0
model_2.pt,MONDO:0005272,predicate:1,CHEBI:18262,HP:0000153,predicate:11,MONDO:0008534,0.0
model_2.pt,CHEBI:126004,predicate:17,CHEBI:175375,HP:0000153,predicate:11,MONDO:0008534,0.0
model_2.pt,MONDO:0035764,predicate:1,HMDB:HMDB0083268,HP:0000153,predicate:11,MONDO:0008534,0.0
model_2.pt,PUBCHEM.COMPOUND:155512592,predicate:0,CHEBI:103843,HP:0000153,predicate:11,MONDO:0008534,0.0
model_2.pt,CHEBI:15490,predicate:15,CHEBI:170609,HP:0000153,predicate:11,MONDO:0008534,0.0
model_2.pt,CHEBI:138520,predicate:28,CHEBI:171141,HP:0000153,predicate:11,MONDO:0008534,0.0
model_2.pt,CHEBI:131557,predicate:1,CHEBI:73731,HP:0000153,predicate:11,MONDO:0008534,0.0
model_2.pt,CHEBI:134948,predicate:22,MONDO:0000831,HP:0000153,predicate:11,MONDO:0008534,0.0
model_2.pt,PUBCHEM.COMPOUND:10578760,predicate:0,CHEBI:92697,HP:0000153,predicate:11,MONDO:0008534,0.0
model_2.pt,HMDB:HMDB0076696,predicate:17,CHEBI:170784,HP:0000153,predicate:11,MONDO:0008534,0.0
model_2.pt,MONDO:0859265,predicate:3,CHEBI:176304,HP:0000153,predicate:11,MONDO:0008534,0.0
model_2.pt,CHEBI:113553,predicate:1,HMDB:HMDB0077232,HP:0000153,predicate:11,MONDO:0008534,0.0
model_2.pt,PUBCHEM.COMPOUND:137226420,predicate:0,CHEBI:109116,HP:0000153,predicate:11,MONDO:0008534,0.0
model_2.pt,MONDO:0010691,predicate:20,HP:0007957,HP:0000153,predicate:11,MONDO:0008534,0.0
model_2.pt,CHEMBL.COMPOUND:CHEMBL536308,predicate:1,CHEBI:163814,HP:0000153,predicate:11,MONDO:0008534,0.0
model_2.pt,CHEBI:83370,predicate:16,CHEBI:72635,HP:0000153,predicate:11,MONDO:0008534,0.0
model_2.pt,PUBCHEM.COMPOUND:122196132,predicate:0,CHEBI:172159,HP:0000153,predicate:11,MONDO:0008534,0.0
model_2.pt,MONDO:0011730,predicate:1,CHEMBL.COMPOUND:CHEMBL54465,HP:0000153,predicate:11,MONDO:0008534,0.0
model_2.pt,MONDO:0011840,predicate:1,CHEBI:139280,HP:0000153,predicate:11,MONDO:0008534,0.0
model_2.pt,CHEBI:17482,predicate:23,MONDO:0001382,HP:0000153,predicate:11,MONDO:0008534,0.0
model_2.pt,PUBCHEM.COMPOUND:25263321,predicate:11,PUBCHEM.COMPOUND:3003511,HP:0000153,predicate:11,MONDO:0008534,6.360122680664063
model_2.pt,PUBCHEM.COMPOUND:10216381,predicate:11,PUBCHEM.COMPOUND:10431492,HP:0000153,predicate:11,MONDO:0008534,-40.20710754394531
model_2.pt,NCBIGene:820781,predicate:12,PUBCHEM.COMPOUND:131761197,HP:0000153,predicate:11,MONDO:0008534,0.0
model_2.pt,CHEBI:51068,predicate:17,HMDB:HMDB0009399,HP:0000153,predicate:11,MONDO:0008534,0.0
model_2.pt,CHEBI:9330,predicate:22,MONDO:0005011,HP:0000153,predicate:11,MONDO:0008534,0.0
model_2.pt,PUBCHEM.COMPOUND:10048208,predicate:26,CHEMBL.COMPOUND:CHEMBL151630,HP:0000153,predicate:11,MONDO:0008534,0.0
model_2.pt,PUBCHEM.COMPOUND:44176335,predicate:0,CHEBI:105317,HP:0000153,predicate:11,MONDO:0008534,0.0
model_2.pt,PUBCHEM.COMPOUND:49864838,predicate:18,CHEBI:109533,HP:0000153,predicate:11,MONDO:0008534,0.0
model_2.pt,CHEBI:185985,predicate:16,CHEBI:70967,HP:0000153,predicate:11,MONDO:0008534,0.0
model_2.pt,CHEMBL.COMPOUND:CHEMBL4798272,predicate:15,CHEBI:167641,HP:0000153,predicate:11,MONDO:0008534,0.0
model_2.pt,PUBCHEM.COMPOUND:126739109,predicate:11,MONDO:0006996,HP:0000153,predicate:11,MONDO:0008534,-26.647762298583984
model_2.pt,MONDO:0012176,predicate:20,HP:0003028,CHEBI:115712,predicate:1,CHEBI:91679,0.0
model_2.pt,CHEBI:16959,predicate:17,CHEBI:172284,CHEBI:115712,predicate:1,CHEBI:91679,0.0
model_2.pt,PUBCHEM.COMPOUND:68020555,predicate:0,PUBCHEM.COMPOUND:44459583,CHEBI:115712,predicate:1,CHEBI:91679,0.0
model_2.pt,PUBCHEM.COMPOUND:137636752,predicate:0,CHEBI:134753,CHEBI:115712,predicate:1,CHEBI:91679,0.0
model_2.pt,PUBCHEM.COMPOUND:124221273,predicate:23,MONDO:0015691,CHEBI:115712,predicate:1,CHEBI:91679,0.0
model_2.pt,PUBCHEM.COMPOUND:130200977,predicate:18,CHEBI:144991,CHEBI:115712,predicate:1,CHEBI:91679,0.0
model_2.pt,MONDO:0005044,predicate:11,MONDO:0056796,CHEBI:115712,predicate:1,CHEBI:91679,0.0
model_2.pt,CHEBI:16592,predicate:41,CHEBI:114693,CHEBI:115712,predicate:1,CHEBI:91679,0.0
model_2.pt,CHEBI:166772,predicate:15,CHEBI:175537,CHEBI:115712,predicate:1,CHEBI:91679,0.0
model_2.pt,DRUGBANK:DB11158,predicate:2,MONDO:0005147,CHEBI:115712,predicate:1,CHEBI:91679,0.0
model_2.pt,CHEBI:145008,predicate:2,MONDO:0001076,CHEBI:115712,predicate:1,CHEBI:91679,0.0
model_2.pt,CHEBI:172333,predicate:11,CHEBI:84017,CHEBI:115712,predicate:1,CHEBI:91679,0.0
model_2.pt,CHEBI:188563,predicate:12,PUBCHEM.COMPOUND:52924335,CHEBI:115712,predicate:1,CHEBI:91679,0.0
model_2.pt,CHEBI:190239,predicate:11,HMDB:HMDB0072989,CHEBI:115712,predicate:1,CHEBI:91679,0.0
model_2.pt,CHEBI:135278,predicate:22,MONDO:0005559,CHEBI:115712,predicate:1,CHEBI:91679,0.0
model_2.pt,CHEBI:47040,predicate:15,CHEBI:146256,CHEBI:115712,predicate:1,CHEBI:91679,0.0
model_2.pt,CHEMBL.COMPOUND:CHEMBL4747062,predicate:0,CHEBI:71479,CHEBI:115712,predicate:1,CHEBI:91679,0.0
model_2.pt,CHEBI:42371,predicate:17,CHEBI:135736,CHEBI:115712,predicate:1,CHEBI:91679,0.0
model_2.pt,CHEBI:143114,predicate:1,CHEBI:125432,CHEBI:115712,predicate:1,CHEBI:91679,61.77450180053711
model_2.pt,CHEBI:185767,predicate:1,CHEBI:16264,CHEBI:115712,predicate:1,CHEBI:91679,-9.777578353881836
model_2.pt,CHEBI:109317,predicate:14,CHEBI:170587,CHEBI:115712,predicate:1,CHEBI:91679,0.0
model_2.pt,CHEMBL.COMPOUND:CHEMBL4877928,predicate:1,PUBCHEM.COMPOUND:130363355,CHEBI:115712,predicate:1,CHEBI:91679,-39.631004333496094
model_2.pt,CHEBI:136073,predicate:10,MONDO:0007263,CHEBI:115712,predicate:1,CHEBI:91679,0.0
model_2.pt,PUBCHEM.COMPOUND:131762323,predicate:13,CHEBI:149534,CHEBI:115712,predicate:1,CHEBI:91679,0.0
model_2.pt,PUBCHEM.COMPOUND:54325967,predicate:0,CHEBI:149800,CHEBI:115712,predicate:1,CHEBI:91679,0.0
model_2.pt,HP:0000021,predicate:0,CHEBI:167578,CHEBI:115712,predicate:1,CHEBI:91679,0.0
model_2.pt,CHEMBL.COMPOUND:CHEMBL4782467,predicate:15,CHEBI:134948,CHEBI:115712,predicate:1,CHEBI:91679,0.0
model_2.pt,NCBIGene:23163,predicate:18,NCBIGene:100528017,CHEBI:115712,predicate:1,CHEBI:91679,0.0
model_2.pt,CHEBI:142271,predicate:1,CHEBI:192396,CHEBI:115712,predicate:1,CHEBI:91679,12.822921752929688
model_2.pt,CHEBI:146285,predicate:12,PUBCHEM.COMPOUND:53478731,CHEBI:115712,predicate:1,CHEBI:91679,0.0
model_2.pt,CHEBI:136073,predicate:15,CHEBI:125586,CHEBI:115712,predicate:1,CHEBI:91679,0.0
model_2.pt,CHEMBL.COMPOUND:CHEMBL596806,predicate:20,HP:0000253,CHEBI:115712,predicate:1,CHEBI:91679,0.0
model_2.pt,NCBIGene:838170,predicate:13,CHEBI:75099,CHEBI:115712,predicate:1,CHEBI:91679,0.0
model_2.pt,PUBCHEM.COMPOUND:117859783,predicate:11,PUBCHEM.COMPOUND:10525997,CHEBI:115712,predicate:1,CHEBI:91679,0.0
model_2.pt,PUBCHEM.COMPOUND:127036977,predicate:0,CHEBI:103739,CHEBI:115712,predicate:1,CHEBI:91679,0.0
model_2.pt,PUBCHEM.COMPOUND:44433263,predicate:0,CHEBI:119893,CHEBI:115712,predicate:1,CHEBI:91679,0.0
model_2.pt,CHEBI:3914,predicate:15,CHEBI:190153,CHEBI:115712,predicate:1,CHEBI:91679,0.0
model_2.pt,PUBCHEM.COMPOUND:44314087,predicate:0,CHEBI:140407,CHEBI:115712,predicate:1,CHEBI:91679,0.0
model_2.pt,PUBCHEM.COMPOUND:25093440,predicate:0,CHEBI:113553,CHEBI:115712,predicate:1,CHEBI:91679,0.0
model_2.pt,CHEBI:65179,predicate:11,PUBCHEM.COMPOUND:11274029,CHEBI:115712,predicate:1,CHEBI:91679,0.0
model_2.pt,CHEBI:71580,predicate:22,MONDO:0005068,CHEBI:115712,predicate:1,CHEBI:91679,0.0
model_2.pt,CHEBI:190006,predicate:14,PUBCHEM.COMPOUND:118471641,CHEBI:115712,predicate:1,CHEBI:91679,0.0
model_2.pt,PUBCHEM.COMPOUND:59268935,predicate:0,CHEBI:113373,CHEBI:115712,predicate:1,CHEBI:91679,0.0
model_2.pt,CHEBI:157642,predicate:1,PUBCHEM.COMPOUND:130345144,CHEBI:115712,predicate:1,CHEBI:91679,27.354257583618164
model_2.pt,PUBCHEM.COMPOUND:57395067,predicate:0,CHEBI:167320,CHEBI:115712,predicate:1,CHEBI:91679,0.0
model_2.pt,PUBCHEM.COMPOUND:2744597,predicate:11,PUBCHEM.COMPOUND:2930224,CHEBI:115712,predicate:1,CHEBI:91679,0.0
model_2.pt,CHEBI:137225,predicate:17,CHEBI:131804,CHEBI:115712,predicate:1,CHEBI:91679,0.0
model_2.pt,CHEBI:111166,predicate:1,CHEBI:93303,CHEBI:115712,predicate:1,CHEBI:91679,58.35711288452149
model_2.pt,MONDO:0013171,predicate:20,MONDO:0001071,CHEBI:115712,predicate:1,CHEBI:91679,0.0
model_2.pt,CHEBI:143170,predicate:1,CHEBI:166778,CHEBI:115712,predicate:1,CHEBI:91679,-18.295394897460938
model_2.pt,CHEBI:51561,predicate:2,HP:0001945,CHEBI:115712,predicate:1,CHEBI:91679,0.0
model_2.pt,UNII:5M691HL4BO,predicate:23,HP:0001288,CHEBI:115712,predicate:1,CHEBI:91679,0.0
model_2.pt,MONDO:0011122,predicate:18,CHEBI:132752,CHEBI:115712,predicate:1,CHEBI:91679,0.0
model_2.pt,PUBCHEM.COMPOUND:10314049,predicate:13,CHEBI:18086,CHEBI:115712,predicate:1,CHEBI:91679,0.0
model_2.pt,CHEBI:144357,predicate:20,HP:0002857,CHEBI:115712,predicate:1,CHEBI:91679,0.0
model_2.pt,CHEBI:16207,predicate:15,CHEBI:129768,CHEBI:115712,predicate:1,CHEBI:91679,0.0
model_2.pt,CHEBI:139081,predicate:20,HP:0010864,CHEBI:115712,predicate:1,CHEBI:91679,0.0
model_2.pt,PUBCHEM.COMPOUND:5702107,predicate:3,CHEBI:109116,CHEBI:115712,predicate:1,CHEBI:91679,0.0
model_2.pt,CHEBI:71289,predicate:17,CHEBI:180867,CHEBI:115712,predicate:1,CHEBI:91679,0.0
model_2.pt,PUBCHEM.COMPOUND:9834864,predicate:21,CHEBI:113373,CHEBI:115712,predicate:1,CHEBI:91679,0.0
model_2.pt,PUBCHEM.COMPOUND:44431492,predicate:18,CHEBI:121826,CHEBI:115712,predicate:1,CHEBI:91679,0.0
model_2.pt,PUBCHEM.COMPOUND:10432760,predicate:25,CHEBI:166658,CHEBI:115712,predicate:1,CHEBI:91679,0.0
model_2.pt,PUBCHEM.COMPOUND:25015107,predicate:0,CHEBI:127989,CHEBI:115712,predicate:1,CHEBI:91679,0.0
model_2.pt,PUBCHEM.COMPOUND:131757266,predicate:13,MONDO:0006749,CHEBI:115712,predicate:1,CHEBI:91679,0.0
model_2.pt,CHEBI:72619,predicate:1,CHEBI:196198,CHEBI:115712,predicate:1,CHEBI:91679,55.38744354248047
model_2.pt,CHEBI:71600,predicate:1,HMDB:HMDB0009929,CHEBI:115712,predicate:1,CHEBI:91679,50.7978630065918
model_2.pt,CHEBI:184579,predicate:11,CHEBI:144250,CHEBI:115712,predicate:1,CHEBI:91679,0.0
model_2.pt,CHEBI:88497,predicate:1,CHEBI:144822,CHEBI:115712,predicate:1,CHEBI:91679,-10.8729829788208
model_2.pt,CHEBI:15040,predicate:16,MONDO:0013171,CHEBI:115712,predicate:1,CHEBI:91679,0.0
model_2.pt,MONDO:0005272,predicate:1,CHEBI:18262,CHEBI:115712,predicate:1,CHEBI:91679,14.921924591064451
model_2.pt,CHEBI:126004,predicate:17,CHEBI:175375,CHEBI:115712,predicate:1,CHEBI:91679,0.0
model_2.pt,MONDO:0035764,predicate:1,HMDB:HMDB0083268,CHEBI:115712,predicate:1,CHEBI:91679,-97.11368560791016
model_2.pt,PUBCHEM.COMPOUND:155512592,predicate:0,CHEBI:103843,CHEBI:115712,predicate:1,CHEBI:91679,0.0
model_2.pt,CHEBI:15490,predicate:15,CHEBI:170609,CHEBI:115712,predicate:1,CHEBI:91679,0.0
model_2.pt,CHEBI:138520,predicate:28,CHEBI:171141,CHEBI:115712,predicate:1,CHEBI:91679,0.0
model_2.pt,CHEBI:131557,predicate:1,CHEBI:73731,CHEBI:115712,predicate:1,CHEBI:91679,-49.29782485961914
model_2.pt,CHEBI:134948,predicate:22,MONDO:0000831,CHEBI:115712,predicate:1,CHEBI:91679,0.0
model_2.pt,PUBCHEM.COMPOUND:10578760,predicate:0,CHEBI:92697,CHEBI:115712,predicate:1,CHEBI:91679,0.0
model_2.pt,HMDB:HMDB0076696,predicate:17,CHEBI:170784,CHEBI:115712,predicate:1,CHEBI:91679,0.0
model_2.pt,MONDO:0859265,predicate:3,CHEBI:176304,CHEBI:115712,predicate:1,CHEBI:91679,0.0
model_2.pt,CHEBI:113553,predicate:1,HMDB:HMDB0077232,CHEBI:115712,predicate:1,CHEBI:91679,-0.6701908111572266
model_2.pt,PUBCHEM.COMPOUND:137226420,predicate:0,CHEBI:109116,CHEBI:115712,predicate:1,CHEBI:91679,0.0
model_2.pt,MONDO:0010691,predicate:20,HP:0007957,CHEBI:115712,predicate:1,CHEBI:91679,0.0
model_2.pt,CHEMBL.COMPOUND:CHEMBL536308,predicate:1,CHEBI:163814,CHEBI:115712,predicate:1,CHEBI:91679,58.42316436767578
model_2.pt,CHEBI:83370,predicate:16,CHEBI:72635,CHEBI:115712,predicate:1,CHEBI:91679,0.0
model_2.pt,PUBCHEM.COMPOUND:122196132,predicate:0,CHEBI:172159,CHEBI:115712,predicate:1,CHEBI:91679,0.0
model_2.pt,MONDO:0011730,predicate:1,CHEMBL.COMPOUND:CHEMBL54465,CHEBI:115712,predicate:1,CHEBI:91679,16.420276641845703
model_2.pt,MONDO:0011840,predicate:1,CHEBI:139280,CHEBI:115712,predicate:1,CHEBI:91679,-42.006439208984375
model_2.pt,CHEBI:17482,predicate:23,MONDO:0001382,CHEBI:115712,predicate:1,CHEBI:91679,0.0
model_2.pt,PUBCHEM.COMPOUND:25263321,predicate:11,PUBCHEM.COMPOUND:3003511,CHEBI:115712,predicate:1,CHEBI:91679,0.0
model_2.pt,PUBCHEM.COMPOUND:10216381,predicate:11,PUBCHEM.COMPOUND:10431492,CHEBI:115712,predicate:1,CHEBI:91679,0.0
model_2.pt,NCBIGene:820781,predicate:12,PUBCHEM.COMPOUND:131761197,CHEBI:115712,predicate:1,CHEBI:91679,0.0
model_2.pt,CHEBI:51068,predicate:17,HMDB:HMDB0009399,CHEBI:115712,predicate:1,CHEBI:91679,0.0
model_2.pt,CHEBI:9330,predicate:22,MONDO:0005011,CHEBI:115712,predicate:1,CHEBI:91679,0.0
model_2.pt,PUBCHEM.COMPOUND:10048208,predicate:26,CHEMBL.COMPOUND:CHEMBL151630,CHEBI:115712,predicate:1,CHEBI:91679,0.0
model_2.pt,PUBCHEM.COMPOUND:44176335,predicate:0,CHEBI:105317,CHEBI:115712,predicate:1,CHEBI:91679,0.0
model_2.pt,PUBCHEM.COMPOUND:49864838,predicate:18,CHEBI:109533,CHEBI:115712,predicate:1,CHEBI:91679,0.0
model_2.pt,CHEBI:185985,predicate:16,CHEBI:70967,CHEBI:115712,predicate:1,CHEBI:91679,0.0
model_2.pt,CHEMBL.COMPOUND:CHEMBL4798272,predicate:15,CHEBI:167641,CHEBI:115712,predicate:1,CHEBI:91679,0.0
model_2.pt,PUBCHEM.COMPOUND:126739109,predicate:11,MONDO:0006996,CHEBI:115712,predicate:1,CHEBI:91679,0.0
model_2.pt,MONDO:0012176,predicate:20,HP:0003028,CHEMBL.COMPOUND:CHEMBL417457,predicate:42,CHEBI:145225,0.0
model_2.pt,CHEBI:16959,predicate:17,CHEBI:172284,CHEMBL.COMPOUND:CHEMBL417457,predicate:42,CHEBI:145225,0.0
model_2.pt,PUBCHEM.COMPOUND:68020555,predicate:0,PUBCHEM.COMPOUND:44459583,CHEMBL.COMPOUND:CHEMBL417457,predicate:42,CHEBI:145225,0.0
model_2.pt,PUBCHEM.COMPOUND:137636752,predicate:0,CHEBI:134753,CHEMBL.COMPOUND:CHEMBL417457,predicate:42,CHEBI:145225,0.0
model_2.pt,PUBCHEM.COMPOUND:124221273,predicate:23,MONDO:0015691,CHEMBL.COMPOUND:CHEMBL417457,predicate:42,CHEBI:145225,0.0
model_2.pt,PUBCHEM.COMPOUND:130200977,predicate:18,CHEBI:144991,CHEMBL.COMPOUND:CHEMBL417457,predicate:42,CHEBI:145225,0.0
model_2.pt,MONDO:0005044,predicate:11,MONDO:0056796,CHEMBL.COMPOUND:CHEMBL417457,predicate:42,CHEBI:145225,0.0
model_2.pt,CHEBI:16592,predicate:41,CHEBI:114693,CHEMBL.COMPOUND:CHEMBL417457,predicate:42,CHEBI:145225,0.0
model_2.pt,CHEBI:166772,predicate:15,CHEBI:175537,CHEMBL.COMPOUND:CHEMBL417457,predicate:42,CHEBI:145225,0.0
model_2.pt,DRUGBANK:DB11158,predicate:2,MONDO:0005147,CHEMBL.COMPOUND:CHEMBL417457,predicate:42,CHEBI:145225,0.0
model_2.pt,CHEBI:145008,predicate:2,MONDO:0001076,CHEMBL.COMPOUND:CHEMBL417457,predicate:42,CHEBI:145225,0.0
model_2.pt,CHEBI:172333,predicate:11,CHEBI:84017,CHEMBL.COMPOUND:CHEMBL417457,predicate:42,CHEBI:145225,0.0
model_2.pt,CHEBI:188563,predicate:12,PUBCHEM.COMPOUND:52924335,CHEMBL.COMPOUND:CHEMBL417457,predicate:42,CHEBI:145225,0.0
model_2.pt,CHEBI:190239,predicate:11,HMDB:HMDB0072989,CHEMBL.COMPOUND:CHEMBL417457,predicate:42,CHEBI:145225,0.0
model_2.pt,CHEBI:135278,predicate:22,MONDO:0005559,CHEMBL.COMPOUND:CHEMBL417457,predicate:42,CHEBI:145225,0.0
model_2.pt,CHEBI:47040,predicate:15,CHEBI:146256,CHEMBL.COMPOUND:CHEMBL417457,predicate:42,CHEBI:145225,0.0
model_2.pt,CHEMBL.COMPOUND:CHEMBL4747062,predicate:0,CHEBI:71479,CHEMBL.COMPOUND:CHEMBL417457,predicate:42,CHEBI:145225,0.0
model_2.pt,CHEBI:42371,predicate:17,CHEBI:135736,CHEMBL.COMPOUND:CHEMBL417457,predicate:42,CHEBI:145225,0.0
model_2.pt,CHEBI:143114,predicate:1,CHEBI:125432,CHEMBL.COMPOUND:CHEMBL417457,predicate:42,CHEBI:145225,0.0
model_2.pt,CHEBI:185767,predicate:1,CHEBI:16264,CHEMBL.COMPOUND:CHEMBL417457,predicate:42,CHEBI:145225,0.0
model_2.pt,CHEBI:109317,predicate:14,CHEBI:170587,CHEMBL.COMPOUND:CHEMBL417457,predicate:42,CHEBI:145225,0.0
model_2.pt,CHEMBL.COMPOUND:CHEMBL4877928,predicate:1,PUBCHEM.COMPOUND:130363355,CHEMBL.COMPOUND:CHEMBL417457,predicate:42,CHEBI:145225,0.0
model_2.pt,CHEBI:136073,predicate:10,MONDO:0007263,CHEMBL.COMPOUND:CHEMBL417457,predicate:42,CHEBI:145225,0.0
model_2.pt,PUBCHEM.COMPOUND:131762323,predicate:13,CHEBI:149534,CHEMBL.COMPOUND:CHEMBL417457,predicate:42,CHEBI:145225,0.0
model_2.pt,PUBCHEM.COMPOUND:54325967,predicate:0,CHEBI:149800,CHEMBL.COMPOUND:CHEMBL417457,predicate:42,CHEBI:145225,0.0
model_2.pt,HP:0000021,predicate:0,CHEBI:167578,CHEMBL.COMPOUND:CHEMBL417457,predicate:42,CHEBI:145225,0.0
model_2.pt,CHEMBL.COMPOUND:CHEMBL4782467,predicate:15,CHEBI:134948,CHEMBL.COMPOUND:CHEMBL417457,predicate:42,CHEBI:145225,0.0
model_2.pt,NCBIGene:23163,predicate:18,NCBIGene:100528017,CHEMBL.COMPOUND:CHEMBL417457,predicate:42,CHEBI:145225,0.0
model_2.pt,CHEBI:142271,predicate:1,CHEBI:192396,CHEMBL.COMPOUND:CHEMBL417457,predicate:42,CHEBI:145225,0.0
model_2.pt,CHEBI:146285,predicate:12,PUBCHEM.COMPOUND:53478731,CHEMBL.COMPOUND:CHEMBL417457,predicate:42,CHEBI:145225,0.0
model_2.pt,CHEBI:136073,predicate:15,CHEBI:125586,CHEMBL.COMPOUND:CHEMBL417457,predicate:42,CHEBI:145225,0.0
model_2.pt,CHEMBL.COMPOUND:CHEMBL596806,predicate:20,HP:0000253,CHEMBL.COMPOUND:CHEMBL417457,predicate:42,CHEBI:145225,0.0
model_2.pt,NCBIGene:838170,predicate:13,CHEBI:75099,CHEMBL.COMPOUND:CHEMBL417457,predicate:42,CHEBI:145225,0.0
model_2.pt,PUBCHEM.COMPOUND:117859783,predicate:11,PUBCHEM.COMPOUND:10525997,CHEMBL.COMPOUND:CHEMBL417457,predicate:42,CHEBI:145225,0.0
model_2.pt,PUBCHEM.COMPOUND:127036977,predicate:0,CHEBI:103739,CHEMBL.COMPOUND:CHEMBL417457,predicate:42,CHEBI:145225,0.0
model_2.pt,PUBCHEM.COMPOUND:44433263,predicate:0,CHEBI:119893,CHEMBL.COMPOUND:CHEMBL417457,predicate:42,CHEBI:145225,0.0
model_2.pt,CHEBI:3914,predicate:15,CHEBI:190153,CHEMBL.COMPOUND:CHEMBL417457,predicate:42,CHEBI:145225,0.0
model_2.pt,PUBCHEM.COMPOUND:44314087,predicate:0,CHEBI:140407,CHEMBL.COMPOUND:CHEMBL417457,predicate:42,CHEBI:145225,0.0
model_2.pt,PUBCHEM.COMPOUND:25093440,predicate:0,CHEBI:113553,CHEMBL.COMPOUND:CHEMBL417457,predicate:42,CHEBI:145225,0.0
model_2.pt,CHEBI:65179,predicate:11,PUBCHEM.COMPOUND:11274029,CHEMBL.COMPOUND:CHEMBL417457,predicate:42,CHEBI:145225,0.0
model_2.pt,CHEBI:71580,predicate:22,MONDO:0005068,CHEMBL.COMPOUND:CHEMBL417457,predicate:42,CHEBI:145225,0.0
model_2.pt,CHEBI:190006,predicate:14,PUBCHEM.COMPOUND:118471641,CHEMBL.COMPOUND:CHEMBL417457,predicate:42,CHEBI:145225,0.0
model_2.pt,PUBCHEM.COMPOUND:59268935,predicate:0,CHEBI:113373,CHEMBL.COMPOUND:CHEMBL417457,predicate:42,CHEBI:145225,0.0
model_2.pt,CHEBI:157642,predicate:1,PUBCHEM.COMPOUND:130345144,CHEMBL.COMPOUND:CHEMBL417457,predicate:42,CHEBI:145225,0.0
model_2.pt,PUBCHEM.COMPOUND:57395067,predicate:0,CHEBI:167320,CHEMBL.COMPOUND:CHEMBL417457,predicate:42,CHEBI:145225,0.0
model_2.pt,PUBCHEM.COMPOUND:2744597,predicate:11,PUBCHEM.COMPOUND:2930224,CHEMBL.COMPOUND:CHEMBL417457,predicate:42,CHEBI:145225,0.0
model_2.pt,CHEBI:137225,predicate:17,CHEBI:131804,CHEMBL.COMPOUND:CHEMBL417457,predicate:42,CHEBI:145225,0.0
model_2.pt,CHEBI:111166,predicate:1,CHEBI:93303,CHEMBL.COMPOUND:CHEMBL417457,predicate:42,CHEBI:145225,0.0
model_2.pt,MONDO:0013171,predicate:20,MONDO:0001071,CHEMBL.COMPOUND:CHEMBL417457,predicate:42,CHEBI:145225,0.0
model_2.pt,CHEBI:143170,predicate:1,CHEBI:166778,CHEMBL.COMPOUND:CHEMBL417457,predicate:42,CHEBI:145225,0.0
model_2.pt,CHEBI:51561,predicate:2,HP:0001945,CHEMBL.COMPOUND:CHEMBL417457,predicate:42,CHEBI:145225,0.0
model_2.pt,UNII:5M691HL4BO,predicate:23,HP:0001288,CHEMBL.COMPOUND:CHEMBL417457,predicate:42,CHEBI:145225,0.0
model_2.pt,MONDO:0011122,predicate:18,CHEBI:132752,CHEMBL.COMPOUND:CHEMBL417457,predicate:42,CHEBI:145225,0.0
model_2.pt,PUBCHEM.COMPOUND:10314049,predicate:13,CHEBI:18086,CHEMBL.COMPOUND:CHEMBL417457,predicate:42,CHEBI:145225,0.0
model_2.pt,CHEBI:144357,predicate:20,HP:0002857,CHEMBL.COMPOUND:CHEMBL417457,predicate:42,CHEBI:145225,0.0
model_2.pt,CHEBI:16207,predicate:15,CHEBI:129768,CHEMBL.COMPOUND:CHEMBL417457,predicate:42,CHEBI:145225,0.0
model_2.pt,CHEBI:139081,predicate:20,HP:0010864,CHEMBL.COMPOUND:CHEMBL417457,predicate:42,CHEBI:145225,0.0
model_2.pt,PUBCHEM.COMPOUND:5702107,predicate:3,CHEBI:109116,CHEMBL.COMPOUND:CHEMBL417457,predicate:42,CHEBI:145225,0.0
model_2.pt,CHEBI:71289,predicate:17,CHEBI:180867,CHEMBL.COMPOUND:CHEMBL417457,predicate:42,CHEBI:145225,0.0
model_2.pt,PUBCHEM.COMPOUND:9834864,predicate:21,CHEBI:113373,CHEMBL.COMPOUND:CHEMBL417457,predicate:42,CHEBI:145225,0.0
model_2.pt,PUBCHEM.COMPOUND:44431492,predicate:18,CHEBI:121826,CHEMBL.COMPOUND:CHEMBL417457,predicate:42,CHEBI:145225,0.0
model_2.pt,PUBCHEM.COMPOUND:10432760,predicate:25,CHEBI:166658,CHEMBL.COMPOUND:CHEMBL417457,predicate:42,CHEBI:145225,0.0
model_2.pt,PUBCHEM.COMPOUND:25015107,predicate:0,CHEBI:127989,CHEMBL.COMPOUND:CHEMBL417457,predicate:42,CHEBI:145225,0.0
model_2.pt,PUBCHEM.COMPOUND:131757266,predicate:13,MONDO:0006749,CHEMBL.COMPOUND:CHEMBL417457,predicate:42,CHEBI:145225,0.0
model_2.pt,CHEBI:72619,predicate:1,CHEBI:196198,CHEMBL.COMPOUND:CHEMBL417457,predicate:42,CHEBI:145225,0.0
model_2.pt,CHEBI:71600,predicate:1,HMDB:HMDB0009929,CHEMBL.COMPOUND:CHEMBL417457,predicate:42,CHEBI:145225,0.0
model_2.pt,CHEBI:184579,predicate:11,CHEBI:144250,CHEMBL.COMPOUND:CHEMBL417457,predicate:42,CHEBI:145225,0.0
model_2.pt,CHEBI:88497,predicate:1,CHEBI:144822,CHEMBL.COMPOUND:CHEMBL417457,predicate:42,CHEBI:145225,0.0
model_2.pt,CHEBI:15040,predicate:16,MONDO:0013171,CHEMBL.COMPOUND:CHEMBL417457,predicate:42,CHEBI:145225,0.0
model_2.pt,MONDO:0005272,predicate:1,CHEBI:18262,CHEMBL.COMPOUND:CHEMBL417457,predicate:42,CHEBI:145225,0.0
model_2.pt,CHEBI:126004,predicate:17,CHEBI:175375,CHEMBL.COMPOUND:CHEMBL417457,predicate:42,CHEBI:145225,0.0
model_2.pt,MONDO:0035764,predicate:1,HMDB:HMDB0083268,CHEMBL.COMPOUND:CHEMBL417457,predicate:42,CHEBI:145225,0.0
model_2.pt,PUBCHEM.COMPOUND:155512592,predicate:0,CHEBI:103843,CHEMBL.COMPOUND:CHEMBL417457,predicate:42,CHEBI:145225,0.0
model_2.pt,CHEBI:15490,predicate:15,CHEBI:170609,CHEMBL.COMPOUND:CHEMBL417457,predicate:42,CHEBI:145225,0.0
model_2.pt,CHEBI:138520,predicate:28,CHEBI:171141,CHEMBL.COMPOUND:CHEMBL417457,predicate:42,CHEBI:145225,0.0
model_2.pt,CHEBI:131557,predicate:1,CHEBI:73731,CHEMBL.COMPOUND:CHEMBL417457,predicate:42,CHEBI:145225,0.0
model_2.pt,CHEBI:134948,predicate:22,MONDO:0000831,CHEMBL.COMPOUND:CHEMBL417457,predicate:42,CHEBI:145225,0.0
model_2.pt,PUBCHEM.COMPOUND:10578760,predicate:0,CHEBI:92697,CHEMBL.COMPOUND:CHEMBL417457,predicate:42,CHEBI:145225,0.0
model_2.pt,HMDB:HMDB0076696,predicate:17,CHEBI:170784,CHEMBL.COMPOUND:CHEMBL417457,predicate:42,CHEBI:145225,0.0
model_2.pt,MONDO:0859265,predicate:3,CHEBI:176304,CHEMBL.COMPOUND:CHEMBL417457,predicate:42,CHEBI:145225,0.0
model_2.pt,CHEBI:113553,predicate:1,HMDB:HMDB0077232,CHEMBL.COMPOUND:CHEMBL417457,predicate:42,CHEBI:145225,0.0
model_2.pt,PUBCHEM.COMPOUND:137226420,predicate:0,CHEBI:109116,CHEMBL.COMPOUND:CHEMBL417457,predicate:42,CHEBI:145225,0.0
model_2.pt,MONDO:0010691,predicate:20,HP:0007957,CHEMBL.COMPOUND:CHEMBL417457,predicate:42,CHEBI:145225,0.0
model_2.pt,CHEMBL.COMPOUND:CHEMBL536308,predicate:1,CHEBI:163814,CHEMBL.COMPOUND:CHEMBL417457,predicate:42,CHEBI:145225,0.0
model_2.pt,CHEBI:83370,predicate:16,CHEBI:72635,CHEMBL.COMPOUND:CHEMBL417457,predicate:42,CHEBI:145225,0.0
model_2.pt,PUBCHEM.COMPOUND:122196132,predicate:0,CHEBI:172159,CHEMBL.COMPOUND:CHEMBL417457,predicate:42,CHEBI:145225,0.0
model_2.pt,MONDO:0011730,predicate:1,CHEMBL.COMPOUND:CHEMBL54465,CHEMBL.COMPOUND:CHEMBL417457,predicate:42,CHEBI:145225,0.0
model_2.pt,MONDO:0011840,predicate:1,CHEBI:139280,CHEMBL.COMPOUND:CHEMBL417457,predicate:42,CHEBI:145225,0.0
model_2.pt,CHEBI:17482,predicate:23,MONDO:0001382,CHEMBL.COMPOUND:CHEMBL417457,predicate:42,CHEBI:145225,0.0
model_2.pt,PUBCHEM.COMPOUND:25263321,predicate:11,PUBCHEM.COMPOUND:3003511,CHEMBL.COMPOUND:CHEMBL417457,predicate:42,CHEBI:145225,0.0
model_2.pt,PUBCHEM.COMPOUND:10216381,predicate:11,PUBCHEM.COMPOUND:10431492,CHEMBL.COMPOUND:CHEMBL417457,predicate:42,CHEBI:145225,0.0
model_2.pt,NCBIGene:820781,predicate:12,PUBCHEM.COMPOUND:131761197,CHEMBL.COMPOUND:CHEMBL417457,predicate:42,CHEBI:145225,0.0
model_2.pt,CHEBI:51068,predicate:17,HMDB:HMDB0009399,CHEMBL.COMPOUND:CHEMBL417457,predicate:42,CHEBI:145225,0.0
model_2.pt,CHEBI:9330,predicate:22,MONDO:0005011,CHEMBL.COMPOUND:CHEMBL417457,predicate:42,CHEBI:145225,0.0
model_2.pt,PUBCHEM.COMPOUND:10048208,predicate:26,CHEMBL.COMPOUND:CHEMBL151630,CHEMBL.COMPOUND:CHEMBL417457,predicate:42,CHEBI:145225,0.0
model_2.pt,PUBCHEM.COMPOUND:44176335,predicate:0,CHEBI:105317,CHEMBL.COMPOUND:CHEMBL417457,predicate:42,CHEBI:145225,0.0
model_2.pt,PUBCHEM.COMPOUND:49864838,predicate:18,CHEBI:109533,CHEMBL.COMPOUND:CHEMBL417457,predicate:42,CHEBI:145225,0.0
model_2.pt,CHEBI:185985,predicate:16,CHEBI:70967,CHEMBL.COMPOUND:CHEMBL417457,predicate:42,CHEBI:145225,0.0
model_2.pt,CHEMBL.COMPOUND:CHEMBL4798272,predicate:15,CHEBI:167641,CHEMBL.COMPOUND:CHEMBL417457,predicate:42,CHEBI:145225,0.0
model_2.pt,PUBCHEM.COMPOUND:126739109,predicate:11,MONDO:0006996,CHEMBL.COMPOUND:CHEMBL417457,predicate:42,CHEBI:145225,0.0
model_2.pt,MONDO:0012176,predicate:20,HP:0003028,CHEBI:40751,predicate:19,UMLS:C0233472,0.0
model_2.pt,CHEBI:16959,predicate:17,CHEBI:172284,CHEBI:40751,predicate:19,UMLS:C0233472,0.0
model_2.pt,PUBCHEM.COMPOUND:68020555,predicate:0,PUBCHEM.COMPOUND:44459583,CHEBI:40751,predicate:19,UMLS:C0233472,0.0
model_2.pt,PUBCHEM.COMPOUND:137636752,predicate:0,CHEBI:134753,CHEBI:40751,predicate:19,UMLS:C0233472,0.0
model_2.pt,PUBCHEM.COMPOUND:124221273,predicate:23,MONDO:0015691,CHEBI:40751,predicate:19,UMLS:C0233472,0.0
model_2.pt,PUBCHEM.COMPOUND:130200977,predicate:18,CHEBI:144991,CHEBI:40751,predicate:19,UMLS:C0233472,0.0
model_2.pt,MONDO:0005044,predicate:11,MONDO:0056796,CHEBI:40751,predicate:19,UMLS:C0233472,0.0
model_2.pt,CHEBI:16592,predicate:41,CHEBI:114693,CHEBI:40751,predicate:19,UMLS:C0233472,0.0
model_2.pt,CHEBI:166772,predicate:15,CHEBI:175537,CHEBI:40751,predicate:19,UMLS:C0233472,0.0
model_2.pt,DRUGBANK:DB11158,predicate:2,MONDO:0005147,CHEBI:40751,predicate:19,UMLS:C0233472,0.0
model_2.pt,CHEBI:145008,predicate:2,MONDO:0001076,CHEBI:40751,predicate:19,UMLS:C0233472,0.0
model_2.pt,CHEBI:172333,predicate:11,CHEBI:84017,CHEBI:40751,predicate:19,UMLS:C0233472,0.0
model_2.pt,CHEBI:188563,predicate:12,PUBCHEM.COMPOUND:52924335,CHEBI:40751,predicate:19,UMLS:C0233472,0.0
model_2.pt,CHEBI:190239,predicate:11,HMDB:HMDB0072989,CHEBI:40751,predicate:19,UMLS:C0233472,0.0
model_2.pt,CHEBI:135278,predicate:22,MONDO:0005559,CHEBI:40751,predicate:19,UMLS:C0233472,0.0
model_2.pt,CHEBI:47040,predicate:15,CHEBI:146256,CHEBI:40751,predicate:19,UMLS:C0233472,0.0
model_2.pt,CHEMBL.COMPOUND:CHEMBL4747062,predicate:0,CHEBI:71479,CHEBI:40751,predicate:19,UMLS:C0233472,0.0
model_2.pt,CHEBI:42371,predicate:17,CHEBI:135736,CHEBI:40751,predicate:19,UMLS:C0233472,0.0
model_2.pt,CHEBI:143114,predicate:1,CHEBI:125432,CHEBI:40751,predicate:19,UMLS:C0233472,0.0
model_2.pt,CHEBI:185767,predicate:1,CHEBI:16264,CHEBI:40751,predicate:19,UMLS:C0233472,0.0
model_2.pt,CHEBI:109317,predicate:14,CHEBI:170587,CHEBI:40751,predicate:19,UMLS:C0233472,0.0
model_2.pt,CHEMBL.COMPOUND:CHEMBL4877928,predicate:1,PUBCHEM.COMPOUND:130363355,CHEBI:40751,predicate:19,UMLS:C0233472,0.0
model_2.pt,CHEBI:136073,predicate:10,MONDO:0007263,CHEBI:40751,predicate:19,UMLS:C0233472,0.0
model_2.pt,PUBCHEM.COMPOUND:131762323,predicate:13,CHEBI:149534,CHEBI:40751,predicate:19,UMLS:C0233472,0.0
model_2.pt,PUBCHEM.COMPOUND:54325967,predicate:0,CHEBI:149800,CHEBI:40751,predicate:19,UMLS:C0233472,0.0
model_2.pt,HP:0000021,predicate:0,CHEBI:167578,CHEBI:40751,predicate:19,UMLS:C0233472,0.0
model_2.pt,CHEMBL.COMPOUND:CHEMBL4782467,predicate:15,CHEBI:134948,CHEBI:40751,predicate:19,UMLS:C0233472,0.0
model_2.pt,NCBIGene:23163,predicate:18,NCBIGene:100528017,CHEBI:40751,predicate:19,UMLS:C0233472,0.0
model_2.pt,CHEBI:142271,predicate:1,CHEBI:192396,CHEBI:40751,predicate:19,UMLS:C0233472,0.0
model_2.pt,CHEBI:146285,predicate:12,PUBCHEM.COMPOUND:53478731,CHEBI:40751,predicate:19,UMLS:C0233472,0.0
model_2.pt,CHEBI:136073,predicate:15,CHEBI:125586,CHEBI:40751,predicate:19,UMLS:C0233472,0.0
model_2.pt,CHEMBL.COMPOUND:CHEMBL596806,predicate:20,HP:0000253,CHEBI:40751,predicate:19,UMLS:C0233472,0.0
model_2.pt,NCBIGene:838170,predicate:13,CHEBI:75099,CHEBI:40751,predicate:19,UMLS:C0233472,0.0
model_2.pt,PUBCHEM.COMPOUND:117859783,predicate:11,PUBCHEM.COMPOUND:10525997,CHEBI:40751,predicate:19,UMLS:C0233472,0.0
model_2.pt,PUBCHEM.COMPOUND:127036977,predicate:0,CHEBI:103739,CHEBI:40751,predicate:19,UMLS:C0233472,0.0
model_2.pt,PUBCHEM.COMPOUND:44433263,predicate:0,CHEBI:119893,CHEBI:40751,predicate:19,UMLS:C0233472,0.0
model_2.pt,CHEBI:3914,predicate:15,CHEBI:190153,CHEBI:40751,predicate:19,UMLS:C0233472,0.0
model_2.pt,PUBCHEM.COMPOUND:44314087,predicate:0,CHEBI:140407,CHEBI:40751,predicate:19,UMLS:C0233472,0.0
model_2.pt,PUBCHEM.COMPOUND:25093440,predicate:0,CHEBI:113553,CHEBI:40751,predicate:19,UMLS:C0233472,0.0
model_2.pt,CHEBI:65179,predicate:11,PUBCHEM.COMPOUND:11274029,CHEBI:40751,predicate:19,UMLS:C0233472,0.0
model_2.pt,CHEBI:71580,predicate:22,MONDO:0005068,CHEBI:40751,predicate:19,UMLS:C0233472,0.0
model_2.pt,CHEBI:190006,predicate:14,PUBCHEM.COMPOUND:118471641,CHEBI:40751,predicate:19,UMLS:C0233472,0.0
model_2.pt,PUBCHEM.COMPOUND:59268935,predicate:0,CHEBI:113373,CHEBI:40751,predicate:19,UMLS:C0233472,0.0
model_2.pt,CHEBI:157642,predicate:1,PUBCHEM.COMPOUND:130345144,CHEBI:40751,predicate:19,UMLS:C0233472,0.0
model_2.pt,PUBCHEM.COMPOUND:57395067,predicate:0,CHEBI:167320,CHEBI:40751,predicate:19,UMLS:C0233472,0.0
model_2.pt,PUBCHEM.COMPOUND:2744597,predicate:11,PUBCHEM.COMPOUND:2930224,CHEBI:40751,predicate:19,UMLS:C0233472,0.0
model_2.pt,CHEBI:137225,predicate:17,CHEBI:131804,CHEBI:40751,predicate:19,UMLS:C0233472,0.0
model_2.pt,CHEBI:111166,predicate:1,CHEBI:93303,CHEBI:40751,predicate:19,UMLS:C0233472,0.0
model_2.pt,MONDO:0013171,predicate:20,MONDO:0001071,CHEBI:40751,predicate:19,UMLS:C0233472,0.0
model_2.pt,CHEBI:143170,predicate:1,CHEBI:166778,CHEBI:40751,predicate:19,UMLS:C0233472,0.0
model_2.pt,CHEBI:51561,predicate:2,HP:0001945,CHEBI:40751,predicate:19,UMLS:C0233472,0.0
model_2.pt,UNII:5M691HL4BO,predicate:23,HP:0001288,CHEBI:40751,predicate:19,UMLS:C0233472,0.0
model_2.pt,MONDO:0011122,predicate:18,CHEBI:132752,CHEBI:40751,predicate:19,UMLS:C0233472,0.0
model_2.pt,PUBCHEM.COMPOUND:10314049,predicate:13,CHEBI:18086,CHEBI:40751,predicate:19,UMLS:C0233472,0.0
model_2.pt,CHEBI:144357,predicate:20,HP:0002857,CHEBI:40751,predicate:19,UMLS:C0233472,0.0
model_2.pt,CHEBI:16207,predicate:15,CHEBI:129768,CHEBI:40751,predicate:19,UMLS:C0233472,0.0
model_2.pt,CHEBI:139081,predicate:20,HP:0010864,CHEBI:40751,predicate:19,UMLS:C0233472,0.0
model_2.pt,PUBCHEM.COMPOUND:5702107,predicate:3,CHEBI:109116,CHEBI:40751,predicate:19,UMLS:C0233472,0.0
model_2.pt,CHEBI:71289,predicate:17,CHEBI:180867,CHEBI:40751,predicate:19,UMLS:C0233472,0.0
model_2.pt,PUBCHEM.COMPOUND:9834864,predicate:21,CHEBI:113373,CHEBI:40751,predicate:19,UMLS:C0233472,0.0
model_2.pt,PUBCHEM.COMPOUND:44431492,predicate:18,CHEBI:121826,CHEBI:40751,predicate:19,UMLS:C0233472,0.0
model_2.pt,PUBCHEM.COMPOUND:10432760,predicate:25,CHEBI:166658,CHEBI:40751,predicate:19,UMLS:C0233472,0.0
model_2.pt,PUBCHEM.COMPOUND:25015107,predicate:0,CHEBI:127989,CHEBI:40751,predicate:19,UMLS:C0233472,0.0
model_2.pt,PUBCHEM.COMPOUND:131757266,predicate:13,MONDO:0006749,CHEBI:40751,predicate:19,UMLS:C0233472,0.0
model_2.pt,CHEBI:72619,predicate:1,CHEBI:196198,CHEBI:40751,predicate:19,UMLS:C0233472,0.0
model_2.pt,CHEBI:71600,predicate:1,HMDB:HMDB0009929,CHEBI:40751,predicate:19,UMLS:C0233472,0.0
model_2.pt,CHEBI:184579,predicate:11,CHEBI:144250,CHEBI:40751,predicate:19,UMLS:C0233472,0.0
model_2.pt,CHEBI:88497,predicate:1,CHEBI:144822,CHEBI:40751,predicate:19,UMLS:C0233472,0.0
model_2.pt,CHEBI:15040,predicate:16,MONDO:0013171,CHEBI:40751,predicate:19,UMLS:C0233472,0.0
model_2.pt,MONDO:0005272,predicate:1,CHEBI:18262,CHEBI:40751,predicate:19,UMLS:C0233472,0.0
model_2.pt,CHEBI:126004,predicate:17,CHEBI:175375,CHEBI:40751,predicate:19,UMLS:C0233472,0.0
model_2.pt,MONDO:0035764,predicate:1,HMDB:HMDB0083268,CHEBI:40751,predicate:19,UMLS:C0233472,0.0
model_2.pt,PUBCHEM.COMPOUND:155512592,predicate:0,CHEBI:103843,CHEBI:40751,predicate:19,UMLS:C0233472,0.0
model_2.pt,CHEBI:15490,predicate:15,CHEBI:170609,CHEBI:40751,predicate:19,UMLS:C0233472,0.0
model_2.pt,CHEBI:138520,predicate:28,CHEBI:171141,CHEBI:40751,predicate:19,UMLS:C0233472,0.0
model_2.pt,CHEBI:131557,predicate:1,CHEBI:73731,CHEBI:40751,predicate:19,UMLS:C0233472,0.0
model_2.pt,CHEBI:134948,predicate:22,MONDO:0000831,CHEBI:40751,predicate:19,UMLS:C0233472,0.0
model_2.pt,PUBCHEM.COMPOUND:10578760,predicate:0,CHEBI:92697,CHEBI:40751,predicate:19,UMLS:C0233472,0.0
model_2.pt,HMDB:HMDB0076696,predicate:17,CHEBI:170784,CHEBI:40751,predicate:19,UMLS:C0233472,0.0
model_2.pt,MONDO:0859265,predicate:3,CHEBI:176304,CHEBI:40751,predicate:19,UMLS:C0233472,0.0
model_2.pt,CHEBI:113553,predicate:1,HMDB:HMDB0077232,CHEBI:40751,predicate:19,UMLS:C0233472,0.0
model_2.pt,PUBCHEM.COMPOUND:137226420,predicate:0,CHEBI:109116,CHEBI:40751,predicate:19,UMLS:C0233472,0.0
model_2.pt,MONDO:0010691,predicate:20,HP:0007957,CHEBI:40751,predicate:19,UMLS:C0233472,0.0
model_2.pt,CHEMBL.COMPOUND:CHEMBL536308,predicate:1,CHEBI:163814,CHEBI:40751,predicate:19,UMLS:C0233472,0.0
model_2.pt,CHEBI:83370,predicate:16,CHEBI:72635,CHEBI:40751,predicate:19,UMLS:C0233472,0.0
model_2.pt,PUBCHEM.COMPOUND:122196132,predicate:0,CHEBI:172159,CHEBI:40751,predicate:19,UMLS:C0233472,0.0
model_2.pt,MONDO:0011730,predicate:1,CHEMBL.COMPOUND:CHEMBL54465,CHEBI:40751,predicate:19,UMLS:C0233472,0.0
model_2.pt,MONDO:0011840,predicate:1,CHEBI:139280,CHEBI:40751,predicate:19,UMLS:C0233472,0.0
model_2.pt,CHEBI:17482,predicate:23,MONDO:0001382,CHEBI:40751,predicate:19,UMLS:C0233472,0.0
model_2.pt,PUBCHEM.COMPOUND:25263321,predicate:11,PUBCHEM.COMPOUND:3003511,CHEBI:40751,predicate:19,UMLS:C0233472,0.0
model_2.pt,PUBCHEM.COMPOUND:10216381,predicate:11,PUBCHEM.COMPOUND:10431492,CHEBI:40751,predicate:19,UMLS:C0233472,0.0
model_2.pt,NCBIGene:820781,predicate:12,PUBCHEM.COMPOUND:131761197,CHEBI:40751,predicate:19,UMLS:C0233472,0.0
model_2.pt,CHEBI:51068,predicate:17,HMDB:HMDB0009399,CHEBI:40751,predicate:19,UMLS:C0233472,0.0
model_2.pt,CHEBI:9330,predicate:22,MONDO:0005011,CHEBI:40751,predicate:19,UMLS:C0233472,0.0
model_2.pt,PUBCHEM.COMPOUND:10048208,predicate:26,CHEMBL.COMPOUND:CHEMBL151630,CHEBI:40751,predicate:19,UMLS:C0233472,0.0
model_2.pt,PUBCHEM.COMPOUND:44176335,predicate:0,CHEBI:105317,CHEBI:40751,predicate:19,UMLS:C0233472,0.0
model_2.pt,PUBCHEM.COMPOUND:49864838,predicate:18,CHEBI:109533,CHEBI:40751,predicate:19,UMLS:C0233472,0.0
model_2.pt,CHEBI:185985,predicate:16,CHEBI:70967,CHEBI:40751,predicate:19,UMLS:C0233472,0.0
model_2.pt,CHEMBL.COMPOUND:CHEMBL4798272,predicate:15,CHEBI:167641,CHEBI:40751,predicate:19,UMLS:C0233472,0.0
model_2.pt,PUBCHEM.COMPOUND:126739109,predicate:11,MONDO:0006996,CHEBI:40751,predicate:19,UMLS:C0233472,0.0
model_26.pt,MONDO:0012176,predicate:20,HP:0003028,CHEMBL.COMPOUND:CHEMBL558259,predicate:1,HMDB:HMDB0081634,0.0
model_26.pt,CHEBI:16959,predicate:17,CHEBI:172284,CHEMBL.COMPOUND:CHEMBL558259,predicate:1,HMDB:HMDB0081634,0.0
model_26.pt,PUBCHEM.COMPOUND:68020555,predicate:0,PUBCHEM.COMPOUND:44459583,CHEMBL.COMPOUND:CHEMBL558259,predicate:1,HMDB:HMDB0081634,0.0
model_26.pt,PUBCHEM.COMPOUND:137636752,predicate:0,CHEBI:134753,CHEMBL.COMPOUND:CHEMBL558259,predicate:1,HMDB:HMDB0081634,0.0
model_26.pt,PUBCHEM.COMPOUND:124221273,predicate:23,MONDO:0015691,CHEMBL.COMPOUND:CHEMBL558259,predicate:1,HMDB:HMDB0081634,0.0
model_26.pt,PUBCHEM.COMPOUND:130200977,predicate:18,CHEBI:144991,CHEMBL.COMPOUND:CHEMBL558259,predicate:1,HMDB:HMDB0081634,0.0
model_26.pt,MONDO:0005044,predicate:11,MONDO:0056796,CHEMBL.COMPOUND:CHEMBL558259,predicate:1,HMDB:HMDB0081634,0.0
model_26.pt,CHEBI:16592,predicate:41,CHEBI:114693,CHEMBL.COMPOUND:CHEMBL558259,predicate:1,HMDB:HMDB0081634,0.0
model_26.pt,CHEBI:166772,predicate:15,CHEBI:175537,CHEMBL.COMPOUND:CHEMBL558259,predicate:1,HMDB:HMDB0081634,0.0
model_26.pt,DRUGBANK:DB11158,predicate:2,MONDO:0005147,CHEMBL.COMPOUND:CHEMBL558259,predicate:1,HMDB:HMDB0081634,0.0
model_26.pt,CHEBI:145008,predicate:2,MONDO:0001076,CHEMBL.COMPOUND:CHEMBL558259,predicate:1,HMDB:HMDB0081634,0.0
model_26.pt,CHEBI:172333,predicate:11,CHEBI:84017,CHEMBL.COMPOUND:CHEMBL558259,predicate:1,HMDB:HMDB0081634,0.0
model_26.pt,CHEBI:188563,predicate:12,PUBCHEM.COMPOUND:52924335,CHEMBL.COMPOUND:CHEMBL558259,predicate:1,HMDB:HMDB0081634,0.0
model_26.pt,CHEBI:190239,predicate:11,HMDB:HMDB0072989,CHEMBL.COMPOUND:CHEMBL558259,predicate:1,HMDB:HMDB0081634,0.0
model_26.pt,CHEBI:135278,predicate:22,MONDO:0005559,CHEMBL.COMPOUND:CHEMBL558259,predicate:1,HMDB:HMDB0081634,0.0
model_26.pt,CHEBI:47040,predicate:15,CHEBI:146256,CHEMBL.COMPOUND:CHEMBL558259,predicate:1,HMDB:HMDB0081634,0.0
model_26.pt,CHEMBL.COMPOUND:CHEMBL4747062,predicate:0,CHEBI:71479,CHEMBL.COMPOUND:CHEMBL558259,predicate:1,HMDB:HMDB0081634,0.0
model_26.pt,CHEBI:42371,predicate:17,CHEBI:135736,CHEMBL.COMPOUND:CHEMBL558259,predicate:1,HMDB:HMDB0081634,0.0
model_26.pt,CHEBI:143114,predicate:1,CHEBI:125432,CHEMBL.COMPOUND:CHEMBL558259,predicate:1,HMDB:HMDB0081634,19.64794158935547
model_26.pt,CHEBI:185767,predicate:1,CHEBI:16264,CHEMBL.COMPOUND:CHEMBL558259,predicate:1,HMDB:HMDB0081634,-41.91133499145508
model_26.pt,CHEBI:109317,predicate:14,CHEBI:170587,CHEMBL.COMPOUND:CHEMBL558259,predicate:1,HMDB:HMDB0081634,0.0
model_26.pt,CHEMBL.COMPOUND:CHEMBL4877928,predicate:1,PUBCHEM.COMPOUND:130363355,CHEMBL.COMPOUND:CHEMBL558259,predicate:1,HMDB:HMDB0081634,-14.064813613891602
model_26.pt,CHEBI:136073,predicate:10,MONDO:0007263,CHEMBL.COMPOUND:CHEMBL558259,predicate:1,HMDB:HMDB0081634,0.0
model_26.pt,PUBCHEM.COMPOUND:131762323,predicate:13,CHEBI:149534,CHEMBL.COMPOUND:CHEMBL558259,predicate:1,HMDB:HMDB0081634,0.0
model_26.pt,PUBCHEM.COMPOUND:54325967,predicate:0,CHEBI:149800,CHEMBL.COMPOUND:CHEMBL558259,predicate:1,HMDB:HMDB0081634,0.0
model_26.pt,HP:0000021,predicate:0,CHEBI:167578,CHEMBL.COMPOUND:CHEMBL558259,predicate:1,HMDB:HMDB0081634,0.0
model_26.pt,CHEMBL.COMPOUND:CHEMBL4782467,predicate:15,CHEBI:134948,CHEMBL.COMPOUND:CHEMBL558259,predicate:1,HMDB:HMDB0081634,0.0
model_26.pt,NCBIGene:23163,predicate:18,NCBIGene:100528017,CHEMBL.COMPOUND:CHEMBL558259,predicate:1,HMDB:HMDB0081634,0.0
model_26.pt,CHEBI:142271,predicate:1,CHEBI:192396,CHEMBL.COMPOUND:CHEMBL558259,predicate:1,HMDB:HMDB0081634,32.51853942871094
model_26.pt,CHEBI:146285,predicate:12,PUBCHEM.COMPOUND:53478731,CHEMBL.COMPOUND:CHEMBL558259,predicate:1,HMDB:HMDB0081634,0.0
model_26.pt,CHEBI:136073,predicate:15,CHEBI:125586,CHEMBL.COMPOUND:CHEMBL558259,predicate:1,HMDB:HMDB0081634,0.0
model_26.pt,CHEMBL.COMPOUND:CHEMBL596806,predicate:20,HP:0000253,CHEMBL.COMPOUND:CHEMBL558259,predicate:1,HMDB:HMDB0081634,0.0
model_26.pt,NCBIGene:838170,predicate:13,CHEBI:75099,CHEMBL.COMPOUND:CHEMBL558259,predicate:1,HMDB:HMDB0081634,0.0
model_26.pt,PUBCHEM.COMPOUND:117859783,predicate:11,PUBCHEM.COMPOUND:10525997,CHEMBL.COMPOUND:CHEMBL558259,predicate:1,HMDB:HMDB0081634,0.0
model_26.pt,PUBCHEM.COMPOUND:127036977,predicate:0,CHEBI:103739,CHEMBL.COMPOUND:CHEMBL558259,predicate:1,HMDB:HMDB0081634,0.0
model_26.pt,PUBCHEM.COMPOUND:44433263,predicate:0,CHEBI:119893,CHEMBL.COMPOUND:CHEMBL558259,predicate:1,HMDB:HMDB0081634,0.0
model_26.pt,CHEBI:3914,predicate:15,CHEBI:190153,CHEMBL.COMPOUND:CHEMBL558259,predicate:1,HMDB:HMDB0081634,0.0
model_26.pt,PUBCHEM.COMPOUND:44314087,predicate:0,CHEBI:140407,CHEMBL.COMPOUND:CHEMBL558259,predicate:1,HMDB:HMDB0081634,0.0
model_26.pt,PUBCHEM.COMPOUND:25093440,predicate:0,CHEBI:113553,CHEMBL.COMPOUND:CHEMBL558259,predicate:1,HMDB:HMDB0081634,0.0
model_26.pt,CHEBI:65179,predicate:11,PUBCHEM.COMPOUND:11274029,CHEMBL.COMPOUND:CHEMBL558259,predicate:1,HMDB:HMDB0081634,0.0
model_26.pt,CHEBI:71580,predicate:22,MONDO:0005068,CHEMBL.COMPOUND:CHEMBL558259,predicate:1,HMDB:HMDB0081634,0.0
model_26.pt,CHEBI:190006,predicate:14,PUBCHEM.COMPOUND:118471641,CHEMBL.COMPOUND:CHEMBL558259,predicate:1,HMDB:HMDB0081634,0.0
model_26.pt,PUBCHEM.COMPOUND:59268935,predicate:0,CHEBI:113373,CHEMBL.COMPOUND:CHEMBL558259,predicate:1,HMDB:HMDB0081634,0.0
model_26.pt,CHEBI:157642,predicate:1,PUBCHEM.COMPOUND:130345144,CHEMBL.COMPOUND:CHEMBL558259,predicate:1,HMDB:HMDB0081634,6.911911964416504
model_26.pt,PUBCHEM.COMPOUND:57395067,predicate:0,CHEBI:167320,CHEMBL.COMPOUND:CHEMBL558259,predicate:1,HMDB:HMDB0081634,0.0
model_26.pt,PUBCHEM.COMPOUND:2744597,predicate:11,PUBCHEM.COMPOUND:2930224,CHEMBL.COMPOUND:CHEMBL558259,predicate:1,HMDB:HMDB0081634,0.0
model_26.pt,CHEBI:137225,predicate:17,CHEBI:131804,CHEMBL.COMPOUND:CHEMBL558259,predicate:1,HMDB:HMDB0081634,0.0
model_26.pt,CHEBI:111166,predicate:1,CHEBI:93303,CHEMBL.COMPOUND:CHEMBL558259,predicate:1,HMDB:HMDB0081634,25.52432632446289
model_26.pt,MONDO:0013171,predicate:20,MONDO:0001071,CHEMBL.COMPOUND:CHEMBL558259,predicate:1,HMDB:HMDB0081634,0.0
model_26.pt,CHEBI:143170,predicate:1,CHEBI:166778,CHEMBL.COMPOUND:CHEMBL558259,predicate:1,HMDB:HMDB0081634,15.926336288452148
model_26.pt,CHEBI:51561,predicate:2,HP:0001945,CHEMBL.COMPOUND:CHEMBL558259,predicate:1,HMDB:HMDB0081634,0.0
model_26.pt,UNII:5M691HL4BO,predicate:23,HP:0001288,CHEMBL.COMPOUND:CHEMBL558259,predicate:1,HMDB:HMDB0081634,0.0
model_26.pt,MONDO:0011122,predicate:18,CHEBI:132752,CHEMBL.COMPOUND:CHEMBL558259,predicate:1,HMDB:HMDB0081634,0.0
model_26.pt,PUBCHEM.COMPOUND:10314049,predicate:13,CHEBI:18086,CHEMBL.COMPOUND:CHEMBL558259,predicate:1,HMDB:HMDB0081634,0.0
model_26.pt,CHEBI:144357,predicate:20,HP:0002857,CHEMBL.COMPOUND:CHEMBL558259,predicate:1,HMDB:HMDB0081634,0.0
model_26.pt,CHEBI:16207,predicate:15,CHEBI:129768,CHEMBL.COMPOUND:CHEMBL558259,predicate:1,HMDB:HMDB0081634,0.0
model_26.pt,CHEBI:139081,predicate:20,HP:0010864,CHEMBL.COMPOUND:CHEMBL558259,predicate:1,HMDB:HMDB0081634,0.0
model_26.pt,PUBCHEM.COMPOUND:5702107,predicate:3,CHEBI:109116,CHEMBL.COMPOUND:CHEMBL558259,predicate:1,HMDB:HMDB0081634,0.0
model_26.pt,CHEBI:71289,predicate:17,CHEBI:180867,CHEMBL.COMPOUND:CHEMBL558259,predicate:1,HMDB:HMDB0081634,0.0
model_26.pt,PUBCHEM.COMPOUND:9834864,predicate:21,CHEBI:113373,CHEMBL.COMPOUND:CHEMBL558259,predicate:1,HMDB:HMDB0081634,0.0
model_26.pt,PUBCHEM.COMPOUND:44431492,predicate:18,CHEBI:121826,CHEMBL.COMPOUND:CHEMBL558259,predicate:1,HMDB:HMDB0081634,0.0
model_26.pt,PUBCHEM.COMPOUND:10432760,predicate:25,CHEBI:166658,CHEMBL.COMPOUND:CHEMBL558259,predicate:1,HMDB:HMDB0081634,0.0
model_26.pt,PUBCHEM.COMPOUND:25015107,predicate:0,CHEBI:127989,CHEMBL.COMPOUND:CHEMBL558259,predicate:1,HMDB:HMDB0081634,0.0
model_26.pt,PUBCHEM.COMPOUND:131757266,predicate:13,MONDO:0006749,CHEMBL.COMPOUND:CHEMBL558259,predicate:1,HMDB:HMDB0081634,0.0
model_26.pt,CHEBI:72619,predicate:1,CHEBI:196198,CHEMBL.COMPOUND:CHEMBL558259,predicate:1,HMDB:HMDB0081634,-41.72419738769531
model_26.pt,CHEBI:71600,predicate:1,HMDB:HMDB0009929,CHEMBL.COMPOUND:CHEMBL558259,predicate:1,HMDB:HMDB0081634,98.87117767333984
model_26.pt,CHEBI:184579,predicate:11,CHEBI:144250,CHEMBL.COMPOUND:CHEMBL558259,predicate:1,HMDB:HMDB0081634,0.0
model_26.pt,CHEBI:88497,predicate:1,CHEBI:144822,CHEMBL.COMPOUND:CHEMBL558259,predicate:1,HMDB:HMDB0081634,44.7894172668457
model_26.pt,CHEBI:15040,predicate:16,MONDO:0013171,CHEMBL.COMPOUND:CHEMBL558259,predicate:1,HMDB:HMDB0081634,0.0
model_26.pt,MONDO:0005272,predicate:1,CHEBI:18262,CHEMBL.COMPOUND:CHEMBL558259,predicate:1,HMDB:HMDB0081634,2.98636245727539
model_26.pt,CHEBI:126004,predicate:17,CHEBI:175375,CHEMBL.COMPOUND:CHEMBL558259,predicate:1,HMDB:HMDB0081634,0.0
model_26.pt,MONDO:0035764,predicate:1,HMDB:HMDB0083268,CHEMBL.COMPOUND:CHEMBL558259,predicate:1,HMDB:HMDB0081634,-40.63995361328125
model_26.pt,PUBCHEM.COMPOUND:155512592,predicate:0,CHEBI:103843,CHEMBL.COMPOUND:CHEMBL558259,predicate:1,HMDB:HMDB0081634,0.0
model_26.pt,CHEBI:15490,predicate:15,CHEBI:170609,CHEMBL.COMPOUND:CHEMBL558259,predicate:1,HMDB:HMDB0081634,0.0
model_26.pt,CHEBI:138520,predicate:28,CHEBI:171141,CHEMBL.COMPOUND:CHEMBL558259,predicate:1,HMDB:HMDB0081634,0.0
model_26.pt,CHEBI:131557,predicate:1,CHEBI:73731,CHEMBL.COMPOUND:CHEMBL558259,predicate:1,HMDB:HMDB0081634,-61.60347366333008
model_26.pt,CHEBI:134948,predicate:22,MONDO:0000831,CHEMBL.COMPOUND:CHEMBL558259,predicate:1,HMDB:HMDB0081634,0.0
model_26.pt,PUBCHEM.COMPOUND:10578760,predicate:0,CHEBI:92697,CHEMBL.COMPOUND:CHEMBL558259,predicate:1,HMDB:HMDB0081634,0.0
model_26.pt,HMDB:HMDB0076696,predicate:17,CHEBI:170784,CHEMBL.COMPOUND:CHEMBL558259,predicate:1,HMDB:HMDB0081634,0.0
model_26.pt,MONDO:0859265,predicate:3,CHEBI:176304,CHEMBL.COMPOUND:CHEMBL558259,predicate:1,HMDB:HMDB0081634,0.0
model_26.pt,CHEBI:113553,predicate:1,HMDB:HMDB0077232,CHEMBL.COMPOUND:CHEMBL558259,predicate:1,HMDB:HMDB0081634,-52.87508392333984
model_26.pt,PUBCHEM.COMPOUND:137226420,predicate:0,CHEBI:109116,CHEMBL.COMPOUND:CHEMBL558259,predicate:1,HMDB:HMDB0081634,0.0
model_26.pt,MONDO:0010691,predicate:20,HP:0007957,CHEMBL.COMPOUND:CHEMBL558259,predicate:1,HMDB:HMDB0081634,0.0
model_26.pt,CHEMBL.COMPOUND:CHEMBL536308,predicate:1,CHEBI:163814,CHEMBL.COMPOUND:CHEMBL558259,predicate:1,HMDB:HMDB0081634,11.63667106628418
model_26.pt,CHEBI:83370,predicate:16,CHEBI:72635,CHEMBL.COMPOUND:CHEMBL558259,predicate:1,HMDB:HMDB0081634,0.0
model_26.pt,PUBCHEM.COMPOUND:122196132,predicate:0,CHEBI:172159,CHEMBL.COMPOUND:CHEMBL558259,predicate:1,HMDB:HMDB0081634,0.0
model_26.pt,MONDO:0011730,predicate:1,CHEMBL.COMPOUND:CHEMBL54465,CHEMBL.COMPOUND:CHEMBL558259,predicate:1,HMDB:HMDB0081634,54.34300231933594
model_26.pt,MONDO:0011840,predicate:1,CHEBI:139280,CHEMBL.COMPOUND:CHEMBL558259,predicate:1,HMDB:HMDB0081634,3.966488838195801
model_26.pt,CHEBI:17482,predicate:23,MONDO:0001382,CHEMBL.COMPOUND:CHEMBL558259,predicate:1,HMDB:HMDB0081634,0.0
model_26.pt,PUBCHEM.COMPOUND:25263321,predicate:11,PUBCHEM.COMPOUND:3003511,CHEMBL.COMPOUND:CHEMBL558259,predicate:1,HMDB:HMDB0081634,0.0
model_26.pt,PUBCHEM.COMPOUND:10216381,predicate:11,PUBCHEM.COMPOUND:10431492,CHEMBL.COMPOUND:CHEMBL558259,predicate:1,HMDB:HMDB0081634,0.0
model_26.pt,NCBIGene:820781,predicate:12,PUBCHEM.COMPOUND:131761197,CHEMBL.COMPOUND:CHEMBL558259,predicate:1,HMDB:HMDB0081634,0.0
model_26.pt,CHEBI:51068,predicate:17,HMDB:HMDB0009399,CHEMBL.COMPOUND:CHEMBL558259,predicate:1,HMDB:HMDB0081634,0.0
model_26.pt,CHEBI:9330,predicate:22,MONDO:0005011,CHEMBL.COMPOUND:CHEMBL558259,predicate:1,HMDB:HMDB0081634,0.0
model_26.pt,PUBCHEM.COMPOUND:10048208,predicate:26,CHEMBL.COMPOUND:CHEMBL151630,CHEMBL.COMPOUND:CHEMBL558259,predicate:1,HMDB:HMDB0081634,0.0
model_26.pt,PUBCHEM.COMPOUND:44176335,predicate:0,CHEBI:105317,CHEMBL.COMPOUND:CHEMBL558259,predicate:1,HMDB:HMDB0081634,0.0
model_26.pt,PUBCHEM.COMPOUND:49864838,predicate:18,CHEBI:109533,CHEMBL.COMPOUND:CHEMBL558259,predicate:1,HMDB:HMDB0081634,0.0
model_26.pt,CHEBI:185985,predicate:16,CHEBI:70967,CHEMBL.COMPOUND:CHEMBL558259,predicate:1,HMDB:HMDB0081634,0.0
model_26.pt,CHEMBL.COMPOUND:CHEMBL4798272,predicate:15,CHEBI:167641,CHEMBL.COMPOUND:CHEMBL558259,predicate:1,HMDB:HMDB0081634,0.0
model_26.pt,PUBCHEM.COMPOUND:126739109,predicate:11,MONDO:0006996,CHEMBL.COMPOUND:CHEMBL558259,predicate:1,HMDB:HMDB0081634,0.0
model_26.pt,MONDO:0012176,predicate:20,HP:0003028,HP:0000153,predicate:11,MONDO:0008534,0.0
model_26.pt,CHEBI:16959,predicate:17,CHEBI:172284,HP:0000153,predicate:11,MONDO:0008534,0.0
model_26.pt,PUBCHEM.COMPOUND:68020555,predicate:0,PUBCHEM.COMPOUND:44459583,HP:0000153,predicate:11,MONDO:0008534,0.0
model_26.pt,PUBCHEM.COMPOUND:137636752,predicate:0,CHEBI:134753,HP:0000153,predicate:11,MONDO:0008534,0.0
model_26.pt,PUBCHEM.COMPOUND:124221273,predicate:23,MONDO:0015691,HP:0000153,predicate:11,MONDO:0008534,0.0
model_26.pt,PUBCHEM.COMPOUND:130200977,predicate:18,CHEBI:144991,HP:0000153,predicate:11,MONDO:0008534,0.0
model_26.pt,MONDO:0005044,predicate:11,MONDO:0056796,HP:0000153,predicate:11,MONDO:0008534,-5.792815208435059
model_26.pt,CHEBI:16592,predicate:41,CHEBI:114693,HP:0000153,predicate:11,MONDO:0008534,0.0
model_26.pt,CHEBI:166772,predicate:15,CHEBI:175537,HP:0000153,predicate:11,MONDO:0008534,0.0
model_26.pt,DRUGBANK:DB11158,predicate:2,MONDO:0005147,HP:0000153,predicate:11,MONDO:0008534,0.0
model_26.pt,CHEBI:145008,predicate:2,MONDO:0001076,HP:0000153,predicate:11,MONDO:0008534,0.0
model_26.pt,CHEBI:172333,predicate:11,CHEBI:84017,HP:0000153,predicate:11,MONDO:0008534,-30.825374603271484
model_26.pt,CHEBI:188563,predicate:12,PUBCHEM.COMPOUND:52924335,HP:0000153,predicate:11,MONDO:0008534,0.0
model_26.pt,CHEBI:190239,predicate:11,HMDB:HMDB0072989,HP:0000153,predicate:11,MONDO:0008534,0.4112548828125
model_26.pt,CHEBI:135278,predicate:22,MONDO:0005559,HP:0000153,predicate:11,MONDO:0008534,0.0
model_26.pt,CHEBI:47040,predicate:15,CHEBI:146256,HP:0000153,predicate:11,MONDO:0008534,0.0
model_26.pt,CHEMBL.COMPOUND:CHEMBL4747062,predicate:0,CHEBI:71479,HP:0000153,predicate:11,MONDO:0008534,0.0
model_26.pt,CHEBI:42371,predicate:17,CHEBI:135736,HP:0000153,predicate:11,MONDO:0008534,0.0
model_26.pt,CHEBI:143114,predicate:1,CHEBI:125432,HP:0000153,predicate:11,MONDO:0008534,0.0
model_26.pt,CHEBI:185767,predicate:1,CHEBI:16264,HP:0000153,predicate:11,MONDO:0008534,0.0
model_26.pt,CHEBI:109317,predicate:14,CHEBI:170587,HP:0000153,predicate:11,MONDO:0008534,0.0
model_26.pt,CHEMBL.COMPOUND:CHEMBL4877928,predicate:1,PUBCHEM.COMPOUND:130363355,HP:0000153,predicate:11,MONDO:0008534,0.0
model_26.pt,CHEBI:136073,predicate:10,MONDO:0007263,HP:0000153,predicate:11,MONDO:0008534,0.0
model_26.pt,PUBCHEM.COMPOUND:131762323,predicate:13,CHEBI:149534,HP:0000153,predicate:11,MONDO:0008534,0.0
model_26.pt,PUBCHEM.COMPOUND:54325967,predicate:0,CHEBI:149800,HP:0000153,predicate:11,MONDO:0008534,0.0
model_26.pt,HP:0000021,predicate:0,CHEBI:167578,HP:0000153,predicate:11,MONDO:0008534,0.0
model_26.pt,CHEMBL.COMPOUND:CHEMBL4782467,predicate:15,CHEBI:134948,HP:0000153,predicate:11,MONDO:0008534,0.0
model_26.pt,NCBIGene:23163,predicate:18,NCBIGene:100528017,HP:0000153,predicate:11,MONDO:0008534,0.0
model_26.pt,CHEBI:142271,predicate:1,CHEBI:192396,HP:0000153,predicate:11,MONDO:0008534,0.0
model_26.pt,CHEBI:146285,predicate:12,PUBCHEM.COMPOUND:53478731,HP:0000153,predicate:11,MONDO:0008534,0.0
model_26.pt,CHEBI:136073,predicate:15,CHEBI:125586,HP:0000153,predicate:11,MONDO:0008534,0.0
model_26.pt,CHEMBL.COMPOUND:CHEMBL596806,predicate:20,HP:0000253,HP:0000153,predicate:11,MONDO:0008534,0.0
model_26.pt,NCBIGene:838170,predicate:13,CHEBI:75099,HP:0000153,predicate:11,MONDO:0008534,0.0
model_26.pt,PUBCHEM.COMPOUND:117859783,predicate:11,PUBCHEM.COMPOUND:10525997,HP:0000153,predicate:11,MONDO:0008534,5.122367858886719
model_26.pt,PUBCHEM.COMPOUND:127036977,predicate:0,CHEBI:103739,HP:0000153,predicate:11,MONDO:0008534,0.0
model_26.pt,PUBCHEM.COMPOUND:44433263,predicate:0,CHEBI:119893,HP:0000153,predicate:11,MONDO:0008534,0.0
model_26.pt,CHEBI:3914,predicate:15,CHEBI:190153,HP:0000153,predicate:11,MONDO:0008534,0.0
model_26.pt,PUBCHEM.COMPOUND:44314087,predicate:0,CHEBI:140407,HP:0000153,predicate:11,MONDO:0008534,0.0
model_26.pt,PUBCHEM.COMPOUND:25093440,predicate:0,CHEBI:113553,HP:0000153,predicate:11,MONDO:0008534,0.0
model_26.pt,CHEBI:65179,predicate:11,PUBCHEM.COMPOUND:11274029,HP:0000153,predicate:11,MONDO:0008534,4.576541900634766
model_26.pt,CHEBI:71580,predicate:22,MONDO:0005068,HP:0000153,predicate:11,MONDO:0008534,0.0
model_26.pt,CHEBI:190006,predicate:14,PUBCHEM.COMPOUND:118471641,HP:0000153,predicate:11,MONDO:0008534,0.0
model_26.pt,PUBCHEM.COMPOUND:59268935,predicate:0,CHEBI:113373,HP:0000153,predicate:11,MONDO:0008534,0.0
model_26.pt,CHEBI:157642,predicate:1,PUBCHEM.COMPOUND:130345144,HP:0000153,predicate:11,MONDO:0008534,0.0
model_26.pt,PUBCHEM.COMPOUND:57395067,predicate:0,CHEBI:167320,HP:0000153,predicate:11,MONDO:0008534,0.0
model_26.pt,PUBCHEM.COMPOUND:2744597,predicate:11,PUBCHEM.COMPOUND:2930224,HP:0000153,predicate:11,MONDO:0008534,0.6834068298339844
model_26.pt,CHEBI:137225,predicate:17,CHEBI:131804,HP:0000153,predicate:11,MONDO:0008534,0.0
model_26.pt,CHEBI:111166,predicate:1,CHEBI:93303,HP:0000153,predicate:11,MONDO:0008534,0.0
model_26.pt,MONDO:0013171,predicate:20,MONDO:0001071,HP:0000153,predicate:11,MONDO:0008534,0.0
model_26.pt,CHEBI:143170,predicate:1,CHEBI:166778,HP:0000153,predicate:11,MONDO:0008534,0.0
model_26.pt,CHEBI:51561,predicate:2,HP:0001945,HP:0000153,predicate:11,MONDO:0008534,0.0
model_26.pt,UNII:5M691HL4BO,predicate:23,HP:0001288,HP:0000153,predicate:11,MONDO:0008534,0.0
model_26.pt,MONDO:0011122,predicate:18,CHEBI:132752,HP:0000153,predicate:11,MONDO:0008534,0.0
model_26.pt,PUBCHEM.COMPOUND:10314049,predicate:13,CHEBI:18086,HP:0000153,predicate:11,MONDO:0008534,0.0
model_26.pt,CHEBI:144357,predicate:20,HP:0002857,HP:0000153,predicate:11,MONDO:0008534,0.0
model_26.pt,CHEBI:16207,predicate:15,CHEBI:129768,HP:0000153,predicate:11,MONDO:0008534,0.0
model_26.pt,CHEBI:139081,predicate:20,HP:0010864,HP:0000153,predicate:11,MONDO:0008534,0.0
model_26.pt,PUBCHEM.COMPOUND:5702107,predicate:3,CHEBI:109116,HP:0000153,predicate:11,MONDO:0008534,0.0
model_26.pt,CHEBI:71289,predicate:17,CHEBI:180867,HP:0000153,predicate:11,MONDO:0008534,0.0
model_26.pt,PUBCHEM.COMPOUND:9834864,predicate:21,CHEBI:113373,HP:0000153,predicate:11,MONDO:0008534,0.0
model_26.pt,PUBCHEM.COMPOUND:44431492,predicate:18,CHEBI:121826,HP:0000153,predicate:11,MONDO:0008534,0.0
model_26.pt,PUBCHEM.COMPOUND:10432760,predicate:25,CHEBI:166658,HP:0000153,predicate:11,MONDO:0008534,0.0
model_26.pt,PUBCHEM.COMPOUND:25015107,predicate:0,CHEBI:127989,HP:0000153,predicate:11,MONDO:0008534,0.0
model_26.pt,PUBCHEM.COMPOUND:131757266,predicate:13,MONDO:0006749,HP:0000153,predicate:11,MONDO:0008534,0.0
model_26.pt,CHEBI:72619,predicate:1,CHEBI:196198,HP:0000153,predicate:11,MONDO:0008534,0.0
model_26.pt,CHEBI:71600,predicate:1,HMDB:HMDB0009929,HP:0000153,predicate:11,MONDO:0008534,0.0
model_26.pt,CHEBI:184579,predicate:11,CHEBI:144250,HP:0000153,predicate:11,MONDO:0008534,18.4018669128418
model_26.pt,CHEBI:88497,predicate:1,CHEBI:144822,HP:0000153,predicate:11,MONDO:0008534,0.0
model_26.pt,CHEBI:15040,predicate:16,MONDO:0013171,HP:0000153,predicate:11,MONDO:0008534,0.0
model_26.pt,MONDO:0005272,predicate:1,CHEBI:18262,HP:0000153,predicate:11,MONDO:0008534,0.0
model_26.pt,CHEBI:126004,predicate:17,CHEBI:175375,HP:0000153,predicate:11,MONDO:0008534,0.0
model_26.pt,MONDO:0035764,predicate:1,HMDB:HMDB0083268,HP:0000153,predicate:11,MONDO:0008534,0.0
model_26.pt,PUBCHEM.COMPOUND:155512592,predicate:0,CHEBI:103843,HP:0000153,predicate:11,MONDO:0008534,0.0
model_26.pt,CHEBI:15490,predicate:15,CHEBI:170609,HP:0000153,predicate:11,MONDO:0008534,0.0
model_26.pt,CHEBI:138520,predicate:28,CHEBI:171141,HP:0000153,predicate:11,MONDO:0008534,0.0
model_26.pt,CHEBI:131557,predicate:1,CHEBI:73731,HP:0000153,predicate:11,MONDO:0008534,0.0
model_26.pt,CHEBI:134948,predicate:22,MONDO:0000831,HP:0000153,predicate:11,MONDO:0008534,0.0
model_26.pt,PUBCHEM.COMPOUND:10578760,predicate:0,CHEBI:92697,HP:0000153,predicate:11,MONDO:0008534,0.0
model_26.pt,HMDB:HMDB0076696,predicate:17,CHEBI:170784,HP:0000153,predicate:11,MONDO:0008534,0.0
model_26.pt,MONDO:0859265,predicate:3,CHEBI:176304,HP:0000153,predicate:11,MONDO:0008534,0.0
model_26.pt,CHEBI:113553,predicate:1,HMDB:HMDB0077232,HP:0000153,predicate:11,MONDO:0008534,0.0
model_26.pt,PUBCHEM.COMPOUND:137226420,predicate:0,CHEBI:109116,HP:0000153,predicate:11,MONDO:0008534,0.0
model_26.pt,MONDO:0010691,predicate:20,HP:0007957,HP:0000153,predicate:11,MONDO:0008534,0.0
model_26.pt,CHEMBL.COMPOUND:CHEMBL536308,predicate:1,CHEBI:163814,HP:0000153,predicate:11,MONDO:0008534,0.0
model_26.pt,CHEBI:83370,predicate:16,CHEBI:72635,HP:0000153,predicate:11,MONDO:0008534,0.0
model_26.pt,PUBCHEM.COMPOUND:122196132,predicate:0,CHEBI:172159,HP:0000153,predicate:11,MONDO:0008534,0.0
model_26.pt,MONDO:0011730,predicate:1,CHEMBL.COMPOUND:CHEMBL54465,HP:0000153,predicate:11,MONDO:0008534,0.0
model_26.pt,MONDO:0011840,predicate:1,CHEBI:139280,HP:0000153,predicate:11,MONDO:0008534,0.0
model_26.pt,CHEBI:17482,predicate:23,MONDO:0001382,HP:0000153,predicate:11,MONDO:0008534,0.0
model_26.pt,PUBCHEM.COMPOUND:25263321,predicate:11,PUBCHEM.COMPOUND:3003511,HP:0000153,predicate:11,MONDO:0008534,-34.84439468383789
model_26.pt,PUBCHEM.COMPOUND:10216381,predicate:11,PUBCHEM.COMPOUND:10431492,HP:0000153,predicate:11,MONDO:0008534,34.84185791015625
model_26.pt,NCBIGene:820781,predicate:12,PUBCHEM.COMPOUND:131761197,HP:0000153,predicate:11,MONDO:0008534,0.0
model_26.pt,CHEBI:51068,predicate:17,HMDB:HMDB0009399,HP:0000153,predicate:11,MONDO:0008534,0.0
model_26.pt,CHEBI:9330,predicate:22,MONDO:0005011,HP:0000153,predicate:11,MONDO:0008534,0.0
model_26.pt,PUBCHEM.COMPOUND:10048208,predicate:26,CHEMBL.COMPOUND:CHEMBL151630,HP:0000153,predicate:11,MONDO:0008534,0.0
model_26.pt,PUBCHEM.COMPOUND:44176335,predicate:0,CHEBI:105317,HP:0000153,predicate:11,MONDO:0008534,0.0
model_26.pt,PUBCHEM.COMPOUND:49864838,predicate:18,CHEBI:109533,HP:0000153,predicate:11,MONDO:0008534,0.0
model_26.pt,CHEBI:185985,predicate:16,CHEBI:70967,HP:0000153,predicate:11,MONDO:0008534,0.0
model_26.pt,CHEMBL.COMPOUND:CHEMBL4798272,predicate:15,CHEBI:167641,HP:0000153,predicate:11,MONDO:0008534,0.0
model_26.pt,PUBCHEM.COMPOUND:126739109,predicate:11,MONDO:0006996,HP:0000153,predicate:11,MONDO:0008534,-61.53363037109375
model_26.pt,MONDO:0012176,predicate:20,HP:0003028,CHEBI:115712,predicate:1,CHEBI:91679,0.0
model_26.pt,CHEBI:16959,predicate:17,CHEBI:172284,CHEBI:115712,predicate:1,CHEBI:91679,0.0
model_26.pt,PUBCHEM.COMPOUND:68020555,predicate:0,PUBCHEM.COMPOUND:44459583,CHEBI:115712,predicate:1,CHEBI:91679,0.0
model_26.pt,PUBCHEM.COMPOUND:137636752,predicate:0,CHEBI:134753,CHEBI:115712,predicate:1,CHEBI:91679,0.0
model_26.pt,PUBCHEM.COMPOUND:124221273,predicate:23,MONDO:0015691,CHEBI:115712,predicate:1,CHEBI:91679,0.0
model_26.pt,PUBCHEM.COMPOUND:130200977,predicate:18,CHEBI:144991,CHEBI:115712,predicate:1,CHEBI:91679,0.0
model_26.pt,MONDO:0005044,predicate:11,MONDO:0056796,CHEBI:115712,predicate:1,CHEBI:91679,0.0
model_26.pt,CHEBI:16592,predicate:41,CHEBI:114693,CHEBI:115712,predicate:1,CHEBI:91679,0.0
model_26.pt,CHEBI:166772,predicate:15,CHEBI:175537,CHEBI:115712,predicate:1,CHEBI:91679,0.0
model_26.pt,DRUGBANK:DB11158,predicate:2,MONDO:0005147,CHEBI:115712,predicate:1,CHEBI:91679,0.0
model_26.pt,CHEBI:145008,predicate:2,MONDO:0001076,CHEBI:115712,predicate:1,CHEBI:91679,0.0
model_26.pt,CHEBI:172333,predicate:11,CHEBI:84017,CHEBI:115712,predicate:1,CHEBI:91679,0.0
model_26.pt,CHEBI:188563,predicate:12,PUBCHEM.COMPOUND:52924335,CHEBI:115712,predicate:1,CHEBI:91679,0.0
model_26.pt,CHEBI:190239,predicate:11,HMDB:HMDB0072989,CHEBI:115712,predicate:1,CHEBI:91679,0.0
model_26.pt,CHEBI:135278,predicate:22,MONDO:0005559,CHEBI:115712,predicate:1,CHEBI:91679,0.0
model_26.pt,CHEBI:47040,predicate:15,CHEBI:146256,CHEBI:115712,predicate:1,CHEBI:91679,0.0
model_26.pt,CHEMBL.COMPOUND:CHEMBL4747062,predicate:0,CHEBI:71479,CHEBI:115712,predicate:1,CHEBI:91679,0.0
model_26.pt,CHEBI:42371,predicate:17,CHEBI:135736,CHEBI:115712,predicate:1,CHEBI:91679,0.0
model_26.pt,CHEBI:143114,predicate:1,CHEBI:125432,CHEBI:115712,predicate:1,CHEBI:91679,31.711997985839844
model_26.pt,CHEBI:185767,predicate:1,CHEBI:16264,CHEBI:115712,predicate:1,CHEBI:91679,-70.14582824707031
model_26.pt,CHEBI:109317,predicate:14,CHEBI:170587,CHEBI:115712,predicate:1,CHEBI:91679,0.0
model_26.pt,CHEMBL.COMPOUND:CHEMBL4877928,predicate:1,PUBCHEM.COMPOUND:130363355,CHEBI:115712,predicate:1,CHEBI:91679,-23.47146224975586
model_26.pt,CHEBI:136073,predicate:10,MONDO:0007263,CHEBI:115712,predicate:1,CHEBI:91679,0.0
model_26.pt,PUBCHEM.COMPOUND:131762323,predicate:13,CHEBI:149534,CHEBI:115712,predicate:1,CHEBI:91679,0.0
model_26.pt,PUBCHEM.COMPOUND:54325967,predicate:0,CHEBI:149800,CHEBI:115712,predicate:1,CHEBI:91679,0.0
model_26.pt,HP:0000021,predicate:0,CHEBI:167578,CHEBI:115712,predicate:1,CHEBI:91679,0.0
model_26.pt,CHEMBL.COMPOUND:CHEMBL4782467,predicate:15,CHEBI:134948,CHEBI:115712,predicate:1,CHEBI:91679,0.0
model_26.pt,NCBIGene:23163,predicate:18,NCBIGene:100528017,CHEBI:115712,predicate:1,CHEBI:91679,0.0
model_26.pt,CHEBI:142271,predicate:1,CHEBI:192396,CHEBI:115712,predicate:1,CHEBI:91679,-26.394309997558597
model_26.pt,CHEBI:146285,predicate:12,PUBCHEM.COMPOUND:53478731,CHEBI:115712,predicate:1,CHEBI:91679,0.0
model_26.pt,CHEBI:136073,predicate:15,CHEBI:125586,CHEBI:115712,predicate:1,CHEBI:91679,0.0
model_26.pt,CHEMBL.COMPOUND:CHEMBL596806,predicate:20,HP:0000253,CHEBI:115712,predicate:1,CHEBI:91679,0.0
model_26.pt,NCBIGene:838170,predicate:13,CHEBI:75099,CHEBI:115712,predicate:1,CHEBI:91679,0.0
model_26.pt,PUBCHEM.COMPOUND:117859783,predicate:11,PUBCHEM.COMPOUND:10525997,CHEBI:115712,predicate:1,CHEBI:91679,0.0
model_26.pt,PUBCHEM.COMPOUND:127036977,predicate:0,CHEBI:103739,CHEBI:115712,predicate:1,CHEBI:91679,0.0
model_26.pt,PUBCHEM.COMPOUND:44433263,predicate:0,CHEBI:119893,CHEBI:115712,predicate:1,CHEBI:91679,0.0
model_26.pt,CHEBI:3914,predicate:15,CHEBI:190153,CHEBI:115712,predicate:1,CHEBI:91679,0.0
model_26.pt,PUBCHEM.COMPOUND:44314087,predicate:0,CHEBI:140407,CHEBI:115712,predicate:1,CHEBI:91679,0.0
model_26.pt,PUBCHEM.COMPOUND:25093440,predicate:0,CHEBI:113553,CHEBI:115712,predicate:1,CHEBI:91679,0.0
model_26.pt,CHEBI:65179,predicate:11,PUBCHEM.COMPOUND:11274029,CHEBI:115712,predicate:1,CHEBI:91679,0.0
model_26.pt,CHEBI:71580,predicate:22,MONDO:0005068,CHEBI:115712,predicate:1,CHEBI:91679,0.0
model_26.pt,CHEBI:190006,predicate:14,PUBCHEM.COMPOUND:118471641,CHEBI:115712,predicate:1,CHEBI:91679,0.0
model_26.pt,PUBCHEM.COMPOUND:59268935,predicate:0,CHEBI:113373,CHEBI:115712,predicate:1,CHEBI:91679,0.0
model_26.pt,CHEBI:157642,predicate:1,PUBCHEM.COMPOUND:130345144,CHEBI:115712,predicate:1,CHEBI:91679,69.81788635253906
model_26.pt,PUBCHEM.COMPOUND:57395067,predicate:0,CHEBI:167320,CHEBI:115712,predicate:1,CHEBI:91679,0.0
model_26.pt,PUBCHEM.COMPOUND:2744597,predicate:11,PUBCHEM.COMPOUND:2930224,CHEBI:115712,predicate:1,CHEBI:91679,0.0
model_26.pt,CHEBI:137225,predicate:17,CHEBI:131804,CHEBI:115712,predicate:1,CHEBI:91679,0.0
model_26.pt,CHEBI:111166,predicate:1,CHEBI:93303,CHEBI:115712,predicate:1,CHEBI:91679,-6.233681678771973
model_26.pt,MONDO:0013171,predicate:20,MONDO:0001071,CHEBI:115712,predicate:1,CHEBI:91679,0.0
model_26.pt,CHEBI:143170,predicate:1,CHEBI:166778,CHEBI:115712,predicate:1,CHEBI:91679,30.801868438720703
model_26.pt,CHEBI:51561,predicate:2,HP:0001945,CHEBI:115712,predicate:1,CHEBI:91679,0.0
model_26.pt,UNII:5M691HL4BO,predicate:23,HP:0001288,CHEBI:115712,predicate:1,CHEBI:91679,0.0
model_26.pt,MONDO:0011122,predicate:18,CHEBI:132752,CHEBI:115712,predicate:1,CHEBI:91679,0.0
model_26.pt,PUBCHEM.COMPOUND:10314049,predicate:13,CHEBI:18086,CHEBI:115712,predicate:1,CHEBI:91679,0.0
model_26.pt,CHEBI:144357,predicate:20,HP:0002857,CHEBI:115712,predicate:1,CHEBI:91679,0.0
model_26.pt,CHEBI:16207,predicate:15,CHEBI:129768,CHEBI:115712,predicate:1,CHEBI:91679,0.0
model_26.pt,CHEBI:139081,predicate:20,HP:0010864,CHEBI:115712,predicate:1,CHEBI:91679,0.0
model_26.pt,PUBCHEM.COMPOUND:5702107,predicate:3,CHEBI:109116,CHEBI:115712,predicate:1,CHEBI:91679,0.0
model_26.pt,CHEBI:71289,predicate:17,CHEBI:180867,CHEBI:115712,predicate:1,CHEBI:91679,0.0
model_26.pt,PUBCHEM.COMPOUND:9834864,predicate:21,CHEBI:113373,CHEBI:115712,predicate:1,CHEBI:91679,0.0
model_26.pt,PUBCHEM.COMPOUND:44431492,predicate:18,CHEBI:121826,CHEBI:115712,predicate:1,CHEBI:91679,0.0
model_26.pt,PUBCHEM.COMPOUND:10432760,predicate:25,CHEBI:166658,CHEBI:115712,predicate:1,CHEBI:91679,0.0
model_26.pt,PUBCHEM.COMPOUND:25015107,predicate:0,CHEBI:127989,CHEBI:115712,predicate:1,CHEBI:91679,0.0
model_26.pt,PUBCHEM.COMPOUND:131757266,predicate:13,MONDO:0006749,CHEBI:115712,predicate:1,CHEBI:91679,0.0
model_26.pt,CHEBI:72619,predicate:1,CHEBI:196198,CHEBI:115712,predicate:1,CHEBI:91679,10.378923416137695
model_26.pt,CHEBI:71600,predicate:1,HMDB:HMDB0009929,CHEBI:115712,predicate:1,CHEBI:91679,-83.53997802734375
model_26.pt,CHEBI:184579,predicate:11,CHEBI:144250,CHEBI:115712,predicate:1,CHEBI:91679,0.0
model_26.pt,CHEBI:88497,predicate:1,CHEBI:144822,CHEBI:115712,predicate:1,CHEBI:91679,-4.609777450561523
model_26.pt,CHEBI:15040,predicate:16,MONDO:0013171,CHEBI:115712,predicate:1,CHEBI:91679,0.0
model_26.pt,MONDO:0005272,predicate:1,CHEBI:18262,CHEBI:115712,predicate:1,CHEBI:91679,-95.96173858642578
model_26.pt,CHEBI:126004,predicate:17,CHEBI:175375,CHEBI:115712,predicate:1,CHEBI:91679,0.0
model_26.pt,MONDO:0035764,predicate:1,HMDB:HMDB0083268,CHEBI:115712,predicate:1,CHEBI:91679,-3.0419392585754395
model_26.pt,PUBCHEM.COMPOUND:155512592,predicate:0,CHEBI:103843,CHEBI:115712,predicate:1,CHEBI:91679,0.0
model_26.pt,CHEBI:15490,predicate:15,CHEBI:170609,CHEBI:115712,predicate:1,CHEBI:91679,0.0
model_26.pt,CHEBI:138520,predicate:28,CHEBI:171141,CHEBI:115712,predicate:1,CHEBI:91679,0.0
model_26.pt,CHEBI:131557,predicate:1,CHEBI:73731,CHEBI:115712,predicate:1,CHEBI:91679,-13.207935333251951
model_26.pt,CHEBI:134948,predicate:22,MONDO:0000831,CHEBI:115712,predicate:1,CHEBI:91679,0.0
model_26.pt,PUBCHEM.COMPOUND:10578760,predicate:0,CHEBI:92697,CHEBI:115712,predicate:1,CHEBI:91679,0.0
model_26.pt,HMDB:HMDB0076696,predicate:17,CHEBI:170784,CHEBI:115712,predicate:1,CHEBI:91679,0.0
model_26.pt,MONDO:0859265,predicate:3,CHEBI:176304,CHEBI:115712,predicate:1,CHEBI:91679,0.0
model_26.pt,CHEBI:113553,predicate:1,HMDB:HMDB0077232,CHEBI:115712,predicate:1,CHEBI:91679,6.950661659240723
model_26.pt,PUBCHEM.COMPOUND:137226420,predicate:0,CHEBI:109116,CHEBI:115712,predicate:1,CHEBI:91679,0.0
model_26.pt,MONDO:0010691,predicate:20,HP:0007957,CHEBI:115712,predicate:1,CHEBI:91679,0.0
model_26.pt,CHEMBL.COMPOUND:CHEMBL536308,predicate:1,CHEBI:163814,CHEBI:115712,predicate:1,CHEBI:91679,-37.81806182861328
model_26.pt,CHEBI:83370,predicate:16,CHEBI:72635,CHEBI:115712,predicate:1,CHEBI:91679,0.0
model_26.pt,PUBCHEM.COMPOUND:122196132,predicate:0,CHEBI:172159,CHEBI:115712,predicate:1,CHEBI:91679,0.0
model_26.pt,MONDO:0011730,predicate:1,CHEMBL.COMPOUND:CHEMBL54465,CHEBI:115712,predicate:1,CHEBI:91679,-78.91959381103516
model_26.pt,MONDO:0011840,predicate:1,CHEBI:139280,CHEBI:115712,predicate:1,CHEBI:91679,7.769733428955078
model_26.pt,CHEBI:17482,predicate:23,MONDO:0001382,CHEBI:115712,predicate:1,CHEBI:91679,0.0
model_26.pt,PUBCHEM.COMPOUND:25263321,predicate:11,PUBCHEM.COMPOUND:3003511,CHEBI:115712,predicate:1,CHEBI:91679,0.0
model_26.pt,PUBCHEM.COMPOUND:10216381,predicate:11,PUBCHEM.COMPOUND:10431492,CHEBI:115712,predicate:1,CHEBI:91679,0.0
model_26.pt,NCBIGene:820781,predicate:12,PUBCHEM.COMPOUND:131761197,CHEBI:115712,predicate:1,CHEBI:91679,0.0
model_26.pt,CHEBI:51068,predicate:17,HMDB:HMDB0009399,CHEBI:115712,predicate:1,CHEBI:91679,0.0
model_26.pt,CHEBI:9330,predicate:22,MONDO:0005011,CHEBI:115712,predicate:1,CHEBI:91679,0.0
model_26.pt,PUBCHEM.COMPOUND:10048208,predicate:26,CHEMBL.COMPOUND:CHEMBL151630,CHEBI:115712,predicate:1,CHEBI:91679,0.0
model_26.pt,PUBCHEM.COMPOUND:44176335,predicate:0,CHEBI:105317,CHEBI:115712,predicate:1,CHEBI:91679,0.0
model_26.pt,PUBCHEM.COMPOUND:49864838,predicate:18,CHEBI:109533,CHEBI:115712,predicate:1,CHEBI:91679,0.0
model_26.pt,CHEBI:185985,predicate:16,CHEBI:70967,CHEBI:115712,predicate:1,CHEBI:91679,0.0
model_26.pt,CHEMBL.COMPOUND:CHEMBL4798272,predicate:15,CHEBI:167641,CHEBI:115712,predicate:1,CHEBI:91679,0.0
model_26.pt,PUBCHEM.COMPOUND:126739109,predicate:11,MONDO:0006996,CHEBI:115712,predicate:1,CHEBI:91679,0.0
model_26.pt,MONDO:0012176,predicate:20,HP:0003028,CHEMBL.COMPOUND:CHEMBL417457,predicate:42,CHEBI:145225,0.0
model_26.pt,CHEBI:16959,predicate:17,CHEBI:172284,CHEMBL.COMPOUND:CHEMBL417457,predicate:42,CHEBI:145225,0.0
model_26.pt,PUBCHEM.COMPOUND:68020555,predicate:0,PUBCHEM.COMPOUND:44459583,CHEMBL.COMPOUND:CHEMBL417457,predicate:42,CHEBI:145225,0.0
model_26.pt,PUBCHEM.COMPOUND:137636752,predicate:0,CHEBI:134753,CHEMBL.COMPOUND:CHEMBL417457,predicate:42,CHEBI:145225,0.0
model_26.pt,PUBCHEM.COMPOUND:124221273,predicate:23,MONDO:0015691,CHEMBL.COMPOUND:CHEMBL417457,predicate:42,CHEBI:145225,0.0
model_26.pt,PUBCHEM.COMPOUND:130200977,predicate:18,CHEBI:144991,CHEMBL.COMPOUND:CHEMBL417457,predicate:42,CHEBI:145225,0.0
model_26.pt,MONDO:0005044,predicate:11,MONDO:0056796,CHEMBL.COMPOUND:CHEMBL417457,predicate:42,CHEBI:145225,0.0
model_26.pt,CHEBI:16592,predicate:41,CHEBI:114693,CHEMBL.COMPOUND:CHEMBL417457,predicate:42,CHEBI:145225,0.0
model_26.pt,CHEBI:166772,predicate:15,CHEBI:175537,CHEMBL.COMPOUND:CHEMBL417457,predicate:42,CHEBI:145225,0.0
model_26.pt,DRUGBANK:DB11158,predicate:2,MONDO:0005147,CHEMBL.COMPOUND:CHEMBL417457,predicate:42,CHEBI:145225,0.0
model_26.pt,CHEBI:145008,predicate:2,MONDO:0001076,CHEMBL.COMPOUND:CHEMBL417457,predicate:42,CHEBI:145225,0.0
model_26.pt,CHEBI:172333,predicate:11,CHEBI:84017,CHEMBL.COMPOUND:CHEMBL417457,predicate:42,CHEBI:145225,0.0
model_26.pt,CHEBI:188563,predicate:12,PUBCHEM.COMPOUND:52924335,CHEMBL.COMPOUND:CHEMBL417457,predicate:42,CHEBI:145225,0.0
model_26.pt,CHEBI:190239,predicate:11,HMDB:HMDB0072989,CHEMBL.COMPOUND:CHEMBL417457,predicate:42,CHEBI:145225,0.0
model_26.pt,CHEBI:135278,predicate:22,MONDO:0005559,CHEMBL.COMPOUND:CHEMBL417457,predicate:42,CHEBI:145225,0.0
model_26.pt,CHEBI:47040,predicate:15,CHEBI:146256,CHEMBL.COMPOUND:CHEMBL417457,predicate:42,CHEBI:145225,0.0
model_26.pt,CHEMBL.COMPOUND:CHEMBL4747062,predicate:0,CHEBI:71479,CHEMBL.COMPOUND:CHEMBL417457,predicate:42,CHEBI:145225,0.0
model_26.pt,CHEBI:42371,predicate:17,CHEBI:135736,CHEMBL.COMPOUND:CHEMBL417457,predicate:42,CHEBI:145225,0.0
model_26.pt,CHEBI:143114,predicate:1,CHEBI:125432,CHEMBL.COMPOUND:CHEMBL417457,predicate:42,CHEBI:145225,0.0
model_26.pt,CHEBI:185767,predicate:1,CHEBI:16264,CHEMBL.COMPOUND:CHEMBL417457,predicate:42,CHEBI:145225,0.0
model_26.pt,CHEBI:109317,predicate:14,CHEBI:170587,CHEMBL.COMPOUND:CHEMBL417457,predicate:42,CHEBI:145225,0.0
model_26.pt,CHEMBL.COMPOUND:CHEMBL4877928,predicate:1,PUBCHEM.COMPOUND:130363355,CHEMBL.COMPOUND:CHEMBL417457,predicate:42,CHEBI:145225,0.0
model_26.pt,CHEBI:136073,predicate:10,MONDO:0007263,CHEMBL.COMPOUND:CHEMBL417457,predicate:42,CHEBI:145225,0.0
model_26.pt,PUBCHEM.COMPOUND:131762323,predicate:13,CHEBI:149534,CHEMBL.COMPOUND:CHEMBL417457,predicate:42,CHEBI:145225,0.0
model_26.pt,PUBCHEM.COMPOUND:54325967,predicate:0,CHEBI:149800,CHEMBL.COMPOUND:CHEMBL417457,predicate:42,CHEBI:145225,0.0
model_26.pt,HP:0000021,predicate:0,CHEBI:167578,CHEMBL.COMPOUND:CHEMBL417457,predicate:42,CHEBI:145225,0.0
model_26.pt,CHEMBL.COMPOUND:CHEMBL4782467,predicate:15,CHEBI:134948,CHEMBL.COMPOUND:CHEMBL417457,predicate:42,CHEBI:145225,0.0
model_26.pt,NCBIGene:23163,predicate:18,NCBIGene:100528017,CHEMBL.COMPOUND:CHEMBL417457,predicate:42,CHEBI:145225,0.0
model_26.pt,CHEBI:142271,predicate:1,CHEBI:192396,CHEMBL.COMPOUND:CHEMBL417457,predicate:42,CHEBI:145225,0.0
model_26.pt,CHEBI:146285,predicate:12,PUBCHEM.COMPOUND:53478731,CHEMBL.COMPOUND:CHEMBL417457,predicate:42,CHEBI:145225,0.0
model_26.pt,CHEBI:136073,predicate:15,CHEBI:125586,CHEMBL.COMPOUND:CHEMBL417457,predicate:42,CHEBI:145225,0.0
model_26.pt,CHEMBL.COMPOUND:CHEMBL596806,predicate:20,HP:0000253,CHEMBL.COMPOUND:CHEMBL417457,predicate:42,CHEBI:145225,0.0
model_26.pt,NCBIGene:838170,predicate:13,CHEBI:75099,CHEMBL.COMPOUND:CHEMBL417457,predicate:42,CHEBI:145225,0.0
model_26.pt,PUBCHEM.COMPOUND:117859783,predicate:11,PUBCHEM.COMPOUND:10525997,CHEMBL.COMPOUND:CHEMBL417457,predicate:42,CHEBI:145225,0.0
model_26.pt,PUBCHEM.COMPOUND:127036977,predicate:0,CHEBI:103739,CHEMBL.COMPOUND:CHEMBL417457,predicate:42,CHEBI:145225,0.0
model_26.pt,PUBCHEM.COMPOUND:44433263,predicate:0,CHEBI:119893,CHEMBL.COMPOUND:CHEMBL417457,predicate:42,CHEBI:145225,0.0
model_26.pt,CHEBI:3914,predicate:15,CHEBI:190153,CHEMBL.COMPOUND:CHEMBL417457,predicate:42,CHEBI:145225,0.0
model_26.pt,PUBCHEM.COMPOUND:44314087,predicate:0,CHEBI:140407,CHEMBL.COMPOUND:CHEMBL417457,predicate:42,CHEBI:145225,0.0
model_26.pt,PUBCHEM.COMPOUND:25093440,predicate:0,CHEBI:113553,CHEMBL.COMPOUND:CHEMBL417457,predicate:42,CHEBI:145225,0.0
model_26.pt,CHEBI:65179,predicate:11,PUBCHEM.COMPOUND:11274029,CHEMBL.COMPOUND:CHEMBL417457,predicate:42,CHEBI:145225,0.0
model_26.pt,CHEBI:71580,predicate:22,MONDO:0005068,CHEMBL.COMPOUND:CHEMBL417457,predicate:42,CHEBI:145225,0.0
model_26.pt,CHEBI:190006,predicate:14,PUBCHEM.COMPOUND:118471641,CHEMBL.COMPOUND:CHEMBL417457,predicate:42,CHEBI:145225,0.0
model_26.pt,PUBCHEM.COMPOUND:59268935,predicate:0,CHEBI:113373,CHEMBL.COMPOUND:CHEMBL417457,predicate:42,CHEBI:145225,0.0
model_26.pt,CHEBI:157642,predicate:1,PUBCHEM.COMPOUND:130345144,CHEMBL.COMPOUND:CHEMBL417457,predicate:42,CHEBI:145225,0.0
model_26.pt,PUBCHEM.COMPOUND:57395067,predicate:0,CHEBI:167320,CHEMBL.COMPOUND:CHEMBL417457,predicate:42,CHEBI:145225,0.0
model_26.pt,PUBCHEM.COMPOUND:2744597,predicate:11,PUBCHEM.COMPOUND:2930224,CHEMBL.COMPOUND:CHEMBL417457,predicate:42,CHEBI:145225,0.0
model_26.pt,CHEBI:137225,predicate:17,CHEBI:131804,CHEMBL.COMPOUND:CHEMBL417457,predicate:42,CHEBI:145225,0.0
model_26.pt,CHEBI:111166,predicate:1,CHEBI:93303,CHEMBL.COMPOUND:CHEMBL417457,predicate:42,CHEBI:145225,0.0
model_26.pt,MONDO:0013171,predicate:20,MONDO:0001071,CHEMBL.COMPOUND:CHEMBL417457,predicate:42,CHEBI:145225,0.0
model_26.pt,CHEBI:143170,predicate:1,CHEBI:166778,CHEMBL.COMPOUND:CHEMBL417457,predicate:42,CHEBI:145225,0.0
model_26.pt,CHEBI:51561,predicate:2,HP:0001945,CHEMBL.COMPOUND:CHEMBL417457,predicate:42,CHEBI:145225,0.0
model_26.pt,UNII:5M691HL4BO,predicate:23,HP:0001288,CHEMBL.COMPOUND:CHEMBL417457,predicate:42,CHEBI:145225,0.0
model_26.pt,MONDO:0011122,predicate:18,CHEBI:132752,CHEMBL.COMPOUND:CHEMBL417457,predicate:42,CHEBI:145225,0.0
model_26.pt,PUBCHEM.COMPOUND:10314049,predicate:13,CHEBI:18086,CHEMBL.COMPOUND:CHEMBL417457,predicate:42,CHEBI:145225,0.0
model_26.pt,CHEBI:144357,predicate:20,HP:0002857,CHEMBL.COMPOUND:CHEMBL417457,predicate:42,CHEBI:145225,0.0
model_26.pt,CHEBI:16207,predicate:15,CHEBI:129768,CHEMBL.COMPOUND:CHEMBL417457,predicate:42,CHEBI:145225,0.0
model_26.pt,CHEBI:139081,predicate:20,HP:0010864,CHEMBL.COMPOUND:CHEMBL417457,predicate:42,CHEBI:145225,0.0
model_26.pt,PUBCHEM.COMPOUND:5702107,predicate:3,CHEBI:109116,CHEMBL.COMPOUND:CHEMBL417457,predicate:42,CHEBI:145225,0.0
model_26.pt,CHEBI:71289,predicate:17,CHEBI:180867,CHEMBL.COMPOUND:CHEMBL417457,predicate:42,CHEBI:145225,0.0
model_26.pt,PUBCHEM.COMPOUND:9834864,predicate:21,CHEBI:113373,CHEMBL.COMPOUND:CHEMBL417457,predicate:42,CHEBI:145225,0.0
model_26.pt,PUBCHEM.COMPOUND:44431492,predicate:18,CHEBI:121826,CHEMBL.COMPOUND:CHEMBL417457,predicate:42,CHEBI:145225,0.0
model_26.pt,PUBCHEM.COMPOUND:10432760,predicate:25,CHEBI:166658,CHEMBL.COMPOUND:CHEMBL417457,predicate:42,CHEBI:145225,0.0
model_26.pt,PUBCHEM.COMPOUND:25015107,predicate:0,CHEBI:127989,CHEMBL.COMPOUND:CHEMBL417457,predicate:42,CHEBI:145225,0.0
model_26.pt,PUBCHEM.COMPOUND:131757266,predicate:13,MONDO:0006749,CHEMBL.COMPOUND:CHEMBL417457,predicate:42,CHEBI:145225,0.0
model_26.pt,CHEBI:72619,predicate:1,CHEBI:196198,CHEMBL.COMPOUND:CHEMBL417457,predicate:42,CHEBI:145225,0.0
model_26.pt,CHEBI:71600,predicate:1,HMDB:HMDB0009929,CHEMBL.COMPOUND:CHEMBL417457,predicate:42,CHEBI:145225,0.0
model_26.pt,CHEBI:184579,predicate:11,CHEBI:144250,CHEMBL.COMPOUND:CHEMBL417457,predicate:42,CHEBI:145225,0.0
model_26.pt,CHEBI:88497,predicate:1,CHEBI:144822,CHEMBL.COMPOUND:CHEMBL417457,predicate:42,CHEBI:145225,0.0
model_26.pt,CHEBI:15040,predicate:16,MONDO:0013171,CHEMBL.COMPOUND:CHEMBL417457,predicate:42,CHEBI:145225,0.0
model_26.pt,MONDO:0005272,predicate:1,CHEBI:18262,CHEMBL.COMPOUND:CHEMBL417457,predicate:42,CHEBI:145225,0.0
model_26.pt,CHEBI:126004,predicate:17,CHEBI:175375,CHEMBL.COMPOUND:CHEMBL417457,predicate:42,CHEBI:145225,0.0
model_26.pt,MONDO:0035764,predicate:1,HMDB:HMDB0083268,CHEMBL.COMPOUND:CHEMBL417457,predicate:42,CHEBI:145225,0.0
model_26.pt,PUBCHEM.COMPOUND:155512592,predicate:0,CHEBI:103843,CHEMBL.COMPOUND:CHEMBL417457,predicate:42,CHEBI:145225,0.0
model_26.pt,CHEBI:15490,predicate:15,CHEBI:170609,CHEMBL.COMPOUND:CHEMBL417457,predicate:42,CHEBI:145225,0.0
model_26.pt,CHEBI:138520,predicate:28,CHEBI:171141,CHEMBL.COMPOUND:CHEMBL417457,predicate:42,CHEBI:145225,0.0
model_26.pt,CHEBI:131557,predicate:1,CHEBI:73731,CHEMBL.COMPOUND:CHEMBL417457,predicate:42,CHEBI:145225,0.0
model_26.pt,CHEBI:134948,predicate:22,MONDO:0000831,CHEMBL.COMPOUND:CHEMBL417457,predicate:42,CHEBI:145225,0.0
model_26.pt,PUBCHEM.COMPOUND:10578760,predicate:0,CHEBI:92697,CHEMBL.COMPOUND:CHEMBL417457,predicate:42,CHEBI:145225,0.0
model_26.pt,HMDB:HMDB0076696,predicate:17,CHEBI:170784,CHEMBL.COMPOUND:CHEMBL417457,predicate:42,CHEBI:145225,0.0
model_26.pt,MONDO:0859265,predicate:3,CHEBI:176304,CHEMBL.COMPOUND:CHEMBL417457,predicate:42,CHEBI:145225,0.0
model_26.pt,CHEBI:113553,predicate:1,HMDB:HMDB0077232,CHEMBL.COMPOUND:CHEMBL417457,predicate:42,CHEBI:145225,0.0
model_26.pt,PUBCHEM.COMPOUND:137226420,predicate:0,CHEBI:109116,CHEMBL.COMPOUND:CHEMBL417457,predicate:42,CHEBI:145225,0.0
model_26.pt,MONDO:0010691,predicate:20,HP:0007957,CHEMBL.COMPOUND:CHEMBL417457,predicate:42,CHEBI:145225,0.0
model_26.pt,CHEMBL.COMPOUND:CHEMBL536308,predicate:1,CHEBI:163814,CHEMBL.COMPOUND:CHEMBL417457,predicate:42,CHEBI:145225,0.0
model_26.pt,CHEBI:83370,predicate:16,CHEBI:72635,CHEMBL.COMPOUND:CHEMBL417457,predicate:42,CHEBI:145225,0.0
model_26.pt,PUBCHEM.COMPOUND:122196132,predicate:0,CHEBI:172159,CHEMBL.COMPOUND:CHEMBL417457,predicate:42,CHEBI:145225,0.0
model_26.pt,MONDO:0011730,predicate:1,CHEMBL.COMPOUND:CHEMBL54465,CHEMBL.COMPOUND:CHEMBL417457,predicate:42,CHEBI:145225,0.0
model_26.pt,MONDO:0011840,predicate:1,CHEBI:139280,CHEMBL.COMPOUND:CHEMBL417457,predicate:42,CHEBI:145225,0.0
model_26.pt,CHEBI:17482,predicate:23,MONDO:0001382,CHEMBL.COMPOUND:CHEMBL417457,predicate:42,CHEBI:145225,0.0
model_26.pt,PUBCHEM.COMPOUND:25263321,predicate:11,PUBCHEM.COMPOUND:3003511,CHEMBL.COMPOUND:CHEMBL417457,predicate:42,CHEBI:145225,0.0
model_26.pt,PUBCHEM.COMPOUND:10216381,predicate:11,PUBCHEM.COMPOUND:10431492,CHEMBL.COMPOUND:CHEMBL417457,predicate:42,CHEBI:145225,0.0
model_26.pt,NCBIGene:820781,predicate:12,PUBCHEM.COMPOUND:131761197,CHEMBL.COMPOUND:CHEMBL417457,predicate:42,CHEBI:145225,0.0
model_26.pt,CHEBI:51068,predicate:17,HMDB:HMDB0009399,CHEMBL.COMPOUND:CHEMBL417457,predicate:42,CHEBI:145225,0.0
model_26.pt,CHEBI:9330,predicate:22,MONDO:0005011,CHEMBL.COMPOUND:CHEMBL417457,predicate:42,CHEBI:145225,0.0
model_26.pt,PUBCHEM.COMPOUND:10048208,predicate:26,CHEMBL.COMPOUND:CHEMBL151630,CHEMBL.COMPOUND:CHEMBL417457,predicate:42,CHEBI:145225,0.0
model_26.pt,PUBCHEM.COMPOUND:44176335,predicate:0,CHEBI:105317,CHEMBL.COMPOUND:CHEMBL417457,predicate:42,CHEBI:145225,0.0
model_26.pt,PUBCHEM.COMPOUND:49864838,predicate:18,CHEBI:109533,CHEMBL.COMPOUND:CHEMBL417457,predicate:42,CHEBI:145225,0.0
model_26.pt,CHEBI:185985,predicate:16,CHEBI:70967,CHEMBL.COMPOUND:CHEMBL417457,predicate:42,CHEBI:145225,0.0
model_26.pt,CHEMBL.COMPOUND:CHEMBL4798272,predicate:15,CHEBI:167641,CHEMBL.COMPOUND:CHEMBL417457,predicate:42,CHEBI:145225,0.0
model_26.pt,PUBCHEM.COMPOUND:126739109,predicate:11,MONDO:0006996,CHEMBL.COMPOUND:CHEMBL417457,predicate:42,CHEBI:145225,0.0
model_26.pt,MONDO:0012176,predicate:20,HP:0003028,CHEBI:40751,predicate:19,UMLS:C0233472,0.0
model_26.pt,CHEBI:16959,predicate:17,CHEBI:172284,CHEBI:40751,predicate:19,UMLS:C0233472,0.0
model_26.pt,PUBCHEM.COMPOUND:68020555,predicate:0,PUBCHEM.COMPOUND:44459583,CHEBI:40751,predicate:19,UMLS:C0233472,0.0
model_26.pt,PUBCHEM.COMPOUND:137636752,predicate:0,CHEBI:134753,CHEBI:40751,predicate:19,UMLS:C0233472,0.0
model_26.pt,PUBCHEM.COMPOUND:124221273,predicate:23,MONDO:0015691,CHEBI:40751,predicate:19,UMLS:C0233472,0.0
model_26.pt,PUBCHEM.COMPOUND:130200977,predicate:18,CHEBI:144991,CHEBI:40751,predicate:19,UMLS:C0233472,0.0
model_26.pt,MONDO:0005044,predicate:11,MONDO:0056796,CHEBI:40751,predicate:19,UMLS:C0233472,0.0
model_26.pt,CHEBI:16592,predicate:41,CHEBI:114693,CHEBI:40751,predicate:19,UMLS:C0233472,0.0
model_26.pt,CHEBI:166772,predicate:15,CHEBI:175537,CHEBI:40751,predicate:19,UMLS:C0233472,0.0
model_26.pt,DRUGBANK:DB11158,predicate:2,MONDO:0005147,CHEBI:40751,predicate:19,UMLS:C0233472,0.0
model_26.pt,CHEBI:145008,predicate:2,MONDO:0001076,CHEBI:40751,predicate:19,UMLS:C0233472,0.0
model_26.pt,CHEBI:172333,predicate:11,CHEBI:84017,CHEBI:40751,predicate:19,UMLS:C0233472,0.0
model_26.pt,CHEBI:188563,predicate:12,PUBCHEM.COMPOUND:52924335,CHEBI:40751,predicate:19,UMLS:C0233472,0.0
model_26.pt,CHEBI:190239,predicate:11,HMDB:HMDB0072989,CHEBI:40751,predicate:19,UMLS:C0233472,0.0
model_26.pt,CHEBI:135278,predicate:22,MONDO:0005559,CHEBI:40751,predicate:19,UMLS:C0233472,0.0
model_26.pt,CHEBI:47040,predicate:15,CHEBI:146256,CHEBI:40751,predicate:19,UMLS:C0233472,0.0
model_26.pt,CHEMBL.COMPOUND:CHEMBL4747062,predicate:0,CHEBI:71479,CHEBI:40751,predicate:19,UMLS:C0233472,0.0
model_26.pt,CHEBI:42371,predicate:17,CHEBI:135736,CHEBI:40751,predicate:19,UMLS:C0233472,0.0
model_26.pt,CHEBI:143114,predicate:1,CHEBI:125432,CHEBI:40751,predicate:19,UMLS:C0233472,0.0
model_26.pt,CHEBI:185767,predicate:1,CHEBI:16264,CHEBI:40751,predicate:19,UMLS:C0233472,0.0
model_26.pt,CHEBI:109317,predicate:14,CHEBI:170587,CHEBI:40751,predicate:19,UMLS:C0233472,0.0
model_26.pt,CHEMBL.COMPOUND:CHEMBL4877928,predicate:1,PUBCHEM.COMPOUND:130363355,CHEBI:40751,predicate:19,UMLS:C0233472,0.0
model_26.pt,CHEBI:136073,predicate:10,MONDO:0007263,CHEBI:40751,predicate:19,UMLS:C0233472,0.0
model_26.pt,PUBCHEM.COMPOUND:131762323,predicate:13,CHEBI:149534,CHEBI:40751,predicate:19,UMLS:C0233472,0.0
model_26.pt,PUBCHEM.COMPOUND:54325967,predicate:0,CHEBI:149800,CHEBI:40751,predicate:19,UMLS:C0233472,0.0
model_26.pt,HP:0000021,predicate:0,CHEBI:167578,CHEBI:40751,predicate:19,UMLS:C0233472,0.0
model_26.pt,CHEMBL.COMPOUND:CHEMBL4782467,predicate:15,CHEBI:134948,CHEBI:40751,predicate:19,UMLS:C0233472,0.0
model_26.pt,NCBIGene:23163,predicate:18,NCBIGene:100528017,CHEBI:40751,predicate:19,UMLS:C0233472,0.0
model_26.pt,CHEBI:142271,predicate:1,CHEBI:192396,CHEBI:40751,predicate:19,UMLS:C0233472,0.0
model_26.pt,CHEBI:146285,predicate:12,PUBCHEM.COMPOUND:53478731,CHEBI:40751,predicate:19,UMLS:C0233472,0.0
model_26.pt,CHEBI:136073,predicate:15,CHEBI:125586,CHEBI:40751,predicate:19,UMLS:C0233472,0.0
model_26.pt,CHEMBL.COMPOUND:CHEMBL596806,predicate:20,HP:0000253,CHEBI:40751,predicate:19,UMLS:C0233472,0.0
model_26.pt,NCBIGene:838170,predicate:13,CHEBI:75099,CHEBI:40751,predicate:19,UMLS:C0233472,0.0
model_26.pt,PUBCHEM.COMPOUND:117859783,predicate:11,PUBCHEM.COMPOUND:10525997,CHEBI:40751,predicate:19,UMLS:C0233472,0.0
model_26.pt,PUBCHEM.COMPOUND:127036977,predicate:0,CHEBI:103739,CHEBI:40751,predicate:19,UMLS:C0233472,0.0
model_26.pt,PUBCHEM.COMPOUND:44433263,predicate:0,CHEBI:119893,CHEBI:40751,predicate:19,UMLS:C0233472,0.0
model_26.pt,CHEBI:3914,predicate:15,CHEBI:190153,CHEBI:40751,predicate:19,UMLS:C0233472,0.0
model_26.pt,PUBCHEM.COMPOUND:44314087,predicate:0,CHEBI:140407,CHEBI:40751,predicate:19,UMLS:C0233472,0.0
model_26.pt,PUBCHEM.COMPOUND:25093440,predicate:0,CHEBI:113553,CHEBI:40751,predicate:19,UMLS:C0233472,0.0
model_26.pt,CHEBI:65179,predicate:11,PUBCHEM.COMPOUND:11274029,CHEBI:40751,predicate:19,UMLS:C0233472,0.0
model_26.pt,CHEBI:71580,predicate:22,MONDO:0005068,CHEBI:40751,predicate:19,UMLS:C0233472,0.0
model_26.pt,CHEBI:190006,predicate:14,PUBCHEM.COMPOUND:118471641,CHEBI:40751,predicate:19,UMLS:C0233472,0.0
model_26.pt,PUBCHEM.COMPOUND:59268935,predicate:0,CHEBI:113373,CHEBI:40751,predicate:19,UMLS:C0233472,0.0
model_26.pt,CHEBI:157642,predicate:1,PUBCHEM.COMPOUND:130345144,CHEBI:40751,predicate:19,UMLS:C0233472,0.0
model_26.pt,PUBCHEM.COMPOUND:57395067,predicate:0,CHEBI:167320,CHEBI:40751,predicate:19,UMLS:C0233472,0.0
model_26.pt,PUBCHEM.COMPOUND:2744597,predicate:11,PUBCHEM.COMPOUND:2930224,CHEBI:40751,predicate:19,UMLS:C0233472,0.0
model_26.pt,CHEBI:137225,predicate:17,CHEBI:131804,CHEBI:40751,predicate:19,UMLS:C0233472,0.0
model_26.pt,CHEBI:111166,predicate:1,CHEBI:93303,CHEBI:40751,predicate:19,UMLS:C0233472,0.0
model_26.pt,MONDO:0013171,predicate:20,MONDO:0001071,CHEBI:40751,predicate:19,UMLS:C0233472,0.0
model_26.pt,CHEBI:143170,predicate:1,CHEBI:166778,CHEBI:40751,predicate:19,UMLS:C0233472,0.0
model_26.pt,CHEBI:51561,predicate:2,HP:0001945,CHEBI:40751,predicate:19,UMLS:C0233472,0.0
model_26.pt,UNII:5M691HL4BO,predicate:23,HP:0001288,CHEBI:40751,predicate:19,UMLS:C0233472,0.0
model_26.pt,MONDO:0011122,predicate:18,CHEBI:132752,CHEBI:40751,predicate:19,UMLS:C0233472,0.0
model_26.pt,PUBCHEM.COMPOUND:10314049,predicate:13,CHEBI:18086,CHEBI:40751,predicate:19,UMLS:C0233472,0.0
model_26.pt,CHEBI:144357,predicate:20,HP:0002857,CHEBI:40751,predicate:19,UMLS:C0233472,0.0
model_26.pt,CHEBI:16207,predicate:15,CHEBI:129768,CHEBI:40751,predicate:19,UMLS:C0233472,0.0
model_26.pt,CHEBI:139081,predicate:20,HP:0010864,CHEBI:40751,predicate:19,UMLS:C0233472,0.0
model_26.pt,PUBCHEM.COMPOUND:5702107,predicate:3,CHEBI:109116,CHEBI:40751,predicate:19,UMLS:C0233472,0.0
model_26.pt,CHEBI:71289,predicate:17,CHEBI:180867,CHEBI:40751,predicate:19,UMLS:C0233472,0.0
model_26.pt,PUBCHEM.COMPOUND:9834864,predicate:21,CHEBI:113373,CHEBI:40751,predicate:19,UMLS:C0233472,0.0
model_26.pt,PUBCHEM.COMPOUND:44431492,predicate:18,CHEBI:121826,CHEBI:40751,predicate:19,UMLS:C0233472,0.0
model_26.pt,PUBCHEM.COMPOUND:10432760,predicate:25,CHEBI:166658,CHEBI:40751,predicate:19,UMLS:C0233472,0.0
model_26.pt,PUBCHEM.COMPOUND:25015107,predicate:0,CHEBI:127989,CHEBI:40751,predicate:19,UMLS:C0233472,0.0
model_26.pt,PUBCHEM.COMPOUND:131757266,predicate:13,MONDO:0006749,CHEBI:40751,predicate:19,UMLS:C0233472,0.0
model_26.pt,CHEBI:72619,predicate:1,CHEBI:196198,CHEBI:40751,predicate:19,UMLS:C0233472,0.0
model_26.pt,CHEBI:71600,predicate:1,HMDB:HMDB0009929,CHEBI:40751,predicate:19,UMLS:C0233472,0.0
model_26.pt,CHEBI:184579,predicate:11,CHEBI:144250,CHEBI:40751,predicate:19,UMLS:C0233472,0.0
model_26.pt,CHEBI:88497,predicate:1,CHEBI:144822,CHEBI:40751,predicate:19,UMLS:C0233472,0.0
model_26.pt,CHEBI:15040,predicate:16,MONDO:0013171,CHEBI:40751,predicate:19,UMLS:C0233472,0.0
model_26.pt,MONDO:0005272,predicate:1,CHEBI:18262,CHEBI:40751,predicate:19,UMLS:C0233472,0.0
model_26.pt,CHEBI:126004,predicate:17,CHEBI:175375,CHEBI:40751,predicate:19,UMLS:C0233472,0.0
model_26.pt,MONDO:0035764,predicate:1,HMDB:HMDB0083268,CHEBI:40751,predicate:19,UMLS:C0233472,0.0
model_26.pt,PUBCHEM.COMPOUND:155512592,predicate:0,CHEBI:103843,CHEBI:40751,predicate:19,UMLS:C0233472,0.0
model_26.pt,CHEBI:15490,predicate:15,CHEBI:170609,CHEBI:40751,predicate:19,UMLS:C0233472,0.0
model_26.pt,CHEBI:138520,predicate:28,CHEBI:171141,CHEBI:40751,predicate:19,UMLS:C0233472,0.0
model_26.pt,CHEBI:131557,predicate:1,CHEBI:73731,CHEBI:40751,predicate:19,UMLS:C0233472,0.0
model_26.pt,CHEBI:134948,predicate:22,MONDO:0000831,CHEBI:40751,predicate:19,UMLS:C0233472,0.0
model_26.pt,PUBCHEM.COMPOUND:10578760,predicate:0,CHEBI:92697,CHEBI:40751,predicate:19,UMLS:C0233472,0.0
model_26.pt,HMDB:HMDB0076696,predicate:17,CHEBI:170784,CHEBI:40751,predicate:19,UMLS:C0233472,0.0
model_26.pt,MONDO:0859265,predicate:3,CHEBI:176304,CHEBI:40751,predicate:19,UMLS:C0233472,0.0
model_26.pt,CHEBI:113553,predicate:1,HMDB:HMDB0077232,CHEBI:40751,predicate:19,UMLS:C0233472,0.0
model_26.pt,PUBCHEM.COMPOUND:137226420,predicate:0,CHEBI:109116,CHEBI:40751,predicate:19,UMLS:C0233472,0.0
model_26.pt,MONDO:0010691,predicate:20,HP:0007957,CHEBI:40751,predicate:19,UMLS:C0233472,0.0
model_26.pt,CHEMBL.COMPOUND:CHEMBL536308,predicate:1,CHEBI:163814,CHEBI:40751,predicate:19,UMLS:C0233472,0.0
model_26.pt,CHEBI:83370,predicate:16,CHEBI:72635,CHEBI:40751,predicate:19,UMLS:C0233472,0.0
model_26.pt,PUBCHEM.COMPOUND:122196132,predicate:0,CHEBI:172159,CHEBI:40751,predicate:19,UMLS:C0233472,0.0
model_26.pt,MONDO:0011730,predicate:1,CHEMBL.COMPOUND:CHEMBL54465,CHEBI:40751,predicate:19,UMLS:C0233472,0.0
model_26.pt,MONDO:0011840,predicate:1,CHEBI:139280,CHEBI:40751,predicate:19,UMLS:C0233472,0.0
model_26.pt,CHEBI:17482,predicate:23,MONDO:0001382,CHEBI:40751,predicate:19,UMLS:C0233472,0.0
model_26.pt,PUBCHEM.COMPOUND:25263321,predicate:11,PUBCHEM.COMPOUND:3003511,CHEBI:40751,predicate:19,UMLS:C0233472,0.0
model_26.pt,PUBCHEM.COMPOUND:10216381,predicate:11,PUBCHEM.COMPOUND:10431492,CHEBI:40751,predicate:19,UMLS:C0233472,0.0
model_26.pt,NCBIGene:820781,predicate:12,PUBCHEM.COMPOUND:131761197,CHEBI:40751,predicate:19,UMLS:C0233472,0.0
model_26.pt,CHEBI:51068,predicate:17,HMDB:HMDB0009399,CHEBI:40751,predicate:19,UMLS:C0233472,0.0
model_26.pt,CHEBI:9330,predicate:22,MONDO:0005011,CHEBI:40751,predicate:19,UMLS:C0233472,0.0
model_26.pt,PUBCHEM.COMPOUND:10048208,predicate:26,CHEMBL.COMPOUND:CHEMBL151630,CHEBI:40751,predicate:19,UMLS:C0233472,0.0
model_26.pt,PUBCHEM.COMPOUND:44176335,predicate:0,CHEBI:105317,CHEBI:40751,predicate:19,UMLS:C0233472,0.0
model_26.pt,PUBCHEM.COMPOUND:49864838,predicate:18,CHEBI:109533,CHEBI:40751,predicate:19,UMLS:C0233472,0.0
model_26.pt,CHEBI:185985,predicate:16,CHEBI:70967,CHEBI:40751,predicate:19,UMLS:C0233472,0.0
model_26.pt,CHEMBL.COMPOUND:CHEMBL4798272,predicate:15,CHEBI:167641,CHEBI:40751,predicate:19,UMLS:C0233472,0.0
model_26.pt,PUBCHEM.COMPOUND:126739109,predicate:11,MONDO:0006996,CHEBI:40751,predicate:19,UMLS:C0233472,0.0
