checkpoint,train_h,train_r,train_t,test_h,test_r,test_t,influence
model_10.pt,MONDO:0012176,predicate:13,HP:0003028,NCBIGene:27230,predicate:1,NCBIGene:55325,0.0
model_10.pt,CHEBI:6809,predicate:9,NCBIGene:8061,NCBIGene:27230,predicate:1,NCBIGene:55325,0.0
model_10.pt,PUBCHEM.COMPOUND:1113514,predicate:0,NCBIGene:946552,NCBIGene:27230,predicate:1,NCBIGene:55325,0.0
model_10.pt,PUBCHEM.COMPOUND:137636752,predicate:0,NCBIGene:3065,NCBIGene:27230,predicate:1,NCBIGene:55325,0.0
model_10.pt,CHEBI:367163,predicate:16,MONDO:0015691,NCBIGene:27230,predicate:1,NCBIGene:55325,0.0
model_10.pt,PUBCHEM.COMPOUND:130200977,predicate:10,NCBIGene:4988,NCBIGene:27230,predicate:1,NCBIGene:55325,0.0
model_10.pt,NCBIGene:78987,predicate:3,NCBIGene:92255,NCBIGene:27230,predicate:1,NCBIGene:55325,0.0
model_10.pt,NCBIGene:6352,predicate:36,NCBIGene:1234,NCBIGene:27230,predicate:1,NCBIGene:55325,0.0
model_10.pt,CHEBI:6443,predicate:7,NCBIGene:8644,NCBIGene:27230,predicate:1,NCBIGene:55325,0.0
model_10.pt,DRUGBANK:DB11158,predicate:12,MONDO:0005147,NCBIGene:27230,predicate:1,NCBIGene:55325,0.0
model_10.pt,CHEBI:5000,predicate:12,MONDO:0001076,NCBIGene:27230,predicate:1,NCBIGene:55325,0.0
model_10.pt,NCBIGene:8089,predicate:3,NCBIGene:26122,NCBIGene:27230,predicate:1,NCBIGene:55325,0.0
model_10.pt,NCBIGene:10400,predicate:4,PUBCHEM.COMPOUND:52924335,NCBIGene:27230,predicate:1,NCBIGene:55325,0.0
model_10.pt,NCBIGene:10618,predicate:3,NCBIGene:54887,NCBIGene:27230,predicate:1,NCBIGene:55325,0.0
model_10.pt,NCBIGene:3308,predicate:15,MONDO:0005559,NCBIGene:27230,predicate:1,NCBIGene:55325,0.0
model_10.pt,CHEBI:17351,predicate:7,NCBIGene:5315,NCBIGene:27230,predicate:1,NCBIGene:55325,0.0
model_10.pt,CHEMBL.COMPOUND:CHEMBL4747062,predicate:0,NCBIGene:23028,NCBIGene:27230,predicate:1,NCBIGene:55325,0.0
model_10.pt,CHEBI:16842,predicate:9,NCBIGene:3557,NCBIGene:27230,predicate:1,NCBIGene:55325,0.0
model_10.pt,NCBIGene:4616,predicate:1,NCBIGene:2034,NCBIGene:27230,predicate:1,NCBIGene:55325,-71.67643737792969
model_10.pt,NCBIGene:10201,predicate:1,NCBIGene:6154,NCBIGene:27230,predicate:1,NCBIGene:55325,-39.54631042480469
model_10.pt,NCBIGene:794,predicate:6,NCBIGene:7135,NCBIGene:27230,predicate:1,NCBIGene:55325,0.0
model_10.pt,NCBIGene:50834,predicate:1,NCBIGene:403277,NCBIGene:27230,predicate:1,NCBIGene:55325,-57.12114715576172
model_10.pt,CHEBI:3755,predicate:2,MONDO:0007263,NCBIGene:27230,predicate:1,NCBIGene:55325,0.0
model_10.pt,PUBCHEM.COMPOUND:131762323,predicate:5,NCBIGene:5407,NCBIGene:27230,predicate:1,NCBIGene:55325,0.0
model_10.pt,PUBCHEM.COMPOUND:54325967,predicate:0,NCBIGene:5468,NCBIGene:27230,predicate:1,NCBIGene:55325,0.0
model_10.pt,CHEBI:64354,predicate:0,NCBIGene:6559,NCBIGene:27230,predicate:1,NCBIGene:55325,0.0
model_10.pt,CHEBI:44423,predicate:7,NCBIGene:3162,NCBIGene:27230,predicate:1,NCBIGene:55325,0.0
model_10.pt,NCBIGene:113174,predicate:10,NCBIGene:100528017,NCBIGene:27230,predicate:1,NCBIGene:55325,0.0
model_10.pt,NCBIGene:4502,predicate:1,NCBIGene:10912,NCBIGene:27230,predicate:1,NCBIGene:55325,-56.18060302734375
model_10.pt,NCBIGene:5321,predicate:4,PUBCHEM.COMPOUND:53478731,NCBIGene:27230,predicate:1,NCBIGene:55325,0.0
model_10.pt,CHEBI:3755,predicate:7,NCBIGene:2100,NCBIGene:27230,predicate:1,NCBIGene:55325,0.0
model_10.pt,NCBIGene:51741,predicate:13,HP:0000253,NCBIGene:27230,predicate:1,NCBIGene:55325,0.0
model_10.pt,CHEBI:156122,predicate:5,NCBIGene:23761,NCBIGene:27230,predicate:1,NCBIGene:55325,0.0
model_10.pt,NCBIGene:245865,predicate:3,NCBIGene:194974,NCBIGene:27230,predicate:1,NCBIGene:55325,0.0
model_10.pt,PUBCHEM.COMPOUND:127036977,predicate:0,NCBIGene:135,NCBIGene:27230,predicate:1,NCBIGene:55325,0.0
model_10.pt,PUBCHEM.COMPOUND:44433263,predicate:0,NCBIGene:1576,NCBIGene:27230,predicate:1,NCBIGene:55325,0.0
model_10.pt,CHEBI:16469,predicate:7,NCBIGene:10587,NCBIGene:27230,predicate:1,NCBIGene:55325,0.0
model_10.pt,PUBCHEM.COMPOUND:44314087,predicate:0,NCBIGene:4313,NCBIGene:27230,predicate:1,NCBIGene:55325,0.0
model_10.pt,PUBCHEM.COMPOUND:25093440,predicate:0,NCBIGene:1147,NCBIGene:27230,predicate:1,NCBIGene:55325,0.0
model_10.pt,NCBIGene:20962,predicate:3,NCBIGene:219150,NCBIGene:27230,predicate:1,NCBIGene:55325,0.0
model_10.pt,NCBIGene:23051,predicate:15,MONDO:0005068,NCBIGene:27230,predicate:1,NCBIGene:55325,0.0
model_10.pt,NCBIGene:10565,predicate:6,NCBIGene:284369,NCBIGene:27230,predicate:1,NCBIGene:55325,0.0
model_10.pt,PUBCHEM.COMPOUND:59268935,predicate:0,NCBIGene:1137,NCBIGene:27230,predicate:1,NCBIGene:55325,0.0
model_10.pt,NCBIGene:5903,predicate:1,NCBIGene:402569,NCBIGene:27230,predicate:1,NCBIGene:55325,-38.550086975097656
model_10.pt,PUBCHEM.COMPOUND:57395067,predicate:0,NCBIGene:6531,NCBIGene:27230,predicate:1,NCBIGene:55325,0.0
model_10.pt,NCBIGene:852585,predicate:3,NCBIGene:855469,NCBIGene:27230,predicate:1,NCBIGene:55325,0.0
model_10.pt,NCBIGene:3976,predicate:9,NCBIGene:2526,NCBIGene:27230,predicate:1,NCBIGene:55325,0.0
model_10.pt,NCBIGene:928,predicate:1,NCBIGene:29952,NCBIGene:27230,predicate:1,NCBIGene:55325,48.18394470214844
model_10.pt,MONDO:0013171,predicate:13,MONDO:0001071,NCBIGene:27230,predicate:1,NCBIGene:55325,0.0
model_10.pt,NCBIGene:4634,predicate:1,NCBIGene:6445,NCBIGene:27230,predicate:1,NCBIGene:55325,39.60846710205078
model_10.pt,CHEBI:18293,predicate:12,HP:0001945,NCBIGene:27230,predicate:1,NCBIGene:55325,0.0
model_10.pt,UNII:5M691HL4BO,predicate:16,HP:0001288,NCBIGene:27230,predicate:1,NCBIGene:55325,0.0
model_10.pt,MONDO:0011122,predicate:10,NCBIGene:2673,NCBIGene:27230,predicate:1,NCBIGene:55325,0.0
model_10.pt,CHEBI:185383,predicate:5,NCBIGene:9514,NCBIGene:27230,predicate:1,NCBIGene:55325,0.0
model_10.pt,NCBIGene:4763,predicate:13,HP:0002857,NCBIGene:27230,predicate:1,NCBIGene:55325,0.0
model_10.pt,CHEBI:6121,predicate:7,NCBIGene:2335,NCBIGene:27230,predicate:1,NCBIGene:55325,0.0
model_10.pt,NCBIGene:4204,predicate:13,HP:0010864,NCBIGene:27230,predicate:1,NCBIGene:55325,0.0
model_10.pt,PUBCHEM.COMPOUND:5702107,predicate:23,NCBIGene:760,NCBIGene:27230,predicate:1,NCBIGene:55325,0.0
model_10.pt,NCBIGene:22976,predicate:9,NCBIGene:9519,NCBIGene:27230,predicate:1,NCBIGene:55325,0.0
model_10.pt,PUBCHEM.COMPOUND:9834864,predicate:14,NCBIGene:1137,NCBIGene:27230,predicate:1,NCBIGene:55325,0.0
model_10.pt,PUBCHEM.COMPOUND:44431492,predicate:10,NCBIGene:1815,NCBIGene:27230,predicate:1,NCBIGene:55325,0.0
model_10.pt,CHEBI:191001,predicate:18,NCBIGene:6422,NCBIGene:27230,predicate:1,NCBIGene:55325,0.0
model_10.pt,PUBCHEM.COMPOUND:25015107,predicate:0,NCBIGene:2260,NCBIGene:27230,predicate:1,NCBIGene:55325,0.0
model_10.pt,PUBCHEM.COMPOUND:131757266,predicate:5,NCBIGene:80168,NCBIGene:27230,predicate:1,NCBIGene:55325,0.0
model_10.pt,NCBIGene:23205,predicate:1,NCBIGene:11283,NCBIGene:27230,predicate:1,NCBIGene:55325,17.50813102722168
model_10.pt,NCBIGene:23054,predicate:1,NCBIGene:54617,NCBIGene:27230,predicate:1,NCBIGene:55325,-29.333255767822266
model_10.pt,NCBIGene:10008,predicate:3,NCBIGene:4751,NCBIGene:27230,predicate:1,NCBIGene:55325,0.0
model_10.pt,NCBIGene:27183,predicate:1,NCBIGene:4904,NCBIGene:27230,predicate:1,NCBIGene:55325,22.423053741455078
model_10.pt,NCBIGene:5578,predicate:8,NCBIGene:85377,NCBIGene:27230,predicate:1,NCBIGene:55325,0.0
model_10.pt,NCBIGene:79165,predicate:1,NCBIGene:9704,NCBIGene:27230,predicate:1,NCBIGene:55325,46.280067443847656
model_10.pt,NCBIGene:2170,predicate:9,NCBIGene:8611,NCBIGene:27230,predicate:1,NCBIGene:55325,0.0
model_10.pt,NCBIGene:91748,predicate:1,NCBIGene:59345,NCBIGene:27230,predicate:1,NCBIGene:55325,-34.21177291870117
model_10.pt,PUBCHEM.COMPOUND:155512592,predicate:0,NCBIGene:142,NCBIGene:27230,predicate:1,NCBIGene:55325,0.0
model_10.pt,NCBIGene:5663,predicate:7,NCBIGene:7158,NCBIGene:27230,predicate:1,NCBIGene:55325,0.0
model_10.pt,NCBIGene:4140,predicate:21,NCBIGene:7534,NCBIGene:27230,predicate:1,NCBIGene:55325,0.0
model_10.pt,NCBIGene:2475,predicate:1,NCBIGene:23456,NCBIGene:27230,predicate:1,NCBIGene:55325,-61.67395782470703
model_10.pt,NCBIGene:3162,predicate:15,MONDO:0000831,NCBIGene:27230,predicate:1,NCBIGene:55325,0.0
model_10.pt,PUBCHEM.COMPOUND:10578760,predicate:0,NCBIGene:29580,NCBIGene:27230,predicate:1,NCBIGene:55325,0.0
model_10.pt,NCBIGene:56893,predicate:9,NCBIGene:7316,NCBIGene:27230,predicate:1,NCBIGene:55325,0.0
model_10.pt,CHEBI:93205,predicate:23,NCBIGene:8743,NCBIGene:27230,predicate:1,NCBIGene:55325,0.0
model_10.pt,NCBIGene:1147,predicate:1,NCBIGene:57162,NCBIGene:27230,predicate:1,NCBIGene:55325,-18.032840728759766
model_10.pt,PUBCHEM.COMPOUND:137226420,predicate:0,NCBIGene:760,NCBIGene:27230,predicate:1,NCBIGene:55325,0.0
model_10.pt,MONDO:0010691,predicate:13,HP:0007957,NCBIGene:27230,predicate:1,NCBIGene:55325,0.0
model_10.pt,NCBIGene:51372,predicate:1,NCBIGene:6202,NCBIGene:27230,predicate:1,NCBIGene:55325,30.750381469726562
model_10.pt,NCBIGene:25865,predicate:8,NCBIGene:23212,NCBIGene:27230,predicate:1,NCBIGene:55325,0.0
model_10.pt,PUBCHEM.COMPOUND:122196132,predicate:0,NCBIGene:7941,NCBIGene:27230,predicate:1,NCBIGene:55325,0.0
model_10.pt,NCBIGene:84283,predicate:1,NCBIGene:51458,NCBIGene:27230,predicate:1,NCBIGene:55325,-25.563549041748047
model_10.pt,NCBIGene:84365,predicate:1,NCBIGene:4236,NCBIGene:27230,predicate:1,NCBIGene:55325,0.08042716979980469
model_10.pt,CHEBI:8499,predicate:16,MONDO:0001382,NCBIGene:27230,predicate:1,NCBIGene:55325,0.0
model_10.pt,NCBIGene:850551,predicate:3,NCBIGene:856863,NCBIGene:27230,predicate:1,NCBIGene:55325,0.0
model_10.pt,NCBIGene:181271,predicate:3,NCBIGene:190925,NCBIGene:27230,predicate:1,NCBIGene:55325,0.0
model_10.pt,NCBIGene:151056,predicate:4,PUBCHEM.COMPOUND:131761197,NCBIGene:27230,predicate:1,NCBIGene:55325,0.0
model_10.pt,CHEBI:18152,predicate:9,NCBIGene:54498,NCBIGene:27230,predicate:1,NCBIGene:55325,0.0
model_10.pt,NCBIGene:29949,predicate:15,MONDO:0005011,NCBIGene:27230,predicate:1,NCBIGene:55325,0.0
model_10.pt,NCBIGene:173731,predicate:19,CHEBI:31823,NCBIGene:27230,predicate:1,NCBIGene:55325,0.0
model_10.pt,PUBCHEM.COMPOUND:44176335,predicate:0,NCBIGene:331,NCBIGene:27230,predicate:1,NCBIGene:55325,0.0
model_10.pt,PUBCHEM.COMPOUND:49864838,predicate:10,NCBIGene:834,NCBIGene:27230,predicate:1,NCBIGene:55325,0.0
model_10.pt,NCBIGene:10221,predicate:8,NCBIGene:22908,NCBIGene:27230,predicate:1,NCBIGene:55325,0.0
model_10.pt,CHEBI:46345,predicate:7,NCBIGene:6581,NCBIGene:27230,predicate:1,NCBIGene:55325,0.0
model_10.pt,NCBIGene:375035,predicate:3,NCBIGene:80346,NCBIGene:27230,predicate:1,NCBIGene:55325,0.0
model_10.pt,MONDO:0012176,predicate:13,HP:0003028,NCBIGene:5800,predicate:3,NCBIGene:7534,0.0
model_10.pt,CHEBI:6809,predicate:9,NCBIGene:8061,NCBIGene:5800,predicate:3,NCBIGene:7534,0.0
model_10.pt,PUBCHEM.COMPOUND:1113514,predicate:0,NCBIGene:946552,NCBIGene:5800,predicate:3,NCBIGene:7534,0.0
model_10.pt,PUBCHEM.COMPOUND:137636752,predicate:0,NCBIGene:3065,NCBIGene:5800,predicate:3,NCBIGene:7534,0.0
model_10.pt,CHEBI:367163,predicate:16,MONDO:0015691,NCBIGene:5800,predicate:3,NCBIGene:7534,0.0
model_10.pt,PUBCHEM.COMPOUND:130200977,predicate:10,NCBIGene:4988,NCBIGene:5800,predicate:3,NCBIGene:7534,0.0
model_10.pt,NCBIGene:78987,predicate:3,NCBIGene:92255,NCBIGene:5800,predicate:3,NCBIGene:7534,29.997068405151367
model_10.pt,NCBIGene:6352,predicate:36,NCBIGene:1234,NCBIGene:5800,predicate:3,NCBIGene:7534,0.0
model_10.pt,CHEBI:6443,predicate:7,NCBIGene:8644,NCBIGene:5800,predicate:3,NCBIGene:7534,0.0
model_10.pt,DRUGBANK:DB11158,predicate:12,MONDO:0005147,NCBIGene:5800,predicate:3,NCBIGene:7534,0.0
model_10.pt,CHEBI:5000,predicate:12,MONDO:0001076,NCBIGene:5800,predicate:3,NCBIGene:7534,0.0
model_10.pt,NCBIGene:8089,predicate:3,NCBIGene:26122,NCBIGene:5800,predicate:3,NCBIGene:7534,25.2277889251709
model_10.pt,NCBIGene:10400,predicate:4,PUBCHEM.COMPOUND:52924335,NCBIGene:5800,predicate:3,NCBIGene:7534,0.0
model_10.pt,NCBIGene:10618,predicate:3,NCBIGene:54887,NCBIGene:5800,predicate:3,NCBIGene:7534,14.5107421875
model_10.pt,NCBIGene:3308,predicate:15,MONDO:0005559,NCBIGene:5800,predicate:3,NCBIGene:7534,0.0
model_10.pt,CHEBI:17351,predicate:7,NCBIGene:5315,NCBIGene:5800,predicate:3,NCBIGene:7534,0.0
model_10.pt,CHEMBL.COMPOUND:CHEMBL4747062,predicate:0,NCBIGene:23028,NCBIGene:5800,predicate:3,NCBIGene:7534,0.0
model_10.pt,CHEBI:16842,predicate:9,NCBIGene:3557,NCBIGene:5800,predicate:3,NCBIGene:7534,0.0
model_10.pt,NCBIGene:4616,predicate:1,NCBIGene:2034,NCBIGene:5800,predicate:3,NCBIGene:7534,0.0
model_10.pt,NCBIGene:10201,predicate:1,NCBIGene:6154,NCBIGene:5800,predicate:3,NCBIGene:7534,0.0
model_10.pt,NCBIGene:794,predicate:6,NCBIGene:7135,NCBIGene:5800,predicate:3,NCBIGene:7534,0.0
model_10.pt,NCBIGene:50834,predicate:1,NCBIGene:403277,NCBIGene:5800,predicate:3,NCBIGene:7534,0.0
model_10.pt,CHEBI:3755,predicate:2,MONDO:0007263,NCBIGene:5800,predicate:3,NCBIGene:7534,0.0
model_10.pt,PUBCHEM.COMPOUND:131762323,predicate:5,NCBIGene:5407,NCBIGene:5800,predicate:3,NCBIGene:7534,0.0
model_10.pt,PUBCHEM.COMPOUND:54325967,predicate:0,NCBIGene:5468,NCBIGene:5800,predicate:3,NCBIGene:7534,0.0
model_10.pt,CHEBI:64354,predicate:0,NCBIGene:6559,NCBIGene:5800,predicate:3,NCBIGene:7534,0.0
model_10.pt,CHEBI:44423,predicate:7,NCBIGene:3162,NCBIGene:5800,predicate:3,NCBIGene:7534,0.0
model_10.pt,NCBIGene:113174,predicate:10,NCBIGene:100528017,NCBIGene:5800,predicate:3,NCBIGene:7534,0.0
model_10.pt,NCBIGene:4502,predicate:1,NCBIGene:10912,NCBIGene:5800,predicate:3,NCBIGene:7534,0.0
model_10.pt,NCBIGene:5321,predicate:4,PUBCHEM.COMPOUND:53478731,NCBIGene:5800,predicate:3,NCBIGene:7534,0.0
model_10.pt,CHEBI:3755,predicate:7,NCBIGene:2100,NCBIGene:5800,predicate:3,NCBIGene:7534,0.0
model_10.pt,NCBIGene:51741,predicate:13,HP:0000253,NCBIGene:5800,predicate:3,NCBIGene:7534,0.0
model_10.pt,CHEBI:156122,predicate:5,NCBIGene:23761,NCBIGene:5800,predicate:3,NCBIGene:7534,0.0
model_10.pt,NCBIGene:245865,predicate:3,NCBIGene:194974,NCBIGene:5800,predicate:3,NCBIGene:7534,20.230430603027344
model_10.pt,PUBCHEM.COMPOUND:127036977,predicate:0,NCBIGene:135,NCBIGene:5800,predicate:3,NCBIGene:7534,0.0
model_10.pt,PUBCHEM.COMPOUND:44433263,predicate:0,NCBIGene:1576,NCBIGene:5800,predicate:3,NCBIGene:7534,0.0
model_10.pt,CHEBI:16469,predicate:7,NCBIGene:10587,NCBIGene:5800,predicate:3,NCBIGene:7534,0.0
model_10.pt,PUBCHEM.COMPOUND:44314087,predicate:0,NCBIGene:4313,NCBIGene:5800,predicate:3,NCBIGene:7534,0.0
model_10.pt,PUBCHEM.COMPOUND:25093440,predicate:0,NCBIGene:1147,NCBIGene:5800,predicate:3,NCBIGene:7534,0.0
model_10.pt,NCBIGene:20962,predicate:3,NCBIGene:219150,NCBIGene:5800,predicate:3,NCBIGene:7534,35.79368591308594
model_10.pt,NCBIGene:23051,predicate:15,MONDO:0005068,NCBIGene:5800,predicate:3,NCBIGene:7534,0.0
model_10.pt,NCBIGene:10565,predicate:6,NCBIGene:284369,NCBIGene:5800,predicate:3,NCBIGene:7534,0.0
model_10.pt,PUBCHEM.COMPOUND:59268935,predicate:0,NCBIGene:1137,NCBIGene:5800,predicate:3,NCBIGene:7534,0.0
model_10.pt,NCBIGene:5903,predicate:1,NCBIGene:402569,NCBIGene:5800,predicate:3,NCBIGene:7534,0.0
model_10.pt,PUBCHEM.COMPOUND:57395067,predicate:0,NCBIGene:6531,NCBIGene:5800,predicate:3,NCBIGene:7534,0.0
model_10.pt,NCBIGene:852585,predicate:3,NCBIGene:855469,NCBIGene:5800,predicate:3,NCBIGene:7534,-4.521337509155273
model_10.pt,NCBIGene:3976,predicate:9,NCBIGene:2526,NCBIGene:5800,predicate:3,NCBIGene:7534,0.0
model_10.pt,NCBIGene:928,predicate:1,NCBIGene:29952,NCBIGene:5800,predicate:3,NCBIGene:7534,0.0
model_10.pt,MONDO:0013171,predicate:13,MONDO:0001071,NCBIGene:5800,predicate:3,NCBIGene:7534,0.0
model_10.pt,NCBIGene:4634,predicate:1,NCBIGene:6445,NCBIGene:5800,predicate:3,NCBIGene:7534,0.0
model_10.pt,CHEBI:18293,predicate:12,HP:0001945,NCBIGene:5800,predicate:3,NCBIGene:7534,0.0
model_10.pt,UNII:5M691HL4BO,predicate:16,HP:0001288,NCBIGene:5800,predicate:3,NCBIGene:7534,0.0
model_10.pt,MONDO:0011122,predicate:10,NCBIGene:2673,NCBIGene:5800,predicate:3,NCBIGene:7534,0.0
model_10.pt,CHEBI:185383,predicate:5,NCBIGene:9514,NCBIGene:5800,predicate:3,NCBIGene:7534,0.0
model_10.pt,NCBIGene:4763,predicate:13,HP:0002857,NCBIGene:5800,predicate:3,NCBIGene:7534,0.0
model_10.pt,CHEBI:6121,predicate:7,NCBIGene:2335,NCBIGene:5800,predicate:3,NCBIGene:7534,0.0
model_10.pt,NCBIGene:4204,predicate:13,HP:0010864,NCBIGene:5800,predicate:3,NCBIGene:7534,0.0
model_10.pt,PUBCHEM.COMPOUND:5702107,predicate:23,NCBIGene:760,NCBIGene:5800,predicate:3,NCBIGene:7534,0.0
model_10.pt,NCBIGene:22976,predicate:9,NCBIGene:9519,NCBIGene:5800,predicate:3,NCBIGene:7534,0.0
model_10.pt,PUBCHEM.COMPOUND:9834864,predicate:14,NCBIGene:1137,NCBIGene:5800,predicate:3,NCBIGene:7534,0.0
model_10.pt,PUBCHEM.COMPOUND:44431492,predicate:10,NCBIGene:1815,NCBIGene:5800,predicate:3,NCBIGene:7534,0.0
model_10.pt,CHEBI:191001,predicate:18,NCBIGene:6422,NCBIGene:5800,predicate:3,NCBIGene:7534,0.0
model_10.pt,PUBCHEM.COMPOUND:25015107,predicate:0,NCBIGene:2260,NCBIGene:5800,predicate:3,NCBIGene:7534,0.0
model_10.pt,PUBCHEM.COMPOUND:131757266,predicate:5,NCBIGene:80168,NCBIGene:5800,predicate:3,NCBIGene:7534,0.0
model_10.pt,NCBIGene:23205,predicate:1,NCBIGene:11283,NCBIGene:5800,predicate:3,NCBIGene:7534,0.0
model_10.pt,NCBIGene:23054,predicate:1,NCBIGene:54617,NCBIGene:5800,predicate:3,NCBIGene:7534,0.0
model_10.pt,NCBIGene:10008,predicate:3,NCBIGene:4751,NCBIGene:5800,predicate:3,NCBIGene:7534,57.145145416259766
model_10.pt,NCBIGene:27183,predicate:1,NCBIGene:4904,NCBIGene:5800,predicate:3,NCBIGene:7534,0.0
model_10.pt,NCBIGene:5578,predicate:8,NCBIGene:85377,NCBIGene:5800,predicate:3,NCBIGene:7534,0.0
model_10.pt,NCBIGene:79165,predicate:1,NCBIGene:9704,NCBIGene:5800,predicate:3,NCBIGene:7534,0.0
model_10.pt,NCBIGene:2170,predicate:9,NCBIGene:8611,NCBIGene:5800,predicate:3,NCBIGene:7534,0.0
model_10.pt,NCBIGene:91748,predicate:1,NCBIGene:59345,NCBIGene:5800,predicate:3,NCBIGene:7534,0.0
model_10.pt,PUBCHEM.COMPOUND:155512592,predicate:0,NCBIGene:142,NCBIGene:5800,predicate:3,NCBIGene:7534,0.0
model_10.pt,NCBIGene:5663,predicate:7,NCBIGene:7158,NCBIGene:5800,predicate:3,NCBIGene:7534,0.0
model_10.pt,NCBIGene:4140,predicate:21,NCBIGene:7534,NCBIGene:5800,predicate:3,NCBIGene:7534,169.24606323242188
model_10.pt,NCBIGene:2475,predicate:1,NCBIGene:23456,NCBIGene:5800,predicate:3,NCBIGene:7534,0.0
model_10.pt,NCBIGene:3162,predicate:15,MONDO:0000831,NCBIGene:5800,predicate:3,NCBIGene:7534,0.0
model_10.pt,PUBCHEM.COMPOUND:10578760,predicate:0,NCBIGene:29580,NCBIGene:5800,predicate:3,NCBIGene:7534,0.0
model_10.pt,NCBIGene:56893,predicate:9,NCBIGene:7316,NCBIGene:5800,predicate:3,NCBIGene:7534,0.0
model_10.pt,CHEBI:93205,predicate:23,NCBIGene:8743,NCBIGene:5800,predicate:3,NCBIGene:7534,0.0
model_10.pt,NCBIGene:1147,predicate:1,NCBIGene:57162,NCBIGene:5800,predicate:3,NCBIGene:7534,0.0
model_10.pt,PUBCHEM.COMPOUND:137226420,predicate:0,NCBIGene:760,NCBIGene:5800,predicate:3,NCBIGene:7534,0.0
model_10.pt,MONDO:0010691,predicate:13,HP:0007957,NCBIGene:5800,predicate:3,NCBIGene:7534,0.0
model_10.pt,NCBIGene:51372,predicate:1,NCBIGene:6202,NCBIGene:5800,predicate:3,NCBIGene:7534,0.0
model_10.pt,NCBIGene:25865,predicate:8,NCBIGene:23212,NCBIGene:5800,predicate:3,NCBIGene:7534,0.0
model_10.pt,PUBCHEM.COMPOUND:122196132,predicate:0,NCBIGene:7941,NCBIGene:5800,predicate:3,NCBIGene:7534,0.0
model_10.pt,NCBIGene:84283,predicate:1,NCBIGene:51458,NCBIGene:5800,predicate:3,NCBIGene:7534,0.0
model_10.pt,NCBIGene:84365,predicate:1,NCBIGene:4236,NCBIGene:5800,predicate:3,NCBIGene:7534,0.0
model_10.pt,CHEBI:8499,predicate:16,MONDO:0001382,NCBIGene:5800,predicate:3,NCBIGene:7534,0.0
model_10.pt,NCBIGene:850551,predicate:3,NCBIGene:856863,NCBIGene:5800,predicate:3,NCBIGene:7534,-52.74119567871094
model_10.pt,NCBIGene:181271,predicate:3,NCBIGene:190925,NCBIGene:5800,predicate:3,NCBIGene:7534,-29.651268005371094
model_10.pt,NCBIGene:151056,predicate:4,PUBCHEM.COMPOUND:131761197,NCBIGene:5800,predicate:3,NCBIGene:7534,0.0
model_10.pt,CHEBI:18152,predicate:9,NCBIGene:54498,NCBIGene:5800,predicate:3,NCBIGene:7534,0.0
model_10.pt,NCBIGene:29949,predicate:15,MONDO:0005011,NCBIGene:5800,predicate:3,NCBIGene:7534,0.0
model_10.pt,NCBIGene:173731,predicate:19,CHEBI:31823,NCBIGene:5800,predicate:3,NCBIGene:7534,0.0
model_10.pt,PUBCHEM.COMPOUND:44176335,predicate:0,NCBIGene:331,NCBIGene:5800,predicate:3,NCBIGene:7534,0.0
model_10.pt,PUBCHEM.COMPOUND:49864838,predicate:10,NCBIGene:834,NCBIGene:5800,predicate:3,NCBIGene:7534,0.0
model_10.pt,NCBIGene:10221,predicate:8,NCBIGene:22908,NCBIGene:5800,predicate:3,NCBIGene:7534,0.0
model_10.pt,CHEBI:46345,predicate:7,NCBIGene:6581,NCBIGene:5800,predicate:3,NCBIGene:7534,0.0
model_10.pt,NCBIGene:375035,predicate:3,NCBIGene:80346,NCBIGene:5800,predicate:3,NCBIGene:7534,-8.378499984741211
model_10.pt,MONDO:0012176,predicate:13,HP:0003028,NCBIGene:5170,predicate:21,NCBIGene:5782,0.0
model_10.pt,CHEBI:6809,predicate:9,NCBIGene:8061,NCBIGene:5170,predicate:21,NCBIGene:5782,0.0
model_10.pt,PUBCHEM.COMPOUND:1113514,predicate:0,NCBIGene:946552,NCBIGene:5170,predicate:21,NCBIGene:5782,0.0
model_10.pt,PUBCHEM.COMPOUND:137636752,predicate:0,NCBIGene:3065,NCBIGene:5170,predicate:21,NCBIGene:5782,0.0
model_10.pt,CHEBI:367163,predicate:16,MONDO:0015691,NCBIGene:5170,predicate:21,NCBIGene:5782,0.0
model_10.pt,PUBCHEM.COMPOUND:130200977,predicate:10,NCBIGene:4988,NCBIGene:5170,predicate:21,NCBIGene:5782,0.0
model_10.pt,NCBIGene:78987,predicate:3,NCBIGene:92255,NCBIGene:5170,predicate:21,NCBIGene:5782,0.0
model_10.pt,NCBIGene:6352,predicate:36,NCBIGene:1234,NCBIGene:5170,predicate:21,NCBIGene:5782,0.0
model_10.pt,CHEBI:6443,predicate:7,NCBIGene:8644,NCBIGene:5170,predicate:21,NCBIGene:5782,0.0
model_10.pt,DRUGBANK:DB11158,predicate:12,MONDO:0005147,NCBIGene:5170,predicate:21,NCBIGene:5782,0.0
model_10.pt,CHEBI:5000,predicate:12,MONDO:0001076,NCBIGene:5170,predicate:21,NCBIGene:5782,0.0
model_10.pt,NCBIGene:8089,predicate:3,NCBIGene:26122,NCBIGene:5170,predicate:21,NCBIGene:5782,0.0
model_10.pt,NCBIGene:10400,predicate:4,PUBCHEM.COMPOUND:52924335,NCBIGene:5170,predicate:21,NCBIGene:5782,0.0
model_10.pt,NCBIGene:10618,predicate:3,NCBIGene:54887,NCBIGene:5170,predicate:21,NCBIGene:5782,0.0
model_10.pt,NCBIGene:3308,predicate:15,MONDO:0005559,NCBIGene:5170,predicate:21,NCBIGene:5782,0.0
model_10.pt,CHEBI:17351,predicate:7,NCBIGene:5315,NCBIGene:5170,predicate:21,NCBIGene:5782,0.0
model_10.pt,CHEMBL.COMPOUND:CHEMBL4747062,predicate:0,NCBIGene:23028,NCBIGene:5170,predicate:21,NCBIGene:5782,0.0
model_10.pt,CHEBI:16842,predicate:9,NCBIGene:3557,NCBIGene:5170,predicate:21,NCBIGene:5782,0.0
model_10.pt,NCBIGene:4616,predicate:1,NCBIGene:2034,NCBIGene:5170,predicate:21,NCBIGene:5782,0.0
model_10.pt,NCBIGene:10201,predicate:1,NCBIGene:6154,NCBIGene:5170,predicate:21,NCBIGene:5782,0.0
model_10.pt,NCBIGene:794,predicate:6,NCBIGene:7135,NCBIGene:5170,predicate:21,NCBIGene:5782,0.0
model_10.pt,NCBIGene:50834,predicate:1,NCBIGene:403277,NCBIGene:5170,predicate:21,NCBIGene:5782,0.0
model_10.pt,CHEBI:3755,predicate:2,MONDO:0007263,NCBIGene:5170,predicate:21,NCBIGene:5782,0.0
model_10.pt,PUBCHEM.COMPOUND:131762323,predicate:5,NCBIGene:5407,NCBIGene:5170,predicate:21,NCBIGene:5782,0.0
model_10.pt,PUBCHEM.COMPOUND:54325967,predicate:0,NCBIGene:5468,NCBIGene:5170,predicate:21,NCBIGene:5782,0.0
model_10.pt,CHEBI:64354,predicate:0,NCBIGene:6559,NCBIGene:5170,predicate:21,NCBIGene:5782,0.0
model_10.pt,CHEBI:44423,predicate:7,NCBIGene:3162,NCBIGene:5170,predicate:21,NCBIGene:5782,0.0
model_10.pt,NCBIGene:113174,predicate:10,NCBIGene:100528017,NCBIGene:5170,predicate:21,NCBIGene:5782,0.0
model_10.pt,NCBIGene:4502,predicate:1,NCBIGene:10912,NCBIGene:5170,predicate:21,NCBIGene:5782,0.0
model_10.pt,NCBIGene:5321,predicate:4,PUBCHEM.COMPOUND:53478731,NCBIGene:5170,predicate:21,NCBIGene:5782,0.0
model_10.pt,CHEBI:3755,predicate:7,NCBIGene:2100,NCBIGene:5170,predicate:21,NCBIGene:5782,0.0
model_10.pt,NCBIGene:51741,predicate:13,HP:0000253,NCBIGene:5170,predicate:21,NCBIGene:5782,0.0
model_10.pt,CHEBI:156122,predicate:5,NCBIGene:23761,NCBIGene:5170,predicate:21,NCBIGene:5782,0.0
model_10.pt,NCBIGene:245865,predicate:3,NCBIGene:194974,NCBIGene:5170,predicate:21,NCBIGene:5782,0.0
model_10.pt,PUBCHEM.COMPOUND:127036977,predicate:0,NCBIGene:135,NCBIGene:5170,predicate:21,NCBIGene:5782,0.0
model_10.pt,PUBCHEM.COMPOUND:44433263,predicate:0,NCBIGene:1576,NCBIGene:5170,predicate:21,NCBIGene:5782,0.0
model_10.pt,CHEBI:16469,predicate:7,NCBIGene:10587,NCBIGene:5170,predicate:21,NCBIGene:5782,0.0
model_10.pt,PUBCHEM.COMPOUND:44314087,predicate:0,NCBIGene:4313,NCBIGene:5170,predicate:21,NCBIGene:5782,0.0
model_10.pt,PUBCHEM.COMPOUND:25093440,predicate:0,NCBIGene:1147,NCBIGene:5170,predicate:21,NCBIGene:5782,0.0
model_10.pt,NCBIGene:20962,predicate:3,NCBIGene:219150,NCBIGene:5170,predicate:21,NCBIGene:5782,0.0
model_10.pt,NCBIGene:23051,predicate:15,MONDO:0005068,NCBIGene:5170,predicate:21,NCBIGene:5782,0.0
model_10.pt,NCBIGene:10565,predicate:6,NCBIGene:284369,NCBIGene:5170,predicate:21,NCBIGene:5782,0.0
model_10.pt,PUBCHEM.COMPOUND:59268935,predicate:0,NCBIGene:1137,NCBIGene:5170,predicate:21,NCBIGene:5782,0.0
model_10.pt,NCBIGene:5903,predicate:1,NCBIGene:402569,NCBIGene:5170,predicate:21,NCBIGene:5782,0.0
model_10.pt,PUBCHEM.COMPOUND:57395067,predicate:0,NCBIGene:6531,NCBIGene:5170,predicate:21,NCBIGene:5782,0.0
model_10.pt,NCBIGene:852585,predicate:3,NCBIGene:855469,NCBIGene:5170,predicate:21,NCBIGene:5782,0.0
model_10.pt,NCBIGene:3976,predicate:9,NCBIGene:2526,NCBIGene:5170,predicate:21,NCBIGene:5782,0.0
model_10.pt,NCBIGene:928,predicate:1,NCBIGene:29952,NCBIGene:5170,predicate:21,NCBIGene:5782,0.0
model_10.pt,MONDO:0013171,predicate:13,MONDO:0001071,NCBIGene:5170,predicate:21,NCBIGene:5782,0.0
model_10.pt,NCBIGene:4634,predicate:1,NCBIGene:6445,NCBIGene:5170,predicate:21,NCBIGene:5782,0.0
model_10.pt,CHEBI:18293,predicate:12,HP:0001945,NCBIGene:5170,predicate:21,NCBIGene:5782,0.0
model_10.pt,UNII:5M691HL4BO,predicate:16,HP:0001288,NCBIGene:5170,predicate:21,NCBIGene:5782,0.0
model_10.pt,MONDO:0011122,predicate:10,NCBIGene:2673,NCBIGene:5170,predicate:21,NCBIGene:5782,0.0
model_10.pt,CHEBI:185383,predicate:5,NCBIGene:9514,NCBIGene:5170,predicate:21,NCBIGene:5782,0.0
model_10.pt,NCBIGene:4763,predicate:13,HP:0002857,NCBIGene:5170,predicate:21,NCBIGene:5782,0.0
model_10.pt,CHEBI:6121,predicate:7,NCBIGene:2335,NCBIGene:5170,predicate:21,NCBIGene:5782,0.0
model_10.pt,NCBIGene:4204,predicate:13,HP:0010864,NCBIGene:5170,predicate:21,NCBIGene:5782,0.0
model_10.pt,PUBCHEM.COMPOUND:5702107,predicate:23,NCBIGene:760,NCBIGene:5170,predicate:21,NCBIGene:5782,0.0
model_10.pt,NCBIGene:22976,predicate:9,NCBIGene:9519,NCBIGene:5170,predicate:21,NCBIGene:5782,0.0
model_10.pt,PUBCHEM.COMPOUND:9834864,predicate:14,NCBIGene:1137,NCBIGene:5170,predicate:21,NCBIGene:5782,0.0
model_10.pt,PUBCHEM.COMPOUND:44431492,predicate:10,NCBIGene:1815,NCBIGene:5170,predicate:21,NCBIGene:5782,0.0
model_10.pt,CHEBI:191001,predicate:18,NCBIGene:6422,NCBIGene:5170,predicate:21,NCBIGene:5782,0.0
model_10.pt,PUBCHEM.COMPOUND:25015107,predicate:0,NCBIGene:2260,NCBIGene:5170,predicate:21,NCBIGene:5782,0.0
model_10.pt,PUBCHEM.COMPOUND:131757266,predicate:5,NCBIGene:80168,NCBIGene:5170,predicate:21,NCBIGene:5782,0.0
model_10.pt,NCBIGene:23205,predicate:1,NCBIGene:11283,NCBIGene:5170,predicate:21,NCBIGene:5782,0.0
model_10.pt,NCBIGene:23054,predicate:1,NCBIGene:54617,NCBIGene:5170,predicate:21,NCBIGene:5782,0.0
model_10.pt,NCBIGene:10008,predicate:3,NCBIGene:4751,NCBIGene:5170,predicate:21,NCBIGene:5782,0.0
model_10.pt,NCBIGene:27183,predicate:1,NCBIGene:4904,NCBIGene:5170,predicate:21,NCBIGene:5782,0.0
model_10.pt,NCBIGene:5578,predicate:8,NCBIGene:85377,NCBIGene:5170,predicate:21,NCBIGene:5782,0.0
model_10.pt,NCBIGene:79165,predicate:1,NCBIGene:9704,NCBIGene:5170,predicate:21,NCBIGene:5782,0.0
model_10.pt,NCBIGene:2170,predicate:9,NCBIGene:8611,NCBIGene:5170,predicate:21,NCBIGene:5782,0.0
model_10.pt,NCBIGene:91748,predicate:1,NCBIGene:59345,NCBIGene:5170,predicate:21,NCBIGene:5782,0.0
model_10.pt,PUBCHEM.COMPOUND:155512592,predicate:0,NCBIGene:142,NCBIGene:5170,predicate:21,NCBIGene:5782,0.0
model_10.pt,NCBIGene:5663,predicate:7,NCBIGene:7158,NCBIGene:5170,predicate:21,NCBIGene:5782,0.0
model_10.pt,NCBIGene:4140,predicate:21,NCBIGene:7534,NCBIGene:5170,predicate:21,NCBIGene:5782,-26.911211013793945
model_10.pt,NCBIGene:2475,predicate:1,NCBIGene:23456,NCBIGene:5170,predicate:21,NCBIGene:5782,0.0
model_10.pt,NCBIGene:3162,predicate:15,MONDO:0000831,NCBIGene:5170,predicate:21,NCBIGene:5782,0.0
model_10.pt,PUBCHEM.COMPOUND:10578760,predicate:0,NCBIGene:29580,NCBIGene:5170,predicate:21,NCBIGene:5782,0.0
model_10.pt,NCBIGene:56893,predicate:9,NCBIGene:7316,NCBIGene:5170,predicate:21,NCBIGene:5782,0.0
model_10.pt,CHEBI:93205,predicate:23,NCBIGene:8743,NCBIGene:5170,predicate:21,NCBIGene:5782,0.0
model_10.pt,NCBIGene:1147,predicate:1,NCBIGene:57162,NCBIGene:5170,predicate:21,NCBIGene:5782,0.0
model_10.pt,PUBCHEM.COMPOUND:137226420,predicate:0,NCBIGene:760,NCBIGene:5170,predicate:21,NCBIGene:5782,0.0
model_10.pt,MONDO:0010691,predicate:13,HP:0007957,NCBIGene:5170,predicate:21,NCBIGene:5782,0.0
model_10.pt,NCBIGene:51372,predicate:1,NCBIGene:6202,NCBIGene:5170,predicate:21,NCBIGene:5782,0.0
model_10.pt,NCBIGene:25865,predicate:8,NCBIGene:23212,NCBIGene:5170,predicate:21,NCBIGene:5782,0.0
model_10.pt,PUBCHEM.COMPOUND:122196132,predicate:0,NCBIGene:7941,NCBIGene:5170,predicate:21,NCBIGene:5782,0.0
model_10.pt,NCBIGene:84283,predicate:1,NCBIGene:51458,NCBIGene:5170,predicate:21,NCBIGene:5782,0.0
model_10.pt,NCBIGene:84365,predicate:1,NCBIGene:4236,NCBIGene:5170,predicate:21,NCBIGene:5782,0.0
model_10.pt,CHEBI:8499,predicate:16,MONDO:0001382,NCBIGene:5170,predicate:21,NCBIGene:5782,0.0
model_10.pt,NCBIGene:850551,predicate:3,NCBIGene:856863,NCBIGene:5170,predicate:21,NCBIGene:5782,0.0
model_10.pt,NCBIGene:181271,predicate:3,NCBIGene:190925,NCBIGene:5170,predicate:21,NCBIGene:5782,0.0
model_10.pt,NCBIGene:151056,predicate:4,PUBCHEM.COMPOUND:131761197,NCBIGene:5170,predicate:21,NCBIGene:5782,0.0
model_10.pt,CHEBI:18152,predicate:9,NCBIGene:54498,NCBIGene:5170,predicate:21,NCBIGene:5782,0.0
model_10.pt,NCBIGene:29949,predicate:15,MONDO:0005011,NCBIGene:5170,predicate:21,NCBIGene:5782,0.0
model_10.pt,NCBIGene:173731,predicate:19,CHEBI:31823,NCBIGene:5170,predicate:21,NCBIGene:5782,0.0
model_10.pt,PUBCHEM.COMPOUND:44176335,predicate:0,NCBIGene:331,NCBIGene:5170,predicate:21,NCBIGene:5782,0.0
model_10.pt,PUBCHEM.COMPOUND:49864838,predicate:10,NCBIGene:834,NCBIGene:5170,predicate:21,NCBIGene:5782,0.0
model_10.pt,NCBIGene:10221,predicate:8,NCBIGene:22908,NCBIGene:5170,predicate:21,NCBIGene:5782,0.0
model_10.pt,CHEBI:46345,predicate:7,NCBIGene:6581,NCBIGene:5170,predicate:21,NCBIGene:5782,0.0
model_10.pt,NCBIGene:375035,predicate:3,NCBIGene:80346,NCBIGene:5170,predicate:21,NCBIGene:5782,0.0
model_10.pt,MONDO:0012176,predicate:13,HP:0003028,PUBCHEM.COMPOUND:131766841,predicate:5,NCBIGene:259230,0.0
model_10.pt,CHEBI:6809,predicate:9,NCBIGene:8061,PUBCHEM.COMPOUND:131766841,predicate:5,NCBIGene:259230,0.0
model_10.pt,PUBCHEM.COMPOUND:1113514,predicate:0,NCBIGene:946552,PUBCHEM.COMPOUND:131766841,predicate:5,NCBIGene:259230,0.0
model_10.pt,PUBCHEM.COMPOUND:137636752,predicate:0,NCBIGene:3065,PUBCHEM.COMPOUND:131766841,predicate:5,NCBIGene:259230,0.0
model_10.pt,CHEBI:367163,predicate:16,MONDO:0015691,PUBCHEM.COMPOUND:131766841,predicate:5,NCBIGene:259230,0.0
model_10.pt,PUBCHEM.COMPOUND:130200977,predicate:10,NCBIGene:4988,PUBCHEM.COMPOUND:131766841,predicate:5,NCBIGene:259230,0.0
model_10.pt,NCBIGene:78987,predicate:3,NCBIGene:92255,PUBCHEM.COMPOUND:131766841,predicate:5,NCBIGene:259230,0.0
model_10.pt,NCBIGene:6352,predicate:36,NCBIGene:1234,PUBCHEM.COMPOUND:131766841,predicate:5,NCBIGene:259230,0.0
model_10.pt,CHEBI:6443,predicate:7,NCBIGene:8644,PUBCHEM.COMPOUND:131766841,predicate:5,NCBIGene:259230,0.0
model_10.pt,DRUGBANK:DB11158,predicate:12,MONDO:0005147,PUBCHEM.COMPOUND:131766841,predicate:5,NCBIGene:259230,0.0
model_10.pt,CHEBI:5000,predicate:12,MONDO:0001076,PUBCHEM.COMPOUND:131766841,predicate:5,NCBIGene:259230,0.0
model_10.pt,NCBIGene:8089,predicate:3,NCBIGene:26122,PUBCHEM.COMPOUND:131766841,predicate:5,NCBIGene:259230,0.0
model_10.pt,NCBIGene:10400,predicate:4,PUBCHEM.COMPOUND:52924335,PUBCHEM.COMPOUND:131766841,predicate:5,NCBIGene:259230,0.0
model_10.pt,NCBIGene:10618,predicate:3,NCBIGene:54887,PUBCHEM.COMPOUND:131766841,predicate:5,NCBIGene:259230,0.0
model_10.pt,NCBIGene:3308,predicate:15,MONDO:0005559,PUBCHEM.COMPOUND:131766841,predicate:5,NCBIGene:259230,0.0
model_10.pt,CHEBI:17351,predicate:7,NCBIGene:5315,PUBCHEM.COMPOUND:131766841,predicate:5,NCBIGene:259230,0.0
model_10.pt,CHEMBL.COMPOUND:CHEMBL4747062,predicate:0,NCBIGene:23028,PUBCHEM.COMPOUND:131766841,predicate:5,NCBIGene:259230,0.0
model_10.pt,CHEBI:16842,predicate:9,NCBIGene:3557,PUBCHEM.COMPOUND:131766841,predicate:5,NCBIGene:259230,0.0
model_10.pt,NCBIGene:4616,predicate:1,NCBIGene:2034,PUBCHEM.COMPOUND:131766841,predicate:5,NCBIGene:259230,0.0
model_10.pt,NCBIGene:10201,predicate:1,NCBIGene:6154,PUBCHEM.COMPOUND:131766841,predicate:5,NCBIGene:259230,0.0
model_10.pt,NCBIGene:794,predicate:6,NCBIGene:7135,PUBCHEM.COMPOUND:131766841,predicate:5,NCBIGene:259230,0.0
model_10.pt,NCBIGene:50834,predicate:1,NCBIGene:403277,PUBCHEM.COMPOUND:131766841,predicate:5,NCBIGene:259230,0.0
model_10.pt,CHEBI:3755,predicate:2,MONDO:0007263,PUBCHEM.COMPOUND:131766841,predicate:5,NCBIGene:259230,0.0
model_10.pt,PUBCHEM.COMPOUND:131762323,predicate:5,NCBIGene:5407,PUBCHEM.COMPOUND:131766841,predicate:5,NCBIGene:259230,22.577852249145508
model_10.pt,PUBCHEM.COMPOUND:54325967,predicate:0,NCBIGene:5468,PUBCHEM.COMPOUND:131766841,predicate:5,NCBIGene:259230,0.0
model_10.pt,CHEBI:64354,predicate:0,NCBIGene:6559,PUBCHEM.COMPOUND:131766841,predicate:5,NCBIGene:259230,0.0
model_10.pt,CHEBI:44423,predicate:7,NCBIGene:3162,PUBCHEM.COMPOUND:131766841,predicate:5,NCBIGene:259230,0.0
model_10.pt,NCBIGene:113174,predicate:10,NCBIGene:100528017,PUBCHEM.COMPOUND:131766841,predicate:5,NCBIGene:259230,0.0
model_10.pt,NCBIGene:4502,predicate:1,NCBIGene:10912,PUBCHEM.COMPOUND:131766841,predicate:5,NCBIGene:259230,0.0
model_10.pt,NCBIGene:5321,predicate:4,PUBCHEM.COMPOUND:53478731,PUBCHEM.COMPOUND:131766841,predicate:5,NCBIGene:259230,0.0
model_10.pt,CHEBI:3755,predicate:7,NCBIGene:2100,PUBCHEM.COMPOUND:131766841,predicate:5,NCBIGene:259230,0.0
model_10.pt,NCBIGene:51741,predicate:13,HP:0000253,PUBCHEM.COMPOUND:131766841,predicate:5,NCBIGene:259230,0.0
model_10.pt,CHEBI:156122,predicate:5,NCBIGene:23761,PUBCHEM.COMPOUND:131766841,predicate:5,NCBIGene:259230,-15.789916038513184
model_10.pt,NCBIGene:245865,predicate:3,NCBIGene:194974,PUBCHEM.COMPOUND:131766841,predicate:5,NCBIGene:259230,0.0
model_10.pt,PUBCHEM.COMPOUND:127036977,predicate:0,NCBIGene:135,PUBCHEM.COMPOUND:131766841,predicate:5,NCBIGene:259230,0.0
model_10.pt,PUBCHEM.COMPOUND:44433263,predicate:0,NCBIGene:1576,PUBCHEM.COMPOUND:131766841,predicate:5,NCBIGene:259230,0.0
model_10.pt,CHEBI:16469,predicate:7,NCBIGene:10587,PUBCHEM.COMPOUND:131766841,predicate:5,NCBIGene:259230,0.0
model_10.pt,PUBCHEM.COMPOUND:44314087,predicate:0,NCBIGene:4313,PUBCHEM.COMPOUND:131766841,predicate:5,NCBIGene:259230,0.0
model_10.pt,PUBCHEM.COMPOUND:25093440,predicate:0,NCBIGene:1147,PUBCHEM.COMPOUND:131766841,predicate:5,NCBIGene:259230,0.0
model_10.pt,NCBIGene:20962,predicate:3,NCBIGene:219150,PUBCHEM.COMPOUND:131766841,predicate:5,NCBIGene:259230,0.0
model_10.pt,NCBIGene:23051,predicate:15,MONDO:0005068,PUBCHEM.COMPOUND:131766841,predicate:5,NCBIGene:259230,0.0
model_10.pt,NCBIGene:10565,predicate:6,NCBIGene:284369,PUBCHEM.COMPOUND:131766841,predicate:5,NCBIGene:259230,0.0
model_10.pt,PUBCHEM.COMPOUND:59268935,predicate:0,NCBIGene:1137,PUBCHEM.COMPOUND:131766841,predicate:5,NCBIGene:259230,0.0
model_10.pt,NCBIGene:5903,predicate:1,NCBIGene:402569,PUBCHEM.COMPOUND:131766841,predicate:5,NCBIGene:259230,0.0
model_10.pt,PUBCHEM.COMPOUND:57395067,predicate:0,NCBIGene:6531,PUBCHEM.COMPOUND:131766841,predicate:5,NCBIGene:259230,0.0
model_10.pt,NCBIGene:852585,predicate:3,NCBIGene:855469,PUBCHEM.COMPOUND:131766841,predicate:5,NCBIGene:259230,0.0
model_10.pt,NCBIGene:3976,predicate:9,NCBIGene:2526,PUBCHEM.COMPOUND:131766841,predicate:5,NCBIGene:259230,0.0
model_10.pt,NCBIGene:928,predicate:1,NCBIGene:29952,PUBCHEM.COMPOUND:131766841,predicate:5,NCBIGene:259230,0.0
model_10.pt,MONDO:0013171,predicate:13,MONDO:0001071,PUBCHEM.COMPOUND:131766841,predicate:5,NCBIGene:259230,0.0
model_10.pt,NCBIGene:4634,predicate:1,NCBIGene:6445,PUBCHEM.COMPOUND:131766841,predicate:5,NCBIGene:259230,0.0
model_10.pt,CHEBI:18293,predicate:12,HP:0001945,PUBCHEM.COMPOUND:131766841,predicate:5,NCBIGene:259230,0.0
model_10.pt,UNII:5M691HL4BO,predicate:16,HP:0001288,PUBCHEM.COMPOUND:131766841,predicate:5,NCBIGene:259230,0.0
model_10.pt,MONDO:0011122,predicate:10,NCBIGene:2673,PUBCHEM.COMPOUND:131766841,predicate:5,NCBIGene:259230,0.0
model_10.pt,CHEBI:185383,predicate:5,NCBIGene:9514,PUBCHEM.COMPOUND:131766841,predicate:5,NCBIGene:259230,5.62115478515625
model_10.pt,NCBIGene:4763,predicate:13,HP:0002857,PUBCHEM.COMPOUND:131766841,predicate:5,NCBIGene:259230,0.0
model_10.pt,CHEBI:6121,predicate:7,NCBIGene:2335,PUBCHEM.COMPOUND:131766841,predicate:5,NCBIGene:259230,0.0
model_10.pt,NCBIGene:4204,predicate:13,HP:0010864,PUBCHEM.COMPOUND:131766841,predicate:5,NCBIGene:259230,0.0
model_10.pt,PUBCHEM.COMPOUND:5702107,predicate:23,NCBIGene:760,PUBCHEM.COMPOUND:131766841,predicate:5,NCBIGene:259230,0.0
model_10.pt,NCBIGene:22976,predicate:9,NCBIGene:9519,PUBCHEM.COMPOUND:131766841,predicate:5,NCBIGene:259230,0.0
model_10.pt,PUBCHEM.COMPOUND:9834864,predicate:14,NCBIGene:1137,PUBCHEM.COMPOUND:131766841,predicate:5,NCBIGene:259230,0.0
model_10.pt,PUBCHEM.COMPOUND:44431492,predicate:10,NCBIGene:1815,PUBCHEM.COMPOUND:131766841,predicate:5,NCBIGene:259230,0.0
model_10.pt,CHEBI:191001,predicate:18,NCBIGene:6422,PUBCHEM.COMPOUND:131766841,predicate:5,NCBIGene:259230,0.0
model_10.pt,PUBCHEM.COMPOUND:25015107,predicate:0,NCBIGene:2260,PUBCHEM.COMPOUND:131766841,predicate:5,NCBIGene:259230,0.0
model_10.pt,PUBCHEM.COMPOUND:131757266,predicate:5,NCBIGene:80168,PUBCHEM.COMPOUND:131766841,predicate:5,NCBIGene:259230,-91.96034240722656
model_10.pt,NCBIGene:23205,predicate:1,NCBIGene:11283,PUBCHEM.COMPOUND:131766841,predicate:5,NCBIGene:259230,0.0
model_10.pt,NCBIGene:23054,predicate:1,NCBIGene:54617,PUBCHEM.COMPOUND:131766841,predicate:5,NCBIGene:259230,0.0
model_10.pt,NCBIGene:10008,predicate:3,NCBIGene:4751,PUBCHEM.COMPOUND:131766841,predicate:5,NCBIGene:259230,0.0
model_10.pt,NCBIGene:27183,predicate:1,NCBIGene:4904,PUBCHEM.COMPOUND:131766841,predicate:5,NCBIGene:259230,0.0
model_10.pt,NCBIGene:5578,predicate:8,NCBIGene:85377,PUBCHEM.COMPOUND:131766841,predicate:5,NCBIGene:259230,0.0
model_10.pt,NCBIGene:79165,predicate:1,NCBIGene:9704,PUBCHEM.COMPOUND:131766841,predicate:5,NCBIGene:259230,0.0
model_10.pt,NCBIGene:2170,predicate:9,NCBIGene:8611,PUBCHEM.COMPOUND:131766841,predicate:5,NCBIGene:259230,0.0
model_10.pt,NCBIGene:91748,predicate:1,NCBIGene:59345,PUBCHEM.COMPOUND:131766841,predicate:5,NCBIGene:259230,0.0
model_10.pt,PUBCHEM.COMPOUND:155512592,predicate:0,NCBIGene:142,PUBCHEM.COMPOUND:131766841,predicate:5,NCBIGene:259230,0.0
model_10.pt,NCBIGene:5663,predicate:7,NCBIGene:7158,PUBCHEM.COMPOUND:131766841,predicate:5,NCBIGene:259230,0.0
model_10.pt,NCBIGene:4140,predicate:21,NCBIGene:7534,PUBCHEM.COMPOUND:131766841,predicate:5,NCBIGene:259230,0.0
model_10.pt,NCBIGene:2475,predicate:1,NCBIGene:23456,PUBCHEM.COMPOUND:131766841,predicate:5,NCBIGene:259230,0.0
model_10.pt,NCBIGene:3162,predicate:15,MONDO:0000831,PUBCHEM.COMPOUND:131766841,predicate:5,NCBIGene:259230,0.0
model_10.pt,PUBCHEM.COMPOUND:10578760,predicate:0,NCBIGene:29580,PUBCHEM.COMPOUND:131766841,predicate:5,NCBIGene:259230,0.0
model_10.pt,NCBIGene:56893,predicate:9,NCBIGene:7316,PUBCHEM.COMPOUND:131766841,predicate:5,NCBIGene:259230,0.0
model_10.pt,CHEBI:93205,predicate:23,NCBIGene:8743,PUBCHEM.COMPOUND:131766841,predicate:5,NCBIGene:259230,0.0
model_10.pt,NCBIGene:1147,predicate:1,NCBIGene:57162,PUBCHEM.COMPOUND:131766841,predicate:5,NCBIGene:259230,0.0
model_10.pt,PUBCHEM.COMPOUND:137226420,predicate:0,NCBIGene:760,PUBCHEM.COMPOUND:131766841,predicate:5,NCBIGene:259230,0.0
model_10.pt,MONDO:0010691,predicate:13,HP:0007957,PUBCHEM.COMPOUND:131766841,predicate:5,NCBIGene:259230,0.0
model_10.pt,NCBIGene:51372,predicate:1,NCBIGene:6202,PUBCHEM.COMPOUND:131766841,predicate:5,NCBIGene:259230,0.0
model_10.pt,NCBIGene:25865,predicate:8,NCBIGene:23212,PUBCHEM.COMPOUND:131766841,predicate:5,NCBIGene:259230,0.0
model_10.pt,PUBCHEM.COMPOUND:122196132,predicate:0,NCBIGene:7941,PUBCHEM.COMPOUND:131766841,predicate:5,NCBIGene:259230,0.0
model_10.pt,NCBIGene:84283,predicate:1,NCBIGene:51458,PUBCHEM.COMPOUND:131766841,predicate:5,NCBIGene:259230,0.0
model_10.pt,NCBIGene:84365,predicate:1,NCBIGene:4236,PUBCHEM.COMPOUND:131766841,predicate:5,NCBIGene:259230,0.0
model_10.pt,CHEBI:8499,predicate:16,MONDO:0001382,PUBCHEM.COMPOUND:131766841,predicate:5,NCBIGene:259230,0.0
model_10.pt,NCBIGene:850551,predicate:3,NCBIGene:856863,PUBCHEM.COMPOUND:131766841,predicate:5,NCBIGene:259230,0.0
model_10.pt,NCBIGene:181271,predicate:3,NCBIGene:190925,PUBCHEM.COMPOUND:131766841,predicate:5,NCBIGene:259230,0.0
model_10.pt,NCBIGene:151056,predicate:4,PUBCHEM.COMPOUND:131761197,PUBCHEM.COMPOUND:131766841,predicate:5,NCBIGene:259230,0.0
model_10.pt,CHEBI:18152,predicate:9,NCBIGene:54498,PUBCHEM.COMPOUND:131766841,predicate:5,NCBIGene:259230,0.0
model_10.pt,NCBIGene:29949,predicate:15,MONDO:0005011,PUBCHEM.COMPOUND:131766841,predicate:5,NCBIGene:259230,0.0
model_10.pt,NCBIGene:173731,predicate:19,CHEBI:31823,PUBCHEM.COMPOUND:131766841,predicate:5,NCBIGene:259230,0.0
model_10.pt,PUBCHEM.COMPOUND:44176335,predicate:0,NCBIGene:331,PUBCHEM.COMPOUND:131766841,predicate:5,NCBIGene:259230,0.0
model_10.pt,PUBCHEM.COMPOUND:49864838,predicate:10,NCBIGene:834,PUBCHEM.COMPOUND:131766841,predicate:5,NCBIGene:259230,0.0
model_10.pt,NCBIGene:10221,predicate:8,NCBIGene:22908,PUBCHEM.COMPOUND:131766841,predicate:5,NCBIGene:259230,0.0
model_10.pt,CHEBI:46345,predicate:7,NCBIGene:6581,PUBCHEM.COMPOUND:131766841,predicate:5,NCBIGene:259230,0.0
model_10.pt,NCBIGene:375035,predicate:3,NCBIGene:80346,PUBCHEM.COMPOUND:131766841,predicate:5,NCBIGene:259230,0.0
model_10.pt,MONDO:0012176,predicate:13,HP:0003028,NCBIGene:1643,predicate:13,MONDO:0006610,-93.14094543457031
model_10.pt,CHEBI:6809,predicate:9,NCBIGene:8061,NCBIGene:1643,predicate:13,MONDO:0006610,0.0
model_10.pt,PUBCHEM.COMPOUND:1113514,predicate:0,NCBIGene:946552,NCBIGene:1643,predicate:13,MONDO:0006610,0.0
model_10.pt,PUBCHEM.COMPOUND:137636752,predicate:0,NCBIGene:3065,NCBIGene:1643,predicate:13,MONDO:0006610,0.0
model_10.pt,CHEBI:367163,predicate:16,MONDO:0015691,NCBIGene:1643,predicate:13,MONDO:0006610,0.0
model_10.pt,PUBCHEM.COMPOUND:130200977,predicate:10,NCBIGene:4988,NCBIGene:1643,predicate:13,MONDO:0006610,0.0
model_10.pt,NCBIGene:78987,predicate:3,NCBIGene:92255,NCBIGene:1643,predicate:13,MONDO:0006610,0.0
model_10.pt,NCBIGene:6352,predicate:36,NCBIGene:1234,NCBIGene:1643,predicate:13,MONDO:0006610,0.0
model_10.pt,CHEBI:6443,predicate:7,NCBIGene:8644,NCBIGene:1643,predicate:13,MONDO:0006610,0.0
model_10.pt,DRUGBANK:DB11158,predicate:12,MONDO:0005147,NCBIGene:1643,predicate:13,MONDO:0006610,0.0
model_10.pt,CHEBI:5000,predicate:12,MONDO:0001076,NCBIGene:1643,predicate:13,MONDO:0006610,0.0
model_10.pt,NCBIGene:8089,predicate:3,NCBIGene:26122,NCBIGene:1643,predicate:13,MONDO:0006610,0.0
model_10.pt,NCBIGene:10400,predicate:4,PUBCHEM.COMPOUND:52924335,NCBIGene:1643,predicate:13,MONDO:0006610,0.0
model_10.pt,NCBIGene:10618,predicate:3,NCBIGene:54887,NCBIGene:1643,predicate:13,MONDO:0006610,0.0
model_10.pt,NCBIGene:3308,predicate:15,MONDO:0005559,NCBIGene:1643,predicate:13,MONDO:0006610,0.0
model_10.pt,CHEBI:17351,predicate:7,NCBIGene:5315,NCBIGene:1643,predicate:13,MONDO:0006610,0.0
model_10.pt,CHEMBL.COMPOUND:CHEMBL4747062,predicate:0,NCBIGene:23028,NCBIGene:1643,predicate:13,MONDO:0006610,0.0
model_10.pt,CHEBI:16842,predicate:9,NCBIGene:3557,NCBIGene:1643,predicate:13,MONDO:0006610,0.0
model_10.pt,NCBIGene:4616,predicate:1,NCBIGene:2034,NCBIGene:1643,predicate:13,MONDO:0006610,0.0
model_10.pt,NCBIGene:10201,predicate:1,NCBIGene:6154,NCBIGene:1643,predicate:13,MONDO:0006610,0.0
model_10.pt,NCBIGene:794,predicate:6,NCBIGene:7135,NCBIGene:1643,predicate:13,MONDO:0006610,0.0
model_10.pt,NCBIGene:50834,predicate:1,NCBIGene:403277,NCBIGene:1643,predicate:13,MONDO:0006610,0.0
model_10.pt,CHEBI:3755,predicate:2,MONDO:0007263,NCBIGene:1643,predicate:13,MONDO:0006610,0.0
model_10.pt,PUBCHEM.COMPOUND:131762323,predicate:5,NCBIGene:5407,NCBIGene:1643,predicate:13,MONDO:0006610,0.0
model_10.pt,PUBCHEM.COMPOUND:54325967,predicate:0,NCBIGene:5468,NCBIGene:1643,predicate:13,MONDO:0006610,0.0
model_10.pt,CHEBI:64354,predicate:0,NCBIGene:6559,NCBIGene:1643,predicate:13,MONDO:0006610,0.0
model_10.pt,CHEBI:44423,predicate:7,NCBIGene:3162,NCBIGene:1643,predicate:13,MONDO:0006610,0.0
model_10.pt,NCBIGene:113174,predicate:10,NCBIGene:100528017,NCBIGene:1643,predicate:13,MONDO:0006610,0.0
model_10.pt,NCBIGene:4502,predicate:1,NCBIGene:10912,NCBIGene:1643,predicate:13,MONDO:0006610,0.0
model_10.pt,NCBIGene:5321,predicate:4,PUBCHEM.COMPOUND:53478731,NCBIGene:1643,predicate:13,MONDO:0006610,0.0
model_10.pt,CHEBI:3755,predicate:7,NCBIGene:2100,NCBIGene:1643,predicate:13,MONDO:0006610,0.0
model_10.pt,NCBIGene:51741,predicate:13,HP:0000253,NCBIGene:1643,predicate:13,MONDO:0006610,20.0262451171875
model_10.pt,CHEBI:156122,predicate:5,NCBIGene:23761,NCBIGene:1643,predicate:13,MONDO:0006610,0.0
model_10.pt,NCBIGene:245865,predicate:3,NCBIGene:194974,NCBIGene:1643,predicate:13,MONDO:0006610,0.0
model_10.pt,PUBCHEM.COMPOUND:127036977,predicate:0,NCBIGene:135,NCBIGene:1643,predicate:13,MONDO:0006610,0.0
model_10.pt,PUBCHEM.COMPOUND:44433263,predicate:0,NCBIGene:1576,NCBIGene:1643,predicate:13,MONDO:0006610,0.0
model_10.pt,CHEBI:16469,predicate:7,NCBIGene:10587,NCBIGene:1643,predicate:13,MONDO:0006610,0.0
model_10.pt,PUBCHEM.COMPOUND:44314087,predicate:0,NCBIGene:4313,NCBIGene:1643,predicate:13,MONDO:0006610,0.0
model_10.pt,PUBCHEM.COMPOUND:25093440,predicate:0,NCBIGene:1147,NCBIGene:1643,predicate:13,MONDO:0006610,0.0
model_10.pt,NCBIGene:20962,predicate:3,NCBIGene:219150,NCBIGene:1643,predicate:13,MONDO:0006610,0.0
model_10.pt,NCBIGene:23051,predicate:15,MONDO:0005068,NCBIGene:1643,predicate:13,MONDO:0006610,0.0
model_10.pt,NCBIGene:10565,predicate:6,NCBIGene:284369,NCBIGene:1643,predicate:13,MONDO:0006610,0.0
model_10.pt,PUBCHEM.COMPOUND:59268935,predicate:0,NCBIGene:1137,NCBIGene:1643,predicate:13,MONDO:0006610,0.0
model_10.pt,NCBIGene:5903,predicate:1,NCBIGene:402569,NCBIGene:1643,predicate:13,MONDO:0006610,0.0
model_10.pt,PUBCHEM.COMPOUND:57395067,predicate:0,NCBIGene:6531,NCBIGene:1643,predicate:13,MONDO:0006610,0.0
model_10.pt,NCBIGene:852585,predicate:3,NCBIGene:855469,NCBIGene:1643,predicate:13,MONDO:0006610,0.0
model_10.pt,NCBIGene:3976,predicate:9,NCBIGene:2526,NCBIGene:1643,predicate:13,MONDO:0006610,0.0
model_10.pt,NCBIGene:928,predicate:1,NCBIGene:29952,NCBIGene:1643,predicate:13,MONDO:0006610,0.0
model_10.pt,MONDO:0013171,predicate:13,MONDO:0001071,NCBIGene:1643,predicate:13,MONDO:0006610,36.133544921875
model_10.pt,NCBIGene:4634,predicate:1,NCBIGene:6445,NCBIGene:1643,predicate:13,MONDO:0006610,0.0
model_10.pt,CHEBI:18293,predicate:12,HP:0001945,NCBIGene:1643,predicate:13,MONDO:0006610,0.0
model_10.pt,UNII:5M691HL4BO,predicate:16,HP:0001288,NCBIGene:1643,predicate:13,MONDO:0006610,0.0
model_10.pt,MONDO:0011122,predicate:10,NCBIGene:2673,NCBIGene:1643,predicate:13,MONDO:0006610,0.0
model_10.pt,CHEBI:185383,predicate:5,NCBIGene:9514,NCBIGene:1643,predicate:13,MONDO:0006610,0.0
model_10.pt,NCBIGene:4763,predicate:13,HP:0002857,NCBIGene:1643,predicate:13,MONDO:0006610,40.58708953857422
model_10.pt,CHEBI:6121,predicate:7,NCBIGene:2335,NCBIGene:1643,predicate:13,MONDO:0006610,0.0
model_10.pt,NCBIGene:4204,predicate:13,HP:0010864,NCBIGene:1643,predicate:13,MONDO:0006610,-47.247314453125
model_10.pt,PUBCHEM.COMPOUND:5702107,predicate:23,NCBIGene:760,NCBIGene:1643,predicate:13,MONDO:0006610,0.0
model_10.pt,NCBIGene:22976,predicate:9,NCBIGene:9519,NCBIGene:1643,predicate:13,MONDO:0006610,0.0
model_10.pt,PUBCHEM.COMPOUND:9834864,predicate:14,NCBIGene:1137,NCBIGene:1643,predicate:13,MONDO:0006610,0.0
model_10.pt,PUBCHEM.COMPOUND:44431492,predicate:10,NCBIGene:1815,NCBIGene:1643,predicate:13,MONDO:0006610,0.0
model_10.pt,CHEBI:191001,predicate:18,NCBIGene:6422,NCBIGene:1643,predicate:13,MONDO:0006610,0.0
model_10.pt,PUBCHEM.COMPOUND:25015107,predicate:0,NCBIGene:2260,NCBIGene:1643,predicate:13,MONDO:0006610,0.0
model_10.pt,PUBCHEM.COMPOUND:131757266,predicate:5,NCBIGene:80168,NCBIGene:1643,predicate:13,MONDO:0006610,0.0
model_10.pt,NCBIGene:23205,predicate:1,NCBIGene:11283,NCBIGene:1643,predicate:13,MONDO:0006610,0.0
model_10.pt,NCBIGene:23054,predicate:1,NCBIGene:54617,NCBIGene:1643,predicate:13,MONDO:0006610,0.0
model_10.pt,NCBIGene:10008,predicate:3,NCBIGene:4751,NCBIGene:1643,predicate:13,MONDO:0006610,0.0
model_10.pt,NCBIGene:27183,predicate:1,NCBIGene:4904,NCBIGene:1643,predicate:13,MONDO:0006610,0.0
model_10.pt,NCBIGene:5578,predicate:8,NCBIGene:85377,NCBIGene:1643,predicate:13,MONDO:0006610,0.0
model_10.pt,NCBIGene:79165,predicate:1,NCBIGene:9704,NCBIGene:1643,predicate:13,MONDO:0006610,0.0
model_10.pt,NCBIGene:2170,predicate:9,NCBIGene:8611,NCBIGene:1643,predicate:13,MONDO:0006610,0.0
model_10.pt,NCBIGene:91748,predicate:1,NCBIGene:59345,NCBIGene:1643,predicate:13,MONDO:0006610,0.0
model_10.pt,PUBCHEM.COMPOUND:155512592,predicate:0,NCBIGene:142,NCBIGene:1643,predicate:13,MONDO:0006610,0.0
model_10.pt,NCBIGene:5663,predicate:7,NCBIGene:7158,NCBIGene:1643,predicate:13,MONDO:0006610,0.0
model_10.pt,NCBIGene:4140,predicate:21,NCBIGene:7534,NCBIGene:1643,predicate:13,MONDO:0006610,0.0
model_10.pt,NCBIGene:2475,predicate:1,NCBIGene:23456,NCBIGene:1643,predicate:13,MONDO:0006610,0.0
model_10.pt,NCBIGene:3162,predicate:15,MONDO:0000831,NCBIGene:1643,predicate:13,MONDO:0006610,0.0
model_10.pt,PUBCHEM.COMPOUND:10578760,predicate:0,NCBIGene:29580,NCBIGene:1643,predicate:13,MONDO:0006610,0.0
model_10.pt,NCBIGene:56893,predicate:9,NCBIGene:7316,NCBIGene:1643,predicate:13,MONDO:0006610,0.0
model_10.pt,CHEBI:93205,predicate:23,NCBIGene:8743,NCBIGene:1643,predicate:13,MONDO:0006610,0.0
model_10.pt,NCBIGene:1147,predicate:1,NCBIGene:57162,NCBIGene:1643,predicate:13,MONDO:0006610,0.0
model_10.pt,PUBCHEM.COMPOUND:137226420,predicate:0,NCBIGene:760,NCBIGene:1643,predicate:13,MONDO:0006610,0.0
model_10.pt,MONDO:0010691,predicate:13,HP:0007957,NCBIGene:1643,predicate:13,MONDO:0006610,-47.35581588745117
model_10.pt,NCBIGene:51372,predicate:1,NCBIGene:6202,NCBIGene:1643,predicate:13,MONDO:0006610,0.0
model_10.pt,NCBIGene:25865,predicate:8,NCBIGene:23212,NCBIGene:1643,predicate:13,MONDO:0006610,0.0
model_10.pt,PUBCHEM.COMPOUND:122196132,predicate:0,NCBIGene:7941,NCBIGene:1643,predicate:13,MONDO:0006610,0.0
model_10.pt,NCBIGene:84283,predicate:1,NCBIGene:51458,NCBIGene:1643,predicate:13,MONDO:0006610,0.0
model_10.pt,NCBIGene:84365,predicate:1,NCBIGene:4236,NCBIGene:1643,predicate:13,MONDO:0006610,0.0
model_10.pt,CHEBI:8499,predicate:16,MONDO:0001382,NCBIGene:1643,predicate:13,MONDO:0006610,0.0
model_10.pt,NCBIGene:850551,predicate:3,NCBIGene:856863,NCBIGene:1643,predicate:13,MONDO:0006610,0.0
model_10.pt,NCBIGene:181271,predicate:3,NCBIGene:190925,NCBIGene:1643,predicate:13,MONDO:0006610,0.0
model_10.pt,NCBIGene:151056,predicate:4,PUBCHEM.COMPOUND:131761197,NCBIGene:1643,predicate:13,MONDO:0006610,0.0
model_10.pt,CHEBI:18152,predicate:9,NCBIGene:54498,NCBIGene:1643,predicate:13,MONDO:0006610,0.0
model_10.pt,NCBIGene:29949,predicate:15,MONDO:0005011,NCBIGene:1643,predicate:13,MONDO:0006610,0.0
model_10.pt,NCBIGene:173731,predicate:19,CHEBI:31823,NCBIGene:1643,predicate:13,MONDO:0006610,0.0
model_10.pt,PUBCHEM.COMPOUND:44176335,predicate:0,NCBIGene:331,NCBIGene:1643,predicate:13,MONDO:0006610,0.0
model_10.pt,PUBCHEM.COMPOUND:49864838,predicate:10,NCBIGene:834,NCBIGene:1643,predicate:13,MONDO:0006610,0.0
model_10.pt,NCBIGene:10221,predicate:8,NCBIGene:22908,NCBIGene:1643,predicate:13,MONDO:0006610,0.0
model_10.pt,CHEBI:46345,predicate:7,NCBIGene:6581,NCBIGene:1643,predicate:13,MONDO:0006610,0.0
model_10.pt,NCBIGene:375035,predicate:3,NCBIGene:80346,NCBIGene:1643,predicate:13,MONDO:0006610,0.0
model_2.pt,MONDO:0012176,predicate:13,HP:0003028,NCBIGene:27230,predicate:1,NCBIGene:55325,0.0
model_2.pt,CHEBI:6809,predicate:9,NCBIGene:8061,NCBIGene:27230,predicate:1,NCBIGene:55325,0.0
model_2.pt,PUBCHEM.COMPOUND:1113514,predicate:0,NCBIGene:946552,NCBIGene:27230,predicate:1,NCBIGene:55325,0.0
model_2.pt,PUBCHEM.COMPOUND:137636752,predicate:0,NCBIGene:3065,NCBIGene:27230,predicate:1,NCBIGene:55325,0.0
model_2.pt,CHEBI:367163,predicate:16,MONDO:0015691,NCBIGene:27230,predicate:1,NCBIGene:55325,0.0
model_2.pt,PUBCHEM.COMPOUND:130200977,predicate:10,NCBIGene:4988,NCBIGene:27230,predicate:1,NCBIGene:55325,0.0
model_2.pt,NCBIGene:78987,predicate:3,NCBIGene:92255,NCBIGene:27230,predicate:1,NCBIGene:55325,0.0
model_2.pt,NCBIGene:6352,predicate:36,NCBIGene:1234,NCBIGene:27230,predicate:1,NCBIGene:55325,0.0
model_2.pt,CHEBI:6443,predicate:7,NCBIGene:8644,NCBIGene:27230,predicate:1,NCBIGene:55325,0.0
model_2.pt,DRUGBANK:DB11158,predicate:12,MONDO:0005147,NCBIGene:27230,predicate:1,NCBIGene:55325,0.0
model_2.pt,CHEBI:5000,predicate:12,MONDO:0001076,NCBIGene:27230,predicate:1,NCBIGene:55325,0.0
model_2.pt,NCBIGene:8089,predicate:3,NCBIGene:26122,NCBIGene:27230,predicate:1,NCBIGene:55325,0.0
model_2.pt,NCBIGene:10400,predicate:4,PUBCHEM.COMPOUND:52924335,NCBIGene:27230,predicate:1,NCBIGene:55325,0.0
model_2.pt,NCBIGene:10618,predicate:3,NCBIGene:54887,NCBIGene:27230,predicate:1,NCBIGene:55325,0.0
model_2.pt,NCBIGene:3308,predicate:15,MONDO:0005559,NCBIGene:27230,predicate:1,NCBIGene:55325,0.0
model_2.pt,CHEBI:17351,predicate:7,NCBIGene:5315,NCBIGene:27230,predicate:1,NCBIGene:55325,0.0
model_2.pt,CHEMBL.COMPOUND:CHEMBL4747062,predicate:0,NCBIGene:23028,NCBIGene:27230,predicate:1,NCBIGene:55325,0.0
model_2.pt,CHEBI:16842,predicate:9,NCBIGene:3557,NCBIGene:27230,predicate:1,NCBIGene:55325,0.0
model_2.pt,NCBIGene:4616,predicate:1,NCBIGene:2034,NCBIGene:27230,predicate:1,NCBIGene:55325,65.65591430664062
model_2.pt,NCBIGene:10201,predicate:1,NCBIGene:6154,NCBIGene:27230,predicate:1,NCBIGene:55325,53.080810546875
model_2.pt,NCBIGene:794,predicate:6,NCBIGene:7135,NCBIGene:27230,predicate:1,NCBIGene:55325,0.0
model_2.pt,NCBIGene:50834,predicate:1,NCBIGene:403277,NCBIGene:27230,predicate:1,NCBIGene:55325,-10.789287567138672
model_2.pt,CHEBI:3755,predicate:2,MONDO:0007263,NCBIGene:27230,predicate:1,NCBIGene:55325,0.0
model_2.pt,PUBCHEM.COMPOUND:131762323,predicate:5,NCBIGene:5407,NCBIGene:27230,predicate:1,NCBIGene:55325,0.0
model_2.pt,PUBCHEM.COMPOUND:54325967,predicate:0,NCBIGene:5468,NCBIGene:27230,predicate:1,NCBIGene:55325,0.0
model_2.pt,CHEBI:64354,predicate:0,NCBIGene:6559,NCBIGene:27230,predicate:1,NCBIGene:55325,0.0
model_2.pt,CHEBI:44423,predicate:7,NCBIGene:3162,NCBIGene:27230,predicate:1,NCBIGene:55325,0.0
model_2.pt,NCBIGene:113174,predicate:10,NCBIGene:100528017,NCBIGene:27230,predicate:1,NCBIGene:55325,0.0
model_2.pt,NCBIGene:4502,predicate:1,NCBIGene:10912,NCBIGene:27230,predicate:1,NCBIGene:55325,38.39537048339844
model_2.pt,NCBIGene:5321,predicate:4,PUBCHEM.COMPOUND:53478731,NCBIGene:27230,predicate:1,NCBIGene:55325,0.0
model_2.pt,CHEBI:3755,predicate:7,NCBIGene:2100,NCBIGene:27230,predicate:1,NCBIGene:55325,0.0
model_2.pt,NCBIGene:51741,predicate:13,HP:0000253,NCBIGene:27230,predicate:1,NCBIGene:55325,0.0
model_2.pt,CHEBI:156122,predicate:5,NCBIGene:23761,NCBIGene:27230,predicate:1,NCBIGene:55325,0.0
model_2.pt,NCBIGene:245865,predicate:3,NCBIGene:194974,NCBIGene:27230,predicate:1,NCBIGene:55325,0.0
model_2.pt,PUBCHEM.COMPOUND:127036977,predicate:0,NCBIGene:135,NCBIGene:27230,predicate:1,NCBIGene:55325,0.0
model_2.pt,PUBCHEM.COMPOUND:44433263,predicate:0,NCBIGene:1576,NCBIGene:27230,predicate:1,NCBIGene:55325,0.0
model_2.pt,CHEBI:16469,predicate:7,NCBIGene:10587,NCBIGene:27230,predicate:1,NCBIGene:55325,0.0
model_2.pt,PUBCHEM.COMPOUND:44314087,predicate:0,NCBIGene:4313,NCBIGene:27230,predicate:1,NCBIGene:55325,0.0
model_2.pt,PUBCHEM.COMPOUND:25093440,predicate:0,NCBIGene:1147,NCBIGene:27230,predicate:1,NCBIGene:55325,0.0
model_2.pt,NCBIGene:20962,predicate:3,NCBIGene:219150,NCBIGene:27230,predicate:1,NCBIGene:55325,0.0
model_2.pt,NCBIGene:23051,predicate:15,MONDO:0005068,NCBIGene:27230,predicate:1,NCBIGene:55325,0.0
model_2.pt,NCBIGene:10565,predicate:6,NCBIGene:284369,NCBIGene:27230,predicate:1,NCBIGene:55325,0.0
model_2.pt,PUBCHEM.COMPOUND:59268935,predicate:0,NCBIGene:1137,NCBIGene:27230,predicate:1,NCBIGene:55325,0.0
model_2.pt,NCBIGene:5903,predicate:1,NCBIGene:402569,NCBIGene:27230,predicate:1,NCBIGene:55325,79.79403686523438
model_2.pt,PUBCHEM.COMPOUND:57395067,predicate:0,NCBIGene:6531,NCBIGene:27230,predicate:1,NCBIGene:55325,0.0
model_2.pt,NCBIGene:852585,predicate:3,NCBIGene:855469,NCBIGene:27230,predicate:1,NCBIGene:55325,0.0
model_2.pt,NCBIGene:3976,predicate:9,NCBIGene:2526,NCBIGene:27230,predicate:1,NCBIGene:55325,0.0
model_2.pt,NCBIGene:928,predicate:1,NCBIGene:29952,NCBIGene:27230,predicate:1,NCBIGene:55325,-19.383541107177734
model_2.pt,MONDO:0013171,predicate:13,MONDO:0001071,NCBIGene:27230,predicate:1,NCBIGene:55325,0.0
model_2.pt,NCBIGene:4634,predicate:1,NCBIGene:6445,NCBIGene:27230,predicate:1,NCBIGene:55325,-6.582024574279785
model_2.pt,CHEBI:18293,predicate:12,HP:0001945,NCBIGene:27230,predicate:1,NCBIGene:55325,0.0
model_2.pt,UNII:5M691HL4BO,predicate:16,HP:0001288,NCBIGene:27230,predicate:1,NCBIGene:55325,0.0
model_2.pt,MONDO:0011122,predicate:10,NCBIGene:2673,NCBIGene:27230,predicate:1,NCBIGene:55325,0.0
model_2.pt,CHEBI:185383,predicate:5,NCBIGene:9514,NCBIGene:27230,predicate:1,NCBIGene:55325,0.0
model_2.pt,NCBIGene:4763,predicate:13,HP:0002857,NCBIGene:27230,predicate:1,NCBIGene:55325,0.0
model_2.pt,CHEBI:6121,predicate:7,NCBIGene:2335,NCBIGene:27230,predicate:1,NCBIGene:55325,0.0
model_2.pt,NCBIGene:4204,predicate:13,HP:0010864,NCBIGene:27230,predicate:1,NCBIGene:55325,0.0
model_2.pt,PUBCHEM.COMPOUND:5702107,predicate:23,NCBIGene:760,NCBIGene:27230,predicate:1,NCBIGene:55325,0.0
model_2.pt,NCBIGene:22976,predicate:9,NCBIGene:9519,NCBIGene:27230,predicate:1,NCBIGene:55325,0.0
model_2.pt,PUBCHEM.COMPOUND:9834864,predicate:14,NCBIGene:1137,NCBIGene:27230,predicate:1,NCBIGene:55325,0.0
model_2.pt,PUBCHEM.COMPOUND:44431492,predicate:10,NCBIGene:1815,NCBIGene:27230,predicate:1,NCBIGene:55325,0.0
model_2.pt,CHEBI:191001,predicate:18,NCBIGene:6422,NCBIGene:27230,predicate:1,NCBIGene:55325,0.0
model_2.pt,PUBCHEM.COMPOUND:25015107,predicate:0,NCBIGene:2260,NCBIGene:27230,predicate:1,NCBIGene:55325,0.0
model_2.pt,PUBCHEM.COMPOUND:131757266,predicate:5,NCBIGene:80168,NCBIGene:27230,predicate:1,NCBIGene:55325,0.0
model_2.pt,NCBIGene:23205,predicate:1,NCBIGene:11283,NCBIGene:27230,predicate:1,NCBIGene:55325,6.220527648925781
model_2.pt,NCBIGene:23054,predicate:1,NCBIGene:54617,NCBIGene:27230,predicate:1,NCBIGene:55325,-0.44587135314941406
model_2.pt,NCBIGene:10008,predicate:3,NCBIGene:4751,NCBIGene:27230,predicate:1,NCBIGene:55325,0.0
model_2.pt,NCBIGene:27183,predicate:1,NCBIGene:4904,NCBIGene:27230,predicate:1,NCBIGene:55325,-34.40303039550781
model_2.pt,NCBIGene:5578,predicate:8,NCBIGene:85377,NCBIGene:27230,predicate:1,NCBIGene:55325,0.0
model_2.pt,NCBIGene:79165,predicate:1,NCBIGene:9704,NCBIGene:27230,predicate:1,NCBIGene:55325,51.820213317871094
model_2.pt,NCBIGene:2170,predicate:9,NCBIGene:8611,NCBIGene:27230,predicate:1,NCBIGene:55325,0.0
model_2.pt,NCBIGene:91748,predicate:1,NCBIGene:59345,NCBIGene:27230,predicate:1,NCBIGene:55325,-101.57833099365234
model_2.pt,PUBCHEM.COMPOUND:155512592,predicate:0,NCBIGene:142,NCBIGene:27230,predicate:1,NCBIGene:55325,0.0
model_2.pt,NCBIGene:5663,predicate:7,NCBIGene:7158,NCBIGene:27230,predicate:1,NCBIGene:55325,0.0
model_2.pt,NCBIGene:4140,predicate:21,NCBIGene:7534,NCBIGene:27230,predicate:1,NCBIGene:55325,0.0
model_2.pt,NCBIGene:2475,predicate:1,NCBIGene:23456,NCBIGene:27230,predicate:1,NCBIGene:55325,-2.7040328979492188
model_2.pt,NCBIGene:3162,predicate:15,MONDO:0000831,NCBIGene:27230,predicate:1,NCBIGene:55325,0.0
model_2.pt,PUBCHEM.COMPOUND:10578760,predicate:0,NCBIGene:29580,NCBIGene:27230,predicate:1,NCBIGene:55325,0.0
model_2.pt,NCBIGene:56893,predicate:9,NCBIGene:7316,NCBIGene:27230,predicate:1,NCBIGene:55325,0.0
model_2.pt,CHEBI:93205,predicate:23,NCBIGene:8743,NCBIGene:27230,predicate:1,NCBIGene:55325,0.0
model_2.pt,NCBIGene:1147,predicate:1,NCBIGene:57162,NCBIGene:27230,predicate:1,NCBIGene:55325,13.128823280334473
model_2.pt,PUBCHEM.COMPOUND:137226420,predicate:0,NCBIGene:760,NCBIGene:27230,predicate:1,NCBIGene:55325,0.0
model_2.pt,MONDO:0010691,predicate:13,HP:0007957,NCBIGene:27230,predicate:1,NCBIGene:55325,0.0
model_2.pt,NCBIGene:51372,predicate:1,NCBIGene:6202,NCBIGene:27230,predicate:1,NCBIGene:55325,9.067270278930664
model_2.pt,NCBIGene:25865,predicate:8,NCBIGene:23212,NCBIGene:27230,predicate:1,NCBIGene:55325,0.0
model_2.pt,PUBCHEM.COMPOUND:122196132,predicate:0,NCBIGene:7941,NCBIGene:27230,predicate:1,NCBIGene:55325,0.0
model_2.pt,NCBIGene:84283,predicate:1,NCBIGene:51458,NCBIGene:27230,predicate:1,NCBIGene:55325,-36.79672622680664
model_2.pt,NCBIGene:84365,predicate:1,NCBIGene:4236,NCBIGene:27230,predicate:1,NCBIGene:55325,-92.42708587646484
model_2.pt,CHEBI:8499,predicate:16,MONDO:0001382,NCBIGene:27230,predicate:1,NCBIGene:55325,0.0
model_2.pt,NCBIGene:850551,predicate:3,NCBIGene:856863,NCBIGene:27230,predicate:1,NCBIGene:55325,0.0
model_2.pt,NCBIGene:181271,predicate:3,NCBIGene:190925,NCBIGene:27230,predicate:1,NCBIGene:55325,0.0
model_2.pt,NCBIGene:151056,predicate:4,PUBCHEM.COMPOUND:131761197,NCBIGene:27230,predicate:1,NCBIGene:55325,0.0
model_2.pt,CHEBI:18152,predicate:9,NCBIGene:54498,NCBIGene:27230,predicate:1,NCBIGene:55325,0.0
model_2.pt,NCBIGene:29949,predicate:15,MONDO:0005011,NCBIGene:27230,predicate:1,NCBIGene:55325,0.0
model_2.pt,NCBIGene:173731,predicate:19,CHEBI:31823,NCBIGene:27230,predicate:1,NCBIGene:55325,0.0
model_2.pt,PUBCHEM.COMPOUND:44176335,predicate:0,NCBIGene:331,NCBIGene:27230,predicate:1,NCBIGene:55325,0.0
model_2.pt,PUBCHEM.COMPOUND:49864838,predicate:10,NCBIGene:834,NCBIGene:27230,predicate:1,NCBIGene:55325,0.0
model_2.pt,NCBIGene:10221,predicate:8,NCBIGene:22908,NCBIGene:27230,predicate:1,NCBIGene:55325,0.0
model_2.pt,CHEBI:46345,predicate:7,NCBIGene:6581,NCBIGene:27230,predicate:1,NCBIGene:55325,0.0
model_2.pt,NCBIGene:375035,predicate:3,NCBIGene:80346,NCBIGene:27230,predicate:1,NCBIGene:55325,0.0
model_2.pt,MONDO:0012176,predicate:13,HP:0003028,NCBIGene:5800,predicate:3,NCBIGene:7534,0.0
model_2.pt,CHEBI:6809,predicate:9,NCBIGene:8061,NCBIGene:5800,predicate:3,NCBIGene:7534,0.0
model_2.pt,PUBCHEM.COMPOUND:1113514,predicate:0,NCBIGene:946552,NCBIGene:5800,predicate:3,NCBIGene:7534,0.0
model_2.pt,PUBCHEM.COMPOUND:137636752,predicate:0,NCBIGene:3065,NCBIGene:5800,predicate:3,NCBIGene:7534,0.0
model_2.pt,CHEBI:367163,predicate:16,MONDO:0015691,NCBIGene:5800,predicate:3,NCBIGene:7534,0.0
model_2.pt,PUBCHEM.COMPOUND:130200977,predicate:10,NCBIGene:4988,NCBIGene:5800,predicate:3,NCBIGene:7534,0.0
model_2.pt,NCBIGene:78987,predicate:3,NCBIGene:92255,NCBIGene:5800,predicate:3,NCBIGene:7534,48.07379913330078
model_2.pt,NCBIGene:6352,predicate:36,NCBIGene:1234,NCBIGene:5800,predicate:3,NCBIGene:7534,0.0
model_2.pt,CHEBI:6443,predicate:7,NCBIGene:8644,NCBIGene:5800,predicate:3,NCBIGene:7534,0.0
model_2.pt,DRUGBANK:DB11158,predicate:12,MONDO:0005147,NCBIGene:5800,predicate:3,NCBIGene:7534,0.0
model_2.pt,CHEBI:5000,predicate:12,MONDO:0001076,NCBIGene:5800,predicate:3,NCBIGene:7534,0.0
model_2.pt,NCBIGene:8089,predicate:3,NCBIGene:26122,NCBIGene:5800,predicate:3,NCBIGene:7534,32.37138366699219
model_2.pt,NCBIGene:10400,predicate:4,PUBCHEM.COMPOUND:52924335,NCBIGene:5800,predicate:3,NCBIGene:7534,0.0
model_2.pt,NCBIGene:10618,predicate:3,NCBIGene:54887,NCBIGene:5800,predicate:3,NCBIGene:7534,-70.947998046875
model_2.pt,NCBIGene:3308,predicate:15,MONDO:0005559,NCBIGene:5800,predicate:3,NCBIGene:7534,0.0
model_2.pt,CHEBI:17351,predicate:7,NCBIGene:5315,NCBIGene:5800,predicate:3,NCBIGene:7534,0.0
model_2.pt,CHEMBL.COMPOUND:CHEMBL4747062,predicate:0,NCBIGene:23028,NCBIGene:5800,predicate:3,NCBIGene:7534,0.0
model_2.pt,CHEBI:16842,predicate:9,NCBIGene:3557,NCBIGene:5800,predicate:3,NCBIGene:7534,0.0
model_2.pt,NCBIGene:4616,predicate:1,NCBIGene:2034,NCBIGene:5800,predicate:3,NCBIGene:7534,0.0
model_2.pt,NCBIGene:10201,predicate:1,NCBIGene:6154,NCBIGene:5800,predicate:3,NCBIGene:7534,0.0
model_2.pt,NCBIGene:794,predicate:6,NCBIGene:7135,NCBIGene:5800,predicate:3,NCBIGene:7534,0.0
model_2.pt,NCBIGene:50834,predicate:1,NCBIGene:403277,NCBIGene:5800,predicate:3,NCBIGene:7534,0.0
model_2.pt,CHEBI:3755,predicate:2,MONDO:0007263,NCBIGene:5800,predicate:3,NCBIGene:7534,0.0
model_2.pt,PUBCHEM.COMPOUND:131762323,predicate:5,NCBIGene:5407,NCBIGene:5800,predicate:3,NCBIGene:7534,0.0
model_2.pt,PUBCHEM.COMPOUND:54325967,predicate:0,NCBIGene:5468,NCBIGene:5800,predicate:3,NCBIGene:7534,0.0
model_2.pt,CHEBI:64354,predicate:0,NCBIGene:6559,NCBIGene:5800,predicate:3,NCBIGene:7534,0.0
model_2.pt,CHEBI:44423,predicate:7,NCBIGene:3162,NCBIGene:5800,predicate:3,NCBIGene:7534,0.0
model_2.pt,NCBIGene:113174,predicate:10,NCBIGene:100528017,NCBIGene:5800,predicate:3,NCBIGene:7534,0.0
model_2.pt,NCBIGene:4502,predicate:1,NCBIGene:10912,NCBIGene:5800,predicate:3,NCBIGene:7534,0.0
model_2.pt,NCBIGene:5321,predicate:4,PUBCHEM.COMPOUND:53478731,NCBIGene:5800,predicate:3,NCBIGene:7534,0.0
model_2.pt,CHEBI:3755,predicate:7,NCBIGene:2100,NCBIGene:5800,predicate:3,NCBIGene:7534,0.0
model_2.pt,NCBIGene:51741,predicate:13,HP:0000253,NCBIGene:5800,predicate:3,NCBIGene:7534,0.0
model_2.pt,CHEBI:156122,predicate:5,NCBIGene:23761,NCBIGene:5800,predicate:3,NCBIGene:7534,0.0
model_2.pt,NCBIGene:245865,predicate:3,NCBIGene:194974,NCBIGene:5800,predicate:3,NCBIGene:7534,-112.63972473144531
model_2.pt,PUBCHEM.COMPOUND:127036977,predicate:0,NCBIGene:135,NCBIGene:5800,predicate:3,NCBIGene:7534,0.0
model_2.pt,PUBCHEM.COMPOUND:44433263,predicate:0,NCBIGene:1576,NCBIGene:5800,predicate:3,NCBIGene:7534,0.0
model_2.pt,CHEBI:16469,predicate:7,NCBIGene:10587,NCBIGene:5800,predicate:3,NCBIGene:7534,0.0
model_2.pt,PUBCHEM.COMPOUND:44314087,predicate:0,NCBIGene:4313,NCBIGene:5800,predicate:3,NCBIGene:7534,0.0
model_2.pt,PUBCHEM.COMPOUND:25093440,predicate:0,NCBIGene:1147,NCBIGene:5800,predicate:3,NCBIGene:7534,0.0
model_2.pt,NCBIGene:20962,predicate:3,NCBIGene:219150,NCBIGene:5800,predicate:3,NCBIGene:7534,-69.87104034423828
model_2.pt,NCBIGene:23051,predicate:15,MONDO:0005068,NCBIGene:5800,predicate:3,NCBIGene:7534,0.0
model_2.pt,NCBIGene:10565,predicate:6,NCBIGene:284369,NCBIGene:5800,predicate:3,NCBIGene:7534,0.0
model_2.pt,PUBCHEM.COMPOUND:59268935,predicate:0,NCBIGene:1137,NCBIGene:5800,predicate:3,NCBIGene:7534,0.0
model_2.pt,NCBIGene:5903,predicate:1,NCBIGene:402569,NCBIGene:5800,predicate:3,NCBIGene:7534,0.0
model_2.pt,PUBCHEM.COMPOUND:57395067,predicate:0,NCBIGene:6531,NCBIGene:5800,predicate:3,NCBIGene:7534,0.0
model_2.pt,NCBIGene:852585,predicate:3,NCBIGene:855469,NCBIGene:5800,predicate:3,NCBIGene:7534,-38.085899353027344
model_2.pt,NCBIGene:3976,predicate:9,NCBIGene:2526,NCBIGene:5800,predicate:3,NCBIGene:7534,0.0
model_2.pt,NCBIGene:928,predicate:1,NCBIGene:29952,NCBIGene:5800,predicate:3,NCBIGene:7534,0.0
model_2.pt,MONDO:0013171,predicate:13,MONDO:0001071,NCBIGene:5800,predicate:3,NCBIGene:7534,0.0
model_2.pt,NCBIGene:4634,predicate:1,NCBIGene:6445,NCBIGene:5800,predicate:3,NCBIGene:7534,0.0
model_2.pt,CHEBI:18293,predicate:12,HP:0001945,NCBIGene:5800,predicate:3,NCBIGene:7534,0.0
model_2.pt,UNII:5M691HL4BO,predicate:16,HP:0001288,NCBIGene:5800,predicate:3,NCBIGene:7534,0.0
model_2.pt,MONDO:0011122,predicate:10,NCBIGene:2673,NCBIGene:5800,predicate:3,NCBIGene:7534,0.0
model_2.pt,CHEBI:185383,predicate:5,NCBIGene:9514,NCBIGene:5800,predicate:3,NCBIGene:7534,0.0
model_2.pt,NCBIGene:4763,predicate:13,HP:0002857,NCBIGene:5800,predicate:3,NCBIGene:7534,0.0
model_2.pt,CHEBI:6121,predicate:7,NCBIGene:2335,NCBIGene:5800,predicate:3,NCBIGene:7534,0.0
model_2.pt,NCBIGene:4204,predicate:13,HP:0010864,NCBIGene:5800,predicate:3,NCBIGene:7534,0.0
model_2.pt,PUBCHEM.COMPOUND:5702107,predicate:23,NCBIGene:760,NCBIGene:5800,predicate:3,NCBIGene:7534,0.0
model_2.pt,NCBIGene:22976,predicate:9,NCBIGene:9519,NCBIGene:5800,predicate:3,NCBIGene:7534,0.0
model_2.pt,PUBCHEM.COMPOUND:9834864,predicate:14,NCBIGene:1137,NCBIGene:5800,predicate:3,NCBIGene:7534,0.0
model_2.pt,PUBCHEM.COMPOUND:44431492,predicate:10,NCBIGene:1815,NCBIGene:5800,predicate:3,NCBIGene:7534,0.0
model_2.pt,CHEBI:191001,predicate:18,NCBIGene:6422,NCBIGene:5800,predicate:3,NCBIGene:7534,0.0
model_2.pt,PUBCHEM.COMPOUND:25015107,predicate:0,NCBIGene:2260,NCBIGene:5800,predicate:3,NCBIGene:7534,0.0
model_2.pt,PUBCHEM.COMPOUND:131757266,predicate:5,NCBIGene:80168,NCBIGene:5800,predicate:3,NCBIGene:7534,0.0
model_2.pt,NCBIGene:23205,predicate:1,NCBIGene:11283,NCBIGene:5800,predicate:3,NCBIGene:7534,0.0
model_2.pt,NCBIGene:23054,predicate:1,NCBIGene:54617,NCBIGene:5800,predicate:3,NCBIGene:7534,0.0
model_2.pt,NCBIGene:10008,predicate:3,NCBIGene:4751,NCBIGene:5800,predicate:3,NCBIGene:7534,12.245845794677734
model_2.pt,NCBIGene:27183,predicate:1,NCBIGene:4904,NCBIGene:5800,predicate:3,NCBIGene:7534,0.0
model_2.pt,NCBIGene:5578,predicate:8,NCBIGene:85377,NCBIGene:5800,predicate:3,NCBIGene:7534,0.0
model_2.pt,NCBIGene:79165,predicate:1,NCBIGene:9704,NCBIGene:5800,predicate:3,NCBIGene:7534,0.0
model_2.pt,NCBIGene:2170,predicate:9,NCBIGene:8611,NCBIGene:5800,predicate:3,NCBIGene:7534,0.0
model_2.pt,NCBIGene:91748,predicate:1,NCBIGene:59345,NCBIGene:5800,predicate:3,NCBIGene:7534,0.0
model_2.pt,PUBCHEM.COMPOUND:155512592,predicate:0,NCBIGene:142,NCBIGene:5800,predicate:3,NCBIGene:7534,0.0
model_2.pt,NCBIGene:5663,predicate:7,NCBIGene:7158,NCBIGene:5800,predicate:3,NCBIGene:7534,0.0
model_2.pt,NCBIGene:4140,predicate:21,NCBIGene:7534,NCBIGene:5800,predicate:3,NCBIGene:7534,194.32049560546875
model_2.pt,NCBIGene:2475,predicate:1,NCBIGene:23456,NCBIGene:5800,predicate:3,NCBIGene:7534,0.0
model_2.pt,NCBIGene:3162,predicate:15,MONDO:0000831,NCBIGene:5800,predicate:3,NCBIGene:7534,0.0
model_2.pt,PUBCHEM.COMPOUND:10578760,predicate:0,NCBIGene:29580,NCBIGene:5800,predicate:3,NCBIGene:7534,0.0
model_2.pt,NCBIGene:56893,predicate:9,NCBIGene:7316,NCBIGene:5800,predicate:3,NCBIGene:7534,0.0
model_2.pt,CHEBI:93205,predicate:23,NCBIGene:8743,NCBIGene:5800,predicate:3,NCBIGene:7534,0.0
model_2.pt,NCBIGene:1147,predicate:1,NCBIGene:57162,NCBIGene:5800,predicate:3,NCBIGene:7534,0.0
model_2.pt,PUBCHEM.COMPOUND:137226420,predicate:0,NCBIGene:760,NCBIGene:5800,predicate:3,NCBIGene:7534,0.0
model_2.pt,MONDO:0010691,predicate:13,HP:0007957,NCBIGene:5800,predicate:3,NCBIGene:7534,0.0
model_2.pt,NCBIGene:51372,predicate:1,NCBIGene:6202,NCBIGene:5800,predicate:3,NCBIGene:7534,0.0
model_2.pt,NCBIGene:25865,predicate:8,NCBIGene:23212,NCBIGene:5800,predicate:3,NCBIGene:7534,0.0
model_2.pt,PUBCHEM.COMPOUND:122196132,predicate:0,NCBIGene:7941,NCBIGene:5800,predicate:3,NCBIGene:7534,0.0
model_2.pt,NCBIGene:84283,predicate:1,NCBIGene:51458,NCBIGene:5800,predicate:3,NCBIGene:7534,0.0
model_2.pt,NCBIGene:84365,predicate:1,NCBIGene:4236,NCBIGene:5800,predicate:3,NCBIGene:7534,0.0
model_2.pt,CHEBI:8499,predicate:16,MONDO:0001382,NCBIGene:5800,predicate:3,NCBIGene:7534,0.0
model_2.pt,NCBIGene:850551,predicate:3,NCBIGene:856863,NCBIGene:5800,predicate:3,NCBIGene:7534,27.961376190185547
model_2.pt,NCBIGene:181271,predicate:3,NCBIGene:190925,NCBIGene:5800,predicate:3,NCBIGene:7534,42.24571990966797
model_2.pt,NCBIGene:151056,predicate:4,PUBCHEM.COMPOUND:131761197,NCBIGene:5800,predicate:3,NCBIGene:7534,0.0
model_2.pt,CHEBI:18152,predicate:9,NCBIGene:54498,NCBIGene:5800,predicate:3,NCBIGene:7534,0.0
model_2.pt,NCBIGene:29949,predicate:15,MONDO:0005011,NCBIGene:5800,predicate:3,NCBIGene:7534,0.0
model_2.pt,NCBIGene:173731,predicate:19,CHEBI:31823,NCBIGene:5800,predicate:3,NCBIGene:7534,0.0
model_2.pt,PUBCHEM.COMPOUND:44176335,predicate:0,NCBIGene:331,NCBIGene:5800,predicate:3,NCBIGene:7534,0.0
model_2.pt,PUBCHEM.COMPOUND:49864838,predicate:10,NCBIGene:834,NCBIGene:5800,predicate:3,NCBIGene:7534,0.0
model_2.pt,NCBIGene:10221,predicate:8,NCBIGene:22908,NCBIGene:5800,predicate:3,NCBIGene:7534,0.0
model_2.pt,CHEBI:46345,predicate:7,NCBIGene:6581,NCBIGene:5800,predicate:3,NCBIGene:7534,0.0
model_2.pt,NCBIGene:375035,predicate:3,NCBIGene:80346,NCBIGene:5800,predicate:3,NCBIGene:7534,23.124134063720703
model_2.pt,MONDO:0012176,predicate:13,HP:0003028,NCBIGene:5170,predicate:21,NCBIGene:5782,0.0
model_2.pt,CHEBI:6809,predicate:9,NCBIGene:8061,NCBIGene:5170,predicate:21,NCBIGene:5782,0.0
model_2.pt,PUBCHEM.COMPOUND:1113514,predicate:0,NCBIGene:946552,NCBIGene:5170,predicate:21,NCBIGene:5782,0.0
model_2.pt,PUBCHEM.COMPOUND:137636752,predicate:0,NCBIGene:3065,NCBIGene:5170,predicate:21,NCBIGene:5782,0.0
model_2.pt,CHEBI:367163,predicate:16,MONDO:0015691,NCBIGene:5170,predicate:21,NCBIGene:5782,0.0
model_2.pt,PUBCHEM.COMPOUND:130200977,predicate:10,NCBIGene:4988,NCBIGene:5170,predicate:21,NCBIGene:5782,0.0
model_2.pt,NCBIGene:78987,predicate:3,NCBIGene:92255,NCBIGene:5170,predicate:21,NCBIGene:5782,0.0
model_2.pt,NCBIGene:6352,predicate:36,NCBIGene:1234,NCBIGene:5170,predicate:21,NCBIGene:5782,0.0
model_2.pt,CHEBI:6443,predicate:7,NCBIGene:8644,NCBIGene:5170,predicate:21,NCBIGene:5782,0.0
model_2.pt,DRUGBANK:DB11158,predicate:12,MONDO:0005147,NCBIGene:5170,predicate:21,NCBIGene:5782,0.0
model_2.pt,CHEBI:5000,predicate:12,MONDO:0001076,NCBIGene:5170,predicate:21,NCBIGene:5782,0.0
model_2.pt,NCBIGene:8089,predicate:3,NCBIGene:26122,NCBIGene:5170,predicate:21,NCBIGene:5782,0.0
model_2.pt,NCBIGene:10400,predicate:4,PUBCHEM.COMPOUND:52924335,NCBIGene:5170,predicate:21,NCBIGene:5782,0.0
model_2.pt,NCBIGene:10618,predicate:3,NCBIGene:54887,NCBIGene:5170,predicate:21,NCBIGene:5782,0.0
model_2.pt,NCBIGene:3308,predicate:15,MONDO:0005559,NCBIGene:5170,predicate:21,NCBIGene:5782,0.0
model_2.pt,CHEBI:17351,predicate:7,NCBIGene:5315,NCBIGene:5170,predicate:21,NCBIGene:5782,0.0
model_2.pt,CHEMBL.COMPOUND:CHEMBL4747062,predicate:0,NCBIGene:23028,NCBIGene:5170,predicate:21,NCBIGene:5782,0.0
model_2.pt,CHEBI:16842,predicate:9,NCBIGene:3557,NCBIGene:5170,predicate:21,NCBIGene:5782,0.0
model_2.pt,NCBIGene:4616,predicate:1,NCBIGene:2034,NCBIGene:5170,predicate:21,NCBIGene:5782,0.0
model_2.pt,NCBIGene:10201,predicate:1,NCBIGene:6154,NCBIGene:5170,predicate:21,NCBIGene:5782,0.0
model_2.pt,NCBIGene:794,predicate:6,NCBIGene:7135,NCBIGene:5170,predicate:21,NCBIGene:5782,0.0
model_2.pt,NCBIGene:50834,predicate:1,NCBIGene:403277,NCBIGene:5170,predicate:21,NCBIGene:5782,0.0
model_2.pt,CHEBI:3755,predicate:2,MONDO:0007263,NCBIGene:5170,predicate:21,NCBIGene:5782,0.0
model_2.pt,PUBCHEM.COMPOUND:131762323,predicate:5,NCBIGene:5407,NCBIGene:5170,predicate:21,NCBIGene:5782,0.0
model_2.pt,PUBCHEM.COMPOUND:54325967,predicate:0,NCBIGene:5468,NCBIGene:5170,predicate:21,NCBIGene:5782,0.0
model_2.pt,CHEBI:64354,predicate:0,NCBIGene:6559,NCBIGene:5170,predicate:21,NCBIGene:5782,0.0
model_2.pt,CHEBI:44423,predicate:7,NCBIGene:3162,NCBIGene:5170,predicate:21,NCBIGene:5782,0.0
model_2.pt,NCBIGene:113174,predicate:10,NCBIGene:100528017,NCBIGene:5170,predicate:21,NCBIGene:5782,0.0
model_2.pt,NCBIGene:4502,predicate:1,NCBIGene:10912,NCBIGene:5170,predicate:21,NCBIGene:5782,0.0
model_2.pt,NCBIGene:5321,predicate:4,PUBCHEM.COMPOUND:53478731,NCBIGene:5170,predicate:21,NCBIGene:5782,0.0
model_2.pt,CHEBI:3755,predicate:7,NCBIGene:2100,NCBIGene:5170,predicate:21,NCBIGene:5782,0.0
model_2.pt,NCBIGene:51741,predicate:13,HP:0000253,NCBIGene:5170,predicate:21,NCBIGene:5782,0.0
model_2.pt,CHEBI:156122,predicate:5,NCBIGene:23761,NCBIGene:5170,predicate:21,NCBIGene:5782,0.0
model_2.pt,NCBIGene:245865,predicate:3,NCBIGene:194974,NCBIGene:5170,predicate:21,NCBIGene:5782,0.0
model_2.pt,PUBCHEM.COMPOUND:127036977,predicate:0,NCBIGene:135,NCBIGene:5170,predicate:21,NCBIGene:5782,0.0
model_2.pt,PUBCHEM.COMPOUND:44433263,predicate:0,NCBIGene:1576,NCBIGene:5170,predicate:21,NCBIGene:5782,0.0
model_2.pt,CHEBI:16469,predicate:7,NCBIGene:10587,NCBIGene:5170,predicate:21,NCBIGene:5782,0.0
model_2.pt,PUBCHEM.COMPOUND:44314087,predicate:0,NCBIGene:4313,NCBIGene:5170,predicate:21,NCBIGene:5782,0.0
model_2.pt,PUBCHEM.COMPOUND:25093440,predicate:0,NCBIGene:1147,NCBIGene:5170,predicate:21,NCBIGene:5782,0.0
model_2.pt,NCBIGene:20962,predicate:3,NCBIGene:219150,NCBIGene:5170,predicate:21,NCBIGene:5782,0.0
model_2.pt,NCBIGene:23051,predicate:15,MONDO:0005068,NCBIGene:5170,predicate:21,NCBIGene:5782,0.0
model_2.pt,NCBIGene:10565,predicate:6,NCBIGene:284369,NCBIGene:5170,predicate:21,NCBIGene:5782,0.0
model_2.pt,PUBCHEM.COMPOUND:59268935,predicate:0,NCBIGene:1137,NCBIGene:5170,predicate:21,NCBIGene:5782,0.0
model_2.pt,NCBIGene:5903,predicate:1,NCBIGene:402569,NCBIGene:5170,predicate:21,NCBIGene:5782,0.0
model_2.pt,PUBCHEM.COMPOUND:57395067,predicate:0,NCBIGene:6531,NCBIGene:5170,predicate:21,NCBIGene:5782,0.0
model_2.pt,NCBIGene:852585,predicate:3,NCBIGene:855469,NCBIGene:5170,predicate:21,NCBIGene:5782,0.0
model_2.pt,NCBIGene:3976,predicate:9,NCBIGene:2526,NCBIGene:5170,predicate:21,NCBIGene:5782,0.0
model_2.pt,NCBIGene:928,predicate:1,NCBIGene:29952,NCBIGene:5170,predicate:21,NCBIGene:5782,0.0
model_2.pt,MONDO:0013171,predicate:13,MONDO:0001071,NCBIGene:5170,predicate:21,NCBIGene:5782,0.0
model_2.pt,NCBIGene:4634,predicate:1,NCBIGene:6445,NCBIGene:5170,predicate:21,NCBIGene:5782,0.0
model_2.pt,CHEBI:18293,predicate:12,HP:0001945,NCBIGene:5170,predicate:21,NCBIGene:5782,0.0
model_2.pt,UNII:5M691HL4BO,predicate:16,HP:0001288,NCBIGene:5170,predicate:21,NCBIGene:5782,0.0
model_2.pt,MONDO:0011122,predicate:10,NCBIGene:2673,NCBIGene:5170,predicate:21,NCBIGene:5782,0.0
model_2.pt,CHEBI:185383,predicate:5,NCBIGene:9514,NCBIGene:5170,predicate:21,NCBIGene:5782,0.0
model_2.pt,NCBIGene:4763,predicate:13,HP:0002857,NCBIGene:5170,predicate:21,NCBIGene:5782,0.0
model_2.pt,CHEBI:6121,predicate:7,NCBIGene:2335,NCBIGene:5170,predicate:21,NCBIGene:5782,0.0
model_2.pt,NCBIGene:4204,predicate:13,HP:0010864,NCBIGene:5170,predicate:21,NCBIGene:5782,0.0
model_2.pt,PUBCHEM.COMPOUND:5702107,predicate:23,NCBIGene:760,NCBIGene:5170,predicate:21,NCBIGene:5782,0.0
model_2.pt,NCBIGene:22976,predicate:9,NCBIGene:9519,NCBIGene:5170,predicate:21,NCBIGene:5782,0.0
model_2.pt,PUBCHEM.COMPOUND:9834864,predicate:14,NCBIGene:1137,NCBIGene:5170,predicate:21,NCBIGene:5782,0.0
model_2.pt,PUBCHEM.COMPOUND:44431492,predicate:10,NCBIGene:1815,NCBIGene:5170,predicate:21,NCBIGene:5782,0.0
model_2.pt,CHEBI:191001,predicate:18,NCBIGene:6422,NCBIGene:5170,predicate:21,NCBIGene:5782,0.0
model_2.pt,PUBCHEM.COMPOUND:25015107,predicate:0,NCBIGene:2260,NCBIGene:5170,predicate:21,NCBIGene:5782,0.0
model_2.pt,PUBCHEM.COMPOUND:131757266,predicate:5,NCBIGene:80168,NCBIGene:5170,predicate:21,NCBIGene:5782,0.0
model_2.pt,NCBIGene:23205,predicate:1,NCBIGene:11283,NCBIGene:5170,predicate:21,NCBIGene:5782,0.0
model_2.pt,NCBIGene:23054,predicate:1,NCBIGene:54617,NCBIGene:5170,predicate:21,NCBIGene:5782,0.0
model_2.pt,NCBIGene:10008,predicate:3,NCBIGene:4751,NCBIGene:5170,predicate:21,NCBIGene:5782,0.0
model_2.pt,NCBIGene:27183,predicate:1,NCBIGene:4904,NCBIGene:5170,predicate:21,NCBIGene:5782,0.0
model_2.pt,NCBIGene:5578,predicate:8,NCBIGene:85377,NCBIGene:5170,predicate:21,NCBIGene:5782,0.0
model_2.pt,NCBIGene:79165,predicate:1,NCBIGene:9704,NCBIGene:5170,predicate:21,NCBIGene:5782,0.0
model_2.pt,NCBIGene:2170,predicate:9,NCBIGene:8611,NCBIGene:5170,predicate:21,NCBIGene:5782,0.0
model_2.pt,NCBIGene:91748,predicate:1,NCBIGene:59345,NCBIGene:5170,predicate:21,NCBIGene:5782,0.0
model_2.pt,PUBCHEM.COMPOUND:155512592,predicate:0,NCBIGene:142,NCBIGene:5170,predicate:21,NCBIGene:5782,0.0
model_2.pt,NCBIGene:5663,predicate:7,NCBIGene:7158,NCBIGene:5170,predicate:21,NCBIGene:5782,0.0
model_2.pt,NCBIGene:4140,predicate:21,NCBIGene:7534,NCBIGene:5170,predicate:21,NCBIGene:5782,-39.10613250732422
model_2.pt,NCBIGene:2475,predicate:1,NCBIGene:23456,NCBIGene:5170,predicate:21,NCBIGene:5782,0.0
model_2.pt,NCBIGene:3162,predicate:15,MONDO:0000831,NCBIGene:5170,predicate:21,NCBIGene:5782,0.0
model_2.pt,PUBCHEM.COMPOUND:10578760,predicate:0,NCBIGene:29580,NCBIGene:5170,predicate:21,NCBIGene:5782,0.0
model_2.pt,NCBIGene:56893,predicate:9,NCBIGene:7316,NCBIGene:5170,predicate:21,NCBIGene:5782,0.0
model_2.pt,CHEBI:93205,predicate:23,NCBIGene:8743,NCBIGene:5170,predicate:21,NCBIGene:5782,0.0
model_2.pt,NCBIGene:1147,predicate:1,NCBIGene:57162,NCBIGene:5170,predicate:21,NCBIGene:5782,0.0
model_2.pt,PUBCHEM.COMPOUND:137226420,predicate:0,NCBIGene:760,NCBIGene:5170,predicate:21,NCBIGene:5782,0.0
model_2.pt,MONDO:0010691,predicate:13,HP:0007957,NCBIGene:5170,predicate:21,NCBIGene:5782,0.0
model_2.pt,NCBIGene:51372,predicate:1,NCBIGene:6202,NCBIGene:5170,predicate:21,NCBIGene:5782,0.0
model_2.pt,NCBIGene:25865,predicate:8,NCBIGene:23212,NCBIGene:5170,predicate:21,NCBIGene:5782,0.0
model_2.pt,PUBCHEM.COMPOUND:122196132,predicate:0,NCBIGene:7941,NCBIGene:5170,predicate:21,NCBIGene:5782,0.0
model_2.pt,NCBIGene:84283,predicate:1,NCBIGene:51458,NCBIGene:5170,predicate:21,NCBIGene:5782,0.0
model_2.pt,NCBIGene:84365,predicate:1,NCBIGene:4236,NCBIGene:5170,predicate:21,NCBIGene:5782,0.0
model_2.pt,CHEBI:8499,predicate:16,MONDO:0001382,NCBIGene:5170,predicate:21,NCBIGene:5782,0.0
model_2.pt,NCBIGene:850551,predicate:3,NCBIGene:856863,NCBIGene:5170,predicate:21,NCBIGene:5782,0.0
model_2.pt,NCBIGene:181271,predicate:3,NCBIGene:190925,NCBIGene:5170,predicate:21,NCBIGene:5782,0.0
model_2.pt,NCBIGene:151056,predicate:4,PUBCHEM.COMPOUND:131761197,NCBIGene:5170,predicate:21,NCBIGene:5782,0.0
model_2.pt,CHEBI:18152,predicate:9,NCBIGene:54498,NCBIGene:5170,predicate:21,NCBIGene:5782,0.0
model_2.pt,NCBIGene:29949,predicate:15,MONDO:0005011,NCBIGene:5170,predicate:21,NCBIGene:5782,0.0
model_2.pt,NCBIGene:173731,predicate:19,CHEBI:31823,NCBIGene:5170,predicate:21,NCBIGene:5782,0.0
model_2.pt,PUBCHEM.COMPOUND:44176335,predicate:0,NCBIGene:331,NCBIGene:5170,predicate:21,NCBIGene:5782,0.0
model_2.pt,PUBCHEM.COMPOUND:49864838,predicate:10,NCBIGene:834,NCBIGene:5170,predicate:21,NCBIGene:5782,0.0
model_2.pt,NCBIGene:10221,predicate:8,NCBIGene:22908,NCBIGene:5170,predicate:21,NCBIGene:5782,0.0
model_2.pt,CHEBI:46345,predicate:7,NCBIGene:6581,NCBIGene:5170,predicate:21,NCBIGene:5782,0.0
model_2.pt,NCBIGene:375035,predicate:3,NCBIGene:80346,NCBIGene:5170,predicate:21,NCBIGene:5782,0.0
model_2.pt,MONDO:0012176,predicate:13,HP:0003028,PUBCHEM.COMPOUND:131766841,predicate:5,NCBIGene:259230,0.0
model_2.pt,CHEBI:6809,predicate:9,NCBIGene:8061,PUBCHEM.COMPOUND:131766841,predicate:5,NCBIGene:259230,0.0
model_2.pt,PUBCHEM.COMPOUND:1113514,predicate:0,NCBIGene:946552,PUBCHEM.COMPOUND:131766841,predicate:5,NCBIGene:259230,0.0
model_2.pt,PUBCHEM.COMPOUND:137636752,predicate:0,NCBIGene:3065,PUBCHEM.COMPOUND:131766841,predicate:5,NCBIGene:259230,0.0
model_2.pt,CHEBI:367163,predicate:16,MONDO:0015691,PUBCHEM.COMPOUND:131766841,predicate:5,NCBIGene:259230,0.0
model_2.pt,PUBCHEM.COMPOUND:130200977,predicate:10,NCBIGene:4988,PUBCHEM.COMPOUND:131766841,predicate:5,NCBIGene:259230,0.0
model_2.pt,NCBIGene:78987,predicate:3,NCBIGene:92255,PUBCHEM.COMPOUND:131766841,predicate:5,NCBIGene:259230,0.0
model_2.pt,NCBIGene:6352,predicate:36,NCBIGene:1234,PUBCHEM.COMPOUND:131766841,predicate:5,NCBIGene:259230,0.0
model_2.pt,CHEBI:6443,predicate:7,NCBIGene:8644,PUBCHEM.COMPOUND:131766841,predicate:5,NCBIGene:259230,0.0
model_2.pt,DRUGBANK:DB11158,predicate:12,MONDO:0005147,PUBCHEM.COMPOUND:131766841,predicate:5,NCBIGene:259230,0.0
model_2.pt,CHEBI:5000,predicate:12,MONDO:0001076,PUBCHEM.COMPOUND:131766841,predicate:5,NCBIGene:259230,0.0
model_2.pt,NCBIGene:8089,predicate:3,NCBIGene:26122,PUBCHEM.COMPOUND:131766841,predicate:5,NCBIGene:259230,0.0
model_2.pt,NCBIGene:10400,predicate:4,PUBCHEM.COMPOUND:52924335,PUBCHEM.COMPOUND:131766841,predicate:5,NCBIGene:259230,0.0
model_2.pt,NCBIGene:10618,predicate:3,NCBIGene:54887,PUBCHEM.COMPOUND:131766841,predicate:5,NCBIGene:259230,0.0
model_2.pt,NCBIGene:3308,predicate:15,MONDO:0005559,PUBCHEM.COMPOUND:131766841,predicate:5,NCBIGene:259230,0.0
model_2.pt,CHEBI:17351,predicate:7,NCBIGene:5315,PUBCHEM.COMPOUND:131766841,predicate:5,NCBIGene:259230,0.0
model_2.pt,CHEMBL.COMPOUND:CHEMBL4747062,predicate:0,NCBIGene:23028,PUBCHEM.COMPOUND:131766841,predicate:5,NCBIGene:259230,0.0
model_2.pt,CHEBI:16842,predicate:9,NCBIGene:3557,PUBCHEM.COMPOUND:131766841,predicate:5,NCBIGene:259230,0.0
model_2.pt,NCBIGene:4616,predicate:1,NCBIGene:2034,PUBCHEM.COMPOUND:131766841,predicate:5,NCBIGene:259230,0.0
model_2.pt,NCBIGene:10201,predicate:1,NCBIGene:6154,PUBCHEM.COMPOUND:131766841,predicate:5,NCBIGene:259230,0.0
model_2.pt,NCBIGene:794,predicate:6,NCBIGene:7135,PUBCHEM.COMPOUND:131766841,predicate:5,NCBIGene:259230,0.0
model_2.pt,NCBIGene:50834,predicate:1,NCBIGene:403277,PUBCHEM.COMPOUND:131766841,predicate:5,NCBIGene:259230,0.0
model_2.pt,CHEBI:3755,predicate:2,MONDO:0007263,PUBCHEM.COMPOUND:131766841,predicate:5,NCBIGene:259230,0.0
model_2.pt,PUBCHEM.COMPOUND:131762323,predicate:5,NCBIGene:5407,PUBCHEM.COMPOUND:131766841,predicate:5,NCBIGene:259230,-93.5831298828125
model_2.pt,PUBCHEM.COMPOUND:54325967,predicate:0,NCBIGene:5468,PUBCHEM.COMPOUND:131766841,predicate:5,NCBIGene:259230,0.0
model_2.pt,CHEBI:64354,predicate:0,NCBIGene:6559,PUBCHEM.COMPOUND:131766841,predicate:5,NCBIGene:259230,0.0
model_2.pt,CHEBI:44423,predicate:7,NCBIGene:3162,PUBCHEM.COMPOUND:131766841,predicate:5,NCBIGene:259230,0.0
model_2.pt,NCBIGene:113174,predicate:10,NCBIGene:100528017,PUBCHEM.COMPOUND:131766841,predicate:5,NCBIGene:259230,0.0
model_2.pt,NCBIGene:4502,predicate:1,NCBIGene:10912,PUBCHEM.COMPOUND:131766841,predicate:5,NCBIGene:259230,0.0
model_2.pt,NCBIGene:5321,predicate:4,PUBCHEM.COMPOUND:53478731,PUBCHEM.COMPOUND:131766841,predicate:5,NCBIGene:259230,0.0
model_2.pt,CHEBI:3755,predicate:7,NCBIGene:2100,PUBCHEM.COMPOUND:131766841,predicate:5,NCBIGene:259230,0.0
model_2.pt,NCBIGene:51741,predicate:13,HP:0000253,PUBCHEM.COMPOUND:131766841,predicate:5,NCBIGene:259230,0.0
model_2.pt,CHEBI:156122,predicate:5,NCBIGene:23761,PUBCHEM.COMPOUND:131766841,predicate:5,NCBIGene:259230,-43.75973129272461
model_2.pt,NCBIGene:245865,predicate:3,NCBIGene:194974,PUBCHEM.COMPOUND:131766841,predicate:5,NCBIGene:259230,0.0
model_2.pt,PUBCHEM.COMPOUND:127036977,predicate:0,NCBIGene:135,PUBCHEM.COMPOUND:131766841,predicate:5,NCBIGene:259230,0.0
model_2.pt,PUBCHEM.COMPOUND:44433263,predicate:0,NCBIGene:1576,PUBCHEM.COMPOUND:131766841,predicate:5,NCBIGene:259230,0.0
model_2.pt,CHEBI:16469,predicate:7,NCBIGene:10587,PUBCHEM.COMPOUND:131766841,predicate:5,NCBIGene:259230,0.0
model_2.pt,PUBCHEM.COMPOUND:44314087,predicate:0,NCBIGene:4313,PUBCHEM.COMPOUND:131766841,predicate:5,NCBIGene:259230,0.0
model_2.pt,PUBCHEM.COMPOUND:25093440,predicate:0,NCBIGene:1147,PUBCHEM.COMPOUND:131766841,predicate:5,NCBIGene:259230,0.0
model_2.pt,NCBIGene:20962,predicate:3,NCBIGene:219150,PUBCHEM.COMPOUND:131766841,predicate:5,NCBIGene:259230,0.0
model_2.pt,NCBIGene:23051,predicate:15,MONDO:0005068,PUBCHEM.COMPOUND:131766841,predicate:5,NCBIGene:259230,0.0
model_2.pt,NCBIGene:10565,predicate:6,NCBIGene:284369,PUBCHEM.COMPOUND:131766841,predicate:5,NCBIGene:259230,0.0
model_2.pt,PUBCHEM.COMPOUND:59268935,predicate:0,NCBIGene:1137,PUBCHEM.COMPOUND:131766841,predicate:5,NCBIGene:259230,0.0
model_2.pt,NCBIGene:5903,predicate:1,NCBIGene:402569,PUBCHEM.COMPOUND:131766841,predicate:5,NCBIGene:259230,0.0
model_2.pt,PUBCHEM.COMPOUND:57395067,predicate:0,NCBIGene:6531,PUBCHEM.COMPOUND:131766841,predicate:5,NCBIGene:259230,0.0
model_2.pt,NCBIGene:852585,predicate:3,NCBIGene:855469,PUBCHEM.COMPOUND:131766841,predicate:5,NCBIGene:259230,0.0
model_2.pt,NCBIGene:3976,predicate:9,NCBIGene:2526,PUBCHEM.COMPOUND:131766841,predicate:5,NCBIGene:259230,0.0
model_2.pt,NCBIGene:928,predicate:1,NCBIGene:29952,PUBCHEM.COMPOUND:131766841,predicate:5,NCBIGene:259230,0.0
model_2.pt,MONDO:0013171,predicate:13,MONDO:0001071,PUBCHEM.COMPOUND:131766841,predicate:5,NCBIGene:259230,0.0
model_2.pt,NCBIGene:4634,predicate:1,NCBIGene:6445,PUBCHEM.COMPOUND:131766841,predicate:5,NCBIGene:259230,0.0
model_2.pt,CHEBI:18293,predicate:12,HP:0001945,PUBCHEM.COMPOUND:131766841,predicate:5,NCBIGene:259230,0.0
model_2.pt,UNII:5M691HL4BO,predicate:16,HP:0001288,PUBCHEM.COMPOUND:131766841,predicate:5,NCBIGene:259230,0.0
model_2.pt,MONDO:0011122,predicate:10,NCBIGene:2673,PUBCHEM.COMPOUND:131766841,predicate:5,NCBIGene:259230,0.0
model_2.pt,CHEBI:185383,predicate:5,NCBIGene:9514,PUBCHEM.COMPOUND:131766841,predicate:5,NCBIGene:259230,16.639026641845703
model_2.pt,NCBIGene:4763,predicate:13,HP:0002857,PUBCHEM.COMPOUND:131766841,predicate:5,NCBIGene:259230,0.0
model_2.pt,CHEBI:6121,predicate:7,NCBIGene:2335,PUBCHEM.COMPOUND:131766841,predicate:5,NCBIGene:259230,0.0
model_2.pt,NCBIGene:4204,predicate:13,HP:0010864,PUBCHEM.COMPOUND:131766841,predicate:5,NCBIGene:259230,0.0
model_2.pt,PUBCHEM.COMPOUND:5702107,predicate:23,NCBIGene:760,PUBCHEM.COMPOUND:131766841,predicate:5,NCBIGene:259230,0.0
model_2.pt,NCBIGene:22976,predicate:9,NCBIGene:9519,PUBCHEM.COMPOUND:131766841,predicate:5,NCBIGene:259230,0.0
model_2.pt,PUBCHEM.COMPOUND:9834864,predicate:14,NCBIGene:1137,PUBCHEM.COMPOUND:131766841,predicate:5,NCBIGene:259230,0.0
model_2.pt,PUBCHEM.COMPOUND:44431492,predicate:10,NCBIGene:1815,PUBCHEM.COMPOUND:131766841,predicate:5,NCBIGene:259230,0.0
model_2.pt,CHEBI:191001,predicate:18,NCBIGene:6422,PUBCHEM.COMPOUND:131766841,predicate:5,NCBIGene:259230,0.0
model_2.pt,PUBCHEM.COMPOUND:25015107,predicate:0,NCBIGene:2260,PUBCHEM.COMPOUND:131766841,predicate:5,NCBIGene:259230,0.0
model_2.pt,PUBCHEM.COMPOUND:131757266,predicate:5,NCBIGene:80168,PUBCHEM.COMPOUND:131766841,predicate:5,NCBIGene:259230,36.12150192260742
model_2.pt,NCBIGene:23205,predicate:1,NCBIGene:11283,PUBCHEM.COMPOUND:131766841,predicate:5,NCBIGene:259230,0.0
model_2.pt,NCBIGene:23054,predicate:1,NCBIGene:54617,PUBCHEM.COMPOUND:131766841,predicate:5,NCBIGene:259230,0.0
model_2.pt,NCBIGene:10008,predicate:3,NCBIGene:4751,PUBCHEM.COMPOUND:131766841,predicate:5,NCBIGene:259230,0.0
model_2.pt,NCBIGene:27183,predicate:1,NCBIGene:4904,PUBCHEM.COMPOUND:131766841,predicate:5,NCBIGene:259230,0.0
model_2.pt,NCBIGene:5578,predicate:8,NCBIGene:85377,PUBCHEM.COMPOUND:131766841,predicate:5,NCBIGene:259230,0.0
model_2.pt,NCBIGene:79165,predicate:1,NCBIGene:9704,PUBCHEM.COMPOUND:131766841,predicate:5,NCBIGene:259230,0.0
model_2.pt,NCBIGene:2170,predicate:9,NCBIGene:8611,PUBCHEM.COMPOUND:131766841,predicate:5,NCBIGene:259230,0.0
model_2.pt,NCBIGene:91748,predicate:1,NCBIGene:59345,PUBCHEM.COMPOUND:131766841,predicate:5,NCBIGene:259230,0.0
model_2.pt,PUBCHEM.COMPOUND:155512592,predicate:0,NCBIGene:142,PUBCHEM.COMPOUND:131766841,predicate:5,NCBIGene:259230,0.0
model_2.pt,NCBIGene:5663,predicate:7,NCBIGene:7158,PUBCHEM.COMPOUND:131766841,predicate:5,NCBIGene:259230,0.0
model_2.pt,NCBIGene:4140,predicate:21,NCBIGene:7534,PUBCHEM.COMPOUND:131766841,predicate:5,NCBIGene:259230,0.0
model_2.pt,NCBIGene:2475,predicate:1,NCBIGene:23456,PUBCHEM.COMPOUND:131766841,predicate:5,NCBIGene:259230,0.0
model_2.pt,NCBIGene:3162,predicate:15,MONDO:0000831,PUBCHEM.COMPOUND:131766841,predicate:5,NCBIGene:259230,0.0
model_2.pt,PUBCHEM.COMPOUND:10578760,predicate:0,NCBIGene:29580,PUBCHEM.COMPOUND:131766841,predicate:5,NCBIGene:259230,0.0
model_2.pt,NCBIGene:56893,predicate:9,NCBIGene:7316,PUBCHEM.COMPOUND:131766841,predicate:5,NCBIGene:259230,0.0
model_2.pt,CHEBI:93205,predicate:23,NCBIGene:8743,PUBCHEM.COMPOUND:131766841,predicate:5,NCBIGene:259230,0.0
model_2.pt,NCBIGene:1147,predicate:1,NCBIGene:57162,PUBCHEM.COMPOUND:131766841,predicate:5,NCBIGene:259230,0.0
model_2.pt,PUBCHEM.COMPOUND:137226420,predicate:0,NCBIGene:760,PUBCHEM.COMPOUND:131766841,predicate:5,NCBIGene:259230,0.0
model_2.pt,MONDO:0010691,predicate:13,HP:0007957,PUBCHEM.COMPOUND:131766841,predicate:5,NCBIGene:259230,0.0
model_2.pt,NCBIGene:51372,predicate:1,NCBIGene:6202,PUBCHEM.COMPOUND:131766841,predicate:5,NCBIGene:259230,0.0
model_2.pt,NCBIGene:25865,predicate:8,NCBIGene:23212,PUBCHEM.COMPOUND:131766841,predicate:5,NCBIGene:259230,0.0
model_2.pt,PUBCHEM.COMPOUND:122196132,predicate:0,NCBIGene:7941,PUBCHEM.COMPOUND:131766841,predicate:5,NCBIGene:259230,0.0
model_2.pt,NCBIGene:84283,predicate:1,NCBIGene:51458,PUBCHEM.COMPOUND:131766841,predicate:5,NCBIGene:259230,0.0
model_2.pt,NCBIGene:84365,predicate:1,NCBIGene:4236,PUBCHEM.COMPOUND:131766841,predicate:5,NCBIGene:259230,0.0
model_2.pt,CHEBI:8499,predicate:16,MONDO:0001382,PUBCHEM.COMPOUND:131766841,predicate:5,NCBIGene:259230,0.0
model_2.pt,NCBIGene:850551,predicate:3,NCBIGene:856863,PUBCHEM.COMPOUND:131766841,predicate:5,NCBIGene:259230,0.0
model_2.pt,NCBIGene:181271,predicate:3,NCBIGene:190925,PUBCHEM.COMPOUND:131766841,predicate:5,NCBIGene:259230,0.0
model_2.pt,NCBIGene:151056,predicate:4,PUBCHEM.COMPOUND:131761197,PUBCHEM.COMPOUND:131766841,predicate:5,NCBIGene:259230,0.0
model_2.pt,CHEBI:18152,predicate:9,NCBIGene:54498,PUBCHEM.COMPOUND:131766841,predicate:5,NCBIGene:259230,0.0
model_2.pt,NCBIGene:29949,predicate:15,MONDO:0005011,PUBCHEM.COMPOUND:131766841,predicate:5,NCBIGene:259230,0.0
model_2.pt,NCBIGene:173731,predicate:19,CHEBI:31823,PUBCHEM.COMPOUND:131766841,predicate:5,NCBIGene:259230,0.0
model_2.pt,PUBCHEM.COMPOUND:44176335,predicate:0,NCBIGene:331,PUBCHEM.COMPOUND:131766841,predicate:5,NCBIGene:259230,0.0
model_2.pt,PUBCHEM.COMPOUND:49864838,predicate:10,NCBIGene:834,PUBCHEM.COMPOUND:131766841,predicate:5,NCBIGene:259230,0.0
model_2.pt,NCBIGene:10221,predicate:8,NCBIGene:22908,PUBCHEM.COMPOUND:131766841,predicate:5,NCBIGene:259230,0.0
model_2.pt,CHEBI:46345,predicate:7,NCBIGene:6581,PUBCHEM.COMPOUND:131766841,predicate:5,NCBIGene:259230,0.0
model_2.pt,NCBIGene:375035,predicate:3,NCBIGene:80346,PUBCHEM.COMPOUND:131766841,predicate:5,NCBIGene:259230,0.0
model_2.pt,MONDO:0012176,predicate:13,HP:0003028,NCBIGene:1643,predicate:13,MONDO:0006610,48.859619140625
model_2.pt,CHEBI:6809,predicate:9,NCBIGene:8061,NCBIGene:1643,predicate:13,MONDO:0006610,0.0
model_2.pt,PUBCHEM.COMPOUND:1113514,predicate:0,NCBIGene:946552,NCBIGene:1643,predicate:13,MONDO:0006610,0.0
model_2.pt,PUBCHEM.COMPOUND:137636752,predicate:0,NCBIGene:3065,NCBIGene:1643,predicate:13,MONDO:0006610,0.0
model_2.pt,CHEBI:367163,predicate:16,MONDO:0015691,NCBIGene:1643,predicate:13,MONDO:0006610,0.0
model_2.pt,PUBCHEM.COMPOUND:130200977,predicate:10,NCBIGene:4988,NCBIGene:1643,predicate:13,MONDO:0006610,0.0
model_2.pt,NCBIGene:78987,predicate:3,NCBIGene:92255,NCBIGene:1643,predicate:13,MONDO:0006610,0.0
model_2.pt,NCBIGene:6352,predicate:36,NCBIGene:1234,NCBIGene:1643,predicate:13,MONDO:0006610,0.0
model_2.pt,CHEBI:6443,predicate:7,NCBIGene:8644,NCBIGene:1643,predicate:13,MONDO:0006610,0.0
model_2.pt,DRUGBANK:DB11158,predicate:12,MONDO:0005147,NCBIGene:1643,predicate:13,MONDO:0006610,0.0
model_2.pt,CHEBI:5000,predicate:12,MONDO:0001076,NCBIGene:1643,predicate:13,MONDO:0006610,0.0
model_2.pt,NCBIGene:8089,predicate:3,NCBIGene:26122,NCBIGene:1643,predicate:13,MONDO:0006610,0.0
model_2.pt,NCBIGene:10400,predicate:4,PUBCHEM.COMPOUND:52924335,NCBIGene:1643,predicate:13,MONDO:0006610,0.0
model_2.pt,NCBIGene:10618,predicate:3,NCBIGene:54887,NCBIGene:1643,predicate:13,MONDO:0006610,0.0
model_2.pt,NCBIGene:3308,predicate:15,MONDO:0005559,NCBIGene:1643,predicate:13,MONDO:0006610,0.0
model_2.pt,CHEBI:17351,predicate:7,NCBIGene:5315,NCBIGene:1643,predicate:13,MONDO:0006610,0.0
model_2.pt,CHEMBL.COMPOUND:CHEMBL4747062,predicate:0,NCBIGene:23028,NCBIGene:1643,predicate:13,MONDO:0006610,0.0
model_2.pt,CHEBI:16842,predicate:9,NCBIGene:3557,NCBIGene:1643,predicate:13,MONDO:0006610,0.0
model_2.pt,NCBIGene:4616,predicate:1,NCBIGene:2034,NCBIGene:1643,predicate:13,MONDO:0006610,0.0
model_2.pt,NCBIGene:10201,predicate:1,NCBIGene:6154,NCBIGene:1643,predicate:13,MONDO:0006610,0.0
model_2.pt,NCBIGene:794,predicate:6,NCBIGene:7135,NCBIGene:1643,predicate:13,MONDO:0006610,0.0
model_2.pt,NCBIGene:50834,predicate:1,NCBIGene:403277,NCBIGene:1643,predicate:13,MONDO:0006610,0.0
model_2.pt,CHEBI:3755,predicate:2,MONDO:0007263,NCBIGene:1643,predicate:13,MONDO:0006610,0.0
model_2.pt,PUBCHEM.COMPOUND:131762323,predicate:5,NCBIGene:5407,NCBIGene:1643,predicate:13,MONDO:0006610,0.0
model_2.pt,PUBCHEM.COMPOUND:54325967,predicate:0,NCBIGene:5468,NCBIGene:1643,predicate:13,MONDO:0006610,0.0
model_2.pt,CHEBI:64354,predicate:0,NCBIGene:6559,NCBIGene:1643,predicate:13,MONDO:0006610,0.0
model_2.pt,CHEBI:44423,predicate:7,NCBIGene:3162,NCBIGene:1643,predicate:13,MONDO:0006610,0.0
model_2.pt,NCBIGene:113174,predicate:10,NCBIGene:100528017,NCBIGene:1643,predicate:13,MONDO:0006610,0.0
model_2.pt,NCBIGene:4502,predicate:1,NCBIGene:10912,NCBIGene:1643,predicate:13,MONDO:0006610,0.0
model_2.pt,NCBIGene:5321,predicate:4,PUBCHEM.COMPOUND:53478731,NCBIGene:1643,predicate:13,MONDO:0006610,0.0
model_2.pt,CHEBI:3755,predicate:7,NCBIGene:2100,NCBIGene:1643,predicate:13,MONDO:0006610,0.0
model_2.pt,NCBIGene:51741,predicate:13,HP:0000253,NCBIGene:1643,predicate:13,MONDO:0006610,-46.978599548339844
model_2.pt,CHEBI:156122,predicate:5,NCBIGene:23761,NCBIGene:1643,predicate:13,MONDO:0006610,0.0
model_2.pt,NCBIGene:245865,predicate:3,NCBIGene:194974,NCBIGene:1643,predicate:13,MONDO:0006610,0.0
model_2.pt,PUBCHEM.COMPOUND:127036977,predicate:0,NCBIGene:135,NCBIGene:1643,predicate:13,MONDO:0006610,0.0
model_2.pt,PUBCHEM.COMPOUND:44433263,predicate:0,NCBIGene:1576,NCBIGene:1643,predicate:13,MONDO:0006610,0.0
model_2.pt,CHEBI:16469,predicate:7,NCBIGene:10587,NCBIGene:1643,predicate:13,MONDO:0006610,0.0
model_2.pt,PUBCHEM.COMPOUND:44314087,predicate:0,NCBIGene:4313,NCBIGene:1643,predicate:13,MONDO:0006610,0.0
model_2.pt,PUBCHEM.COMPOUND:25093440,predicate:0,NCBIGene:1147,NCBIGene:1643,predicate:13,MONDO:0006610,0.0
model_2.pt,NCBIGene:20962,predicate:3,NCBIGene:219150,NCBIGene:1643,predicate:13,MONDO:0006610,0.0
model_2.pt,NCBIGene:23051,predicate:15,MONDO:0005068,NCBIGene:1643,predicate:13,MONDO:0006610,0.0
model_2.pt,NCBIGene:10565,predicate:6,NCBIGene:284369,NCBIGene:1643,predicate:13,MONDO:0006610,0.0
model_2.pt,PUBCHEM.COMPOUND:59268935,predicate:0,NCBIGene:1137,NCBIGene:1643,predicate:13,MONDO:0006610,0.0
model_2.pt,NCBIGene:5903,predicate:1,NCBIGene:402569,NCBIGene:1643,predicate:13,MONDO:0006610,0.0
model_2.pt,PUBCHEM.COMPOUND:57395067,predicate:0,NCBIGene:6531,NCBIGene:1643,predicate:13,MONDO:0006610,0.0
model_2.pt,NCBIGene:852585,predicate:3,NCBIGene:855469,NCBIGene:1643,predicate:13,MONDO:0006610,0.0
model_2.pt,NCBIGene:3976,predicate:9,NCBIGene:2526,NCBIGene:1643,predicate:13,MONDO:0006610,0.0
model_2.pt,NCBIGene:928,predicate:1,NCBIGene:29952,NCBIGene:1643,predicate:13,MONDO:0006610,0.0
model_2.pt,MONDO:0013171,predicate:13,MONDO:0001071,NCBIGene:1643,predicate:13,MONDO:0006610,12.630332946777344
model_2.pt,NCBIGene:4634,predicate:1,NCBIGene:6445,NCBIGene:1643,predicate:13,MONDO:0006610,0.0
model_2.pt,CHEBI:18293,predicate:12,HP:0001945,NCBIGene:1643,predicate:13,MONDO:0006610,0.0
model_2.pt,UNII:5M691HL4BO,predicate:16,HP:0001288,NCBIGene:1643,predicate:13,MONDO:0006610,0.0
model_2.pt,MONDO:0011122,predicate:10,NCBIGene:2673,NCBIGene:1643,predicate:13,MONDO:0006610,0.0
model_2.pt,CHEBI:185383,predicate:5,NCBIGene:9514,NCBIGene:1643,predicate:13,MONDO:0006610,0.0
model_2.pt,NCBIGene:4763,predicate:13,HP:0002857,NCBIGene:1643,predicate:13,MONDO:0006610,50.982688903808594
model_2.pt,CHEBI:6121,predicate:7,NCBIGene:2335,NCBIGene:1643,predicate:13,MONDO:0006610,0.0
model_2.pt,NCBIGene:4204,predicate:13,HP:0010864,NCBIGene:1643,predicate:13,MONDO:0006610,84.61875915527344
model_2.pt,PUBCHEM.COMPOUND:5702107,predicate:23,NCBIGene:760,NCBIGene:1643,predicate:13,MONDO:0006610,0.0
model_2.pt,NCBIGene:22976,predicate:9,NCBIGene:9519,NCBIGene:1643,predicate:13,MONDO:0006610,0.0
model_2.pt,PUBCHEM.COMPOUND:9834864,predicate:14,NCBIGene:1137,NCBIGene:1643,predicate:13,MONDO:0006610,0.0
model_2.pt,PUBCHEM.COMPOUND:44431492,predicate:10,NCBIGene:1815,NCBIGene:1643,predicate:13,MONDO:0006610,0.0
model_2.pt,CHEBI:191001,predicate:18,NCBIGene:6422,NCBIGene:1643,predicate:13,MONDO:0006610,0.0
model_2.pt,PUBCHEM.COMPOUND:25015107,predicate:0,NCBIGene:2260,NCBIGene:1643,predicate:13,MONDO:0006610,0.0
model_2.pt,PUBCHEM.COMPOUND:131757266,predicate:5,NCBIGene:80168,NCBIGene:1643,predicate:13,MONDO:0006610,0.0
model_2.pt,NCBIGene:23205,predicate:1,NCBIGene:11283,NCBIGene:1643,predicate:13,MONDO:0006610,0.0
model_2.pt,NCBIGene:23054,predicate:1,NCBIGene:54617,NCBIGene:1643,predicate:13,MONDO:0006610,0.0
model_2.pt,NCBIGene:10008,predicate:3,NCBIGene:4751,NCBIGene:1643,predicate:13,MONDO:0006610,0.0
model_2.pt,NCBIGene:27183,predicate:1,NCBIGene:4904,NCBIGene:1643,predicate:13,MONDO:0006610,0.0
model_2.pt,NCBIGene:5578,predicate:8,NCBIGene:85377,NCBIGene:1643,predicate:13,MONDO:0006610,0.0
model_2.pt,NCBIGene:79165,predicate:1,NCBIGene:9704,NCBIGene:1643,predicate:13,MONDO:0006610,0.0
model_2.pt,NCBIGene:2170,predicate:9,NCBIGene:8611,NCBIGene:1643,predicate:13,MONDO:0006610,0.0
model_2.pt,NCBIGene:91748,predicate:1,NCBIGene:59345,NCBIGene:1643,predicate:13,MONDO:0006610,0.0
model_2.pt,PUBCHEM.COMPOUND:155512592,predicate:0,NCBIGene:142,NCBIGene:1643,predicate:13,MONDO:0006610,0.0
model_2.pt,NCBIGene:5663,predicate:7,NCBIGene:7158,NCBIGene:1643,predicate:13,MONDO:0006610,0.0
model_2.pt,NCBIGene:4140,predicate:21,NCBIGene:7534,NCBIGene:1643,predicate:13,MONDO:0006610,0.0
model_2.pt,NCBIGene:2475,predicate:1,NCBIGene:23456,NCBIGene:1643,predicate:13,MONDO:0006610,0.0
model_2.pt,NCBIGene:3162,predicate:15,MONDO:0000831,NCBIGene:1643,predicate:13,MONDO:0006610,0.0
model_2.pt,PUBCHEM.COMPOUND:10578760,predicate:0,NCBIGene:29580,NCBIGene:1643,predicate:13,MONDO:0006610,0.0
model_2.pt,NCBIGene:56893,predicate:9,NCBIGene:7316,NCBIGene:1643,predicate:13,MONDO:0006610,0.0
model_2.pt,CHEBI:93205,predicate:23,NCBIGene:8743,NCBIGene:1643,predicate:13,MONDO:0006610,0.0
model_2.pt,NCBIGene:1147,predicate:1,NCBIGene:57162,NCBIGene:1643,predicate:13,MONDO:0006610,0.0
model_2.pt,PUBCHEM.COMPOUND:137226420,predicate:0,NCBIGene:760,NCBIGene:1643,predicate:13,MONDO:0006610,0.0
model_2.pt,MONDO:0010691,predicate:13,HP:0007957,NCBIGene:1643,predicate:13,MONDO:0006610,61.1425666809082
model_2.pt,NCBIGene:51372,predicate:1,NCBIGene:6202,NCBIGene:1643,predicate:13,MONDO:0006610,0.0
model_2.pt,NCBIGene:25865,predicate:8,NCBIGene:23212,NCBIGene:1643,predicate:13,MONDO:0006610,0.0
model_2.pt,PUBCHEM.COMPOUND:122196132,predicate:0,NCBIGene:7941,NCBIGene:1643,predicate:13,MONDO:0006610,0.0
model_2.pt,NCBIGene:84283,predicate:1,NCBIGene:51458,NCBIGene:1643,predicate:13,MONDO:0006610,0.0
model_2.pt,NCBIGene:84365,predicate:1,NCBIGene:4236,NCBIGene:1643,predicate:13,MONDO:0006610,0.0
model_2.pt,CHEBI:8499,predicate:16,MONDO:0001382,NCBIGene:1643,predicate:13,MONDO:0006610,0.0
model_2.pt,NCBIGene:850551,predicate:3,NCBIGene:856863,NCBIGene:1643,predicate:13,MONDO:0006610,0.0
model_2.pt,NCBIGene:181271,predicate:3,NCBIGene:190925,NCBIGene:1643,predicate:13,MONDO:0006610,0.0
model_2.pt,NCBIGene:151056,predicate:4,PUBCHEM.COMPOUND:131761197,NCBIGene:1643,predicate:13,MONDO:0006610,0.0
model_2.pt,CHEBI:18152,predicate:9,NCBIGene:54498,NCBIGene:1643,predicate:13,MONDO:0006610,0.0
model_2.pt,NCBIGene:29949,predicate:15,MONDO:0005011,NCBIGene:1643,predicate:13,MONDO:0006610,0.0
model_2.pt,NCBIGene:173731,predicate:19,CHEBI:31823,NCBIGene:1643,predicate:13,MONDO:0006610,0.0
model_2.pt,PUBCHEM.COMPOUND:44176335,predicate:0,NCBIGene:331,NCBIGene:1643,predicate:13,MONDO:0006610,0.0
model_2.pt,PUBCHEM.COMPOUND:49864838,predicate:10,NCBIGene:834,NCBIGene:1643,predicate:13,MONDO:0006610,0.0
model_2.pt,NCBIGene:10221,predicate:8,NCBIGene:22908,NCBIGene:1643,predicate:13,MONDO:0006610,0.0
model_2.pt,CHEBI:46345,predicate:7,NCBIGene:6581,NCBIGene:1643,predicate:13,MONDO:0006610,0.0
model_2.pt,NCBIGene:375035,predicate:3,NCBIGene:80346,NCBIGene:1643,predicate:13,MONDO:0006610,0.0
model_26.pt,MONDO:0012176,predicate:13,HP:0003028,NCBIGene:27230,predicate:1,NCBIGene:55325,0.0
model_26.pt,CHEBI:6809,predicate:9,NCBIGene:8061,NCBIGene:27230,predicate:1,NCBIGene:55325,0.0
model_26.pt,PUBCHEM.COMPOUND:1113514,predicate:0,NCBIGene:946552,NCBIGene:27230,predicate:1,NCBIGene:55325,0.0
model_26.pt,PUBCHEM.COMPOUND:137636752,predicate:0,NCBIGene:3065,NCBIGene:27230,predicate:1,NCBIGene:55325,0.0
model_26.pt,CHEBI:367163,predicate:16,MONDO:0015691,NCBIGene:27230,predicate:1,NCBIGene:55325,0.0
model_26.pt,PUBCHEM.COMPOUND:130200977,predicate:10,NCBIGene:4988,NCBIGene:27230,predicate:1,NCBIGene:55325,0.0
model_26.pt,NCBIGene:78987,predicate:3,NCBIGene:92255,NCBIGene:27230,predicate:1,NCBIGene:55325,0.0
model_26.pt,NCBIGene:6352,predicate:36,NCBIGene:1234,NCBIGene:27230,predicate:1,NCBIGene:55325,0.0
model_26.pt,CHEBI:6443,predicate:7,NCBIGene:8644,NCBIGene:27230,predicate:1,NCBIGene:55325,0.0
model_26.pt,DRUGBANK:DB11158,predicate:12,MONDO:0005147,NCBIGene:27230,predicate:1,NCBIGene:55325,0.0
model_26.pt,CHEBI:5000,predicate:12,MONDO:0001076,NCBIGene:27230,predicate:1,NCBIGene:55325,0.0
model_26.pt,NCBIGene:8089,predicate:3,NCBIGene:26122,NCBIGene:27230,predicate:1,NCBIGene:55325,0.0
model_26.pt,NCBIGene:10400,predicate:4,PUBCHEM.COMPOUND:52924335,NCBIGene:27230,predicate:1,NCBIGene:55325,0.0
model_26.pt,NCBIGene:10618,predicate:3,NCBIGene:54887,NCBIGene:27230,predicate:1,NCBIGene:55325,0.0
model_26.pt,NCBIGene:3308,predicate:15,MONDO:0005559,NCBIGene:27230,predicate:1,NCBIGene:55325,0.0
model_26.pt,CHEBI:17351,predicate:7,NCBIGene:5315,NCBIGene:27230,predicate:1,NCBIGene:55325,0.0
model_26.pt,CHEMBL.COMPOUND:CHEMBL4747062,predicate:0,NCBIGene:23028,NCBIGene:27230,predicate:1,NCBIGene:55325,0.0
model_26.pt,CHEBI:16842,predicate:9,NCBIGene:3557,NCBIGene:27230,predicate:1,NCBIGene:55325,0.0
model_26.pt,NCBIGene:4616,predicate:1,NCBIGene:2034,NCBIGene:27230,predicate:1,NCBIGene:55325,-116.78634643554688
model_26.pt,NCBIGene:10201,predicate:1,NCBIGene:6154,NCBIGene:27230,predicate:1,NCBIGene:55325,68.22782897949219
model_26.pt,NCBIGene:794,predicate:6,NCBIGene:7135,NCBIGene:27230,predicate:1,NCBIGene:55325,0.0
model_26.pt,NCBIGene:50834,predicate:1,NCBIGene:403277,NCBIGene:27230,predicate:1,NCBIGene:55325,-15.286813735961914
model_26.pt,CHEBI:3755,predicate:2,MONDO:0007263,NCBIGene:27230,predicate:1,NCBIGene:55325,0.0
model_26.pt,PUBCHEM.COMPOUND:131762323,predicate:5,NCBIGene:5407,NCBIGene:27230,predicate:1,NCBIGene:55325,0.0
model_26.pt,PUBCHEM.COMPOUND:54325967,predicate:0,NCBIGene:5468,NCBIGene:27230,predicate:1,NCBIGene:55325,0.0
model_26.pt,CHEBI:64354,predicate:0,NCBIGene:6559,NCBIGene:27230,predicate:1,NCBIGene:55325,0.0
model_26.pt,CHEBI:44423,predicate:7,NCBIGene:3162,NCBIGene:27230,predicate:1,NCBIGene:55325,0.0
model_26.pt,NCBIGene:113174,predicate:10,NCBIGene:100528017,NCBIGene:27230,predicate:1,NCBIGene:55325,0.0
model_26.pt,NCBIGene:4502,predicate:1,NCBIGene:10912,NCBIGene:27230,predicate:1,NCBIGene:55325,15.021627426147461
model_26.pt,NCBIGene:5321,predicate:4,PUBCHEM.COMPOUND:53478731,NCBIGene:27230,predicate:1,NCBIGene:55325,0.0
model_26.pt,CHEBI:3755,predicate:7,NCBIGene:2100,NCBIGene:27230,predicate:1,NCBIGene:55325,0.0
model_26.pt,NCBIGene:51741,predicate:13,HP:0000253,NCBIGene:27230,predicate:1,NCBIGene:55325,0.0
model_26.pt,CHEBI:156122,predicate:5,NCBIGene:23761,NCBIGene:27230,predicate:1,NCBIGene:55325,0.0
model_26.pt,NCBIGene:245865,predicate:3,NCBIGene:194974,NCBIGene:27230,predicate:1,NCBIGene:55325,0.0
model_26.pt,PUBCHEM.COMPOUND:127036977,predicate:0,NCBIGene:135,NCBIGene:27230,predicate:1,NCBIGene:55325,0.0
model_26.pt,PUBCHEM.COMPOUND:44433263,predicate:0,NCBIGene:1576,NCBIGene:27230,predicate:1,NCBIGene:55325,0.0
model_26.pt,CHEBI:16469,predicate:7,NCBIGene:10587,NCBIGene:27230,predicate:1,NCBIGene:55325,0.0
model_26.pt,PUBCHEM.COMPOUND:44314087,predicate:0,NCBIGene:4313,NCBIGene:27230,predicate:1,NCBIGene:55325,0.0
model_26.pt,PUBCHEM.COMPOUND:25093440,predicate:0,NCBIGene:1147,NCBIGene:27230,predicate:1,NCBIGene:55325,0.0
model_26.pt,NCBIGene:20962,predicate:3,NCBIGene:219150,NCBIGene:27230,predicate:1,NCBIGene:55325,0.0
model_26.pt,NCBIGene:23051,predicate:15,MONDO:0005068,NCBIGene:27230,predicate:1,NCBIGene:55325,0.0
model_26.pt,NCBIGene:10565,predicate:6,NCBIGene:284369,NCBIGene:27230,predicate:1,NCBIGene:55325,0.0
model_26.pt,PUBCHEM.COMPOUND:59268935,predicate:0,NCBIGene:1137,NCBIGene:27230,predicate:1,NCBIGene:55325,0.0
model_26.pt,NCBIGene:5903,predicate:1,NCBIGene:402569,NCBIGene:27230,predicate:1,NCBIGene:55325,5.041660308837891
model_26.pt,PUBCHEM.COMPOUND:57395067,predicate:0,NCBIGene:6531,NCBIGene:27230,predicate:1,NCBIGene:55325,0.0
model_26.pt,NCBIGene:852585,predicate:3,NCBIGene:855469,NCBIGene:27230,predicate:1,NCBIGene:55325,0.0
model_26.pt,NCBIGene:3976,predicate:9,NCBIGene:2526,NCBIGene:27230,predicate:1,NCBIGene:55325,0.0
model_26.pt,NCBIGene:928,predicate:1,NCBIGene:29952,NCBIGene:27230,predicate:1,NCBIGene:55325,91.47383117675781
model_26.pt,MONDO:0013171,predicate:13,MONDO:0001071,NCBIGene:27230,predicate:1,NCBIGene:55325,0.0
model_26.pt,NCBIGene:4634,predicate:1,NCBIGene:6445,NCBIGene:27230,predicate:1,NCBIGene:55325,-35.59104919433594
model_26.pt,CHEBI:18293,predicate:12,HP:0001945,NCBIGene:27230,predicate:1,NCBIGene:55325,0.0
model_26.pt,UNII:5M691HL4BO,predicate:16,HP:0001288,NCBIGene:27230,predicate:1,NCBIGene:55325,0.0
model_26.pt,MONDO:0011122,predicate:10,NCBIGene:2673,NCBIGene:27230,predicate:1,NCBIGene:55325,0.0
model_26.pt,CHEBI:185383,predicate:5,NCBIGene:9514,NCBIGene:27230,predicate:1,NCBIGene:55325,0.0
model_26.pt,NCBIGene:4763,predicate:13,HP:0002857,NCBIGene:27230,predicate:1,NCBIGene:55325,0.0
model_26.pt,CHEBI:6121,predicate:7,NCBIGene:2335,NCBIGene:27230,predicate:1,NCBIGene:55325,0.0
model_26.pt,NCBIGene:4204,predicate:13,HP:0010864,NCBIGene:27230,predicate:1,NCBIGene:55325,0.0
model_26.pt,PUBCHEM.COMPOUND:5702107,predicate:23,NCBIGene:760,NCBIGene:27230,predicate:1,NCBIGene:55325,0.0
model_26.pt,NCBIGene:22976,predicate:9,NCBIGene:9519,NCBIGene:27230,predicate:1,NCBIGene:55325,0.0
model_26.pt,PUBCHEM.COMPOUND:9834864,predicate:14,NCBIGene:1137,NCBIGene:27230,predicate:1,NCBIGene:55325,0.0
model_26.pt,PUBCHEM.COMPOUND:44431492,predicate:10,NCBIGene:1815,NCBIGene:27230,predicate:1,NCBIGene:55325,0.0
model_26.pt,CHEBI:191001,predicate:18,NCBIGene:6422,NCBIGene:27230,predicate:1,NCBIGene:55325,0.0
model_26.pt,PUBCHEM.COMPOUND:25015107,predicate:0,NCBIGene:2260,NCBIGene:27230,predicate:1,NCBIGene:55325,0.0
model_26.pt,PUBCHEM.COMPOUND:131757266,predicate:5,NCBIGene:80168,NCBIGene:27230,predicate:1,NCBIGene:55325,0.0
model_26.pt,NCBIGene:23205,predicate:1,NCBIGene:11283,NCBIGene:27230,predicate:1,NCBIGene:55325,-9.233585357666016
model_26.pt,NCBIGene:23054,predicate:1,NCBIGene:54617,NCBIGene:27230,predicate:1,NCBIGene:55325,-57.749900817871094
model_26.pt,NCBIGene:10008,predicate:3,NCBIGene:4751,NCBIGene:27230,predicate:1,NCBIGene:55325,0.0
model_26.pt,NCBIGene:27183,predicate:1,NCBIGene:4904,NCBIGene:27230,predicate:1,NCBIGene:55325,34.25617218017578
model_26.pt,NCBIGene:5578,predicate:8,NCBIGene:85377,NCBIGene:27230,predicate:1,NCBIGene:55325,0.0
model_26.pt,NCBIGene:79165,predicate:1,NCBIGene:9704,NCBIGene:27230,predicate:1,NCBIGene:55325,-70.83467102050781
model_26.pt,NCBIGene:2170,predicate:9,NCBIGene:8611,NCBIGene:27230,predicate:1,NCBIGene:55325,0.0
model_26.pt,NCBIGene:91748,predicate:1,NCBIGene:59345,NCBIGene:27230,predicate:1,NCBIGene:55325,19.338943481445312
model_26.pt,PUBCHEM.COMPOUND:155512592,predicate:0,NCBIGene:142,NCBIGene:27230,predicate:1,NCBIGene:55325,0.0
model_26.pt,NCBIGene:5663,predicate:7,NCBIGene:7158,NCBIGene:27230,predicate:1,NCBIGene:55325,0.0
model_26.pt,NCBIGene:4140,predicate:21,NCBIGene:7534,NCBIGene:27230,predicate:1,NCBIGene:55325,0.0
model_26.pt,NCBIGene:2475,predicate:1,NCBIGene:23456,NCBIGene:27230,predicate:1,NCBIGene:55325,-4.873099327087402
model_26.pt,NCBIGene:3162,predicate:15,MONDO:0000831,NCBIGene:27230,predicate:1,NCBIGene:55325,0.0
model_26.pt,PUBCHEM.COMPOUND:10578760,predicate:0,NCBIGene:29580,NCBIGene:27230,predicate:1,NCBIGene:55325,0.0
model_26.pt,NCBIGene:56893,predicate:9,NCBIGene:7316,NCBIGene:27230,predicate:1,NCBIGene:55325,0.0
model_26.pt,CHEBI:93205,predicate:23,NCBIGene:8743,NCBIGene:27230,predicate:1,NCBIGene:55325,0.0
model_26.pt,NCBIGene:1147,predicate:1,NCBIGene:57162,NCBIGene:27230,predicate:1,NCBIGene:55325,11.376264572143555
model_26.pt,PUBCHEM.COMPOUND:137226420,predicate:0,NCBIGene:760,NCBIGene:27230,predicate:1,NCBIGene:55325,0.0
model_26.pt,MONDO:0010691,predicate:13,HP:0007957,NCBIGene:27230,predicate:1,NCBIGene:55325,0.0
model_26.pt,NCBIGene:51372,predicate:1,NCBIGene:6202,NCBIGene:27230,predicate:1,NCBIGene:55325,-13.34735107421875
model_26.pt,NCBIGene:25865,predicate:8,NCBIGene:23212,NCBIGene:27230,predicate:1,NCBIGene:55325,0.0
model_26.pt,PUBCHEM.COMPOUND:122196132,predicate:0,NCBIGene:7941,NCBIGene:27230,predicate:1,NCBIGene:55325,0.0
model_26.pt,NCBIGene:84283,predicate:1,NCBIGene:51458,NCBIGene:27230,predicate:1,NCBIGene:55325,25.318212509155273
model_26.pt,NCBIGene:84365,predicate:1,NCBIGene:4236,NCBIGene:27230,predicate:1,NCBIGene:55325,39.228172302246094
model_26.pt,CHEBI:8499,predicate:16,MONDO:0001382,NCBIGene:27230,predicate:1,NCBIGene:55325,0.0
model_26.pt,NCBIGene:850551,predicate:3,NCBIGene:856863,NCBIGene:27230,predicate:1,NCBIGene:55325,0.0
model_26.pt,NCBIGene:181271,predicate:3,NCBIGene:190925,NCBIGene:27230,predicate:1,NCBIGene:55325,0.0
model_26.pt,NCBIGene:151056,predicate:4,PUBCHEM.COMPOUND:131761197,NCBIGene:27230,predicate:1,NCBIGene:55325,0.0
model_26.pt,CHEBI:18152,predicate:9,NCBIGene:54498,NCBIGene:27230,predicate:1,NCBIGene:55325,0.0
model_26.pt,NCBIGene:29949,predicate:15,MONDO:0005011,NCBIGene:27230,predicate:1,NCBIGene:55325,0.0
model_26.pt,NCBIGene:173731,predicate:19,CHEBI:31823,NCBIGene:27230,predicate:1,NCBIGene:55325,0.0
model_26.pt,PUBCHEM.COMPOUND:44176335,predicate:0,NCBIGene:331,NCBIGene:27230,predicate:1,NCBIGene:55325,0.0
model_26.pt,PUBCHEM.COMPOUND:49864838,predicate:10,NCBIGene:834,NCBIGene:27230,predicate:1,NCBIGene:55325,0.0
model_26.pt,NCBIGene:10221,predicate:8,NCBIGene:22908,NCBIGene:27230,predicate:1,NCBIGene:55325,0.0
model_26.pt,CHEBI:46345,predicate:7,NCBIGene:6581,NCBIGene:27230,predicate:1,NCBIGene:55325,0.0
model_26.pt,NCBIGene:375035,predicate:3,NCBIGene:80346,NCBIGene:27230,predicate:1,NCBIGene:55325,0.0
model_26.pt,MONDO:0012176,predicate:13,HP:0003028,NCBIGene:5800,predicate:3,NCBIGene:7534,0.0
model_26.pt,CHEBI:6809,predicate:9,NCBIGene:8061,NCBIGene:5800,predicate:3,NCBIGene:7534,0.0
model_26.pt,PUBCHEM.COMPOUND:1113514,predicate:0,NCBIGene:946552,NCBIGene:5800,predicate:3,NCBIGene:7534,0.0
model_26.pt,PUBCHEM.COMPOUND:137636752,predicate:0,NCBIGene:3065,NCBIGene:5800,predicate:3,NCBIGene:7534,0.0
model_26.pt,CHEBI:367163,predicate:16,MONDO:0015691,NCBIGene:5800,predicate:3,NCBIGene:7534,0.0
model_26.pt,PUBCHEM.COMPOUND:130200977,predicate:10,NCBIGene:4988,NCBIGene:5800,predicate:3,NCBIGene:7534,0.0
model_26.pt,NCBIGene:78987,predicate:3,NCBIGene:92255,NCBIGene:5800,predicate:3,NCBIGene:7534,-34.688411712646484
model_26.pt,NCBIGene:6352,predicate:36,NCBIGene:1234,NCBIGene:5800,predicate:3,NCBIGene:7534,0.0
model_26.pt,CHEBI:6443,predicate:7,NCBIGene:8644,NCBIGene:5800,predicate:3,NCBIGene:7534,0.0
model_26.pt,DRUGBANK:DB11158,predicate:12,MONDO:0005147,NCBIGene:5800,predicate:3,NCBIGene:7534,0.0
model_26.pt,CHEBI:5000,predicate:12,MONDO:0001076,NCBIGene:5800,predicate:3,NCBIGene:7534,0.0
model_26.pt,NCBIGene:8089,predicate:3,NCBIGene:26122,NCBIGene:5800,predicate:3,NCBIGene:7534,-31.773239135742188
model_26.pt,NCBIGene:10400,predicate:4,PUBCHEM.COMPOUND:52924335,NCBIGene:5800,predicate:3,NCBIGene:7534,0.0
model_26.pt,NCBIGene:10618,predicate:3,NCBIGene:54887,NCBIGene:5800,predicate:3,NCBIGene:7534,-32.625755310058594
model_26.pt,NCBIGene:3308,predicate:15,MONDO:0005559,NCBIGene:5800,predicate:3,NCBIGene:7534,0.0
model_26.pt,CHEBI:17351,predicate:7,NCBIGene:5315,NCBIGene:5800,predicate:3,NCBIGene:7534,0.0
model_26.pt,CHEMBL.COMPOUND:CHEMBL4747062,predicate:0,NCBIGene:23028,NCBIGene:5800,predicate:3,NCBIGene:7534,0.0
model_26.pt,CHEBI:16842,predicate:9,NCBIGene:3557,NCBIGene:5800,predicate:3,NCBIGene:7534,0.0
model_26.pt,NCBIGene:4616,predicate:1,NCBIGene:2034,NCBIGene:5800,predicate:3,NCBIGene:7534,0.0
model_26.pt,NCBIGene:10201,predicate:1,NCBIGene:6154,NCBIGene:5800,predicate:3,NCBIGene:7534,0.0
model_26.pt,NCBIGene:794,predicate:6,NCBIGene:7135,NCBIGene:5800,predicate:3,NCBIGene:7534,0.0
model_26.pt,NCBIGene:50834,predicate:1,NCBIGene:403277,NCBIGene:5800,predicate:3,NCBIGene:7534,0.0
model_26.pt,CHEBI:3755,predicate:2,MONDO:0007263,NCBIGene:5800,predicate:3,NCBIGene:7534,0.0
model_26.pt,PUBCHEM.COMPOUND:131762323,predicate:5,NCBIGene:5407,NCBIGene:5800,predicate:3,NCBIGene:7534,0.0
model_26.pt,PUBCHEM.COMPOUND:54325967,predicate:0,NCBIGene:5468,NCBIGene:5800,predicate:3,NCBIGene:7534,0.0
model_26.pt,CHEBI:64354,predicate:0,NCBIGene:6559,NCBIGene:5800,predicate:3,NCBIGene:7534,0.0
model_26.pt,CHEBI:44423,predicate:7,NCBIGene:3162,NCBIGene:5800,predicate:3,NCBIGene:7534,0.0
model_26.pt,NCBIGene:113174,predicate:10,NCBIGene:100528017,NCBIGene:5800,predicate:3,NCBIGene:7534,0.0
model_26.pt,NCBIGene:4502,predicate:1,NCBIGene:10912,NCBIGene:5800,predicate:3,NCBIGene:7534,0.0
model_26.pt,NCBIGene:5321,predicate:4,PUBCHEM.COMPOUND:53478731,NCBIGene:5800,predicate:3,NCBIGene:7534,0.0
model_26.pt,CHEBI:3755,predicate:7,NCBIGene:2100,NCBIGene:5800,predicate:3,NCBIGene:7534,0.0
model_26.pt,NCBIGene:51741,predicate:13,HP:0000253,NCBIGene:5800,predicate:3,NCBIGene:7534,0.0
model_26.pt,CHEBI:156122,predicate:5,NCBIGene:23761,NCBIGene:5800,predicate:3,NCBIGene:7534,0.0
model_26.pt,NCBIGene:245865,predicate:3,NCBIGene:194974,NCBIGene:5800,predicate:3,NCBIGene:7534,-90.07942962646484
model_26.pt,PUBCHEM.COMPOUND:127036977,predicate:0,NCBIGene:135,NCBIGene:5800,predicate:3,NCBIGene:7534,0.0
model_26.pt,PUBCHEM.COMPOUND:44433263,predicate:0,NCBIGene:1576,NCBIGene:5800,predicate:3,NCBIGene:7534,0.0
model_26.pt,CHEBI:16469,predicate:7,NCBIGene:10587,NCBIGene:5800,predicate:3,NCBIGene:7534,0.0
model_26.pt,PUBCHEM.COMPOUND:44314087,predicate:0,NCBIGene:4313,NCBIGene:5800,predicate:3,NCBIGene:7534,0.0
model_26.pt,PUBCHEM.COMPOUND:25093440,predicate:0,NCBIGene:1147,NCBIGene:5800,predicate:3,NCBIGene:7534,0.0
model_26.pt,NCBIGene:20962,predicate:3,NCBIGene:219150,NCBIGene:5800,predicate:3,NCBIGene:7534,98.8427505493164
model_26.pt,NCBIGene:23051,predicate:15,MONDO:0005068,NCBIGene:5800,predicate:3,NCBIGene:7534,0.0
model_26.pt,NCBIGene:10565,predicate:6,NCBIGene:284369,NCBIGene:5800,predicate:3,NCBIGene:7534,0.0
model_26.pt,PUBCHEM.COMPOUND:59268935,predicate:0,NCBIGene:1137,NCBIGene:5800,predicate:3,NCBIGene:7534,0.0
model_26.pt,NCBIGene:5903,predicate:1,NCBIGene:402569,NCBIGene:5800,predicate:3,NCBIGene:7534,0.0
model_26.pt,PUBCHEM.COMPOUND:57395067,predicate:0,NCBIGene:6531,NCBIGene:5800,predicate:3,NCBIGene:7534,0.0
model_26.pt,NCBIGene:852585,predicate:3,NCBIGene:855469,NCBIGene:5800,predicate:3,NCBIGene:7534,-1.267120361328125
model_26.pt,NCBIGene:3976,predicate:9,NCBIGene:2526,NCBIGene:5800,predicate:3,NCBIGene:7534,0.0
model_26.pt,NCBIGene:928,predicate:1,NCBIGene:29952,NCBIGene:5800,predicate:3,NCBIGene:7534,0.0
model_26.pt,MONDO:0013171,predicate:13,MONDO:0001071,NCBIGene:5800,predicate:3,NCBIGene:7534,0.0
model_26.pt,NCBIGene:4634,predicate:1,NCBIGene:6445,NCBIGene:5800,predicate:3,NCBIGene:7534,0.0
model_26.pt,CHEBI:18293,predicate:12,HP:0001945,NCBIGene:5800,predicate:3,NCBIGene:7534,0.0
model_26.pt,UNII:5M691HL4BO,predicate:16,HP:0001288,NCBIGene:5800,predicate:3,NCBIGene:7534,0.0
model_26.pt,MONDO:0011122,predicate:10,NCBIGene:2673,NCBIGene:5800,predicate:3,NCBIGene:7534,0.0
model_26.pt,CHEBI:185383,predicate:5,NCBIGene:9514,NCBIGene:5800,predicate:3,NCBIGene:7534,0.0
model_26.pt,NCBIGene:4763,predicate:13,HP:0002857,NCBIGene:5800,predicate:3,NCBIGene:7534,0.0
model_26.pt,CHEBI:6121,predicate:7,NCBIGene:2335,NCBIGene:5800,predicate:3,NCBIGene:7534,0.0
model_26.pt,NCBIGene:4204,predicate:13,HP:0010864,NCBIGene:5800,predicate:3,NCBIGene:7534,0.0
model_26.pt,PUBCHEM.COMPOUND:5702107,predicate:23,NCBIGene:760,NCBIGene:5800,predicate:3,NCBIGene:7534,0.0
model_26.pt,NCBIGene:22976,predicate:9,NCBIGene:9519,NCBIGene:5800,predicate:3,NCBIGene:7534,0.0
model_26.pt,PUBCHEM.COMPOUND:9834864,predicate:14,NCBIGene:1137,NCBIGene:5800,predicate:3,NCBIGene:7534,0.0
model_26.pt,PUBCHEM.COMPOUND:44431492,predicate:10,NCBIGene:1815,NCBIGene:5800,predicate:3,NCBIGene:7534,0.0
model_26.pt,CHEBI:191001,predicate:18,NCBIGene:6422,NCBIGene:5800,predicate:3,NCBIGene:7534,0.0
model_26.pt,PUBCHEM.COMPOUND:25015107,predicate:0,NCBIGene:2260,NCBIGene:5800,predicate:3,NCBIGene:7534,0.0
model_26.pt,PUBCHEM.COMPOUND:131757266,predicate:5,NCBIGene:80168,NCBIGene:5800,predicate:3,NCBIGene:7534,0.0
model_26.pt,NCBIGene:23205,predicate:1,NCBIGene:11283,NCBIGene:5800,predicate:3,NCBIGene:7534,0.0
model_26.pt,NCBIGene:23054,predicate:1,NCBIGene:54617,NCBIGene:5800,predicate:3,NCBIGene:7534,0.0
model_26.pt,NCBIGene:10008,predicate:3,NCBIGene:4751,NCBIGene:5800,predicate:3,NCBIGene:7534,58.126625061035156
model_26.pt,NCBIGene:27183,predicate:1,NCBIGene:4904,NCBIGene:5800,predicate:3,NCBIGene:7534,0.0
model_26.pt,NCBIGene:5578,predicate:8,NCBIGene:85377,NCBIGene:5800,predicate:3,NCBIGene:7534,0.0
model_26.pt,NCBIGene:79165,predicate:1,NCBIGene:9704,NCBIGene:5800,predicate:3,NCBIGene:7534,0.0
model_26.pt,NCBIGene:2170,predicate:9,NCBIGene:8611,NCBIGene:5800,predicate:3,NCBIGene:7534,0.0
model_26.pt,NCBIGene:91748,predicate:1,NCBIGene:59345,NCBIGene:5800,predicate:3,NCBIGene:7534,0.0
model_26.pt,PUBCHEM.COMPOUND:155512592,predicate:0,NCBIGene:142,NCBIGene:5800,predicate:3,NCBIGene:7534,0.0
model_26.pt,NCBIGene:5663,predicate:7,NCBIGene:7158,NCBIGene:5800,predicate:3,NCBIGene:7534,0.0
model_26.pt,NCBIGene:4140,predicate:21,NCBIGene:7534,NCBIGene:5800,predicate:3,NCBIGene:7534,194.8747100830078
model_26.pt,NCBIGene:2475,predicate:1,NCBIGene:23456,NCBIGene:5800,predicate:3,NCBIGene:7534,0.0
model_26.pt,NCBIGene:3162,predicate:15,MONDO:0000831,NCBIGene:5800,predicate:3,NCBIGene:7534,0.0
model_26.pt,PUBCHEM.COMPOUND:10578760,predicate:0,NCBIGene:29580,NCBIGene:5800,predicate:3,NCBIGene:7534,0.0
model_26.pt,NCBIGene:56893,predicate:9,NCBIGene:7316,NCBIGene:5800,predicate:3,NCBIGene:7534,0.0
model_26.pt,CHEBI:93205,predicate:23,NCBIGene:8743,NCBIGene:5800,predicate:3,NCBIGene:7534,0.0
model_26.pt,NCBIGene:1147,predicate:1,NCBIGene:57162,NCBIGene:5800,predicate:3,NCBIGene:7534,0.0
model_26.pt,PUBCHEM.COMPOUND:137226420,predicate:0,NCBIGene:760,NCBIGene:5800,predicate:3,NCBIGene:7534,0.0
model_26.pt,MONDO:0010691,predicate:13,HP:0007957,NCBIGene:5800,predicate:3,NCBIGene:7534,0.0
model_26.pt,NCBIGene:51372,predicate:1,NCBIGene:6202,NCBIGene:5800,predicate:3,NCBIGene:7534,0.0
model_26.pt,NCBIGene:25865,predicate:8,NCBIGene:23212,NCBIGene:5800,predicate:3,NCBIGene:7534,0.0
model_26.pt,PUBCHEM.COMPOUND:122196132,predicate:0,NCBIGene:7941,NCBIGene:5800,predicate:3,NCBIGene:7534,0.0
model_26.pt,NCBIGene:84283,predicate:1,NCBIGene:51458,NCBIGene:5800,predicate:3,NCBIGene:7534,0.0
model_26.pt,NCBIGene:84365,predicate:1,NCBIGene:4236,NCBIGene:5800,predicate:3,NCBIGene:7534,0.0
model_26.pt,CHEBI:8499,predicate:16,MONDO:0001382,NCBIGene:5800,predicate:3,NCBIGene:7534,0.0
model_26.pt,NCBIGene:850551,predicate:3,NCBIGene:856863,NCBIGene:5800,predicate:3,NCBIGene:7534,-29.371776580810547
model_26.pt,NCBIGene:181271,predicate:3,NCBIGene:190925,NCBIGene:5800,predicate:3,NCBIGene:7534,62.67442321777344
model_26.pt,NCBIGene:151056,predicate:4,PUBCHEM.COMPOUND:131761197,NCBIGene:5800,predicate:3,NCBIGene:7534,0.0
model_26.pt,CHEBI:18152,predicate:9,NCBIGene:54498,NCBIGene:5800,predicate:3,NCBIGene:7534,0.0
model_26.pt,NCBIGene:29949,predicate:15,MONDO:0005011,NCBIGene:5800,predicate:3,NCBIGene:7534,0.0
model_26.pt,NCBIGene:173731,predicate:19,CHEBI:31823,NCBIGene:5800,predicate:3,NCBIGene:7534,0.0
model_26.pt,PUBCHEM.COMPOUND:44176335,predicate:0,NCBIGene:331,NCBIGene:5800,predicate:3,NCBIGene:7534,0.0
model_26.pt,PUBCHEM.COMPOUND:49864838,predicate:10,NCBIGene:834,NCBIGene:5800,predicate:3,NCBIGene:7534,0.0
model_26.pt,NCBIGene:10221,predicate:8,NCBIGene:22908,NCBIGene:5800,predicate:3,NCBIGene:7534,0.0
model_26.pt,CHEBI:46345,predicate:7,NCBIGene:6581,NCBIGene:5800,predicate:3,NCBIGene:7534,0.0
model_26.pt,NCBIGene:375035,predicate:3,NCBIGene:80346,NCBIGene:5800,predicate:3,NCBIGene:7534,40.31709289550781
model_26.pt,MONDO:0012176,predicate:13,HP:0003028,NCBIGene:5170,predicate:21,NCBIGene:5782,0.0
model_26.pt,CHEBI:6809,predicate:9,NCBIGene:8061,NCBIGene:5170,predicate:21,NCBIGene:5782,0.0
model_26.pt,PUBCHEM.COMPOUND:1113514,predicate:0,NCBIGene:946552,NCBIGene:5170,predicate:21,NCBIGene:5782,0.0
model_26.pt,PUBCHEM.COMPOUND:137636752,predicate:0,NCBIGene:3065,NCBIGene:5170,predicate:21,NCBIGene:5782,0.0
model_26.pt,CHEBI:367163,predicate:16,MONDO:0015691,NCBIGene:5170,predicate:21,NCBIGene:5782,0.0
model_26.pt,PUBCHEM.COMPOUND:130200977,predicate:10,NCBIGene:4988,NCBIGene:5170,predicate:21,NCBIGene:5782,0.0
model_26.pt,NCBIGene:78987,predicate:3,NCBIGene:92255,NCBIGene:5170,predicate:21,NCBIGene:5782,0.0
model_26.pt,NCBIGene:6352,predicate:36,NCBIGene:1234,NCBIGene:5170,predicate:21,NCBIGene:5782,0.0
model_26.pt,CHEBI:6443,predicate:7,NCBIGene:8644,NCBIGene:5170,predicate:21,NCBIGene:5782,0.0
model_26.pt,DRUGBANK:DB11158,predicate:12,MONDO:0005147,NCBIGene:5170,predicate:21,NCBIGene:5782,0.0
model_26.pt,CHEBI:5000,predicate:12,MONDO:0001076,NCBIGene:5170,predicate:21,NCBIGene:5782,0.0
model_26.pt,NCBIGene:8089,predicate:3,NCBIGene:26122,NCBIGene:5170,predicate:21,NCBIGene:5782,0.0
model_26.pt,NCBIGene:10400,predicate:4,PUBCHEM.COMPOUND:52924335,NCBIGene:5170,predicate:21,NCBIGene:5782,0.0
model_26.pt,NCBIGene:10618,predicate:3,NCBIGene:54887,NCBIGene:5170,predicate:21,NCBIGene:5782,0.0
model_26.pt,NCBIGene:3308,predicate:15,MONDO:0005559,NCBIGene:5170,predicate:21,NCBIGene:5782,0.0
model_26.pt,CHEBI:17351,predicate:7,NCBIGene:5315,NCBIGene:5170,predicate:21,NCBIGene:5782,0.0
model_26.pt,CHEMBL.COMPOUND:CHEMBL4747062,predicate:0,NCBIGene:23028,NCBIGene:5170,predicate:21,NCBIGene:5782,0.0
model_26.pt,CHEBI:16842,predicate:9,NCBIGene:3557,NCBIGene:5170,predicate:21,NCBIGene:5782,0.0
model_26.pt,NCBIGene:4616,predicate:1,NCBIGene:2034,NCBIGene:5170,predicate:21,NCBIGene:5782,0.0
model_26.pt,NCBIGene:10201,predicate:1,NCBIGene:6154,NCBIGene:5170,predicate:21,NCBIGene:5782,0.0
model_26.pt,NCBIGene:794,predicate:6,NCBIGene:7135,NCBIGene:5170,predicate:21,NCBIGene:5782,0.0
model_26.pt,NCBIGene:50834,predicate:1,NCBIGene:403277,NCBIGene:5170,predicate:21,NCBIGene:5782,0.0
model_26.pt,CHEBI:3755,predicate:2,MONDO:0007263,NCBIGene:5170,predicate:21,NCBIGene:5782,0.0
model_26.pt,PUBCHEM.COMPOUND:131762323,predicate:5,NCBIGene:5407,NCBIGene:5170,predicate:21,NCBIGene:5782,0.0
model_26.pt,PUBCHEM.COMPOUND:54325967,predicate:0,NCBIGene:5468,NCBIGene:5170,predicate:21,NCBIGene:5782,0.0
model_26.pt,CHEBI:64354,predicate:0,NCBIGene:6559,NCBIGene:5170,predicate:21,NCBIGene:5782,0.0
model_26.pt,CHEBI:44423,predicate:7,NCBIGene:3162,NCBIGene:5170,predicate:21,NCBIGene:5782,0.0
model_26.pt,NCBIGene:113174,predicate:10,NCBIGene:100528017,NCBIGene:5170,predicate:21,NCBIGene:5782,0.0
model_26.pt,NCBIGene:4502,predicate:1,NCBIGene:10912,NCBIGene:5170,predicate:21,NCBIGene:5782,0.0
model_26.pt,NCBIGene:5321,predicate:4,PUBCHEM.COMPOUND:53478731,NCBIGene:5170,predicate:21,NCBIGene:5782,0.0
model_26.pt,CHEBI:3755,predicate:7,NCBIGene:2100,NCBIGene:5170,predicate:21,NCBIGene:5782,0.0
model_26.pt,NCBIGene:51741,predicate:13,HP:0000253,NCBIGene:5170,predicate:21,NCBIGene:5782,0.0
model_26.pt,CHEBI:156122,predicate:5,NCBIGene:23761,NCBIGene:5170,predicate:21,NCBIGene:5782,0.0
model_26.pt,NCBIGene:245865,predicate:3,NCBIGene:194974,NCBIGene:5170,predicate:21,NCBIGene:5782,0.0
model_26.pt,PUBCHEM.COMPOUND:127036977,predicate:0,NCBIGene:135,NCBIGene:5170,predicate:21,NCBIGene:5782,0.0
model_26.pt,PUBCHEM.COMPOUND:44433263,predicate:0,NCBIGene:1576,NCBIGene:5170,predicate:21,NCBIGene:5782,0.0
model_26.pt,CHEBI:16469,predicate:7,NCBIGene:10587,NCBIGene:5170,predicate:21,NCBIGene:5782,0.0
model_26.pt,PUBCHEM.COMPOUND:44314087,predicate:0,NCBIGene:4313,NCBIGene:5170,predicate:21,NCBIGene:5782,0.0
model_26.pt,PUBCHEM.COMPOUND:25093440,predicate:0,NCBIGene:1147,NCBIGene:5170,predicate:21,NCBIGene:5782,0.0
model_26.pt,NCBIGene:20962,predicate:3,NCBIGene:219150,NCBIGene:5170,predicate:21,NCBIGene:5782,0.0
model_26.pt,NCBIGene:23051,predicate:15,MONDO:0005068,NCBIGene:5170,predicate:21,NCBIGene:5782,0.0
model_26.pt,NCBIGene:10565,predicate:6,NCBIGene:284369,NCBIGene:5170,predicate:21,NCBIGene:5782,0.0
model_26.pt,PUBCHEM.COMPOUND:59268935,predicate:0,NCBIGene:1137,NCBIGene:5170,predicate:21,NCBIGene:5782,0.0
model_26.pt,NCBIGene:5903,predicate:1,NCBIGene:402569,NCBIGene:5170,predicate:21,NCBIGene:5782,0.0
model_26.pt,PUBCHEM.COMPOUND:57395067,predicate:0,NCBIGene:6531,NCBIGene:5170,predicate:21,NCBIGene:5782,0.0
model_26.pt,NCBIGene:852585,predicate:3,NCBIGene:855469,NCBIGene:5170,predicate:21,NCBIGene:5782,0.0
model_26.pt,NCBIGene:3976,predicate:9,NCBIGene:2526,NCBIGene:5170,predicate:21,NCBIGene:5782,0.0
model_26.pt,NCBIGene:928,predicate:1,NCBIGene:29952,NCBIGene:5170,predicate:21,NCBIGene:5782,0.0
model_26.pt,MONDO:0013171,predicate:13,MONDO:0001071,NCBIGene:5170,predicate:21,NCBIGene:5782,0.0
model_26.pt,NCBIGene:4634,predicate:1,NCBIGene:6445,NCBIGene:5170,predicate:21,NCBIGene:5782,0.0
model_26.pt,CHEBI:18293,predicate:12,HP:0001945,NCBIGene:5170,predicate:21,NCBIGene:5782,0.0
model_26.pt,UNII:5M691HL4BO,predicate:16,HP:0001288,NCBIGene:5170,predicate:21,NCBIGene:5782,0.0
model_26.pt,MONDO:0011122,predicate:10,NCBIGene:2673,NCBIGene:5170,predicate:21,NCBIGene:5782,0.0
model_26.pt,CHEBI:185383,predicate:5,NCBIGene:9514,NCBIGene:5170,predicate:21,NCBIGene:5782,0.0
model_26.pt,NCBIGene:4763,predicate:13,HP:0002857,NCBIGene:5170,predicate:21,NCBIGene:5782,0.0
model_26.pt,CHEBI:6121,predicate:7,NCBIGene:2335,NCBIGene:5170,predicate:21,NCBIGene:5782,0.0
model_26.pt,NCBIGene:4204,predicate:13,HP:0010864,NCBIGene:5170,predicate:21,NCBIGene:5782,0.0
model_26.pt,PUBCHEM.COMPOUND:5702107,predicate:23,NCBIGene:760,NCBIGene:5170,predicate:21,NCBIGene:5782,0.0
model_26.pt,NCBIGene:22976,predicate:9,NCBIGene:9519,NCBIGene:5170,predicate:21,NCBIGene:5782,0.0
model_26.pt,PUBCHEM.COMPOUND:9834864,predicate:14,NCBIGene:1137,NCBIGene:5170,predicate:21,NCBIGene:5782,0.0
model_26.pt,PUBCHEM.COMPOUND:44431492,predicate:10,NCBIGene:1815,NCBIGene:5170,predicate:21,NCBIGene:5782,0.0
model_26.pt,CHEBI:191001,predicate:18,NCBIGene:6422,NCBIGene:5170,predicate:21,NCBIGene:5782,0.0
model_26.pt,PUBCHEM.COMPOUND:25015107,predicate:0,NCBIGene:2260,NCBIGene:5170,predicate:21,NCBIGene:5782,0.0
model_26.pt,PUBCHEM.COMPOUND:131757266,predicate:5,NCBIGene:80168,NCBIGene:5170,predicate:21,NCBIGene:5782,0.0
model_26.pt,NCBIGene:23205,predicate:1,NCBIGene:11283,NCBIGene:5170,predicate:21,NCBIGene:5782,0.0
model_26.pt,NCBIGene:23054,predicate:1,NCBIGene:54617,NCBIGene:5170,predicate:21,NCBIGene:5782,0.0
model_26.pt,NCBIGene:10008,predicate:3,NCBIGene:4751,NCBIGene:5170,predicate:21,NCBIGene:5782,0.0
model_26.pt,NCBIGene:27183,predicate:1,NCBIGene:4904,NCBIGene:5170,predicate:21,NCBIGene:5782,0.0
model_26.pt,NCBIGene:5578,predicate:8,NCBIGene:85377,NCBIGene:5170,predicate:21,NCBIGene:5782,0.0
model_26.pt,NCBIGene:79165,predicate:1,NCBIGene:9704,NCBIGene:5170,predicate:21,NCBIGene:5782,0.0
model_26.pt,NCBIGene:2170,predicate:9,NCBIGene:8611,NCBIGene:5170,predicate:21,NCBIGene:5782,0.0
model_26.pt,NCBIGene:91748,predicate:1,NCBIGene:59345,NCBIGene:5170,predicate:21,NCBIGene:5782,0.0
model_26.pt,PUBCHEM.COMPOUND:155512592,predicate:0,NCBIGene:142,NCBIGene:5170,predicate:21,NCBIGene:5782,0.0
model_26.pt,NCBIGene:5663,predicate:7,NCBIGene:7158,NCBIGene:5170,predicate:21,NCBIGene:5782,0.0
model_26.pt,NCBIGene:4140,predicate:21,NCBIGene:7534,NCBIGene:5170,predicate:21,NCBIGene:5782,-10.210827827453613
model_26.pt,NCBIGene:2475,predicate:1,NCBIGene:23456,NCBIGene:5170,predicate:21,NCBIGene:5782,0.0
model_26.pt,NCBIGene:3162,predicate:15,MONDO:0000831,NCBIGene:5170,predicate:21,NCBIGene:5782,0.0
model_26.pt,PUBCHEM.COMPOUND:10578760,predicate:0,NCBIGene:29580,NCBIGene:5170,predicate:21,NCBIGene:5782,0.0
model_26.pt,NCBIGene:56893,predicate:9,NCBIGene:7316,NCBIGene:5170,predicate:21,NCBIGene:5782,0.0
model_26.pt,CHEBI:93205,predicate:23,NCBIGene:8743,NCBIGene:5170,predicate:21,NCBIGene:5782,0.0
model_26.pt,NCBIGene:1147,predicate:1,NCBIGene:57162,NCBIGene:5170,predicate:21,NCBIGene:5782,0.0
model_26.pt,PUBCHEM.COMPOUND:137226420,predicate:0,NCBIGene:760,NCBIGene:5170,predicate:21,NCBIGene:5782,0.0
model_26.pt,MONDO:0010691,predicate:13,HP:0007957,NCBIGene:5170,predicate:21,NCBIGene:5782,0.0
model_26.pt,NCBIGene:51372,predicate:1,NCBIGene:6202,NCBIGene:5170,predicate:21,NCBIGene:5782,0.0
model_26.pt,NCBIGene:25865,predicate:8,NCBIGene:23212,NCBIGene:5170,predicate:21,NCBIGene:5782,0.0
model_26.pt,PUBCHEM.COMPOUND:122196132,predicate:0,NCBIGene:7941,NCBIGene:5170,predicate:21,NCBIGene:5782,0.0
model_26.pt,NCBIGene:84283,predicate:1,NCBIGene:51458,NCBIGene:5170,predicate:21,NCBIGene:5782,0.0
model_26.pt,NCBIGene:84365,predicate:1,NCBIGene:4236,NCBIGene:5170,predicate:21,NCBIGene:5782,0.0
model_26.pt,CHEBI:8499,predicate:16,MONDO:0001382,NCBIGene:5170,predicate:21,NCBIGene:5782,0.0
model_26.pt,NCBIGene:850551,predicate:3,NCBIGene:856863,NCBIGene:5170,predicate:21,NCBIGene:5782,0.0
model_26.pt,NCBIGene:181271,predicate:3,NCBIGene:190925,NCBIGene:5170,predicate:21,NCBIGene:5782,0.0
model_26.pt,NCBIGene:151056,predicate:4,PUBCHEM.COMPOUND:131761197,NCBIGene:5170,predicate:21,NCBIGene:5782,0.0
model_26.pt,CHEBI:18152,predicate:9,NCBIGene:54498,NCBIGene:5170,predicate:21,NCBIGene:5782,0.0
model_26.pt,NCBIGene:29949,predicate:15,MONDO:0005011,NCBIGene:5170,predicate:21,NCBIGene:5782,0.0
model_26.pt,NCBIGene:173731,predicate:19,CHEBI:31823,NCBIGene:5170,predicate:21,NCBIGene:5782,0.0
model_26.pt,PUBCHEM.COMPOUND:44176335,predicate:0,NCBIGene:331,NCBIGene:5170,predicate:21,NCBIGene:5782,0.0
model_26.pt,PUBCHEM.COMPOUND:49864838,predicate:10,NCBIGene:834,NCBIGene:5170,predicate:21,NCBIGene:5782,0.0
model_26.pt,NCBIGene:10221,predicate:8,NCBIGene:22908,NCBIGene:5170,predicate:21,NCBIGene:5782,0.0
model_26.pt,CHEBI:46345,predicate:7,NCBIGene:6581,NCBIGene:5170,predicate:21,NCBIGene:5782,0.0
model_26.pt,NCBIGene:375035,predicate:3,NCBIGene:80346,NCBIGene:5170,predicate:21,NCBIGene:5782,0.0
model_26.pt,MONDO:0012176,predicate:13,HP:0003028,PUBCHEM.COMPOUND:131766841,predicate:5,NCBIGene:259230,0.0
model_26.pt,CHEBI:6809,predicate:9,NCBIGene:8061,PUBCHEM.COMPOUND:131766841,predicate:5,NCBIGene:259230,0.0
model_26.pt,PUBCHEM.COMPOUND:1113514,predicate:0,NCBIGene:946552,PUBCHEM.COMPOUND:131766841,predicate:5,NCBIGene:259230,0.0
model_26.pt,PUBCHEM.COMPOUND:137636752,predicate:0,NCBIGene:3065,PUBCHEM.COMPOUND:131766841,predicate:5,NCBIGene:259230,0.0
model_26.pt,CHEBI:367163,predicate:16,MONDO:0015691,PUBCHEM.COMPOUND:131766841,predicate:5,NCBIGene:259230,0.0
model_26.pt,PUBCHEM.COMPOUND:130200977,predicate:10,NCBIGene:4988,PUBCHEM.COMPOUND:131766841,predicate:5,NCBIGene:259230,0.0
model_26.pt,NCBIGene:78987,predicate:3,NCBIGene:92255,PUBCHEM.COMPOUND:131766841,predicate:5,NCBIGene:259230,0.0
model_26.pt,NCBIGene:6352,predicate:36,NCBIGene:1234,PUBCHEM.COMPOUND:131766841,predicate:5,NCBIGene:259230,0.0
model_26.pt,CHEBI:6443,predicate:7,NCBIGene:8644,PUBCHEM.COMPOUND:131766841,predicate:5,NCBIGene:259230,0.0
model_26.pt,DRUGBANK:DB11158,predicate:12,MONDO:0005147,PUBCHEM.COMPOUND:131766841,predicate:5,NCBIGene:259230,0.0
model_26.pt,CHEBI:5000,predicate:12,MONDO:0001076,PUBCHEM.COMPOUND:131766841,predicate:5,NCBIGene:259230,0.0
model_26.pt,NCBIGene:8089,predicate:3,NCBIGene:26122,PUBCHEM.COMPOUND:131766841,predicate:5,NCBIGene:259230,0.0
model_26.pt,NCBIGene:10400,predicate:4,PUBCHEM.COMPOUND:52924335,PUBCHEM.COMPOUND:131766841,predicate:5,NCBIGene:259230,0.0
model_26.pt,NCBIGene:10618,predicate:3,NCBIGene:54887,PUBCHEM.COMPOUND:131766841,predicate:5,NCBIGene:259230,0.0
model_26.pt,NCBIGene:3308,predicate:15,MONDO:0005559,PUBCHEM.COMPOUND:131766841,predicate:5,NCBIGene:259230,0.0
model_26.pt,CHEBI:17351,predicate:7,NCBIGene:5315,PUBCHEM.COMPOUND:131766841,predicate:5,NCBIGene:259230,0.0
model_26.pt,CHEMBL.COMPOUND:CHEMBL4747062,predicate:0,NCBIGene:23028,PUBCHEM.COMPOUND:131766841,predicate:5,NCBIGene:259230,0.0
model_26.pt,CHEBI:16842,predicate:9,NCBIGene:3557,PUBCHEM.COMPOUND:131766841,predicate:5,NCBIGene:259230,0.0
model_26.pt,NCBIGene:4616,predicate:1,NCBIGene:2034,PUBCHEM.COMPOUND:131766841,predicate:5,NCBIGene:259230,0.0
model_26.pt,NCBIGene:10201,predicate:1,NCBIGene:6154,PUBCHEM.COMPOUND:131766841,predicate:5,NCBIGene:259230,0.0
model_26.pt,NCBIGene:794,predicate:6,NCBIGene:7135,PUBCHEM.COMPOUND:131766841,predicate:5,NCBIGene:259230,0.0
model_26.pt,NCBIGene:50834,predicate:1,NCBIGene:403277,PUBCHEM.COMPOUND:131766841,predicate:5,NCBIGene:259230,0.0
model_26.pt,CHEBI:3755,predicate:2,MONDO:0007263,PUBCHEM.COMPOUND:131766841,predicate:5,NCBIGene:259230,0.0
model_26.pt,PUBCHEM.COMPOUND:131762323,predicate:5,NCBIGene:5407,PUBCHEM.COMPOUND:131766841,predicate:5,NCBIGene:259230,1.5211334228515625
model_26.pt,PUBCHEM.COMPOUND:54325967,predicate:0,NCBIGene:5468,PUBCHEM.COMPOUND:131766841,predicate:5,NCBIGene:259230,0.0
model_26.pt,CHEBI:64354,predicate:0,NCBIGene:6559,PUBCHEM.COMPOUND:131766841,predicate:5,NCBIGene:259230,0.0
model_26.pt,CHEBI:44423,predicate:7,NCBIGene:3162,PUBCHEM.COMPOUND:131766841,predicate:5,NCBIGene:259230,0.0
model_26.pt,NCBIGene:113174,predicate:10,NCBIGene:100528017,PUBCHEM.COMPOUND:131766841,predicate:5,NCBIGene:259230,0.0
model_26.pt,NCBIGene:4502,predicate:1,NCBIGene:10912,PUBCHEM.COMPOUND:131766841,predicate:5,NCBIGene:259230,0.0
model_26.pt,NCBIGene:5321,predicate:4,PUBCHEM.COMPOUND:53478731,PUBCHEM.COMPOUND:131766841,predicate:5,NCBIGene:259230,0.0
model_26.pt,CHEBI:3755,predicate:7,NCBIGene:2100,PUBCHEM.COMPOUND:131766841,predicate:5,NCBIGene:259230,0.0
model_26.pt,NCBIGene:51741,predicate:13,HP:0000253,PUBCHEM.COMPOUND:131766841,predicate:5,NCBIGene:259230,0.0
model_26.pt,CHEBI:156122,predicate:5,NCBIGene:23761,PUBCHEM.COMPOUND:131766841,predicate:5,NCBIGene:259230,-11.195311546325684
model_26.pt,NCBIGene:245865,predicate:3,NCBIGene:194974,PUBCHEM.COMPOUND:131766841,predicate:5,NCBIGene:259230,0.0
model_26.pt,PUBCHEM.COMPOUND:127036977,predicate:0,NCBIGene:135,PUBCHEM.COMPOUND:131766841,predicate:5,NCBIGene:259230,0.0
model_26.pt,PUBCHEM.COMPOUND:44433263,predicate:0,NCBIGene:1576,PUBCHEM.COMPOUND:131766841,predicate:5,NCBIGene:259230,0.0
model_26.pt,CHEBI:16469,predicate:7,NCBIGene:10587,PUBCHEM.COMPOUND:131766841,predicate:5,NCBIGene:259230,0.0
model_26.pt,PUBCHEM.COMPOUND:44314087,predicate:0,NCBIGene:4313,PUBCHEM.COMPOUND:131766841,predicate:5,NCBIGene:259230,0.0
model_26.pt,PUBCHEM.COMPOUND:25093440,predicate:0,NCBIGene:1147,PUBCHEM.COMPOUND:131766841,predicate:5,NCBIGene:259230,0.0
model_26.pt,NCBIGene:20962,predicate:3,NCBIGene:219150,PUBCHEM.COMPOUND:131766841,predicate:5,NCBIGene:259230,0.0
model_26.pt,NCBIGene:23051,predicate:15,MONDO:0005068,PUBCHEM.COMPOUND:131766841,predicate:5,NCBIGene:259230,0.0
model_26.pt,NCBIGene:10565,predicate:6,NCBIGene:284369,PUBCHEM.COMPOUND:131766841,predicate:5,NCBIGene:259230,0.0
model_26.pt,PUBCHEM.COMPOUND:59268935,predicate:0,NCBIGene:1137,PUBCHEM.COMPOUND:131766841,predicate:5,NCBIGene:259230,0.0
model_26.pt,NCBIGene:5903,predicate:1,NCBIGene:402569,PUBCHEM.COMPOUND:131766841,predicate:5,NCBIGene:259230,0.0
model_26.pt,PUBCHEM.COMPOUND:57395067,predicate:0,NCBIGene:6531,PUBCHEM.COMPOUND:131766841,predicate:5,NCBIGene:259230,0.0
model_26.pt,NCBIGene:852585,predicate:3,NCBIGene:855469,PUBCHEM.COMPOUND:131766841,predicate:5,NCBIGene:259230,0.0
model_26.pt,NCBIGene:3976,predicate:9,NCBIGene:2526,PUBCHEM.COMPOUND:131766841,predicate:5,NCBIGene:259230,0.0
model_26.pt,NCBIGene:928,predicate:1,NCBIGene:29952,PUBCHEM.COMPOUND:131766841,predicate:5,NCBIGene:259230,0.0
model_26.pt,MONDO:0013171,predicate:13,MONDO:0001071,PUBCHEM.COMPOUND:131766841,predicate:5,NCBIGene:259230,0.0
model_26.pt,NCBIGene:4634,predicate:1,NCBIGene:6445,PUBCHEM.COMPOUND:131766841,predicate:5,NCBIGene:259230,0.0
model_26.pt,CHEBI:18293,predicate:12,HP:0001945,PUBCHEM.COMPOUND:131766841,predicate:5,NCBIGene:259230,0.0
model_26.pt,UNII:5M691HL4BO,predicate:16,HP:0001288,PUBCHEM.COMPOUND:131766841,predicate:5,NCBIGene:259230,0.0
model_26.pt,MONDO:0011122,predicate:10,NCBIGene:2673,PUBCHEM.COMPOUND:131766841,predicate:5,NCBIGene:259230,0.0
model_26.pt,CHEBI:185383,predicate:5,NCBIGene:9514,PUBCHEM.COMPOUND:131766841,predicate:5,NCBIGene:259230,-0.1877765655517578
model_26.pt,NCBIGene:4763,predicate:13,HP:0002857,PUBCHEM.COMPOUND:131766841,predicate:5,NCBIGene:259230,0.0
model_26.pt,CHEBI:6121,predicate:7,NCBIGene:2335,PUBCHEM.COMPOUND:131766841,predicate:5,NCBIGene:259230,0.0
model_26.pt,NCBIGene:4204,predicate:13,HP:0010864,PUBCHEM.COMPOUND:131766841,predicate:5,NCBIGene:259230,0.0
model_26.pt,PUBCHEM.COMPOUND:5702107,predicate:23,NCBIGene:760,PUBCHEM.COMPOUND:131766841,predicate:5,NCBIGene:259230,0.0
model_26.pt,NCBIGene:22976,predicate:9,NCBIGene:9519,PUBCHEM.COMPOUND:131766841,predicate:5,NCBIGene:259230,0.0
model_26.pt,PUBCHEM.COMPOUND:9834864,predicate:14,NCBIGene:1137,PUBCHEM.COMPOUND:131766841,predicate:5,NCBIGene:259230,0.0
model_26.pt,PUBCHEM.COMPOUND:44431492,predicate:10,NCBIGene:1815,PUBCHEM.COMPOUND:131766841,predicate:5,NCBIGene:259230,0.0
model_26.pt,CHEBI:191001,predicate:18,NCBIGene:6422,PUBCHEM.COMPOUND:131766841,predicate:5,NCBIGene:259230,0.0
model_26.pt,PUBCHEM.COMPOUND:25015107,predicate:0,NCBIGene:2260,PUBCHEM.COMPOUND:131766841,predicate:5,NCBIGene:259230,0.0
model_26.pt,PUBCHEM.COMPOUND:131757266,predicate:5,NCBIGene:80168,PUBCHEM.COMPOUND:131766841,predicate:5,NCBIGene:259230,-31.390535354614258
model_26.pt,NCBIGene:23205,predicate:1,NCBIGene:11283,PUBCHEM.COMPOUND:131766841,predicate:5,NCBIGene:259230,0.0
model_26.pt,NCBIGene:23054,predicate:1,NCBIGene:54617,PUBCHEM.COMPOUND:131766841,predicate:5,NCBIGene:259230,0.0
model_26.pt,NCBIGene:10008,predicate:3,NCBIGene:4751,PUBCHEM.COMPOUND:131766841,predicate:5,NCBIGene:259230,0.0
model_26.pt,NCBIGene:27183,predicate:1,NCBIGene:4904,PUBCHEM.COMPOUND:131766841,predicate:5,NCBIGene:259230,0.0
model_26.pt,NCBIGene:5578,predicate:8,NCBIGene:85377,PUBCHEM.COMPOUND:131766841,predicate:5,NCBIGene:259230,0.0
model_26.pt,NCBIGene:79165,predicate:1,NCBIGene:9704,PUBCHEM.COMPOUND:131766841,predicate:5,NCBIGene:259230,0.0
model_26.pt,NCBIGene:2170,predicate:9,NCBIGene:8611,PUBCHEM.COMPOUND:131766841,predicate:5,NCBIGene:259230,0.0
model_26.pt,NCBIGene:91748,predicate:1,NCBIGene:59345,PUBCHEM.COMPOUND:131766841,predicate:5,NCBIGene:259230,0.0
model_26.pt,PUBCHEM.COMPOUND:155512592,predicate:0,NCBIGene:142,PUBCHEM.COMPOUND:131766841,predicate:5,NCBIGene:259230,0.0
model_26.pt,NCBIGene:5663,predicate:7,NCBIGene:7158,PUBCHEM.COMPOUND:131766841,predicate:5,NCBIGene:259230,0.0
model_26.pt,NCBIGene:4140,predicate:21,NCBIGene:7534,PUBCHEM.COMPOUND:131766841,predicate:5,NCBIGene:259230,0.0
model_26.pt,NCBIGene:2475,predicate:1,NCBIGene:23456,PUBCHEM.COMPOUND:131766841,predicate:5,NCBIGene:259230,0.0
model_26.pt,NCBIGene:3162,predicate:15,MONDO:0000831,PUBCHEM.COMPOUND:131766841,predicate:5,NCBIGene:259230,0.0
model_26.pt,PUBCHEM.COMPOUND:10578760,predicate:0,NCBIGene:29580,PUBCHEM.COMPOUND:131766841,predicate:5,NCBIGene:259230,0.0
model_26.pt,NCBIGene:56893,predicate:9,NCBIGene:7316,PUBCHEM.COMPOUND:131766841,predicate:5,NCBIGene:259230,0.0
model_26.pt,CHEBI:93205,predicate:23,NCBIGene:8743,PUBCHEM.COMPOUND:131766841,predicate:5,NCBIGene:259230,0.0
model_26.pt,NCBIGene:1147,predicate:1,NCBIGene:57162,PUBCHEM.COMPOUND:131766841,predicate:5,NCBIGene:259230,0.0
model_26.pt,PUBCHEM.COMPOUND:137226420,predicate:0,NCBIGene:760,PUBCHEM.COMPOUND:131766841,predicate:5,NCBIGene:259230,0.0
model_26.pt,MONDO:0010691,predicate:13,HP:0007957,PUBCHEM.COMPOUND:131766841,predicate:5,NCBIGene:259230,0.0
model_26.pt,NCBIGene:51372,predicate:1,NCBIGene:6202,PUBCHEM.COMPOUND:131766841,predicate:5,NCBIGene:259230,0.0
model_26.pt,NCBIGene:25865,predicate:8,NCBIGene:23212,PUBCHEM.COMPOUND:131766841,predicate:5,NCBIGene:259230,0.0
model_26.pt,PUBCHEM.COMPOUND:122196132,predicate:0,NCBIGene:7941,PUBCHEM.COMPOUND:131766841,predicate:5,NCBIGene:259230,0.0
model_26.pt,NCBIGene:84283,predicate:1,NCBIGene:51458,PUBCHEM.COMPOUND:131766841,predicate:5,NCBIGene:259230,0.0
model_26.pt,NCBIGene:84365,predicate:1,NCBIGene:4236,PUBCHEM.COMPOUND:131766841,predicate:5,NCBIGene:259230,0.0
model_26.pt,CHEBI:8499,predicate:16,MONDO:0001382,PUBCHEM.COMPOUND:131766841,predicate:5,NCBIGene:259230,0.0
model_26.pt,NCBIGene:850551,predicate:3,NCBIGene:856863,PUBCHEM.COMPOUND:131766841,predicate:5,NCBIGene:259230,0.0
model_26.pt,NCBIGene:181271,predicate:3,NCBIGene:190925,PUBCHEM.COMPOUND:131766841,predicate:5,NCBIGene:259230,0.0
model_26.pt,NCBIGene:151056,predicate:4,PUBCHEM.COMPOUND:131761197,PUBCHEM.COMPOUND:131766841,predicate:5,NCBIGene:259230,0.0
model_26.pt,CHEBI:18152,predicate:9,NCBIGene:54498,PUBCHEM.COMPOUND:131766841,predicate:5,NCBIGene:259230,0.0
model_26.pt,NCBIGene:29949,predicate:15,MONDO:0005011,PUBCHEM.COMPOUND:131766841,predicate:5,NCBIGene:259230,0.0
model_26.pt,NCBIGene:173731,predicate:19,CHEBI:31823,PUBCHEM.COMPOUND:131766841,predicate:5,NCBIGene:259230,0.0
model_26.pt,PUBCHEM.COMPOUND:44176335,predicate:0,NCBIGene:331,PUBCHEM.COMPOUND:131766841,predicate:5,NCBIGene:259230,0.0
model_26.pt,PUBCHEM.COMPOUND:49864838,predicate:10,NCBIGene:834,PUBCHEM.COMPOUND:131766841,predicate:5,NCBIGene:259230,0.0
model_26.pt,NCBIGene:10221,predicate:8,NCBIGene:22908,PUBCHEM.COMPOUND:131766841,predicate:5,NCBIGene:259230,0.0
model_26.pt,CHEBI:46345,predicate:7,NCBIGene:6581,PUBCHEM.COMPOUND:131766841,predicate:5,NCBIGene:259230,0.0
model_26.pt,NCBIGene:375035,predicate:3,NCBIGene:80346,PUBCHEM.COMPOUND:131766841,predicate:5,NCBIGene:259230,0.0
model_26.pt,MONDO:0012176,predicate:13,HP:0003028,NCBIGene:1643,predicate:13,MONDO:0006610,34.413761138916016
model_26.pt,CHEBI:6809,predicate:9,NCBIGene:8061,NCBIGene:1643,predicate:13,MONDO:0006610,0.0
model_26.pt,PUBCHEM.COMPOUND:1113514,predicate:0,NCBIGene:946552,NCBIGene:1643,predicate:13,MONDO:0006610,0.0
model_26.pt,PUBCHEM.COMPOUND:137636752,predicate:0,NCBIGene:3065,NCBIGene:1643,predicate:13,MONDO:0006610,0.0
model_26.pt,CHEBI:367163,predicate:16,MONDO:0015691,NCBIGene:1643,predicate:13,MONDO:0006610,0.0
model_26.pt,PUBCHEM.COMPOUND:130200977,predicate:10,NCBIGene:4988,NCBIGene:1643,predicate:13,MONDO:0006610,0.0
model_26.pt,NCBIGene:78987,predicate:3,NCBIGene:92255,NCBIGene:1643,predicate:13,MONDO:0006610,0.0
model_26.pt,NCBIGene:6352,predicate:36,NCBIGene:1234,NCBIGene:1643,predicate:13,MONDO:0006610,0.0
model_26.pt,CHEBI:6443,predicate:7,NCBIGene:8644,NCBIGene:1643,predicate:13,MONDO:0006610,0.0
model_26.pt,DRUGBANK:DB11158,predicate:12,MONDO:0005147,NCBIGene:1643,predicate:13,MONDO:0006610,0.0
model_26.pt,CHEBI:5000,predicate:12,MONDO:0001076,NCBIGene:1643,predicate:13,MONDO:0006610,0.0
model_26.pt,NCBIGene:8089,predicate:3,NCBIGene:26122,NCBIGene:1643,predicate:13,MONDO:0006610,0.0
model_26.pt,NCBIGene:10400,predicate:4,PUBCHEM.COMPOUND:52924335,NCBIGene:1643,predicate:13,MONDO:0006610,0.0
model_26.pt,NCBIGene:10618,predicate:3,NCBIGene:54887,NCBIGene:1643,predicate:13,MONDO:0006610,0.0
model_26.pt,NCBIGene:3308,predicate:15,MONDO:0005559,NCBIGene:1643,predicate:13,MONDO:0006610,0.0
model_26.pt,CHEBI:17351,predicate:7,NCBIGene:5315,NCBIGene:1643,predicate:13,MONDO:0006610,0.0
model_26.pt,CHEMBL.COMPOUND:CHEMBL4747062,predicate:0,NCBIGene:23028,NCBIGene:1643,predicate:13,MONDO:0006610,0.0
model_26.pt,CHEBI:16842,predicate:9,NCBIGene:3557,NCBIGene:1643,predicate:13,MONDO:0006610,0.0
model_26.pt,NCBIGene:4616,predicate:1,NCBIGene:2034,NCBIGene:1643,predicate:13,MONDO:0006610,0.0
model_26.pt,NCBIGene:10201,predicate:1,NCBIGene:6154,NCBIGene:1643,predicate:13,MONDO:0006610,0.0
model_26.pt,NCBIGene:794,predicate:6,NCBIGene:7135,NCBIGene:1643,predicate:13,MONDO:0006610,0.0
model_26.pt,NCBIGene:50834,predicate:1,NCBIGene:403277,NCBIGene:1643,predicate:13,MONDO:0006610,0.0
model_26.pt,CHEBI:3755,predicate:2,MONDO:0007263,NCBIGene:1643,predicate:13,MONDO:0006610,0.0
model_26.pt,PUBCHEM.COMPOUND:131762323,predicate:5,NCBIGene:5407,NCBIGene:1643,predicate:13,MONDO:0006610,0.0
model_26.pt,PUBCHEM.COMPOUND:54325967,predicate:0,NCBIGene:5468,NCBIGene:1643,predicate:13,MONDO:0006610,0.0
model_26.pt,CHEBI:64354,predicate:0,NCBIGene:6559,NCBIGene:1643,predicate:13,MONDO:0006610,0.0
model_26.pt,CHEBI:44423,predicate:7,NCBIGene:3162,NCBIGene:1643,predicate:13,MONDO:0006610,0.0
model_26.pt,NCBIGene:113174,predicate:10,NCBIGene:100528017,NCBIGene:1643,predicate:13,MONDO:0006610,0.0
model_26.pt,NCBIGene:4502,predicate:1,NCBIGene:10912,NCBIGene:1643,predicate:13,MONDO:0006610,0.0
model_26.pt,NCBIGene:5321,predicate:4,PUBCHEM.COMPOUND:53478731,NCBIGene:1643,predicate:13,MONDO:0006610,0.0
model_26.pt,CHEBI:3755,predicate:7,NCBIGene:2100,NCBIGene:1643,predicate:13,MONDO:0006610,0.0
model_26.pt,NCBIGene:51741,predicate:13,HP:0000253,NCBIGene:1643,predicate:13,MONDO:0006610,40.82236099243164
model_26.pt,CHEBI:156122,predicate:5,NCBIGene:23761,NCBIGene:1643,predicate:13,MONDO:0006610,0.0
model_26.pt,NCBIGene:245865,predicate:3,NCBIGene:194974,NCBIGene:1643,predicate:13,MONDO:0006610,0.0
model_26.pt,PUBCHEM.COMPOUND:127036977,predicate:0,NCBIGene:135,NCBIGene:1643,predicate:13,MONDO:0006610,0.0
model_26.pt,PUBCHEM.COMPOUND:44433263,predicate:0,NCBIGene:1576,NCBIGene:1643,predicate:13,MONDO:0006610,0.0
model_26.pt,CHEBI:16469,predicate:7,NCBIGene:10587,NCBIGene:1643,predicate:13,MONDO:0006610,0.0
model_26.pt,PUBCHEM.COMPOUND:44314087,predicate:0,NCBIGene:4313,NCBIGene:1643,predicate:13,MONDO:0006610,0.0
model_26.pt,PUBCHEM.COMPOUND:25093440,predicate:0,NCBIGene:1147,NCBIGene:1643,predicate:13,MONDO:0006610,0.0
model_26.pt,NCBIGene:20962,predicate:3,NCBIGene:219150,NCBIGene:1643,predicate:13,MONDO:0006610,0.0
model_26.pt,NCBIGene:23051,predicate:15,MONDO:0005068,NCBIGene:1643,predicate:13,MONDO:0006610,0.0
model_26.pt,NCBIGene:10565,predicate:6,NCBIGene:284369,NCBIGene:1643,predicate:13,MONDO:0006610,0.0
model_26.pt,PUBCHEM.COMPOUND:59268935,predicate:0,NCBIGene:1137,NCBIGene:1643,predicate:13,MONDO:0006610,0.0
model_26.pt,NCBIGene:5903,predicate:1,NCBIGene:402569,NCBIGene:1643,predicate:13,MONDO:0006610,0.0
model_26.pt,PUBCHEM.COMPOUND:57395067,predicate:0,NCBIGene:6531,NCBIGene:1643,predicate:13,MONDO:0006610,0.0
model_26.pt,NCBIGene:852585,predicate:3,NCBIGene:855469,NCBIGene:1643,predicate:13,MONDO:0006610,0.0
model_26.pt,NCBIGene:3976,predicate:9,NCBIGene:2526,NCBIGene:1643,predicate:13,MONDO:0006610,0.0
model_26.pt,NCBIGene:928,predicate:1,NCBIGene:29952,NCBIGene:1643,predicate:13,MONDO:0006610,0.0
model_26.pt,MONDO:0013171,predicate:13,MONDO:0001071,NCBIGene:1643,predicate:13,MONDO:0006610,26.499462127685547
model_26.pt,NCBIGene:4634,predicate:1,NCBIGene:6445,NCBIGene:1643,predicate:13,MONDO:0006610,0.0
model_26.pt,CHEBI:18293,predicate:12,HP:0001945,NCBIGene:1643,predicate:13,MONDO:0006610,0.0
model_26.pt,UNII:5M691HL4BO,predicate:16,HP:0001288,NCBIGene:1643,predicate:13,MONDO:0006610,0.0
model_26.pt,MONDO:0011122,predicate:10,NCBIGene:2673,NCBIGene:1643,predicate:13,MONDO:0006610,0.0
model_26.pt,CHEBI:185383,predicate:5,NCBIGene:9514,NCBIGene:1643,predicate:13,MONDO:0006610,0.0
model_26.pt,NCBIGene:4763,predicate:13,HP:0002857,NCBIGene:1643,predicate:13,MONDO:0006610,20.693572998046875
model_26.pt,CHEBI:6121,predicate:7,NCBIGene:2335,NCBIGene:1643,predicate:13,MONDO:0006610,0.0
model_26.pt,NCBIGene:4204,predicate:13,HP:0010864,NCBIGene:1643,predicate:13,MONDO:0006610,-11.772345542907715
model_26.pt,PUBCHEM.COMPOUND:5702107,predicate:23,NCBIGene:760,NCBIGene:1643,predicate:13,MONDO:0006610,0.0
model_26.pt,NCBIGene:22976,predicate:9,NCBIGene:9519,NCBIGene:1643,predicate:13,MONDO:0006610,0.0
model_26.pt,PUBCHEM.COMPOUND:9834864,predicate:14,NCBIGene:1137,NCBIGene:1643,predicate:13,MONDO:0006610,0.0
model_26.pt,PUBCHEM.COMPOUND:44431492,predicate:10,NCBIGene:1815,NCBIGene:1643,predicate:13,MONDO:0006610,0.0
model_26.pt,CHEBI:191001,predicate:18,NCBIGene:6422,NCBIGene:1643,predicate:13,MONDO:0006610,0.0
model_26.pt,PUBCHEM.COMPOUND:25015107,predicate:0,NCBIGene:2260,NCBIGene:1643,predicate:13,MONDO:0006610,0.0
model_26.pt,PUBCHEM.COMPOUND:131757266,predicate:5,NCBIGene:80168,NCBIGene:1643,predicate:13,MONDO:0006610,0.0
model_26.pt,NCBIGene:23205,predicate:1,NCBIGene:11283,NCBIGene:1643,predicate:13,MONDO:0006610,0.0
model_26.pt,NCBIGene:23054,predicate:1,NCBIGene:54617,NCBIGene:1643,predicate:13,MONDO:0006610,0.0
model_26.pt,NCBIGene:10008,predicate:3,NCBIGene:4751,NCBIGene:1643,predicate:13,MONDO:0006610,0.0
model_26.pt,NCBIGene:27183,predicate:1,NCBIGene:4904,NCBIGene:1643,predicate:13,MONDO:0006610,0.0
model_26.pt,NCBIGene:5578,predicate:8,NCBIGene:85377,NCBIGene:1643,predicate:13,MONDO:0006610,0.0
model_26.pt,NCBIGene:79165,predicate:1,NCBIGene:9704,NCBIGene:1643,predicate:13,MONDO:0006610,0.0
model_26.pt,NCBIGene:2170,predicate:9,NCBIGene:8611,NCBIGene:1643,predicate:13,MONDO:0006610,0.0
model_26.pt,NCBIGene:91748,predicate:1,NCBIGene:59345,NCBIGene:1643,predicate:13,MONDO:0006610,0.0
model_26.pt,PUBCHEM.COMPOUND:155512592,predicate:0,NCBIGene:142,NCBIGene:1643,predicate:13,MONDO:0006610,0.0
model_26.pt,NCBIGene:5663,predicate:7,NCBIGene:7158,NCBIGene:1643,predicate:13,MONDO:0006610,0.0
model_26.pt,NCBIGene:4140,predicate:21,NCBIGene:7534,NCBIGene:1643,predicate:13,MONDO:0006610,0.0
model_26.pt,NCBIGene:2475,predicate:1,NCBIGene:23456,NCBIGene:1643,predicate:13,MONDO:0006610,0.0
model_26.pt,NCBIGene:3162,predicate:15,MONDO:0000831,NCBIGene:1643,predicate:13,MONDO:0006610,0.0
model_26.pt,PUBCHEM.COMPOUND:10578760,predicate:0,NCBIGene:29580,NCBIGene:1643,predicate:13,MONDO:0006610,0.0
model_26.pt,NCBIGene:56893,predicate:9,NCBIGene:7316,NCBIGene:1643,predicate:13,MONDO:0006610,0.0
model_26.pt,CHEBI:93205,predicate:23,NCBIGene:8743,NCBIGene:1643,predicate:13,MONDO:0006610,0.0
model_26.pt,NCBIGene:1147,predicate:1,NCBIGene:57162,NCBIGene:1643,predicate:13,MONDO:0006610,0.0
model_26.pt,PUBCHEM.COMPOUND:137226420,predicate:0,NCBIGene:760,NCBIGene:1643,predicate:13,MONDO:0006610,0.0
model_26.pt,MONDO:0010691,predicate:13,HP:0007957,NCBIGene:1643,predicate:13,MONDO:0006610,-45.31773376464844
model_26.pt,NCBIGene:51372,predicate:1,NCBIGene:6202,NCBIGene:1643,predicate:13,MONDO:0006610,0.0
model_26.pt,NCBIGene:25865,predicate:8,NCBIGene:23212,NCBIGene:1643,predicate:13,MONDO:0006610,0.0
model_26.pt,PUBCHEM.COMPOUND:122196132,predicate:0,NCBIGene:7941,NCBIGene:1643,predicate:13,MONDO:0006610,0.0
model_26.pt,NCBIGene:84283,predicate:1,NCBIGene:51458,NCBIGene:1643,predicate:13,MONDO:0006610,0.0
model_26.pt,NCBIGene:84365,predicate:1,NCBIGene:4236,NCBIGene:1643,predicate:13,MONDO:0006610,0.0
model_26.pt,CHEBI:8499,predicate:16,MONDO:0001382,NCBIGene:1643,predicate:13,MONDO:0006610,0.0
model_26.pt,NCBIGene:850551,predicate:3,NCBIGene:856863,NCBIGene:1643,predicate:13,MONDO:0006610,0.0
model_26.pt,NCBIGene:181271,predicate:3,NCBIGene:190925,NCBIGene:1643,predicate:13,MONDO:0006610,0.0
model_26.pt,NCBIGene:151056,predicate:4,PUBCHEM.COMPOUND:131761197,NCBIGene:1643,predicate:13,MONDO:0006610,0.0
model_26.pt,CHEBI:18152,predicate:9,NCBIGene:54498,NCBIGene:1643,predicate:13,MONDO:0006610,0.0
model_26.pt,NCBIGene:29949,predicate:15,MONDO:0005011,NCBIGene:1643,predicate:13,MONDO:0006610,0.0
model_26.pt,NCBIGene:173731,predicate:19,CHEBI:31823,NCBIGene:1643,predicate:13,MONDO:0006610,0.0
model_26.pt,PUBCHEM.COMPOUND:44176335,predicate:0,NCBIGene:331,NCBIGene:1643,predicate:13,MONDO:0006610,0.0
model_26.pt,PUBCHEM.COMPOUND:49864838,predicate:10,NCBIGene:834,NCBIGene:1643,predicate:13,MONDO:0006610,0.0
model_26.pt,NCBIGene:10221,predicate:8,NCBIGene:22908,NCBIGene:1643,predicate:13,MONDO:0006610,0.0
model_26.pt,CHEBI:46345,predicate:7,NCBIGene:6581,NCBIGene:1643,predicate:13,MONDO:0006610,0.0
model_26.pt,NCBIGene:375035,predicate:3,NCBIGene:80346,NCBIGene:1643,predicate:13,MONDO:0006610,0.0
model_10.pt,MONDO:0012176,predicate:13,HP:0003028,PUBCHEM.COMPOUND:71059938,predicate:10,NCBIGene:2642,0.0
model_10.pt,CHEBI:6809,predicate:9,NCBIGene:8061,PUBCHEM.COMPOUND:71059938,predicate:10,NCBIGene:2642,0.0
model_10.pt,PUBCHEM.COMPOUND:1113514,predicate:0,NCBIGene:946552,PUBCHEM.COMPOUND:71059938,predicate:10,NCBIGene:2642,0.0
model_10.pt,PUBCHEM.COMPOUND:137636752,predicate:0,NCBIGene:3065,PUBCHEM.COMPOUND:71059938,predicate:10,NCBIGene:2642,0.0
model_10.pt,CHEBI:367163,predicate:16,MONDO:0015691,PUBCHEM.COMPOUND:71059938,predicate:10,NCBIGene:2642,0.0
model_10.pt,PUBCHEM.COMPOUND:130200977,predicate:10,NCBIGene:4988,PUBCHEM.COMPOUND:71059938,predicate:10,NCBIGene:2642,47.412841796875
model_10.pt,NCBIGene:78987,predicate:3,NCBIGene:92255,PUBCHEM.COMPOUND:71059938,predicate:10,NCBIGene:2642,0.0
model_10.pt,NCBIGene:6352,predicate:36,NCBIGene:1234,PUBCHEM.COMPOUND:71059938,predicate:10,NCBIGene:2642,0.0
model_10.pt,CHEBI:6443,predicate:7,NCBIGene:8644,PUBCHEM.COMPOUND:71059938,predicate:10,NCBIGene:2642,0.0
model_10.pt,DRUGBANK:DB11158,predicate:12,MONDO:0005147,PUBCHEM.COMPOUND:71059938,predicate:10,NCBIGene:2642,0.0
model_10.pt,CHEBI:5000,predicate:12,MONDO:0001076,PUBCHEM.COMPOUND:71059938,predicate:10,NCBIGene:2642,0.0
model_10.pt,NCBIGene:8089,predicate:3,NCBIGene:26122,PUBCHEM.COMPOUND:71059938,predicate:10,NCBIGene:2642,0.0
model_10.pt,NCBIGene:10400,predicate:4,PUBCHEM.COMPOUND:52924335,PUBCHEM.COMPOUND:71059938,predicate:10,NCBIGene:2642,0.0
model_10.pt,NCBIGene:10618,predicate:3,NCBIGene:54887,PUBCHEM.COMPOUND:71059938,predicate:10,NCBIGene:2642,0.0
model_10.pt,NCBIGene:3308,predicate:15,MONDO:0005559,PUBCHEM.COMPOUND:71059938,predicate:10,NCBIGene:2642,0.0
model_10.pt,CHEBI:17351,predicate:7,NCBIGene:5315,PUBCHEM.COMPOUND:71059938,predicate:10,NCBIGene:2642,0.0
model_10.pt,CHEMBL.COMPOUND:CHEMBL4747062,predicate:0,NCBIGene:23028,PUBCHEM.COMPOUND:71059938,predicate:10,NCBIGene:2642,0.0
model_10.pt,CHEBI:16842,predicate:9,NCBIGene:3557,PUBCHEM.COMPOUND:71059938,predicate:10,NCBIGene:2642,0.0
model_10.pt,NCBIGene:4616,predicate:1,NCBIGene:2034,PUBCHEM.COMPOUND:71059938,predicate:10,NCBIGene:2642,0.0
model_10.pt,NCBIGene:10201,predicate:1,NCBIGene:6154,PUBCHEM.COMPOUND:71059938,predicate:10,NCBIGene:2642,0.0
model_10.pt,NCBIGene:794,predicate:6,NCBIGene:7135,PUBCHEM.COMPOUND:71059938,predicate:10,NCBIGene:2642,0.0
model_10.pt,NCBIGene:50834,predicate:1,NCBIGene:403277,PUBCHEM.COMPOUND:71059938,predicate:10,NCBIGene:2642,0.0
model_10.pt,CHEBI:3755,predicate:2,MONDO:0007263,PUBCHEM.COMPOUND:71059938,predicate:10,NCBIGene:2642,0.0
model_10.pt,PUBCHEM.COMPOUND:131762323,predicate:5,NCBIGene:5407,PUBCHEM.COMPOUND:71059938,predicate:10,NCBIGene:2642,0.0
model_10.pt,PUBCHEM.COMPOUND:54325967,predicate:0,NCBIGene:5468,PUBCHEM.COMPOUND:71059938,predicate:10,NCBIGene:2642,0.0
model_10.pt,CHEBI:64354,predicate:0,NCBIGene:6559,PUBCHEM.COMPOUND:71059938,predicate:10,NCBIGene:2642,0.0
model_10.pt,CHEBI:44423,predicate:7,NCBIGene:3162,PUBCHEM.COMPOUND:71059938,predicate:10,NCBIGene:2642,0.0
model_10.pt,NCBIGene:113174,predicate:10,NCBIGene:100528017,PUBCHEM.COMPOUND:71059938,predicate:10,NCBIGene:2642,22.939300537109375
model_10.pt,NCBIGene:4502,predicate:1,NCBIGene:10912,PUBCHEM.COMPOUND:71059938,predicate:10,NCBIGene:2642,0.0
model_10.pt,NCBIGene:5321,predicate:4,PUBCHEM.COMPOUND:53478731,PUBCHEM.COMPOUND:71059938,predicate:10,NCBIGene:2642,0.0
model_10.pt,CHEBI:3755,predicate:7,NCBIGene:2100,PUBCHEM.COMPOUND:71059938,predicate:10,NCBIGene:2642,0.0
model_10.pt,NCBIGene:51741,predicate:13,HP:0000253,PUBCHEM.COMPOUND:71059938,predicate:10,NCBIGene:2642,0.0
model_10.pt,CHEBI:156122,predicate:5,NCBIGene:23761,PUBCHEM.COMPOUND:71059938,predicate:10,NCBIGene:2642,0.0
model_10.pt,NCBIGene:245865,predicate:3,NCBIGene:194974,PUBCHEM.COMPOUND:71059938,predicate:10,NCBIGene:2642,0.0
model_10.pt,PUBCHEM.COMPOUND:127036977,predicate:0,NCBIGene:135,PUBCHEM.COMPOUND:71059938,predicate:10,NCBIGene:2642,0.0
model_10.pt,PUBCHEM.COMPOUND:44433263,predicate:0,NCBIGene:1576,PUBCHEM.COMPOUND:71059938,predicate:10,NCBIGene:2642,0.0
model_10.pt,CHEBI:16469,predicate:7,NCBIGene:10587,PUBCHEM.COMPOUND:71059938,predicate:10,NCBIGene:2642,0.0
model_10.pt,PUBCHEM.COMPOUND:44314087,predicate:0,NCBIGene:4313,PUBCHEM.COMPOUND:71059938,predicate:10,NCBIGene:2642,0.0
model_10.pt,PUBCHEM.COMPOUND:25093440,predicate:0,NCBIGene:1147,PUBCHEM.COMPOUND:71059938,predicate:10,NCBIGene:2642,0.0
model_10.pt,NCBIGene:20962,predicate:3,NCBIGene:219150,PUBCHEM.COMPOUND:71059938,predicate:10,NCBIGene:2642,0.0
model_10.pt,NCBIGene:23051,predicate:15,MONDO:0005068,PUBCHEM.COMPOUND:71059938,predicate:10,NCBIGene:2642,0.0
model_10.pt,NCBIGene:10565,predicate:6,NCBIGene:284369,PUBCHEM.COMPOUND:71059938,predicate:10,NCBIGene:2642,0.0
model_10.pt,PUBCHEM.COMPOUND:59268935,predicate:0,NCBIGene:1137,PUBCHEM.COMPOUND:71059938,predicate:10,NCBIGene:2642,0.0
model_10.pt,NCBIGene:5903,predicate:1,NCBIGene:402569,PUBCHEM.COMPOUND:71059938,predicate:10,NCBIGene:2642,0.0
model_10.pt,PUBCHEM.COMPOUND:57395067,predicate:0,NCBIGene:6531,PUBCHEM.COMPOUND:71059938,predicate:10,NCBIGene:2642,0.0
model_10.pt,NCBIGene:852585,predicate:3,NCBIGene:855469,PUBCHEM.COMPOUND:71059938,predicate:10,NCBIGene:2642,0.0
model_10.pt,NCBIGene:3976,predicate:9,NCBIGene:2526,PUBCHEM.COMPOUND:71059938,predicate:10,NCBIGene:2642,0.0
model_10.pt,NCBIGene:928,predicate:1,NCBIGene:29952,PUBCHEM.COMPOUND:71059938,predicate:10,NCBIGene:2642,0.0
model_10.pt,MONDO:0013171,predicate:13,MONDO:0001071,PUBCHEM.COMPOUND:71059938,predicate:10,NCBIGene:2642,0.0
model_10.pt,NCBIGene:4634,predicate:1,NCBIGene:6445,PUBCHEM.COMPOUND:71059938,predicate:10,NCBIGene:2642,0.0
model_10.pt,CHEBI:18293,predicate:12,HP:0001945,PUBCHEM.COMPOUND:71059938,predicate:10,NCBIGene:2642,0.0
model_10.pt,UNII:5M691HL4BO,predicate:16,HP:0001288,PUBCHEM.COMPOUND:71059938,predicate:10,NCBIGene:2642,0.0
model_10.pt,MONDO:0011122,predicate:10,NCBIGene:2673,PUBCHEM.COMPOUND:71059938,predicate:10,NCBIGene:2642,-43.92407989501953
model_10.pt,CHEBI:185383,predicate:5,NCBIGene:9514,PUBCHEM.COMPOUND:71059938,predicate:10,NCBIGene:2642,0.0
model_10.pt,NCBIGene:4763,predicate:13,HP:0002857,PUBCHEM.COMPOUND:71059938,predicate:10,NCBIGene:2642,0.0
model_10.pt,CHEBI:6121,predicate:7,NCBIGene:2335,PUBCHEM.COMPOUND:71059938,predicate:10,NCBIGene:2642,0.0
model_10.pt,NCBIGene:4204,predicate:13,HP:0010864,PUBCHEM.COMPOUND:71059938,predicate:10,NCBIGene:2642,0.0
model_10.pt,PUBCHEM.COMPOUND:5702107,predicate:23,NCBIGene:760,PUBCHEM.COMPOUND:71059938,predicate:10,NCBIGene:2642,0.0
model_10.pt,NCBIGene:22976,predicate:9,NCBIGene:9519,PUBCHEM.COMPOUND:71059938,predicate:10,NCBIGene:2642,0.0
model_10.pt,PUBCHEM.COMPOUND:9834864,predicate:14,NCBIGene:1137,PUBCHEM.COMPOUND:71059938,predicate:10,NCBIGene:2642,0.0
model_10.pt,PUBCHEM.COMPOUND:44431492,predicate:10,NCBIGene:1815,PUBCHEM.COMPOUND:71059938,predicate:10,NCBIGene:2642,27.84502410888672
model_10.pt,CHEBI:191001,predicate:18,NCBIGene:6422,PUBCHEM.COMPOUND:71059938,predicate:10,NCBIGene:2642,0.0
model_10.pt,PUBCHEM.COMPOUND:25015107,predicate:0,NCBIGene:2260,PUBCHEM.COMPOUND:71059938,predicate:10,NCBIGene:2642,0.0
model_10.pt,PUBCHEM.COMPOUND:131757266,predicate:5,NCBIGene:80168,PUBCHEM.COMPOUND:71059938,predicate:10,NCBIGene:2642,0.0
model_10.pt,NCBIGene:23205,predicate:1,NCBIGene:11283,PUBCHEM.COMPOUND:71059938,predicate:10,NCBIGene:2642,0.0
model_10.pt,NCBIGene:23054,predicate:1,NCBIGene:54617,PUBCHEM.COMPOUND:71059938,predicate:10,NCBIGene:2642,0.0
model_10.pt,NCBIGene:10008,predicate:3,NCBIGene:4751,PUBCHEM.COMPOUND:71059938,predicate:10,NCBIGene:2642,0.0
model_10.pt,NCBIGene:27183,predicate:1,NCBIGene:4904,PUBCHEM.COMPOUND:71059938,predicate:10,NCBIGene:2642,0.0
model_10.pt,NCBIGene:5578,predicate:8,NCBIGene:85377,PUBCHEM.COMPOUND:71059938,predicate:10,NCBIGene:2642,0.0
model_10.pt,NCBIGene:79165,predicate:1,NCBIGene:9704,PUBCHEM.COMPOUND:71059938,predicate:10,NCBIGene:2642,0.0
model_10.pt,NCBIGene:2170,predicate:9,NCBIGene:8611,PUBCHEM.COMPOUND:71059938,predicate:10,NCBIGene:2642,0.0
model_10.pt,NCBIGene:91748,predicate:1,NCBIGene:59345,PUBCHEM.COMPOUND:71059938,predicate:10,NCBIGene:2642,0.0
model_10.pt,PUBCHEM.COMPOUND:155512592,predicate:0,NCBIGene:142,PUBCHEM.COMPOUND:71059938,predicate:10,NCBIGene:2642,0.0
model_10.pt,NCBIGene:5663,predicate:7,NCBIGene:7158,PUBCHEM.COMPOUND:71059938,predicate:10,NCBIGene:2642,0.0
model_10.pt,NCBIGene:4140,predicate:21,NCBIGene:7534,PUBCHEM.COMPOUND:71059938,predicate:10,NCBIGene:2642,0.0
model_10.pt,NCBIGene:2475,predicate:1,NCBIGene:23456,PUBCHEM.COMPOUND:71059938,predicate:10,NCBIGene:2642,0.0
model_10.pt,NCBIGene:3162,predicate:15,MONDO:0000831,PUBCHEM.COMPOUND:71059938,predicate:10,NCBIGene:2642,0.0
model_10.pt,PUBCHEM.COMPOUND:10578760,predicate:0,NCBIGene:29580,PUBCHEM.COMPOUND:71059938,predicate:10,NCBIGene:2642,0.0
model_10.pt,NCBIGene:56893,predicate:9,NCBIGene:7316,PUBCHEM.COMPOUND:71059938,predicate:10,NCBIGene:2642,0.0
model_10.pt,CHEBI:93205,predicate:23,NCBIGene:8743,PUBCHEM.COMPOUND:71059938,predicate:10,NCBIGene:2642,0.0
model_10.pt,NCBIGene:1147,predicate:1,NCBIGene:57162,PUBCHEM.COMPOUND:71059938,predicate:10,NCBIGene:2642,0.0
model_10.pt,PUBCHEM.COMPOUND:137226420,predicate:0,NCBIGene:760,PUBCHEM.COMPOUND:71059938,predicate:10,NCBIGene:2642,0.0
model_10.pt,MONDO:0010691,predicate:13,HP:0007957,PUBCHEM.COMPOUND:71059938,predicate:10,NCBIGene:2642,0.0
model_10.pt,NCBIGene:51372,predicate:1,NCBIGene:6202,PUBCHEM.COMPOUND:71059938,predicate:10,NCBIGene:2642,0.0
model_10.pt,NCBIGene:25865,predicate:8,NCBIGene:23212,PUBCHEM.COMPOUND:71059938,predicate:10,NCBIGene:2642,0.0
model_10.pt,PUBCHEM.COMPOUND:122196132,predicate:0,NCBIGene:7941,PUBCHEM.COMPOUND:71059938,predicate:10,NCBIGene:2642,0.0
model_10.pt,NCBIGene:84283,predicate:1,NCBIGene:51458,PUBCHEM.COMPOUND:71059938,predicate:10,NCBIGene:2642,0.0
model_10.pt,NCBIGene:84365,predicate:1,NCBIGene:4236,PUBCHEM.COMPOUND:71059938,predicate:10,NCBIGene:2642,0.0
model_10.pt,CHEBI:8499,predicate:16,MONDO:0001382,PUBCHEM.COMPOUND:71059938,predicate:10,NCBIGene:2642,0.0
model_10.pt,NCBIGene:850551,predicate:3,NCBIGene:856863,PUBCHEM.COMPOUND:71059938,predicate:10,NCBIGene:2642,0.0
model_10.pt,NCBIGene:181271,predicate:3,NCBIGene:190925,PUBCHEM.COMPOUND:71059938,predicate:10,NCBIGene:2642,0.0
model_10.pt,NCBIGene:151056,predicate:4,PUBCHEM.COMPOUND:131761197,PUBCHEM.COMPOUND:71059938,predicate:10,NCBIGene:2642,0.0
model_10.pt,CHEBI:18152,predicate:9,NCBIGene:54498,PUBCHEM.COMPOUND:71059938,predicate:10,NCBIGene:2642,0.0
model_10.pt,NCBIGene:29949,predicate:15,MONDO:0005011,PUBCHEM.COMPOUND:71059938,predicate:10,NCBIGene:2642,0.0
model_10.pt,NCBIGene:173731,predicate:19,CHEBI:31823,PUBCHEM.COMPOUND:71059938,predicate:10,NCBIGene:2642,0.0
model_10.pt,PUBCHEM.COMPOUND:44176335,predicate:0,NCBIGene:331,PUBCHEM.COMPOUND:71059938,predicate:10,NCBIGene:2642,0.0
model_10.pt,PUBCHEM.COMPOUND:49864838,predicate:10,NCBIGene:834,PUBCHEM.COMPOUND:71059938,predicate:10,NCBIGene:2642,-25.111164093017578
model_10.pt,NCBIGene:10221,predicate:8,NCBIGene:22908,PUBCHEM.COMPOUND:71059938,predicate:10,NCBIGene:2642,0.0
model_10.pt,CHEBI:46345,predicate:7,NCBIGene:6581,PUBCHEM.COMPOUND:71059938,predicate:10,NCBIGene:2642,0.0
model_10.pt,NCBIGene:375035,predicate:3,NCBIGene:80346,PUBCHEM.COMPOUND:71059938,predicate:10,NCBIGene:2642,0.0
model_10.pt,MONDO:0012176,predicate:13,HP:0003028,NCBIGene:7045,predicate:1,NCBIGene:216,0.0
model_10.pt,CHEBI:6809,predicate:9,NCBIGene:8061,NCBIGene:7045,predicate:1,NCBIGene:216,0.0
model_10.pt,PUBCHEM.COMPOUND:1113514,predicate:0,NCBIGene:946552,NCBIGene:7045,predicate:1,NCBIGene:216,0.0
model_10.pt,PUBCHEM.COMPOUND:137636752,predicate:0,NCBIGene:3065,NCBIGene:7045,predicate:1,NCBIGene:216,0.0
model_10.pt,CHEBI:367163,predicate:16,MONDO:0015691,NCBIGene:7045,predicate:1,NCBIGene:216,0.0
model_10.pt,PUBCHEM.COMPOUND:130200977,predicate:10,NCBIGene:4988,NCBIGene:7045,predicate:1,NCBIGene:216,0.0
model_10.pt,NCBIGene:78987,predicate:3,NCBIGene:92255,NCBIGene:7045,predicate:1,NCBIGene:216,0.0
model_10.pt,NCBIGene:6352,predicate:36,NCBIGene:1234,NCBIGene:7045,predicate:1,NCBIGene:216,0.0
model_10.pt,CHEBI:6443,predicate:7,NCBIGene:8644,NCBIGene:7045,predicate:1,NCBIGene:216,0.0
model_10.pt,DRUGBANK:DB11158,predicate:12,MONDO:0005147,NCBIGene:7045,predicate:1,NCBIGene:216,0.0
model_10.pt,CHEBI:5000,predicate:12,MONDO:0001076,NCBIGene:7045,predicate:1,NCBIGene:216,0.0
model_10.pt,NCBIGene:8089,predicate:3,NCBIGene:26122,NCBIGene:7045,predicate:1,NCBIGene:216,0.0
model_10.pt,NCBIGene:10400,predicate:4,PUBCHEM.COMPOUND:52924335,NCBIGene:7045,predicate:1,NCBIGene:216,0.0
model_10.pt,NCBIGene:10618,predicate:3,NCBIGene:54887,NCBIGene:7045,predicate:1,NCBIGene:216,0.0
model_10.pt,NCBIGene:3308,predicate:15,MONDO:0005559,NCBIGene:7045,predicate:1,NCBIGene:216,0.0
model_10.pt,CHEBI:17351,predicate:7,NCBIGene:5315,NCBIGene:7045,predicate:1,NCBIGene:216,0.0
model_10.pt,CHEMBL.COMPOUND:CHEMBL4747062,predicate:0,NCBIGene:23028,NCBIGene:7045,predicate:1,NCBIGene:216,0.0
model_10.pt,CHEBI:16842,predicate:9,NCBIGene:3557,NCBIGene:7045,predicate:1,NCBIGene:216,0.0
model_10.pt,NCBIGene:4616,predicate:1,NCBIGene:2034,NCBIGene:7045,predicate:1,NCBIGene:216,45.054718017578125
model_10.pt,NCBIGene:10201,predicate:1,NCBIGene:6154,NCBIGene:7045,predicate:1,NCBIGene:216,-45.811466217041016
model_10.pt,NCBIGene:794,predicate:6,NCBIGene:7135,NCBIGene:7045,predicate:1,NCBIGene:216,0.0
model_10.pt,NCBIGene:50834,predicate:1,NCBIGene:403277,NCBIGene:7045,predicate:1,NCBIGene:216,54.275291442871094
model_10.pt,CHEBI:3755,predicate:2,MONDO:0007263,NCBIGene:7045,predicate:1,NCBIGene:216,0.0
model_10.pt,PUBCHEM.COMPOUND:131762323,predicate:5,NCBIGene:5407,NCBIGene:7045,predicate:1,NCBIGene:216,0.0
model_10.pt,PUBCHEM.COMPOUND:54325967,predicate:0,NCBIGene:5468,NCBIGene:7045,predicate:1,NCBIGene:216,0.0
model_10.pt,CHEBI:64354,predicate:0,NCBIGene:6559,NCBIGene:7045,predicate:1,NCBIGene:216,0.0
model_10.pt,CHEBI:44423,predicate:7,NCBIGene:3162,NCBIGene:7045,predicate:1,NCBIGene:216,0.0
model_10.pt,NCBIGene:113174,predicate:10,NCBIGene:100528017,NCBIGene:7045,predicate:1,NCBIGene:216,0.0
model_10.pt,NCBIGene:4502,predicate:1,NCBIGene:10912,NCBIGene:7045,predicate:1,NCBIGene:216,22.87545394897461
model_10.pt,NCBIGene:5321,predicate:4,PUBCHEM.COMPOUND:53478731,NCBIGene:7045,predicate:1,NCBIGene:216,0.0
model_10.pt,CHEBI:3755,predicate:7,NCBIGene:2100,NCBIGene:7045,predicate:1,NCBIGene:216,0.0
model_10.pt,NCBIGene:51741,predicate:13,HP:0000253,NCBIGene:7045,predicate:1,NCBIGene:216,0.0
model_10.pt,CHEBI:156122,predicate:5,NCBIGene:23761,NCBIGene:7045,predicate:1,NCBIGene:216,0.0
model_10.pt,NCBIGene:245865,predicate:3,NCBIGene:194974,NCBIGene:7045,predicate:1,NCBIGene:216,0.0
model_10.pt,PUBCHEM.COMPOUND:127036977,predicate:0,NCBIGene:135,NCBIGene:7045,predicate:1,NCBIGene:216,0.0
model_10.pt,PUBCHEM.COMPOUND:44433263,predicate:0,NCBIGene:1576,NCBIGene:7045,predicate:1,NCBIGene:216,0.0
model_10.pt,CHEBI:16469,predicate:7,NCBIGene:10587,NCBIGene:7045,predicate:1,NCBIGene:216,0.0
model_10.pt,PUBCHEM.COMPOUND:44314087,predicate:0,NCBIGene:4313,NCBIGene:7045,predicate:1,NCBIGene:216,0.0
model_10.pt,PUBCHEM.COMPOUND:25093440,predicate:0,NCBIGene:1147,NCBIGene:7045,predicate:1,NCBIGene:216,0.0
model_10.pt,NCBIGene:20962,predicate:3,NCBIGene:219150,NCBIGene:7045,predicate:1,NCBIGene:216,0.0
model_10.pt,NCBIGene:23051,predicate:15,MONDO:0005068,NCBIGene:7045,predicate:1,NCBIGene:216,0.0
model_10.pt,NCBIGene:10565,predicate:6,NCBIGene:284369,NCBIGene:7045,predicate:1,NCBIGene:216,0.0
model_10.pt,PUBCHEM.COMPOUND:59268935,predicate:0,NCBIGene:1137,NCBIGene:7045,predicate:1,NCBIGene:216,0.0
model_10.pt,NCBIGene:5903,predicate:1,NCBIGene:402569,NCBIGene:7045,predicate:1,NCBIGene:216,-5.22724723815918
model_10.pt,PUBCHEM.COMPOUND:57395067,predicate:0,NCBIGene:6531,NCBIGene:7045,predicate:1,NCBIGene:216,0.0
model_10.pt,NCBIGene:852585,predicate:3,NCBIGene:855469,NCBIGene:7045,predicate:1,NCBIGene:216,0.0
model_10.pt,NCBIGene:3976,predicate:9,NCBIGene:2526,NCBIGene:7045,predicate:1,NCBIGene:216,0.0
model_10.pt,NCBIGene:928,predicate:1,NCBIGene:29952,NCBIGene:7045,predicate:1,NCBIGene:216,-2.984827995300293
model_10.pt,MONDO:0013171,predicate:13,MONDO:0001071,NCBIGene:7045,predicate:1,NCBIGene:216,0.0
model_10.pt,NCBIGene:4634,predicate:1,NCBIGene:6445,NCBIGene:7045,predicate:1,NCBIGene:216,-91.64254760742188
model_10.pt,CHEBI:18293,predicate:12,HP:0001945,NCBIGene:7045,predicate:1,NCBIGene:216,0.0
model_10.pt,UNII:5M691HL4BO,predicate:16,HP:0001288,NCBIGene:7045,predicate:1,NCBIGene:216,0.0
model_10.pt,MONDO:0011122,predicate:10,NCBIGene:2673,NCBIGene:7045,predicate:1,NCBIGene:216,0.0
model_10.pt,CHEBI:185383,predicate:5,NCBIGene:9514,NCBIGene:7045,predicate:1,NCBIGene:216,0.0
model_10.pt,NCBIGene:4763,predicate:13,HP:0002857,NCBIGene:7045,predicate:1,NCBIGene:216,0.0
model_10.pt,CHEBI:6121,predicate:7,NCBIGene:2335,NCBIGene:7045,predicate:1,NCBIGene:216,0.0
model_10.pt,NCBIGene:4204,predicate:13,HP:0010864,NCBIGene:7045,predicate:1,NCBIGene:216,0.0
model_10.pt,PUBCHEM.COMPOUND:5702107,predicate:23,NCBIGene:760,NCBIGene:7045,predicate:1,NCBIGene:216,0.0
model_10.pt,NCBIGene:22976,predicate:9,NCBIGene:9519,NCBIGene:7045,predicate:1,NCBIGene:216,0.0
model_10.pt,PUBCHEM.COMPOUND:9834864,predicate:14,NCBIGene:1137,NCBIGene:7045,predicate:1,NCBIGene:216,0.0
model_10.pt,PUBCHEM.COMPOUND:44431492,predicate:10,NCBIGene:1815,NCBIGene:7045,predicate:1,NCBIGene:216,0.0
model_10.pt,CHEBI:191001,predicate:18,NCBIGene:6422,NCBIGene:7045,predicate:1,NCBIGene:216,0.0
model_10.pt,PUBCHEM.COMPOUND:25015107,predicate:0,NCBIGene:2260,NCBIGene:7045,predicate:1,NCBIGene:216,0.0
model_10.pt,PUBCHEM.COMPOUND:131757266,predicate:5,NCBIGene:80168,NCBIGene:7045,predicate:1,NCBIGene:216,0.0
model_10.pt,NCBIGene:23205,predicate:1,NCBIGene:11283,NCBIGene:7045,predicate:1,NCBIGene:216,29.05309295654297
model_10.pt,NCBIGene:23054,predicate:1,NCBIGene:54617,NCBIGene:7045,predicate:1,NCBIGene:216,68.55601501464844
model_10.pt,NCBIGene:10008,predicate:3,NCBIGene:4751,NCBIGene:7045,predicate:1,NCBIGene:216,0.0
model_10.pt,NCBIGene:27183,predicate:1,NCBIGene:4904,NCBIGene:7045,predicate:1,NCBIGene:216,83.04891967773438
model_10.pt,NCBIGene:5578,predicate:8,NCBIGene:85377,NCBIGene:7045,predicate:1,NCBIGene:216,0.0
model_10.pt,NCBIGene:79165,predicate:1,NCBIGene:9704,NCBIGene:7045,predicate:1,NCBIGene:216,5.039935111999512
model_10.pt,NCBIGene:2170,predicate:9,NCBIGene:8611,NCBIGene:7045,predicate:1,NCBIGene:216,0.0
model_10.pt,NCBIGene:91748,predicate:1,NCBIGene:59345,NCBIGene:7045,predicate:1,NCBIGene:216,-109.94386291503906
model_10.pt,PUBCHEM.COMPOUND:155512592,predicate:0,NCBIGene:142,NCBIGene:7045,predicate:1,NCBIGene:216,0.0
model_10.pt,NCBIGene:5663,predicate:7,NCBIGene:7158,NCBIGene:7045,predicate:1,NCBIGene:216,0.0
model_10.pt,NCBIGene:4140,predicate:21,NCBIGene:7534,NCBIGene:7045,predicate:1,NCBIGene:216,0.0
model_10.pt,NCBIGene:2475,predicate:1,NCBIGene:23456,NCBIGene:7045,predicate:1,NCBIGene:216,57.32733154296875
model_10.pt,NCBIGene:3162,predicate:15,MONDO:0000831,NCBIGene:7045,predicate:1,NCBIGene:216,0.0
model_10.pt,PUBCHEM.COMPOUND:10578760,predicate:0,NCBIGene:29580,NCBIGene:7045,predicate:1,NCBIGene:216,0.0
model_10.pt,NCBIGene:56893,predicate:9,NCBIGene:7316,NCBIGene:7045,predicate:1,NCBIGene:216,0.0
model_10.pt,CHEBI:93205,predicate:23,NCBIGene:8743,NCBIGene:7045,predicate:1,NCBIGene:216,0.0
model_10.pt,NCBIGene:1147,predicate:1,NCBIGene:57162,NCBIGene:7045,predicate:1,NCBIGene:216,-42.1761474609375
model_10.pt,PUBCHEM.COMPOUND:137226420,predicate:0,NCBIGene:760,NCBIGene:7045,predicate:1,NCBIGene:216,0.0
model_10.pt,MONDO:0010691,predicate:13,HP:0007957,NCBIGene:7045,predicate:1,NCBIGene:216,0.0
model_10.pt,NCBIGene:51372,predicate:1,NCBIGene:6202,NCBIGene:7045,predicate:1,NCBIGene:216,28.57654571533203
model_10.pt,NCBIGene:25865,predicate:8,NCBIGene:23212,NCBIGene:7045,predicate:1,NCBIGene:216,0.0
model_10.pt,PUBCHEM.COMPOUND:122196132,predicate:0,NCBIGene:7941,NCBIGene:7045,predicate:1,NCBIGene:216,0.0
model_10.pt,NCBIGene:84283,predicate:1,NCBIGene:51458,NCBIGene:7045,predicate:1,NCBIGene:216,-73.84889221191406
model_10.pt,NCBIGene:84365,predicate:1,NCBIGene:4236,NCBIGene:7045,predicate:1,NCBIGene:216,-61.363685607910156
model_10.pt,CHEBI:8499,predicate:16,MONDO:0001382,NCBIGene:7045,predicate:1,NCBIGene:216,0.0
model_10.pt,NCBIGene:850551,predicate:3,NCBIGene:856863,NCBIGene:7045,predicate:1,NCBIGene:216,0.0
model_10.pt,NCBIGene:181271,predicate:3,NCBIGene:190925,NCBIGene:7045,predicate:1,NCBIGene:216,0.0
model_10.pt,NCBIGene:151056,predicate:4,PUBCHEM.COMPOUND:131761197,NCBIGene:7045,predicate:1,NCBIGene:216,0.0
model_10.pt,CHEBI:18152,predicate:9,NCBIGene:54498,NCBIGene:7045,predicate:1,NCBIGene:216,0.0
model_10.pt,NCBIGene:29949,predicate:15,MONDO:0005011,NCBIGene:7045,predicate:1,NCBIGene:216,0.0
model_10.pt,NCBIGene:173731,predicate:19,CHEBI:31823,NCBIGene:7045,predicate:1,NCBIGene:216,0.0
model_10.pt,PUBCHEM.COMPOUND:44176335,predicate:0,NCBIGene:331,NCBIGene:7045,predicate:1,NCBIGene:216,0.0
model_10.pt,PUBCHEM.COMPOUND:49864838,predicate:10,NCBIGene:834,NCBIGene:7045,predicate:1,NCBIGene:216,0.0
model_10.pt,NCBIGene:10221,predicate:8,NCBIGene:22908,NCBIGene:7045,predicate:1,NCBIGene:216,0.0
model_10.pt,CHEBI:46345,predicate:7,NCBIGene:6581,NCBIGene:7045,predicate:1,NCBIGene:216,0.0
model_10.pt,NCBIGene:375035,predicate:3,NCBIGene:80346,NCBIGene:7045,predicate:1,NCBIGene:216,0.0
model_10.pt,MONDO:0012176,predicate:13,HP:0003028,NCBIGene:79895,predicate:4,CHEBI:170728,0.0
model_10.pt,CHEBI:6809,predicate:9,NCBIGene:8061,NCBIGene:79895,predicate:4,CHEBI:170728,0.0
model_10.pt,PUBCHEM.COMPOUND:1113514,predicate:0,NCBIGene:946552,NCBIGene:79895,predicate:4,CHEBI:170728,0.0
model_10.pt,PUBCHEM.COMPOUND:137636752,predicate:0,NCBIGene:3065,NCBIGene:79895,predicate:4,CHEBI:170728,0.0
model_10.pt,CHEBI:367163,predicate:16,MONDO:0015691,NCBIGene:79895,predicate:4,CHEBI:170728,0.0
model_10.pt,PUBCHEM.COMPOUND:130200977,predicate:10,NCBIGene:4988,NCBIGene:79895,predicate:4,CHEBI:170728,0.0
model_10.pt,NCBIGene:78987,predicate:3,NCBIGene:92255,NCBIGene:79895,predicate:4,CHEBI:170728,0.0
model_10.pt,NCBIGene:6352,predicate:36,NCBIGene:1234,NCBIGene:79895,predicate:4,CHEBI:170728,0.0
model_10.pt,CHEBI:6443,predicate:7,NCBIGene:8644,NCBIGene:79895,predicate:4,CHEBI:170728,0.0
model_10.pt,DRUGBANK:DB11158,predicate:12,MONDO:0005147,NCBIGene:79895,predicate:4,CHEBI:170728,0.0
model_10.pt,CHEBI:5000,predicate:12,MONDO:0001076,NCBIGene:79895,predicate:4,CHEBI:170728,0.0
model_10.pt,NCBIGene:8089,predicate:3,NCBIGene:26122,NCBIGene:79895,predicate:4,CHEBI:170728,0.0
model_10.pt,NCBIGene:10400,predicate:4,PUBCHEM.COMPOUND:52924335,NCBIGene:79895,predicate:4,CHEBI:170728,-51.42029571533203
model_10.pt,NCBIGene:10618,predicate:3,NCBIGene:54887,NCBIGene:79895,predicate:4,CHEBI:170728,0.0
model_10.pt,NCBIGene:3308,predicate:15,MONDO:0005559,NCBIGene:79895,predicate:4,CHEBI:170728,0.0
model_10.pt,CHEBI:17351,predicate:7,NCBIGene:5315,NCBIGene:79895,predicate:4,CHEBI:170728,0.0
model_10.pt,CHEMBL.COMPOUND:CHEMBL4747062,predicate:0,NCBIGene:23028,NCBIGene:79895,predicate:4,CHEBI:170728,0.0
model_10.pt,CHEBI:16842,predicate:9,NCBIGene:3557,NCBIGene:79895,predicate:4,CHEBI:170728,0.0
model_10.pt,NCBIGene:4616,predicate:1,NCBIGene:2034,NCBIGene:79895,predicate:4,CHEBI:170728,0.0
model_10.pt,NCBIGene:10201,predicate:1,NCBIGene:6154,NCBIGene:79895,predicate:4,CHEBI:170728,0.0
model_10.pt,NCBIGene:794,predicate:6,NCBIGene:7135,NCBIGene:79895,predicate:4,CHEBI:170728,0.0
model_10.pt,NCBIGene:50834,predicate:1,NCBIGene:403277,NCBIGene:79895,predicate:4,CHEBI:170728,0.0
model_10.pt,CHEBI:3755,predicate:2,MONDO:0007263,NCBIGene:79895,predicate:4,CHEBI:170728,0.0
model_10.pt,PUBCHEM.COMPOUND:131762323,predicate:5,NCBIGene:5407,NCBIGene:79895,predicate:4,CHEBI:170728,0.0
model_10.pt,PUBCHEM.COMPOUND:54325967,predicate:0,NCBIGene:5468,NCBIGene:79895,predicate:4,CHEBI:170728,0.0
model_10.pt,CHEBI:64354,predicate:0,NCBIGene:6559,NCBIGene:79895,predicate:4,CHEBI:170728,0.0
model_10.pt,CHEBI:44423,predicate:7,NCBIGene:3162,NCBIGene:79895,predicate:4,CHEBI:170728,0.0
model_10.pt,NCBIGene:113174,predicate:10,NCBIGene:100528017,NCBIGene:79895,predicate:4,CHEBI:170728,0.0
model_10.pt,NCBIGene:4502,predicate:1,NCBIGene:10912,NCBIGene:79895,predicate:4,CHEBI:170728,0.0
model_10.pt,NCBIGene:5321,predicate:4,PUBCHEM.COMPOUND:53478731,NCBIGene:79895,predicate:4,CHEBI:170728,44.70766830444336
model_10.pt,CHEBI:3755,predicate:7,NCBIGene:2100,NCBIGene:79895,predicate:4,CHEBI:170728,0.0
model_10.pt,NCBIGene:51741,predicate:13,HP:0000253,NCBIGene:79895,predicate:4,CHEBI:170728,0.0
model_10.pt,CHEBI:156122,predicate:5,NCBIGene:23761,NCBIGene:79895,predicate:4,CHEBI:170728,0.0
model_10.pt,NCBIGene:245865,predicate:3,NCBIGene:194974,NCBIGene:79895,predicate:4,CHEBI:170728,0.0
model_10.pt,PUBCHEM.COMPOUND:127036977,predicate:0,NCBIGene:135,NCBIGene:79895,predicate:4,CHEBI:170728,0.0
model_10.pt,PUBCHEM.COMPOUND:44433263,predicate:0,NCBIGene:1576,NCBIGene:79895,predicate:4,CHEBI:170728,0.0
model_10.pt,CHEBI:16469,predicate:7,NCBIGene:10587,NCBIGene:79895,predicate:4,CHEBI:170728,0.0
model_10.pt,PUBCHEM.COMPOUND:44314087,predicate:0,NCBIGene:4313,NCBIGene:79895,predicate:4,CHEBI:170728,0.0
model_10.pt,PUBCHEM.COMPOUND:25093440,predicate:0,NCBIGene:1147,NCBIGene:79895,predicate:4,CHEBI:170728,0.0
model_10.pt,NCBIGene:20962,predicate:3,NCBIGene:219150,NCBIGene:79895,predicate:4,CHEBI:170728,0.0
model_10.pt,NCBIGene:23051,predicate:15,MONDO:0005068,NCBIGene:79895,predicate:4,CHEBI:170728,0.0
model_10.pt,NCBIGene:10565,predicate:6,NCBIGene:284369,NCBIGene:79895,predicate:4,CHEBI:170728,0.0
model_10.pt,PUBCHEM.COMPOUND:59268935,predicate:0,NCBIGene:1137,NCBIGene:79895,predicate:4,CHEBI:170728,0.0
model_10.pt,NCBIGene:5903,predicate:1,NCBIGene:402569,NCBIGene:79895,predicate:4,CHEBI:170728,0.0
model_10.pt,PUBCHEM.COMPOUND:57395067,predicate:0,NCBIGene:6531,NCBIGene:79895,predicate:4,CHEBI:170728,0.0
model_10.pt,NCBIGene:852585,predicate:3,NCBIGene:855469,NCBIGene:79895,predicate:4,CHEBI:170728,0.0
model_10.pt,NCBIGene:3976,predicate:9,NCBIGene:2526,NCBIGene:79895,predicate:4,CHEBI:170728,0.0
model_10.pt,NCBIGene:928,predicate:1,NCBIGene:29952,NCBIGene:79895,predicate:4,CHEBI:170728,0.0
model_10.pt,MONDO:0013171,predicate:13,MONDO:0001071,NCBIGene:79895,predicate:4,CHEBI:170728,0.0
model_10.pt,NCBIGene:4634,predicate:1,NCBIGene:6445,NCBIGene:79895,predicate:4,CHEBI:170728,0.0
model_10.pt,CHEBI:18293,predicate:12,HP:0001945,NCBIGene:79895,predicate:4,CHEBI:170728,0.0
model_10.pt,UNII:5M691HL4BO,predicate:16,HP:0001288,NCBIGene:79895,predicate:4,CHEBI:170728,0.0
model_10.pt,MONDO:0011122,predicate:10,NCBIGene:2673,NCBIGene:79895,predicate:4,CHEBI:170728,0.0
model_10.pt,CHEBI:185383,predicate:5,NCBIGene:9514,NCBIGene:79895,predicate:4,CHEBI:170728,0.0
model_10.pt,NCBIGene:4763,predicate:13,HP:0002857,NCBIGene:79895,predicate:4,CHEBI:170728,0.0
model_10.pt,CHEBI:6121,predicate:7,NCBIGene:2335,NCBIGene:79895,predicate:4,CHEBI:170728,0.0
model_10.pt,NCBIGene:4204,predicate:13,HP:0010864,NCBIGene:79895,predicate:4,CHEBI:170728,0.0
model_10.pt,PUBCHEM.COMPOUND:5702107,predicate:23,NCBIGene:760,NCBIGene:79895,predicate:4,CHEBI:170728,0.0
model_10.pt,NCBIGene:22976,predicate:9,NCBIGene:9519,NCBIGene:79895,predicate:4,CHEBI:170728,0.0
model_10.pt,PUBCHEM.COMPOUND:9834864,predicate:14,NCBIGene:1137,NCBIGene:79895,predicate:4,CHEBI:170728,0.0
model_10.pt,PUBCHEM.COMPOUND:44431492,predicate:10,NCBIGene:1815,NCBIGene:79895,predicate:4,CHEBI:170728,0.0
model_10.pt,CHEBI:191001,predicate:18,NCBIGene:6422,NCBIGene:79895,predicate:4,CHEBI:170728,0.0
model_10.pt,PUBCHEM.COMPOUND:25015107,predicate:0,NCBIGene:2260,NCBIGene:79895,predicate:4,CHEBI:170728,0.0
model_10.pt,PUBCHEM.COMPOUND:131757266,predicate:5,NCBIGene:80168,NCBIGene:79895,predicate:4,CHEBI:170728,0.0
model_10.pt,NCBIGene:23205,predicate:1,NCBIGene:11283,NCBIGene:79895,predicate:4,CHEBI:170728,0.0
model_10.pt,NCBIGene:23054,predicate:1,NCBIGene:54617,NCBIGene:79895,predicate:4,CHEBI:170728,0.0
model_10.pt,NCBIGene:10008,predicate:3,NCBIGene:4751,NCBIGene:79895,predicate:4,CHEBI:170728,0.0
model_10.pt,NCBIGene:27183,predicate:1,NCBIGene:4904,NCBIGene:79895,predicate:4,CHEBI:170728,0.0
model_10.pt,NCBIGene:5578,predicate:8,NCBIGene:85377,NCBIGene:79895,predicate:4,CHEBI:170728,0.0
model_10.pt,NCBIGene:79165,predicate:1,NCBIGene:9704,NCBIGene:79895,predicate:4,CHEBI:170728,0.0
model_10.pt,NCBIGene:2170,predicate:9,NCBIGene:8611,NCBIGene:79895,predicate:4,CHEBI:170728,0.0
model_10.pt,NCBIGene:91748,predicate:1,NCBIGene:59345,NCBIGene:79895,predicate:4,CHEBI:170728,0.0
model_10.pt,PUBCHEM.COMPOUND:155512592,predicate:0,NCBIGene:142,NCBIGene:79895,predicate:4,CHEBI:170728,0.0
model_10.pt,NCBIGene:5663,predicate:7,NCBIGene:7158,NCBIGene:79895,predicate:4,CHEBI:170728,0.0
model_10.pt,NCBIGene:4140,predicate:21,NCBIGene:7534,NCBIGene:79895,predicate:4,CHEBI:170728,0.0
model_10.pt,NCBIGene:2475,predicate:1,NCBIGene:23456,NCBIGene:79895,predicate:4,CHEBI:170728,0.0
model_10.pt,NCBIGene:3162,predicate:15,MONDO:0000831,NCBIGene:79895,predicate:4,CHEBI:170728,0.0
model_10.pt,PUBCHEM.COMPOUND:10578760,predicate:0,NCBIGene:29580,NCBIGene:79895,predicate:4,CHEBI:170728,0.0
model_10.pt,NCBIGene:56893,predicate:9,NCBIGene:7316,NCBIGene:79895,predicate:4,CHEBI:170728,0.0
model_10.pt,CHEBI:93205,predicate:23,NCBIGene:8743,NCBIGene:79895,predicate:4,CHEBI:170728,0.0
model_10.pt,NCBIGene:1147,predicate:1,NCBIGene:57162,NCBIGene:79895,predicate:4,CHEBI:170728,0.0
model_10.pt,PUBCHEM.COMPOUND:137226420,predicate:0,NCBIGene:760,NCBIGene:79895,predicate:4,CHEBI:170728,0.0
model_10.pt,MONDO:0010691,predicate:13,HP:0007957,NCBIGene:79895,predicate:4,CHEBI:170728,0.0
model_10.pt,NCBIGene:51372,predicate:1,NCBIGene:6202,NCBIGene:79895,predicate:4,CHEBI:170728,0.0
model_10.pt,NCBIGene:25865,predicate:8,NCBIGene:23212,NCBIGene:79895,predicate:4,CHEBI:170728,0.0
model_10.pt,PUBCHEM.COMPOUND:122196132,predicate:0,NCBIGene:7941,NCBIGene:79895,predicate:4,CHEBI:170728,0.0
model_10.pt,NCBIGene:84283,predicate:1,NCBIGene:51458,NCBIGene:79895,predicate:4,CHEBI:170728,0.0
model_10.pt,NCBIGene:84365,predicate:1,NCBIGene:4236,NCBIGene:79895,predicate:4,CHEBI:170728,0.0
model_10.pt,CHEBI:8499,predicate:16,MONDO:0001382,NCBIGene:79895,predicate:4,CHEBI:170728,0.0
model_10.pt,NCBIGene:850551,predicate:3,NCBIGene:856863,NCBIGene:79895,predicate:4,CHEBI:170728,0.0
model_10.pt,NCBIGene:181271,predicate:3,NCBIGene:190925,NCBIGene:79895,predicate:4,CHEBI:170728,0.0
model_10.pt,NCBIGene:151056,predicate:4,PUBCHEM.COMPOUND:131761197,NCBIGene:79895,predicate:4,CHEBI:170728,-26.140533447265625
model_10.pt,CHEBI:18152,predicate:9,NCBIGene:54498,NCBIGene:79895,predicate:4,CHEBI:170728,0.0
model_10.pt,NCBIGene:29949,predicate:15,MONDO:0005011,NCBIGene:79895,predicate:4,CHEBI:170728,0.0
model_10.pt,NCBIGene:173731,predicate:19,CHEBI:31823,NCBIGene:79895,predicate:4,CHEBI:170728,0.0
model_10.pt,PUBCHEM.COMPOUND:44176335,predicate:0,NCBIGene:331,NCBIGene:79895,predicate:4,CHEBI:170728,0.0
model_10.pt,PUBCHEM.COMPOUND:49864838,predicate:10,NCBIGene:834,NCBIGene:79895,predicate:4,CHEBI:170728,0.0
model_10.pt,NCBIGene:10221,predicate:8,NCBIGene:22908,NCBIGene:79895,predicate:4,CHEBI:170728,0.0
model_10.pt,CHEBI:46345,predicate:7,NCBIGene:6581,NCBIGene:79895,predicate:4,CHEBI:170728,0.0
model_10.pt,NCBIGene:375035,predicate:3,NCBIGene:80346,NCBIGene:79895,predicate:4,CHEBI:170728,0.0
model_10.pt,MONDO:0012176,predicate:13,HP:0003028,NCBIGene:2145,predicate:21,NCBIGene:23582,0.0
model_10.pt,CHEBI:6809,predicate:9,NCBIGene:8061,NCBIGene:2145,predicate:21,NCBIGene:23582,0.0
model_10.pt,PUBCHEM.COMPOUND:1113514,predicate:0,NCBIGene:946552,NCBIGene:2145,predicate:21,NCBIGene:23582,0.0
model_10.pt,PUBCHEM.COMPOUND:137636752,predicate:0,NCBIGene:3065,NCBIGene:2145,predicate:21,NCBIGene:23582,0.0
model_10.pt,CHEBI:367163,predicate:16,MONDO:0015691,NCBIGene:2145,predicate:21,NCBIGene:23582,0.0
model_10.pt,PUBCHEM.COMPOUND:130200977,predicate:10,NCBIGene:4988,NCBIGene:2145,predicate:21,NCBIGene:23582,0.0
model_10.pt,NCBIGene:78987,predicate:3,NCBIGene:92255,NCBIGene:2145,predicate:21,NCBIGene:23582,0.0
model_10.pt,NCBIGene:6352,predicate:36,NCBIGene:1234,NCBIGene:2145,predicate:21,NCBIGene:23582,0.0
model_10.pt,CHEBI:6443,predicate:7,NCBIGene:8644,NCBIGene:2145,predicate:21,NCBIGene:23582,0.0
model_10.pt,DRUGBANK:DB11158,predicate:12,MONDO:0005147,NCBIGene:2145,predicate:21,NCBIGene:23582,0.0
model_10.pt,CHEBI:5000,predicate:12,MONDO:0001076,NCBIGene:2145,predicate:21,NCBIGene:23582,0.0
model_10.pt,NCBIGene:8089,predicate:3,NCBIGene:26122,NCBIGene:2145,predicate:21,NCBIGene:23582,0.0
model_10.pt,NCBIGene:10400,predicate:4,PUBCHEM.COMPOUND:52924335,NCBIGene:2145,predicate:21,NCBIGene:23582,0.0
model_10.pt,NCBIGene:10618,predicate:3,NCBIGene:54887,NCBIGene:2145,predicate:21,NCBIGene:23582,0.0
model_10.pt,NCBIGene:3308,predicate:15,MONDO:0005559,NCBIGene:2145,predicate:21,NCBIGene:23582,0.0
model_10.pt,CHEBI:17351,predicate:7,NCBIGene:5315,NCBIGene:2145,predicate:21,NCBIGene:23582,0.0
model_10.pt,CHEMBL.COMPOUND:CHEMBL4747062,predicate:0,NCBIGene:23028,NCBIGene:2145,predicate:21,NCBIGene:23582,0.0
model_10.pt,CHEBI:16842,predicate:9,NCBIGene:3557,NCBIGene:2145,predicate:21,NCBIGene:23582,0.0
model_10.pt,NCBIGene:4616,predicate:1,NCBIGene:2034,NCBIGene:2145,predicate:21,NCBIGene:23582,0.0
model_10.pt,NCBIGene:10201,predicate:1,NCBIGene:6154,NCBIGene:2145,predicate:21,NCBIGene:23582,0.0
model_10.pt,NCBIGene:794,predicate:6,NCBIGene:7135,NCBIGene:2145,predicate:21,NCBIGene:23582,0.0
model_10.pt,NCBIGene:50834,predicate:1,NCBIGene:403277,NCBIGene:2145,predicate:21,NCBIGene:23582,0.0
model_10.pt,CHEBI:3755,predicate:2,MONDO:0007263,NCBIGene:2145,predicate:21,NCBIGene:23582,0.0
model_10.pt,PUBCHEM.COMPOUND:131762323,predicate:5,NCBIGene:5407,NCBIGene:2145,predicate:21,NCBIGene:23582,0.0
model_10.pt,PUBCHEM.COMPOUND:54325967,predicate:0,NCBIGene:5468,NCBIGene:2145,predicate:21,NCBIGene:23582,0.0
model_10.pt,CHEBI:64354,predicate:0,NCBIGene:6559,NCBIGene:2145,predicate:21,NCBIGene:23582,0.0
model_10.pt,CHEBI:44423,predicate:7,NCBIGene:3162,NCBIGene:2145,predicate:21,NCBIGene:23582,0.0
model_10.pt,NCBIGene:113174,predicate:10,NCBIGene:100528017,NCBIGene:2145,predicate:21,NCBIGene:23582,0.0
model_10.pt,NCBIGene:4502,predicate:1,NCBIGene:10912,NCBIGene:2145,predicate:21,NCBIGene:23582,0.0
model_10.pt,NCBIGene:5321,predicate:4,PUBCHEM.COMPOUND:53478731,NCBIGene:2145,predicate:21,NCBIGene:23582,0.0
model_10.pt,CHEBI:3755,predicate:7,NCBIGene:2100,NCBIGene:2145,predicate:21,NCBIGene:23582,0.0
model_10.pt,NCBIGene:51741,predicate:13,HP:0000253,NCBIGene:2145,predicate:21,NCBIGene:23582,0.0
model_10.pt,CHEBI:156122,predicate:5,NCBIGene:23761,NCBIGene:2145,predicate:21,NCBIGene:23582,0.0
model_10.pt,NCBIGene:245865,predicate:3,NCBIGene:194974,NCBIGene:2145,predicate:21,NCBIGene:23582,0.0
model_10.pt,PUBCHEM.COMPOUND:127036977,predicate:0,NCBIGene:135,NCBIGene:2145,predicate:21,NCBIGene:23582,0.0
model_10.pt,PUBCHEM.COMPOUND:44433263,predicate:0,NCBIGene:1576,NCBIGene:2145,predicate:21,NCBIGene:23582,0.0
model_10.pt,CHEBI:16469,predicate:7,NCBIGene:10587,NCBIGene:2145,predicate:21,NCBIGene:23582,0.0
model_10.pt,PUBCHEM.COMPOUND:44314087,predicate:0,NCBIGene:4313,NCBIGene:2145,predicate:21,NCBIGene:23582,0.0
model_10.pt,PUBCHEM.COMPOUND:25093440,predicate:0,NCBIGene:1147,NCBIGene:2145,predicate:21,NCBIGene:23582,0.0
model_10.pt,NCBIGene:20962,predicate:3,NCBIGene:219150,NCBIGene:2145,predicate:21,NCBIGene:23582,0.0
model_10.pt,NCBIGene:23051,predicate:15,MONDO:0005068,NCBIGene:2145,predicate:21,NCBIGene:23582,0.0
model_10.pt,NCBIGene:10565,predicate:6,NCBIGene:284369,NCBIGene:2145,predicate:21,NCBIGene:23582,0.0
model_10.pt,PUBCHEM.COMPOUND:59268935,predicate:0,NCBIGene:1137,NCBIGene:2145,predicate:21,NCBIGene:23582,0.0
model_10.pt,NCBIGene:5903,predicate:1,NCBIGene:402569,NCBIGene:2145,predicate:21,NCBIGene:23582,0.0
model_10.pt,PUBCHEM.COMPOUND:57395067,predicate:0,NCBIGene:6531,NCBIGene:2145,predicate:21,NCBIGene:23582,0.0
model_10.pt,NCBIGene:852585,predicate:3,NCBIGene:855469,NCBIGene:2145,predicate:21,NCBIGene:23582,0.0
model_10.pt,NCBIGene:3976,predicate:9,NCBIGene:2526,NCBIGene:2145,predicate:21,NCBIGene:23582,0.0
model_10.pt,NCBIGene:928,predicate:1,NCBIGene:29952,NCBIGene:2145,predicate:21,NCBIGene:23582,0.0
model_10.pt,MONDO:0013171,predicate:13,MONDO:0001071,NCBIGene:2145,predicate:21,NCBIGene:23582,0.0
model_10.pt,NCBIGene:4634,predicate:1,NCBIGene:6445,NCBIGene:2145,predicate:21,NCBIGene:23582,0.0
model_10.pt,CHEBI:18293,predicate:12,HP:0001945,NCBIGene:2145,predicate:21,NCBIGene:23582,0.0
model_10.pt,UNII:5M691HL4BO,predicate:16,HP:0001288,NCBIGene:2145,predicate:21,NCBIGene:23582,0.0
model_10.pt,MONDO:0011122,predicate:10,NCBIGene:2673,NCBIGene:2145,predicate:21,NCBIGene:23582,0.0
model_10.pt,CHEBI:185383,predicate:5,NCBIGene:9514,NCBIGene:2145,predicate:21,NCBIGene:23582,0.0
model_10.pt,NCBIGene:4763,predicate:13,HP:0002857,NCBIGene:2145,predicate:21,NCBIGene:23582,0.0
model_10.pt,CHEBI:6121,predicate:7,NCBIGene:2335,NCBIGene:2145,predicate:21,NCBIGene:23582,0.0
model_10.pt,NCBIGene:4204,predicate:13,HP:0010864,NCBIGene:2145,predicate:21,NCBIGene:23582,0.0
model_10.pt,PUBCHEM.COMPOUND:5702107,predicate:23,NCBIGene:760,NCBIGene:2145,predicate:21,NCBIGene:23582,0.0
model_10.pt,NCBIGene:22976,predicate:9,NCBIGene:9519,NCBIGene:2145,predicate:21,NCBIGene:23582,0.0
model_10.pt,PUBCHEM.COMPOUND:9834864,predicate:14,NCBIGene:1137,NCBIGene:2145,predicate:21,NCBIGene:23582,0.0
model_10.pt,PUBCHEM.COMPOUND:44431492,predicate:10,NCBIGene:1815,NCBIGene:2145,predicate:21,NCBIGene:23582,0.0
model_10.pt,CHEBI:191001,predicate:18,NCBIGene:6422,NCBIGene:2145,predicate:21,NCBIGene:23582,0.0
model_10.pt,PUBCHEM.COMPOUND:25015107,predicate:0,NCBIGene:2260,NCBIGene:2145,predicate:21,NCBIGene:23582,0.0
model_10.pt,PUBCHEM.COMPOUND:131757266,predicate:5,NCBIGene:80168,NCBIGene:2145,predicate:21,NCBIGene:23582,0.0
model_10.pt,NCBIGene:23205,predicate:1,NCBIGene:11283,NCBIGene:2145,predicate:21,NCBIGene:23582,0.0
model_10.pt,NCBIGene:23054,predicate:1,NCBIGene:54617,NCBIGene:2145,predicate:21,NCBIGene:23582,0.0
model_10.pt,NCBIGene:10008,predicate:3,NCBIGene:4751,NCBIGene:2145,predicate:21,NCBIGene:23582,0.0
model_10.pt,NCBIGene:27183,predicate:1,NCBIGene:4904,NCBIGene:2145,predicate:21,NCBIGene:23582,0.0
model_10.pt,NCBIGene:5578,predicate:8,NCBIGene:85377,NCBIGene:2145,predicate:21,NCBIGene:23582,0.0
model_10.pt,NCBIGene:79165,predicate:1,NCBIGene:9704,NCBIGene:2145,predicate:21,NCBIGene:23582,0.0
model_10.pt,NCBIGene:2170,predicate:9,NCBIGene:8611,NCBIGene:2145,predicate:21,NCBIGene:23582,0.0
model_10.pt,NCBIGene:91748,predicate:1,NCBIGene:59345,NCBIGene:2145,predicate:21,NCBIGene:23582,0.0
model_10.pt,PUBCHEM.COMPOUND:155512592,predicate:0,NCBIGene:142,NCBIGene:2145,predicate:21,NCBIGene:23582,0.0
model_10.pt,NCBIGene:5663,predicate:7,NCBIGene:7158,NCBIGene:2145,predicate:21,NCBIGene:23582,0.0
model_10.pt,NCBIGene:4140,predicate:21,NCBIGene:7534,NCBIGene:2145,predicate:21,NCBIGene:23582,-30.73821258544922
model_10.pt,NCBIGene:2475,predicate:1,NCBIGene:23456,NCBIGene:2145,predicate:21,NCBIGene:23582,0.0
model_10.pt,NCBIGene:3162,predicate:15,MONDO:0000831,NCBIGene:2145,predicate:21,NCBIGene:23582,0.0
model_10.pt,PUBCHEM.COMPOUND:10578760,predicate:0,NCBIGene:29580,NCBIGene:2145,predicate:21,NCBIGene:23582,0.0
model_10.pt,NCBIGene:56893,predicate:9,NCBIGene:7316,NCBIGene:2145,predicate:21,NCBIGene:23582,0.0
model_10.pt,CHEBI:93205,predicate:23,NCBIGene:8743,NCBIGene:2145,predicate:21,NCBIGene:23582,0.0
model_10.pt,NCBIGene:1147,predicate:1,NCBIGene:57162,NCBIGene:2145,predicate:21,NCBIGene:23582,0.0
model_10.pt,PUBCHEM.COMPOUND:137226420,predicate:0,NCBIGene:760,NCBIGene:2145,predicate:21,NCBIGene:23582,0.0
model_10.pt,MONDO:0010691,predicate:13,HP:0007957,NCBIGene:2145,predicate:21,NCBIGene:23582,0.0
model_10.pt,NCBIGene:51372,predicate:1,NCBIGene:6202,NCBIGene:2145,predicate:21,NCBIGene:23582,0.0
model_10.pt,NCBIGene:25865,predicate:8,NCBIGene:23212,NCBIGene:2145,predicate:21,NCBIGene:23582,0.0
model_10.pt,PUBCHEM.COMPOUND:122196132,predicate:0,NCBIGene:7941,NCBIGene:2145,predicate:21,NCBIGene:23582,0.0
model_10.pt,NCBIGene:84283,predicate:1,NCBIGene:51458,NCBIGene:2145,predicate:21,NCBIGene:23582,0.0
model_10.pt,NCBIGene:84365,predicate:1,NCBIGene:4236,NCBIGene:2145,predicate:21,NCBIGene:23582,0.0
model_10.pt,CHEBI:8499,predicate:16,MONDO:0001382,NCBIGene:2145,predicate:21,NCBIGene:23582,0.0
model_10.pt,NCBIGene:850551,predicate:3,NCBIGene:856863,NCBIGene:2145,predicate:21,NCBIGene:23582,0.0
model_10.pt,NCBIGene:181271,predicate:3,NCBIGene:190925,NCBIGene:2145,predicate:21,NCBIGene:23582,0.0
model_10.pt,NCBIGene:151056,predicate:4,PUBCHEM.COMPOUND:131761197,NCBIGene:2145,predicate:21,NCBIGene:23582,0.0
model_10.pt,CHEBI:18152,predicate:9,NCBIGene:54498,NCBIGene:2145,predicate:21,NCBIGene:23582,0.0
model_10.pt,NCBIGene:29949,predicate:15,MONDO:0005011,NCBIGene:2145,predicate:21,NCBIGene:23582,0.0
model_10.pt,NCBIGene:173731,predicate:19,CHEBI:31823,NCBIGene:2145,predicate:21,NCBIGene:23582,0.0
model_10.pt,PUBCHEM.COMPOUND:44176335,predicate:0,NCBIGene:331,NCBIGene:2145,predicate:21,NCBIGene:23582,0.0
model_10.pt,PUBCHEM.COMPOUND:49864838,predicate:10,NCBIGene:834,NCBIGene:2145,predicate:21,NCBIGene:23582,0.0
model_10.pt,NCBIGene:10221,predicate:8,NCBIGene:22908,NCBIGene:2145,predicate:21,NCBIGene:23582,0.0
model_10.pt,CHEBI:46345,predicate:7,NCBIGene:6581,NCBIGene:2145,predicate:21,NCBIGene:23582,0.0
model_10.pt,NCBIGene:375035,predicate:3,NCBIGene:80346,NCBIGene:2145,predicate:21,NCBIGene:23582,0.0
model_10.pt,MONDO:0012176,predicate:13,HP:0003028,NCBIGene:51128,predicate:1,NCBIGene:2288,0.0
model_10.pt,CHEBI:6809,predicate:9,NCBIGene:8061,NCBIGene:51128,predicate:1,NCBIGene:2288,0.0
model_10.pt,PUBCHEM.COMPOUND:1113514,predicate:0,NCBIGene:946552,NCBIGene:51128,predicate:1,NCBIGene:2288,0.0
model_10.pt,PUBCHEM.COMPOUND:137636752,predicate:0,NCBIGene:3065,NCBIGene:51128,predicate:1,NCBIGene:2288,0.0
model_10.pt,CHEBI:367163,predicate:16,MONDO:0015691,NCBIGene:51128,predicate:1,NCBIGene:2288,0.0
model_10.pt,PUBCHEM.COMPOUND:130200977,predicate:10,NCBIGene:4988,NCBIGene:51128,predicate:1,NCBIGene:2288,0.0
model_10.pt,NCBIGene:78987,predicate:3,NCBIGene:92255,NCBIGene:51128,predicate:1,NCBIGene:2288,0.0
model_10.pt,NCBIGene:6352,predicate:36,NCBIGene:1234,NCBIGene:51128,predicate:1,NCBIGene:2288,0.0
model_10.pt,CHEBI:6443,predicate:7,NCBIGene:8644,NCBIGene:51128,predicate:1,NCBIGene:2288,0.0
model_10.pt,DRUGBANK:DB11158,predicate:12,MONDO:0005147,NCBIGene:51128,predicate:1,NCBIGene:2288,0.0
model_10.pt,CHEBI:5000,predicate:12,MONDO:0001076,NCBIGene:51128,predicate:1,NCBIGene:2288,0.0
model_10.pt,NCBIGene:8089,predicate:3,NCBIGene:26122,NCBIGene:51128,predicate:1,NCBIGene:2288,0.0
model_10.pt,NCBIGene:10400,predicate:4,PUBCHEM.COMPOUND:52924335,NCBIGene:51128,predicate:1,NCBIGene:2288,0.0
model_10.pt,NCBIGene:10618,predicate:3,NCBIGene:54887,NCBIGene:51128,predicate:1,NCBIGene:2288,0.0
model_10.pt,NCBIGene:3308,predicate:15,MONDO:0005559,NCBIGene:51128,predicate:1,NCBIGene:2288,0.0
model_10.pt,CHEBI:17351,predicate:7,NCBIGene:5315,NCBIGene:51128,predicate:1,NCBIGene:2288,0.0
model_10.pt,CHEMBL.COMPOUND:CHEMBL4747062,predicate:0,NCBIGene:23028,NCBIGene:51128,predicate:1,NCBIGene:2288,0.0
model_10.pt,CHEBI:16842,predicate:9,NCBIGene:3557,NCBIGene:51128,predicate:1,NCBIGene:2288,0.0
model_10.pt,NCBIGene:4616,predicate:1,NCBIGene:2034,NCBIGene:51128,predicate:1,NCBIGene:2288,23.146865844726562
model_10.pt,NCBIGene:10201,predicate:1,NCBIGene:6154,NCBIGene:51128,predicate:1,NCBIGene:2288,-25.098636627197266
model_10.pt,NCBIGene:794,predicate:6,NCBIGene:7135,NCBIGene:51128,predicate:1,NCBIGene:2288,0.0
model_10.pt,NCBIGene:50834,predicate:1,NCBIGene:403277,NCBIGene:51128,predicate:1,NCBIGene:2288,-93.31559753417969
model_10.pt,CHEBI:3755,predicate:2,MONDO:0007263,NCBIGene:51128,predicate:1,NCBIGene:2288,0.0
model_10.pt,PUBCHEM.COMPOUND:131762323,predicate:5,NCBIGene:5407,NCBIGene:51128,predicate:1,NCBIGene:2288,0.0
model_10.pt,PUBCHEM.COMPOUND:54325967,predicate:0,NCBIGene:5468,NCBIGene:51128,predicate:1,NCBIGene:2288,0.0
model_10.pt,CHEBI:64354,predicate:0,NCBIGene:6559,NCBIGene:51128,predicate:1,NCBIGene:2288,0.0
model_10.pt,CHEBI:44423,predicate:7,NCBIGene:3162,NCBIGene:51128,predicate:1,NCBIGene:2288,0.0
model_10.pt,NCBIGene:113174,predicate:10,NCBIGene:100528017,NCBIGene:51128,predicate:1,NCBIGene:2288,0.0
model_10.pt,NCBIGene:4502,predicate:1,NCBIGene:10912,NCBIGene:51128,predicate:1,NCBIGene:2288,-11.858172416687012
model_10.pt,NCBIGene:5321,predicate:4,PUBCHEM.COMPOUND:53478731,NCBIGene:51128,predicate:1,NCBIGene:2288,0.0
model_10.pt,CHEBI:3755,predicate:7,NCBIGene:2100,NCBIGene:51128,predicate:1,NCBIGene:2288,0.0
model_10.pt,NCBIGene:51741,predicate:13,HP:0000253,NCBIGene:51128,predicate:1,NCBIGene:2288,0.0
model_10.pt,CHEBI:156122,predicate:5,NCBIGene:23761,NCBIGene:51128,predicate:1,NCBIGene:2288,0.0
model_10.pt,NCBIGene:245865,predicate:3,NCBIGene:194974,NCBIGene:51128,predicate:1,NCBIGene:2288,0.0
model_10.pt,PUBCHEM.COMPOUND:127036977,predicate:0,NCBIGene:135,NCBIGene:51128,predicate:1,NCBIGene:2288,0.0
model_10.pt,PUBCHEM.COMPOUND:44433263,predicate:0,NCBIGene:1576,NCBIGene:51128,predicate:1,NCBIGene:2288,0.0
model_10.pt,CHEBI:16469,predicate:7,NCBIGene:10587,NCBIGene:51128,predicate:1,NCBIGene:2288,0.0
model_10.pt,PUBCHEM.COMPOUND:44314087,predicate:0,NCBIGene:4313,NCBIGene:51128,predicate:1,NCBIGene:2288,0.0
model_10.pt,PUBCHEM.COMPOUND:25093440,predicate:0,NCBIGene:1147,NCBIGene:51128,predicate:1,NCBIGene:2288,0.0
model_10.pt,NCBIGene:20962,predicate:3,NCBIGene:219150,NCBIGene:51128,predicate:1,NCBIGene:2288,0.0
model_10.pt,NCBIGene:23051,predicate:15,MONDO:0005068,NCBIGene:51128,predicate:1,NCBIGene:2288,0.0
model_10.pt,NCBIGene:10565,predicate:6,NCBIGene:284369,NCBIGene:51128,predicate:1,NCBIGene:2288,0.0
model_10.pt,PUBCHEM.COMPOUND:59268935,predicate:0,NCBIGene:1137,NCBIGene:51128,predicate:1,NCBIGene:2288,0.0
model_10.pt,NCBIGene:5903,predicate:1,NCBIGene:402569,NCBIGene:51128,predicate:1,NCBIGene:2288,5.920532703399658
model_10.pt,PUBCHEM.COMPOUND:57395067,predicate:0,NCBIGene:6531,NCBIGene:51128,predicate:1,NCBIGene:2288,0.0
model_10.pt,NCBIGene:852585,predicate:3,NCBIGene:855469,NCBIGene:51128,predicate:1,NCBIGene:2288,0.0
model_10.pt,NCBIGene:3976,predicate:9,NCBIGene:2526,NCBIGene:51128,predicate:1,NCBIGene:2288,0.0
model_10.pt,NCBIGene:928,predicate:1,NCBIGene:29952,NCBIGene:51128,predicate:1,NCBIGene:2288,-69.74434661865234
model_10.pt,MONDO:0013171,predicate:13,MONDO:0001071,NCBIGene:51128,predicate:1,NCBIGene:2288,0.0
model_10.pt,NCBIGene:4634,predicate:1,NCBIGene:6445,NCBIGene:51128,predicate:1,NCBIGene:2288,8.179994583129883
model_10.pt,CHEBI:18293,predicate:12,HP:0001945,NCBIGene:51128,predicate:1,NCBIGene:2288,0.0
model_10.pt,UNII:5M691HL4BO,predicate:16,HP:0001288,NCBIGene:51128,predicate:1,NCBIGene:2288,0.0
model_10.pt,MONDO:0011122,predicate:10,NCBIGene:2673,NCBIGene:51128,predicate:1,NCBIGene:2288,0.0
model_10.pt,CHEBI:185383,predicate:5,NCBIGene:9514,NCBIGene:51128,predicate:1,NCBIGene:2288,0.0
model_10.pt,NCBIGene:4763,predicate:13,HP:0002857,NCBIGene:51128,predicate:1,NCBIGene:2288,0.0
model_10.pt,CHEBI:6121,predicate:7,NCBIGene:2335,NCBIGene:51128,predicate:1,NCBIGene:2288,0.0
model_10.pt,NCBIGene:4204,predicate:13,HP:0010864,NCBIGene:51128,predicate:1,NCBIGene:2288,0.0
model_10.pt,PUBCHEM.COMPOUND:5702107,predicate:23,NCBIGene:760,NCBIGene:51128,predicate:1,NCBIGene:2288,0.0
model_10.pt,NCBIGene:22976,predicate:9,NCBIGene:9519,NCBIGene:51128,predicate:1,NCBIGene:2288,0.0
model_10.pt,PUBCHEM.COMPOUND:9834864,predicate:14,NCBIGene:1137,NCBIGene:51128,predicate:1,NCBIGene:2288,0.0
model_10.pt,PUBCHEM.COMPOUND:44431492,predicate:10,NCBIGene:1815,NCBIGene:51128,predicate:1,NCBIGene:2288,0.0
model_10.pt,CHEBI:191001,predicate:18,NCBIGene:6422,NCBIGene:51128,predicate:1,NCBIGene:2288,0.0
model_10.pt,PUBCHEM.COMPOUND:25015107,predicate:0,NCBIGene:2260,NCBIGene:51128,predicate:1,NCBIGene:2288,0.0
model_10.pt,PUBCHEM.COMPOUND:131757266,predicate:5,NCBIGene:80168,NCBIGene:51128,predicate:1,NCBIGene:2288,0.0
model_10.pt,NCBIGene:23205,predicate:1,NCBIGene:11283,NCBIGene:51128,predicate:1,NCBIGene:2288,-57.77348327636719
model_10.pt,NCBIGene:23054,predicate:1,NCBIGene:54617,NCBIGene:51128,predicate:1,NCBIGene:2288,-74.24942016601562
model_10.pt,NCBIGene:10008,predicate:3,NCBIGene:4751,NCBIGene:51128,predicate:1,NCBIGene:2288,0.0
model_10.pt,NCBIGene:27183,predicate:1,NCBIGene:4904,NCBIGene:51128,predicate:1,NCBIGene:2288,44.733741760253906
model_10.pt,NCBIGene:5578,predicate:8,NCBIGene:85377,NCBIGene:51128,predicate:1,NCBIGene:2288,0.0
model_10.pt,NCBIGene:79165,predicate:1,NCBIGene:9704,NCBIGene:51128,predicate:1,NCBIGene:2288,15.218415260314941
model_10.pt,NCBIGene:2170,predicate:9,NCBIGene:8611,NCBIGene:51128,predicate:1,NCBIGene:2288,0.0
model_10.pt,NCBIGene:91748,predicate:1,NCBIGene:59345,NCBIGene:51128,predicate:1,NCBIGene:2288,44.371063232421875
model_10.pt,PUBCHEM.COMPOUND:155512592,predicate:0,NCBIGene:142,NCBIGene:51128,predicate:1,NCBIGene:2288,0.0
model_10.pt,NCBIGene:5663,predicate:7,NCBIGene:7158,NCBIGene:51128,predicate:1,NCBIGene:2288,0.0
model_10.pt,NCBIGene:4140,predicate:21,NCBIGene:7534,NCBIGene:51128,predicate:1,NCBIGene:2288,0.0
model_10.pt,NCBIGene:2475,predicate:1,NCBIGene:23456,NCBIGene:51128,predicate:1,NCBIGene:2288,-27.109386444091797
model_10.pt,NCBIGene:3162,predicate:15,MONDO:0000831,NCBIGene:51128,predicate:1,NCBIGene:2288,0.0
model_10.pt,PUBCHEM.COMPOUND:10578760,predicate:0,NCBIGene:29580,NCBIGene:51128,predicate:1,NCBIGene:2288,0.0
model_10.pt,NCBIGene:56893,predicate:9,NCBIGene:7316,NCBIGene:51128,predicate:1,NCBIGene:2288,0.0
model_10.pt,CHEBI:93205,predicate:23,NCBIGene:8743,NCBIGene:51128,predicate:1,NCBIGene:2288,0.0
model_10.pt,NCBIGene:1147,predicate:1,NCBIGene:57162,NCBIGene:51128,predicate:1,NCBIGene:2288,26.047590255737305
model_10.pt,PUBCHEM.COMPOUND:137226420,predicate:0,NCBIGene:760,NCBIGene:51128,predicate:1,NCBIGene:2288,0.0
model_10.pt,MONDO:0010691,predicate:13,HP:0007957,NCBIGene:51128,predicate:1,NCBIGene:2288,0.0
model_10.pt,NCBIGene:51372,predicate:1,NCBIGene:6202,NCBIGene:51128,predicate:1,NCBIGene:2288,0.9999313354492188
model_10.pt,NCBIGene:25865,predicate:8,NCBIGene:23212,NCBIGene:51128,predicate:1,NCBIGene:2288,0.0
model_10.pt,PUBCHEM.COMPOUND:122196132,predicate:0,NCBIGene:7941,NCBIGene:51128,predicate:1,NCBIGene:2288,0.0
model_10.pt,NCBIGene:84283,predicate:1,NCBIGene:51458,NCBIGene:51128,predicate:1,NCBIGene:2288,24.701936721801758
model_10.pt,NCBIGene:84365,predicate:1,NCBIGene:4236,NCBIGene:51128,predicate:1,NCBIGene:2288,-64.878173828125
model_10.pt,CHEBI:8499,predicate:16,MONDO:0001382,NCBIGene:51128,predicate:1,NCBIGene:2288,0.0
model_10.pt,NCBIGene:850551,predicate:3,NCBIGene:856863,NCBIGene:51128,predicate:1,NCBIGene:2288,0.0
model_10.pt,NCBIGene:181271,predicate:3,NCBIGene:190925,NCBIGene:51128,predicate:1,NCBIGene:2288,0.0
model_10.pt,NCBIGene:151056,predicate:4,PUBCHEM.COMPOUND:131761197,NCBIGene:51128,predicate:1,NCBIGene:2288,0.0
model_10.pt,CHEBI:18152,predicate:9,NCBIGene:54498,NCBIGene:51128,predicate:1,NCBIGene:2288,0.0
model_10.pt,NCBIGene:29949,predicate:15,MONDO:0005011,NCBIGene:51128,predicate:1,NCBIGene:2288,0.0
model_10.pt,NCBIGene:173731,predicate:19,CHEBI:31823,NCBIGene:51128,predicate:1,NCBIGene:2288,0.0
model_10.pt,PUBCHEM.COMPOUND:44176335,predicate:0,NCBIGene:331,NCBIGene:51128,predicate:1,NCBIGene:2288,0.0
model_10.pt,PUBCHEM.COMPOUND:49864838,predicate:10,NCBIGene:834,NCBIGene:51128,predicate:1,NCBIGene:2288,0.0
model_10.pt,NCBIGene:10221,predicate:8,NCBIGene:22908,NCBIGene:51128,predicate:1,NCBIGene:2288,0.0
model_10.pt,CHEBI:46345,predicate:7,NCBIGene:6581,NCBIGene:51128,predicate:1,NCBIGene:2288,0.0
model_10.pt,NCBIGene:375035,predicate:3,NCBIGene:80346,NCBIGene:51128,predicate:1,NCBIGene:2288,0.0
model_2.pt,MONDO:0012176,predicate:13,HP:0003028,PUBCHEM.COMPOUND:71059938,predicate:10,NCBIGene:2642,0.0
model_2.pt,CHEBI:6809,predicate:9,NCBIGene:8061,PUBCHEM.COMPOUND:71059938,predicate:10,NCBIGene:2642,0.0
model_2.pt,PUBCHEM.COMPOUND:1113514,predicate:0,NCBIGene:946552,PUBCHEM.COMPOUND:71059938,predicate:10,NCBIGene:2642,0.0
model_2.pt,PUBCHEM.COMPOUND:137636752,predicate:0,NCBIGene:3065,PUBCHEM.COMPOUND:71059938,predicate:10,NCBIGene:2642,0.0
model_2.pt,CHEBI:367163,predicate:16,MONDO:0015691,PUBCHEM.COMPOUND:71059938,predicate:10,NCBIGene:2642,0.0
model_2.pt,PUBCHEM.COMPOUND:130200977,predicate:10,NCBIGene:4988,PUBCHEM.COMPOUND:71059938,predicate:10,NCBIGene:2642,-41.67158508300781
model_2.pt,NCBIGene:78987,predicate:3,NCBIGene:92255,PUBCHEM.COMPOUND:71059938,predicate:10,NCBIGene:2642,0.0
model_2.pt,NCBIGene:6352,predicate:36,NCBIGene:1234,PUBCHEM.COMPOUND:71059938,predicate:10,NCBIGene:2642,0.0
model_2.pt,CHEBI:6443,predicate:7,NCBIGene:8644,PUBCHEM.COMPOUND:71059938,predicate:10,NCBIGene:2642,0.0
model_2.pt,DRUGBANK:DB11158,predicate:12,MONDO:0005147,PUBCHEM.COMPOUND:71059938,predicate:10,NCBIGene:2642,0.0
model_2.pt,CHEBI:5000,predicate:12,MONDO:0001076,PUBCHEM.COMPOUND:71059938,predicate:10,NCBIGene:2642,0.0
model_2.pt,NCBIGene:8089,predicate:3,NCBIGene:26122,PUBCHEM.COMPOUND:71059938,predicate:10,NCBIGene:2642,0.0
model_2.pt,NCBIGene:10400,predicate:4,PUBCHEM.COMPOUND:52924335,PUBCHEM.COMPOUND:71059938,predicate:10,NCBIGene:2642,0.0
model_2.pt,NCBIGene:10618,predicate:3,NCBIGene:54887,PUBCHEM.COMPOUND:71059938,predicate:10,NCBIGene:2642,0.0
model_2.pt,NCBIGene:3308,predicate:15,MONDO:0005559,PUBCHEM.COMPOUND:71059938,predicate:10,NCBIGene:2642,0.0
model_2.pt,CHEBI:17351,predicate:7,NCBIGene:5315,PUBCHEM.COMPOUND:71059938,predicate:10,NCBIGene:2642,0.0
model_2.pt,CHEMBL.COMPOUND:CHEMBL4747062,predicate:0,NCBIGene:23028,PUBCHEM.COMPOUND:71059938,predicate:10,NCBIGene:2642,0.0
model_2.pt,CHEBI:16842,predicate:9,NCBIGene:3557,PUBCHEM.COMPOUND:71059938,predicate:10,NCBIGene:2642,0.0
model_2.pt,NCBIGene:4616,predicate:1,NCBIGene:2034,PUBCHEM.COMPOUND:71059938,predicate:10,NCBIGene:2642,0.0
model_2.pt,NCBIGene:10201,predicate:1,NCBIGene:6154,PUBCHEM.COMPOUND:71059938,predicate:10,NCBIGene:2642,0.0
model_2.pt,NCBIGene:794,predicate:6,NCBIGene:7135,PUBCHEM.COMPOUND:71059938,predicate:10,NCBIGene:2642,0.0
model_2.pt,NCBIGene:50834,predicate:1,NCBIGene:403277,PUBCHEM.COMPOUND:71059938,predicate:10,NCBIGene:2642,0.0
model_2.pt,CHEBI:3755,predicate:2,MONDO:0007263,PUBCHEM.COMPOUND:71059938,predicate:10,NCBIGene:2642,0.0
model_2.pt,PUBCHEM.COMPOUND:131762323,predicate:5,NCBIGene:5407,PUBCHEM.COMPOUND:71059938,predicate:10,NCBIGene:2642,0.0
model_2.pt,PUBCHEM.COMPOUND:54325967,predicate:0,NCBIGene:5468,PUBCHEM.COMPOUND:71059938,predicate:10,NCBIGene:2642,0.0
model_2.pt,CHEBI:64354,predicate:0,NCBIGene:6559,PUBCHEM.COMPOUND:71059938,predicate:10,NCBIGene:2642,0.0
model_2.pt,CHEBI:44423,predicate:7,NCBIGene:3162,PUBCHEM.COMPOUND:71059938,predicate:10,NCBIGene:2642,0.0
model_2.pt,NCBIGene:113174,predicate:10,NCBIGene:100528017,PUBCHEM.COMPOUND:71059938,predicate:10,NCBIGene:2642,23.030071258544922
model_2.pt,NCBIGene:4502,predicate:1,NCBIGene:10912,PUBCHEM.COMPOUND:71059938,predicate:10,NCBIGene:2642,0.0
model_2.pt,NCBIGene:5321,predicate:4,PUBCHEM.COMPOUND:53478731,PUBCHEM.COMPOUND:71059938,predicate:10,NCBIGene:2642,0.0
model_2.pt,CHEBI:3755,predicate:7,NCBIGene:2100,PUBCHEM.COMPOUND:71059938,predicate:10,NCBIGene:2642,0.0
model_2.pt,NCBIGene:51741,predicate:13,HP:0000253,PUBCHEM.COMPOUND:71059938,predicate:10,NCBIGene:2642,0.0
model_2.pt,CHEBI:156122,predicate:5,NCBIGene:23761,PUBCHEM.COMPOUND:71059938,predicate:10,NCBIGene:2642,0.0
model_2.pt,NCBIGene:245865,predicate:3,NCBIGene:194974,PUBCHEM.COMPOUND:71059938,predicate:10,NCBIGene:2642,0.0
model_2.pt,PUBCHEM.COMPOUND:127036977,predicate:0,NCBIGene:135,PUBCHEM.COMPOUND:71059938,predicate:10,NCBIGene:2642,0.0
model_2.pt,PUBCHEM.COMPOUND:44433263,predicate:0,NCBIGene:1576,PUBCHEM.COMPOUND:71059938,predicate:10,NCBIGene:2642,0.0
model_2.pt,CHEBI:16469,predicate:7,NCBIGene:10587,PUBCHEM.COMPOUND:71059938,predicate:10,NCBIGene:2642,0.0
model_2.pt,PUBCHEM.COMPOUND:44314087,predicate:0,NCBIGene:4313,PUBCHEM.COMPOUND:71059938,predicate:10,NCBIGene:2642,0.0
model_2.pt,PUBCHEM.COMPOUND:25093440,predicate:0,NCBIGene:1147,PUBCHEM.COMPOUND:71059938,predicate:10,NCBIGene:2642,0.0
model_2.pt,NCBIGene:20962,predicate:3,NCBIGene:219150,PUBCHEM.COMPOUND:71059938,predicate:10,NCBIGene:2642,0.0
model_2.pt,NCBIGene:23051,predicate:15,MONDO:0005068,PUBCHEM.COMPOUND:71059938,predicate:10,NCBIGene:2642,0.0
model_2.pt,NCBIGene:10565,predicate:6,NCBIGene:284369,PUBCHEM.COMPOUND:71059938,predicate:10,NCBIGene:2642,0.0
model_2.pt,PUBCHEM.COMPOUND:59268935,predicate:0,NCBIGene:1137,PUBCHEM.COMPOUND:71059938,predicate:10,NCBIGene:2642,0.0
model_2.pt,NCBIGene:5903,predicate:1,NCBIGene:402569,PUBCHEM.COMPOUND:71059938,predicate:10,NCBIGene:2642,0.0
model_2.pt,PUBCHEM.COMPOUND:57395067,predicate:0,NCBIGene:6531,PUBCHEM.COMPOUND:71059938,predicate:10,NCBIGene:2642,0.0
model_2.pt,NCBIGene:852585,predicate:3,NCBIGene:855469,PUBCHEM.COMPOUND:71059938,predicate:10,NCBIGene:2642,0.0
model_2.pt,NCBIGene:3976,predicate:9,NCBIGene:2526,PUBCHEM.COMPOUND:71059938,predicate:10,NCBIGene:2642,0.0
model_2.pt,NCBIGene:928,predicate:1,NCBIGene:29952,PUBCHEM.COMPOUND:71059938,predicate:10,NCBIGene:2642,0.0
model_2.pt,MONDO:0013171,predicate:13,MONDO:0001071,PUBCHEM.COMPOUND:71059938,predicate:10,NCBIGene:2642,0.0
model_2.pt,NCBIGene:4634,predicate:1,NCBIGene:6445,PUBCHEM.COMPOUND:71059938,predicate:10,NCBIGene:2642,0.0
model_2.pt,CHEBI:18293,predicate:12,HP:0001945,PUBCHEM.COMPOUND:71059938,predicate:10,NCBIGene:2642,0.0
model_2.pt,UNII:5M691HL4BO,predicate:16,HP:0001288,PUBCHEM.COMPOUND:71059938,predicate:10,NCBIGene:2642,0.0
model_2.pt,MONDO:0011122,predicate:10,NCBIGene:2673,PUBCHEM.COMPOUND:71059938,predicate:10,NCBIGene:2642,6.520404815673828
model_2.pt,CHEBI:185383,predicate:5,NCBIGene:9514,PUBCHEM.COMPOUND:71059938,predicate:10,NCBIGene:2642,0.0
model_2.pt,NCBIGene:4763,predicate:13,HP:0002857,PUBCHEM.COMPOUND:71059938,predicate:10,NCBIGene:2642,0.0
model_2.pt,CHEBI:6121,predicate:7,NCBIGene:2335,PUBCHEM.COMPOUND:71059938,predicate:10,NCBIGene:2642,0.0
model_2.pt,NCBIGene:4204,predicate:13,HP:0010864,PUBCHEM.COMPOUND:71059938,predicate:10,NCBIGene:2642,0.0
model_2.pt,PUBCHEM.COMPOUND:5702107,predicate:23,NCBIGene:760,PUBCHEM.COMPOUND:71059938,predicate:10,NCBIGene:2642,0.0
model_2.pt,NCBIGene:22976,predicate:9,NCBIGene:9519,PUBCHEM.COMPOUND:71059938,predicate:10,NCBIGene:2642,0.0
model_2.pt,PUBCHEM.COMPOUND:9834864,predicate:14,NCBIGene:1137,PUBCHEM.COMPOUND:71059938,predicate:10,NCBIGene:2642,0.0
model_2.pt,PUBCHEM.COMPOUND:44431492,predicate:10,NCBIGene:1815,PUBCHEM.COMPOUND:71059938,predicate:10,NCBIGene:2642,55.46772384643555
model_2.pt,CHEBI:191001,predicate:18,NCBIGene:6422,PUBCHEM.COMPOUND:71059938,predicate:10,NCBIGene:2642,0.0
model_2.pt,PUBCHEM.COMPOUND:25015107,predicate:0,NCBIGene:2260,PUBCHEM.COMPOUND:71059938,predicate:10,NCBIGene:2642,0.0
model_2.pt,PUBCHEM.COMPOUND:131757266,predicate:5,NCBIGene:80168,PUBCHEM.COMPOUND:71059938,predicate:10,NCBIGene:2642,0.0
model_2.pt,NCBIGene:23205,predicate:1,NCBIGene:11283,PUBCHEM.COMPOUND:71059938,predicate:10,NCBIGene:2642,0.0
model_2.pt,NCBIGene:23054,predicate:1,NCBIGene:54617,PUBCHEM.COMPOUND:71059938,predicate:10,NCBIGene:2642,0.0
model_2.pt,NCBIGene:10008,predicate:3,NCBIGene:4751,PUBCHEM.COMPOUND:71059938,predicate:10,NCBIGene:2642,0.0
model_2.pt,NCBIGene:27183,predicate:1,NCBIGene:4904,PUBCHEM.COMPOUND:71059938,predicate:10,NCBIGene:2642,0.0
model_2.pt,NCBIGene:5578,predicate:8,NCBIGene:85377,PUBCHEM.COMPOUND:71059938,predicate:10,NCBIGene:2642,0.0
model_2.pt,NCBIGene:79165,predicate:1,NCBIGene:9704,PUBCHEM.COMPOUND:71059938,predicate:10,NCBIGene:2642,0.0
model_2.pt,NCBIGene:2170,predicate:9,NCBIGene:8611,PUBCHEM.COMPOUND:71059938,predicate:10,NCBIGene:2642,0.0
model_2.pt,NCBIGene:91748,predicate:1,NCBIGene:59345,PUBCHEM.COMPOUND:71059938,predicate:10,NCBIGene:2642,0.0
model_2.pt,PUBCHEM.COMPOUND:155512592,predicate:0,NCBIGene:142,PUBCHEM.COMPOUND:71059938,predicate:10,NCBIGene:2642,0.0
model_2.pt,NCBIGene:5663,predicate:7,NCBIGene:7158,PUBCHEM.COMPOUND:71059938,predicate:10,NCBIGene:2642,0.0
model_2.pt,NCBIGene:4140,predicate:21,NCBIGene:7534,PUBCHEM.COMPOUND:71059938,predicate:10,NCBIGene:2642,0.0
model_2.pt,NCBIGene:2475,predicate:1,NCBIGene:23456,PUBCHEM.COMPOUND:71059938,predicate:10,NCBIGene:2642,0.0
model_2.pt,NCBIGene:3162,predicate:15,MONDO:0000831,PUBCHEM.COMPOUND:71059938,predicate:10,NCBIGene:2642,0.0
model_2.pt,PUBCHEM.COMPOUND:10578760,predicate:0,NCBIGene:29580,PUBCHEM.COMPOUND:71059938,predicate:10,NCBIGene:2642,0.0
model_2.pt,NCBIGene:56893,predicate:9,NCBIGene:7316,PUBCHEM.COMPOUND:71059938,predicate:10,NCBIGene:2642,0.0
model_2.pt,CHEBI:93205,predicate:23,NCBIGene:8743,PUBCHEM.COMPOUND:71059938,predicate:10,NCBIGene:2642,0.0
model_2.pt,NCBIGene:1147,predicate:1,NCBIGene:57162,PUBCHEM.COMPOUND:71059938,predicate:10,NCBIGene:2642,0.0
model_2.pt,PUBCHEM.COMPOUND:137226420,predicate:0,NCBIGene:760,PUBCHEM.COMPOUND:71059938,predicate:10,NCBIGene:2642,0.0
model_2.pt,MONDO:0010691,predicate:13,HP:0007957,PUBCHEM.COMPOUND:71059938,predicate:10,NCBIGene:2642,0.0
model_2.pt,NCBIGene:51372,predicate:1,NCBIGene:6202,PUBCHEM.COMPOUND:71059938,predicate:10,NCBIGene:2642,0.0
model_2.pt,NCBIGene:25865,predicate:8,NCBIGene:23212,PUBCHEM.COMPOUND:71059938,predicate:10,NCBIGene:2642,0.0
model_2.pt,PUBCHEM.COMPOUND:122196132,predicate:0,NCBIGene:7941,PUBCHEM.COMPOUND:71059938,predicate:10,NCBIGene:2642,0.0
model_2.pt,NCBIGene:84283,predicate:1,NCBIGene:51458,PUBCHEM.COMPOUND:71059938,predicate:10,NCBIGene:2642,0.0
model_2.pt,NCBIGene:84365,predicate:1,NCBIGene:4236,PUBCHEM.COMPOUND:71059938,predicate:10,NCBIGene:2642,0.0
model_2.pt,CHEBI:8499,predicate:16,MONDO:0001382,PUBCHEM.COMPOUND:71059938,predicate:10,NCBIGene:2642,0.0
model_2.pt,NCBIGene:850551,predicate:3,NCBIGene:856863,PUBCHEM.COMPOUND:71059938,predicate:10,NCBIGene:2642,0.0
model_2.pt,NCBIGene:181271,predicate:3,NCBIGene:190925,PUBCHEM.COMPOUND:71059938,predicate:10,NCBIGene:2642,0.0
model_2.pt,NCBIGene:151056,predicate:4,PUBCHEM.COMPOUND:131761197,PUBCHEM.COMPOUND:71059938,predicate:10,NCBIGene:2642,0.0
model_2.pt,CHEBI:18152,predicate:9,NCBIGene:54498,PUBCHEM.COMPOUND:71059938,predicate:10,NCBIGene:2642,0.0
model_2.pt,NCBIGene:29949,predicate:15,MONDO:0005011,PUBCHEM.COMPOUND:71059938,predicate:10,NCBIGene:2642,0.0
model_2.pt,NCBIGene:173731,predicate:19,CHEBI:31823,PUBCHEM.COMPOUND:71059938,predicate:10,NCBIGene:2642,0.0
model_2.pt,PUBCHEM.COMPOUND:44176335,predicate:0,NCBIGene:331,PUBCHEM.COMPOUND:71059938,predicate:10,NCBIGene:2642,0.0
model_2.pt,PUBCHEM.COMPOUND:49864838,predicate:10,NCBIGene:834,PUBCHEM.COMPOUND:71059938,predicate:10,NCBIGene:2642,-23.00800132751465
model_2.pt,NCBIGene:10221,predicate:8,NCBIGene:22908,PUBCHEM.COMPOUND:71059938,predicate:10,NCBIGene:2642,0.0
model_2.pt,CHEBI:46345,predicate:7,NCBIGene:6581,PUBCHEM.COMPOUND:71059938,predicate:10,NCBIGene:2642,0.0
model_2.pt,NCBIGene:375035,predicate:3,NCBIGene:80346,PUBCHEM.COMPOUND:71059938,predicate:10,NCBIGene:2642,0.0
model_2.pt,MONDO:0012176,predicate:13,HP:0003028,NCBIGene:7045,predicate:1,NCBIGene:216,0.0
model_2.pt,CHEBI:6809,predicate:9,NCBIGene:8061,NCBIGene:7045,predicate:1,NCBIGene:216,0.0
model_2.pt,PUBCHEM.COMPOUND:1113514,predicate:0,NCBIGene:946552,NCBIGene:7045,predicate:1,NCBIGene:216,0.0
model_2.pt,PUBCHEM.COMPOUND:137636752,predicate:0,NCBIGene:3065,NCBIGene:7045,predicate:1,NCBIGene:216,0.0
model_2.pt,CHEBI:367163,predicate:16,MONDO:0015691,NCBIGene:7045,predicate:1,NCBIGene:216,0.0
model_2.pt,PUBCHEM.COMPOUND:130200977,predicate:10,NCBIGene:4988,NCBIGene:7045,predicate:1,NCBIGene:216,0.0
model_2.pt,NCBIGene:78987,predicate:3,NCBIGene:92255,NCBIGene:7045,predicate:1,NCBIGene:216,0.0
model_2.pt,NCBIGene:6352,predicate:36,NCBIGene:1234,NCBIGene:7045,predicate:1,NCBIGene:216,0.0
model_2.pt,CHEBI:6443,predicate:7,NCBIGene:8644,NCBIGene:7045,predicate:1,NCBIGene:216,0.0
model_2.pt,DRUGBANK:DB11158,predicate:12,MONDO:0005147,NCBIGene:7045,predicate:1,NCBIGene:216,0.0
model_2.pt,CHEBI:5000,predicate:12,MONDO:0001076,NCBIGene:7045,predicate:1,NCBIGene:216,0.0
model_2.pt,NCBIGene:8089,predicate:3,NCBIGene:26122,NCBIGene:7045,predicate:1,NCBIGene:216,0.0
model_2.pt,NCBIGene:10400,predicate:4,PUBCHEM.COMPOUND:52924335,NCBIGene:7045,predicate:1,NCBIGene:216,0.0
model_2.pt,NCBIGene:10618,predicate:3,NCBIGene:54887,NCBIGene:7045,predicate:1,NCBIGene:216,0.0
model_2.pt,NCBIGene:3308,predicate:15,MONDO:0005559,NCBIGene:7045,predicate:1,NCBIGene:216,0.0
model_2.pt,CHEBI:17351,predicate:7,NCBIGene:5315,NCBIGene:7045,predicate:1,NCBIGene:216,0.0
model_2.pt,CHEMBL.COMPOUND:CHEMBL4747062,predicate:0,NCBIGene:23028,NCBIGene:7045,predicate:1,NCBIGene:216,0.0
model_2.pt,CHEBI:16842,predicate:9,NCBIGene:3557,NCBIGene:7045,predicate:1,NCBIGene:216,0.0
model_2.pt,NCBIGene:4616,predicate:1,NCBIGene:2034,NCBIGene:7045,predicate:1,NCBIGene:216,114.77522277832031
model_2.pt,NCBIGene:10201,predicate:1,NCBIGene:6154,NCBIGene:7045,predicate:1,NCBIGene:216,-95.55609130859375
model_2.pt,NCBIGene:794,predicate:6,NCBIGene:7135,NCBIGene:7045,predicate:1,NCBIGene:216,0.0
model_2.pt,NCBIGene:50834,predicate:1,NCBIGene:403277,NCBIGene:7045,predicate:1,NCBIGene:216,35.349361419677734
model_2.pt,CHEBI:3755,predicate:2,MONDO:0007263,NCBIGene:7045,predicate:1,NCBIGene:216,0.0
model_2.pt,PUBCHEM.COMPOUND:131762323,predicate:5,NCBIGene:5407,NCBIGene:7045,predicate:1,NCBIGene:216,0.0
model_2.pt,PUBCHEM.COMPOUND:54325967,predicate:0,NCBIGene:5468,NCBIGene:7045,predicate:1,NCBIGene:216,0.0
model_2.pt,CHEBI:64354,predicate:0,NCBIGene:6559,NCBIGene:7045,predicate:1,NCBIGene:216,0.0
model_2.pt,CHEBI:44423,predicate:7,NCBIGene:3162,NCBIGene:7045,predicate:1,NCBIGene:216,0.0
model_2.pt,NCBIGene:113174,predicate:10,NCBIGene:100528017,NCBIGene:7045,predicate:1,NCBIGene:216,0.0
model_2.pt,NCBIGene:4502,predicate:1,NCBIGene:10912,NCBIGene:7045,predicate:1,NCBIGene:216,-13.752601623535156
model_2.pt,NCBIGene:5321,predicate:4,PUBCHEM.COMPOUND:53478731,NCBIGene:7045,predicate:1,NCBIGene:216,0.0
model_2.pt,CHEBI:3755,predicate:7,NCBIGene:2100,NCBIGene:7045,predicate:1,NCBIGene:216,0.0
model_2.pt,NCBIGene:51741,predicate:13,HP:0000253,NCBIGene:7045,predicate:1,NCBIGene:216,0.0
model_2.pt,CHEBI:156122,predicate:5,NCBIGene:23761,NCBIGene:7045,predicate:1,NCBIGene:216,0.0
model_2.pt,NCBIGene:245865,predicate:3,NCBIGene:194974,NCBIGene:7045,predicate:1,NCBIGene:216,0.0
model_2.pt,PUBCHEM.COMPOUND:127036977,predicate:0,NCBIGene:135,NCBIGene:7045,predicate:1,NCBIGene:216,0.0
model_2.pt,PUBCHEM.COMPOUND:44433263,predicate:0,NCBIGene:1576,NCBIGene:7045,predicate:1,NCBIGene:216,0.0
model_2.pt,CHEBI:16469,predicate:7,NCBIGene:10587,NCBIGene:7045,predicate:1,NCBIGene:216,0.0
model_2.pt,PUBCHEM.COMPOUND:44314087,predicate:0,NCBIGene:4313,NCBIGene:7045,predicate:1,NCBIGene:216,0.0
model_2.pt,PUBCHEM.COMPOUND:25093440,predicate:0,NCBIGene:1147,NCBIGene:7045,predicate:1,NCBIGene:216,0.0
model_2.pt,NCBIGene:20962,predicate:3,NCBIGene:219150,NCBIGene:7045,predicate:1,NCBIGene:216,0.0
model_2.pt,NCBIGene:23051,predicate:15,MONDO:0005068,NCBIGene:7045,predicate:1,NCBIGene:216,0.0
model_2.pt,NCBIGene:10565,predicate:6,NCBIGene:284369,NCBIGene:7045,predicate:1,NCBIGene:216,0.0
model_2.pt,PUBCHEM.COMPOUND:59268935,predicate:0,NCBIGene:1137,NCBIGene:7045,predicate:1,NCBIGene:216,0.0
model_2.pt,NCBIGene:5903,predicate:1,NCBIGene:402569,NCBIGene:7045,predicate:1,NCBIGene:216,-15.565179824829102
model_2.pt,PUBCHEM.COMPOUND:57395067,predicate:0,NCBIGene:6531,NCBIGene:7045,predicate:1,NCBIGene:216,0.0
model_2.pt,NCBIGene:852585,predicate:3,NCBIGene:855469,NCBIGene:7045,predicate:1,NCBIGene:216,0.0
model_2.pt,NCBIGene:3976,predicate:9,NCBIGene:2526,NCBIGene:7045,predicate:1,NCBIGene:216,0.0
model_2.pt,NCBIGene:928,predicate:1,NCBIGene:29952,NCBIGene:7045,predicate:1,NCBIGene:216,-12.835687637329102
model_2.pt,MONDO:0013171,predicate:13,MONDO:0001071,NCBIGene:7045,predicate:1,NCBIGene:216,0.0
model_2.pt,NCBIGene:4634,predicate:1,NCBIGene:6445,NCBIGene:7045,predicate:1,NCBIGene:216,25.02814292907715
model_2.pt,CHEBI:18293,predicate:12,HP:0001945,NCBIGene:7045,predicate:1,NCBIGene:216,0.0
model_2.pt,UNII:5M691HL4BO,predicate:16,HP:0001288,NCBIGene:7045,predicate:1,NCBIGene:216,0.0
model_2.pt,MONDO:0011122,predicate:10,NCBIGene:2673,NCBIGene:7045,predicate:1,NCBIGene:216,0.0
model_2.pt,CHEBI:185383,predicate:5,NCBIGene:9514,NCBIGene:7045,predicate:1,NCBIGene:216,0.0
model_2.pt,NCBIGene:4763,predicate:13,HP:0002857,NCBIGene:7045,predicate:1,NCBIGene:216,0.0
model_2.pt,CHEBI:6121,predicate:7,NCBIGene:2335,NCBIGene:7045,predicate:1,NCBIGene:216,0.0
model_2.pt,NCBIGene:4204,predicate:13,HP:0010864,NCBIGene:7045,predicate:1,NCBIGene:216,0.0
model_2.pt,PUBCHEM.COMPOUND:5702107,predicate:23,NCBIGene:760,NCBIGene:7045,predicate:1,NCBIGene:216,0.0
model_2.pt,NCBIGene:22976,predicate:9,NCBIGene:9519,NCBIGene:7045,predicate:1,NCBIGene:216,0.0
model_2.pt,PUBCHEM.COMPOUND:9834864,predicate:14,NCBIGene:1137,NCBIGene:7045,predicate:1,NCBIGene:216,0.0
model_2.pt,PUBCHEM.COMPOUND:44431492,predicate:10,NCBIGene:1815,NCBIGene:7045,predicate:1,NCBIGene:216,0.0
model_2.pt,CHEBI:191001,predicate:18,NCBIGene:6422,NCBIGene:7045,predicate:1,NCBIGene:216,0.0
model_2.pt,PUBCHEM.COMPOUND:25015107,predicate:0,NCBIGene:2260,NCBIGene:7045,predicate:1,NCBIGene:216,0.0
model_2.pt,PUBCHEM.COMPOUND:131757266,predicate:5,NCBIGene:80168,NCBIGene:7045,predicate:1,NCBIGene:216,0.0
model_2.pt,NCBIGene:23205,predicate:1,NCBIGene:11283,NCBIGene:7045,predicate:1,NCBIGene:216,24.15908432006836
model_2.pt,NCBIGene:23054,predicate:1,NCBIGene:54617,NCBIGene:7045,predicate:1,NCBIGene:216,-41.26506805419922
model_2.pt,NCBIGene:10008,predicate:3,NCBIGene:4751,NCBIGene:7045,predicate:1,NCBIGene:216,0.0
model_2.pt,NCBIGene:27183,predicate:1,NCBIGene:4904,NCBIGene:7045,predicate:1,NCBIGene:216,34.92441177368164
model_2.pt,NCBIGene:5578,predicate:8,NCBIGene:85377,NCBIGene:7045,predicate:1,NCBIGene:216,0.0
model_2.pt,NCBIGene:79165,predicate:1,NCBIGene:9704,NCBIGene:7045,predicate:1,NCBIGene:216,51.146636962890625
model_2.pt,NCBIGene:2170,predicate:9,NCBIGene:8611,NCBIGene:7045,predicate:1,NCBIGene:216,0.0
model_2.pt,NCBIGene:91748,predicate:1,NCBIGene:59345,NCBIGene:7045,predicate:1,NCBIGene:216,-19.16334342956543
model_2.pt,PUBCHEM.COMPOUND:155512592,predicate:0,NCBIGene:142,NCBIGene:7045,predicate:1,NCBIGene:216,0.0
model_2.pt,NCBIGene:5663,predicate:7,NCBIGene:7158,NCBIGene:7045,predicate:1,NCBIGene:216,0.0
model_2.pt,NCBIGene:4140,predicate:21,NCBIGene:7534,NCBIGene:7045,predicate:1,NCBIGene:216,0.0
model_2.pt,NCBIGene:2475,predicate:1,NCBIGene:23456,NCBIGene:7045,predicate:1,NCBIGene:216,0.7914676666259766
model_2.pt,NCBIGene:3162,predicate:15,MONDO:0000831,NCBIGene:7045,predicate:1,NCBIGene:216,0.0
model_2.pt,PUBCHEM.COMPOUND:10578760,predicate:0,NCBIGene:29580,NCBIGene:7045,predicate:1,NCBIGene:216,0.0
model_2.pt,NCBIGene:56893,predicate:9,NCBIGene:7316,NCBIGene:7045,predicate:1,NCBIGene:216,0.0
model_2.pt,CHEBI:93205,predicate:23,NCBIGene:8743,NCBIGene:7045,predicate:1,NCBIGene:216,0.0
model_2.pt,NCBIGene:1147,predicate:1,NCBIGene:57162,NCBIGene:7045,predicate:1,NCBIGene:216,28.779863357543945
model_2.pt,PUBCHEM.COMPOUND:137226420,predicate:0,NCBIGene:760,NCBIGene:7045,predicate:1,NCBIGene:216,0.0
model_2.pt,MONDO:0010691,predicate:13,HP:0007957,NCBIGene:7045,predicate:1,NCBIGene:216,0.0
model_2.pt,NCBIGene:51372,predicate:1,NCBIGene:6202,NCBIGene:7045,predicate:1,NCBIGene:216,-10.957006454467773
model_2.pt,NCBIGene:25865,predicate:8,NCBIGene:23212,NCBIGene:7045,predicate:1,NCBIGene:216,0.0
model_2.pt,PUBCHEM.COMPOUND:122196132,predicate:0,NCBIGene:7941,NCBIGene:7045,predicate:1,NCBIGene:216,0.0
model_2.pt,NCBIGene:84283,predicate:1,NCBIGene:51458,NCBIGene:7045,predicate:1,NCBIGene:216,-13.176856994628906
model_2.pt,NCBIGene:84365,predicate:1,NCBIGene:4236,NCBIGene:7045,predicate:1,NCBIGene:216,-15.090572357177734
model_2.pt,CHEBI:8499,predicate:16,MONDO:0001382,NCBIGene:7045,predicate:1,NCBIGene:216,0.0
model_2.pt,NCBIGene:850551,predicate:3,NCBIGene:856863,NCBIGene:7045,predicate:1,NCBIGene:216,0.0
model_2.pt,NCBIGene:181271,predicate:3,NCBIGene:190925,NCBIGene:7045,predicate:1,NCBIGene:216,0.0
model_2.pt,NCBIGene:151056,predicate:4,PUBCHEM.COMPOUND:131761197,NCBIGene:7045,predicate:1,NCBIGene:216,0.0
model_2.pt,CHEBI:18152,predicate:9,NCBIGene:54498,NCBIGene:7045,predicate:1,NCBIGene:216,0.0
model_2.pt,NCBIGene:29949,predicate:15,MONDO:0005011,NCBIGene:7045,predicate:1,NCBIGene:216,0.0
model_2.pt,NCBIGene:173731,predicate:19,CHEBI:31823,NCBIGene:7045,predicate:1,NCBIGene:216,0.0
model_2.pt,PUBCHEM.COMPOUND:44176335,predicate:0,NCBIGene:331,NCBIGene:7045,predicate:1,NCBIGene:216,0.0
model_2.pt,PUBCHEM.COMPOUND:49864838,predicate:10,NCBIGene:834,NCBIGene:7045,predicate:1,NCBIGene:216,0.0
model_2.pt,NCBIGene:10221,predicate:8,NCBIGene:22908,NCBIGene:7045,predicate:1,NCBIGene:216,0.0
model_2.pt,CHEBI:46345,predicate:7,NCBIGene:6581,NCBIGene:7045,predicate:1,NCBIGene:216,0.0
model_2.pt,NCBIGene:375035,predicate:3,NCBIGene:80346,NCBIGene:7045,predicate:1,NCBIGene:216,0.0
model_2.pt,MONDO:0012176,predicate:13,HP:0003028,NCBIGene:79895,predicate:4,CHEBI:170728,0.0
model_2.pt,CHEBI:6809,predicate:9,NCBIGene:8061,NCBIGene:79895,predicate:4,CHEBI:170728,0.0
model_2.pt,PUBCHEM.COMPOUND:1113514,predicate:0,NCBIGene:946552,NCBIGene:79895,predicate:4,CHEBI:170728,0.0
model_2.pt,PUBCHEM.COMPOUND:137636752,predicate:0,NCBIGene:3065,NCBIGene:79895,predicate:4,CHEBI:170728,0.0
model_2.pt,CHEBI:367163,predicate:16,MONDO:0015691,NCBIGene:79895,predicate:4,CHEBI:170728,0.0
model_2.pt,PUBCHEM.COMPOUND:130200977,predicate:10,NCBIGene:4988,NCBIGene:79895,predicate:4,CHEBI:170728,0.0
model_2.pt,NCBIGene:78987,predicate:3,NCBIGene:92255,NCBIGene:79895,predicate:4,CHEBI:170728,0.0
model_2.pt,NCBIGene:6352,predicate:36,NCBIGene:1234,NCBIGene:79895,predicate:4,CHEBI:170728,0.0
model_2.pt,CHEBI:6443,predicate:7,NCBIGene:8644,NCBIGene:79895,predicate:4,CHEBI:170728,0.0
model_2.pt,DRUGBANK:DB11158,predicate:12,MONDO:0005147,NCBIGene:79895,predicate:4,CHEBI:170728,0.0
model_2.pt,CHEBI:5000,predicate:12,MONDO:0001076,NCBIGene:79895,predicate:4,CHEBI:170728,0.0
model_2.pt,NCBIGene:8089,predicate:3,NCBIGene:26122,NCBIGene:79895,predicate:4,CHEBI:170728,0.0
model_2.pt,NCBIGene:10400,predicate:4,PUBCHEM.COMPOUND:52924335,NCBIGene:79895,predicate:4,CHEBI:170728,92.63339233398438
model_2.pt,NCBIGene:10618,predicate:3,NCBIGene:54887,NCBIGene:79895,predicate:4,CHEBI:170728,0.0
model_2.pt,NCBIGene:3308,predicate:15,MONDO:0005559,NCBIGene:79895,predicate:4,CHEBI:170728,0.0
model_2.pt,CHEBI:17351,predicate:7,NCBIGene:5315,NCBIGene:79895,predicate:4,CHEBI:170728,0.0
model_2.pt,CHEMBL.COMPOUND:CHEMBL4747062,predicate:0,NCBIGene:23028,NCBIGene:79895,predicate:4,CHEBI:170728,0.0
model_2.pt,CHEBI:16842,predicate:9,NCBIGene:3557,NCBIGene:79895,predicate:4,CHEBI:170728,0.0
model_2.pt,NCBIGene:4616,predicate:1,NCBIGene:2034,NCBIGene:79895,predicate:4,CHEBI:170728,0.0
model_2.pt,NCBIGene:10201,predicate:1,NCBIGene:6154,NCBIGene:79895,predicate:4,CHEBI:170728,0.0
model_2.pt,NCBIGene:794,predicate:6,NCBIGene:7135,NCBIGene:79895,predicate:4,CHEBI:170728,0.0
model_2.pt,NCBIGene:50834,predicate:1,NCBIGene:403277,NCBIGene:79895,predicate:4,CHEBI:170728,0.0
model_2.pt,CHEBI:3755,predicate:2,MONDO:0007263,NCBIGene:79895,predicate:4,CHEBI:170728,0.0
model_2.pt,PUBCHEM.COMPOUND:131762323,predicate:5,NCBIGene:5407,NCBIGene:79895,predicate:4,CHEBI:170728,0.0
model_2.pt,PUBCHEM.COMPOUND:54325967,predicate:0,NCBIGene:5468,NCBIGene:79895,predicate:4,CHEBI:170728,0.0
model_2.pt,CHEBI:64354,predicate:0,NCBIGene:6559,NCBIGene:79895,predicate:4,CHEBI:170728,0.0
model_2.pt,CHEBI:44423,predicate:7,NCBIGene:3162,NCBIGene:79895,predicate:4,CHEBI:170728,0.0
model_2.pt,NCBIGene:113174,predicate:10,NCBIGene:100528017,NCBIGene:79895,predicate:4,CHEBI:170728,0.0
model_2.pt,NCBIGene:4502,predicate:1,NCBIGene:10912,NCBIGene:79895,predicate:4,CHEBI:170728,0.0
model_2.pt,NCBIGene:5321,predicate:4,PUBCHEM.COMPOUND:53478731,NCBIGene:79895,predicate:4,CHEBI:170728,-80.28821563720703
model_2.pt,CHEBI:3755,predicate:7,NCBIGene:2100,NCBIGene:79895,predicate:4,CHEBI:170728,0.0
model_2.pt,NCBIGene:51741,predicate:13,HP:0000253,NCBIGene:79895,predicate:4,CHEBI:170728,0.0
model_2.pt,CHEBI:156122,predicate:5,NCBIGene:23761,NCBIGene:79895,predicate:4,CHEBI:170728,0.0
model_2.pt,NCBIGene:245865,predicate:3,NCBIGene:194974,NCBIGene:79895,predicate:4,CHEBI:170728,0.0
model_2.pt,PUBCHEM.COMPOUND:127036977,predicate:0,NCBIGene:135,NCBIGene:79895,predicate:4,CHEBI:170728,0.0
model_2.pt,PUBCHEM.COMPOUND:44433263,predicate:0,NCBIGene:1576,NCBIGene:79895,predicate:4,CHEBI:170728,0.0
model_2.pt,CHEBI:16469,predicate:7,NCBIGene:10587,NCBIGene:79895,predicate:4,CHEBI:170728,0.0
model_2.pt,PUBCHEM.COMPOUND:44314087,predicate:0,NCBIGene:4313,NCBIGene:79895,predicate:4,CHEBI:170728,0.0
model_2.pt,PUBCHEM.COMPOUND:25093440,predicate:0,NCBIGene:1147,NCBIGene:79895,predicate:4,CHEBI:170728,0.0
model_2.pt,NCBIGene:20962,predicate:3,NCBIGene:219150,NCBIGene:79895,predicate:4,CHEBI:170728,0.0
model_2.pt,NCBIGene:23051,predicate:15,MONDO:0005068,NCBIGene:79895,predicate:4,CHEBI:170728,0.0
model_2.pt,NCBIGene:10565,predicate:6,NCBIGene:284369,NCBIGene:79895,predicate:4,CHEBI:170728,0.0
model_2.pt,PUBCHEM.COMPOUND:59268935,predicate:0,NCBIGene:1137,NCBIGene:79895,predicate:4,CHEBI:170728,0.0
model_2.pt,NCBIGene:5903,predicate:1,NCBIGene:402569,NCBIGene:79895,predicate:4,CHEBI:170728,0.0
model_2.pt,PUBCHEM.COMPOUND:57395067,predicate:0,NCBIGene:6531,NCBIGene:79895,predicate:4,CHEBI:170728,0.0
model_2.pt,NCBIGene:852585,predicate:3,NCBIGene:855469,NCBIGene:79895,predicate:4,CHEBI:170728,0.0
model_2.pt,NCBIGene:3976,predicate:9,NCBIGene:2526,NCBIGene:79895,predicate:4,CHEBI:170728,0.0
model_2.pt,NCBIGene:928,predicate:1,NCBIGene:29952,NCBIGene:79895,predicate:4,CHEBI:170728,0.0
model_2.pt,MONDO:0013171,predicate:13,MONDO:0001071,NCBIGene:79895,predicate:4,CHEBI:170728,0.0
model_2.pt,NCBIGene:4634,predicate:1,NCBIGene:6445,NCBIGene:79895,predicate:4,CHEBI:170728,0.0
model_2.pt,CHEBI:18293,predicate:12,HP:0001945,NCBIGene:79895,predicate:4,CHEBI:170728,0.0
model_2.pt,UNII:5M691HL4BO,predicate:16,HP:0001288,NCBIGene:79895,predicate:4,CHEBI:170728,0.0
model_2.pt,MONDO:0011122,predicate:10,NCBIGene:2673,NCBIGene:79895,predicate:4,CHEBI:170728,0.0
model_2.pt,CHEBI:185383,predicate:5,NCBIGene:9514,NCBIGene:79895,predicate:4,CHEBI:170728,0.0
model_2.pt,NCBIGene:4763,predicate:13,HP:0002857,NCBIGene:79895,predicate:4,CHEBI:170728,0.0
model_2.pt,CHEBI:6121,predicate:7,NCBIGene:2335,NCBIGene:79895,predicate:4,CHEBI:170728,0.0
model_2.pt,NCBIGene:4204,predicate:13,HP:0010864,NCBIGene:79895,predicate:4,CHEBI:170728,0.0
model_2.pt,PUBCHEM.COMPOUND:5702107,predicate:23,NCBIGene:760,NCBIGene:79895,predicate:4,CHEBI:170728,0.0
model_2.pt,NCBIGene:22976,predicate:9,NCBIGene:9519,NCBIGene:79895,predicate:4,CHEBI:170728,0.0
model_2.pt,PUBCHEM.COMPOUND:9834864,predicate:14,NCBIGene:1137,NCBIGene:79895,predicate:4,CHEBI:170728,0.0
model_2.pt,PUBCHEM.COMPOUND:44431492,predicate:10,NCBIGene:1815,NCBIGene:79895,predicate:4,CHEBI:170728,0.0
model_2.pt,CHEBI:191001,predicate:18,NCBIGene:6422,NCBIGene:79895,predicate:4,CHEBI:170728,0.0
model_2.pt,PUBCHEM.COMPOUND:25015107,predicate:0,NCBIGene:2260,NCBIGene:79895,predicate:4,CHEBI:170728,0.0
model_2.pt,PUBCHEM.COMPOUND:131757266,predicate:5,NCBIGene:80168,NCBIGene:79895,predicate:4,CHEBI:170728,0.0
model_2.pt,NCBIGene:23205,predicate:1,NCBIGene:11283,NCBIGene:79895,predicate:4,CHEBI:170728,0.0
model_2.pt,NCBIGene:23054,predicate:1,NCBIGene:54617,NCBIGene:79895,predicate:4,CHEBI:170728,0.0
model_2.pt,NCBIGene:10008,predicate:3,NCBIGene:4751,NCBIGene:79895,predicate:4,CHEBI:170728,0.0
model_2.pt,NCBIGene:27183,predicate:1,NCBIGene:4904,NCBIGene:79895,predicate:4,CHEBI:170728,0.0
model_2.pt,NCBIGene:5578,predicate:8,NCBIGene:85377,NCBIGene:79895,predicate:4,CHEBI:170728,0.0
model_2.pt,NCBIGene:79165,predicate:1,NCBIGene:9704,NCBIGene:79895,predicate:4,CHEBI:170728,0.0
model_2.pt,NCBIGene:2170,predicate:9,NCBIGene:8611,NCBIGene:79895,predicate:4,CHEBI:170728,0.0
model_2.pt,NCBIGene:91748,predicate:1,NCBIGene:59345,NCBIGene:79895,predicate:4,CHEBI:170728,0.0
model_2.pt,PUBCHEM.COMPOUND:155512592,predicate:0,NCBIGene:142,NCBIGene:79895,predicate:4,CHEBI:170728,0.0
model_2.pt,NCBIGene:5663,predicate:7,NCBIGene:7158,NCBIGene:79895,predicate:4,CHEBI:170728,0.0
model_2.pt,NCBIGene:4140,predicate:21,NCBIGene:7534,NCBIGene:79895,predicate:4,CHEBI:170728,0.0
model_2.pt,NCBIGene:2475,predicate:1,NCBIGene:23456,NCBIGene:79895,predicate:4,CHEBI:170728,0.0
model_2.pt,NCBIGene:3162,predicate:15,MONDO:0000831,NCBIGene:79895,predicate:4,CHEBI:170728,0.0
model_2.pt,PUBCHEM.COMPOUND:10578760,predicate:0,NCBIGene:29580,NCBIGene:79895,predicate:4,CHEBI:170728,0.0
model_2.pt,NCBIGene:56893,predicate:9,NCBIGene:7316,NCBIGene:79895,predicate:4,CHEBI:170728,0.0
model_2.pt,CHEBI:93205,predicate:23,NCBIGene:8743,NCBIGene:79895,predicate:4,CHEBI:170728,0.0
model_2.pt,NCBIGene:1147,predicate:1,NCBIGene:57162,NCBIGene:79895,predicate:4,CHEBI:170728,0.0
model_2.pt,PUBCHEM.COMPOUND:137226420,predicate:0,NCBIGene:760,NCBIGene:79895,predicate:4,CHEBI:170728,0.0
model_2.pt,MONDO:0010691,predicate:13,HP:0007957,NCBIGene:79895,predicate:4,CHEBI:170728,0.0
model_2.pt,NCBIGene:51372,predicate:1,NCBIGene:6202,NCBIGene:79895,predicate:4,CHEBI:170728,0.0
model_2.pt,NCBIGene:25865,predicate:8,NCBIGene:23212,NCBIGene:79895,predicate:4,CHEBI:170728,0.0
model_2.pt,PUBCHEM.COMPOUND:122196132,predicate:0,NCBIGene:7941,NCBIGene:79895,predicate:4,CHEBI:170728,0.0
model_2.pt,NCBIGene:84283,predicate:1,NCBIGene:51458,NCBIGene:79895,predicate:4,CHEBI:170728,0.0
model_2.pt,NCBIGene:84365,predicate:1,NCBIGene:4236,NCBIGene:79895,predicate:4,CHEBI:170728,0.0
model_2.pt,CHEBI:8499,predicate:16,MONDO:0001382,NCBIGene:79895,predicate:4,CHEBI:170728,0.0
model_2.pt,NCBIGene:850551,predicate:3,NCBIGene:856863,NCBIGene:79895,predicate:4,CHEBI:170728,0.0
model_2.pt,NCBIGene:181271,predicate:3,NCBIGene:190925,NCBIGene:79895,predicate:4,CHEBI:170728,0.0
model_2.pt,NCBIGene:151056,predicate:4,PUBCHEM.COMPOUND:131761197,NCBIGene:79895,predicate:4,CHEBI:170728,-2.855152130126953
model_2.pt,CHEBI:18152,predicate:9,NCBIGene:54498,NCBIGene:79895,predicate:4,CHEBI:170728,0.0
model_2.pt,NCBIGene:29949,predicate:15,MONDO:0005011,NCBIGene:79895,predicate:4,CHEBI:170728,0.0
model_2.pt,NCBIGene:173731,predicate:19,CHEBI:31823,NCBIGene:79895,predicate:4,CHEBI:170728,0.0
model_2.pt,PUBCHEM.COMPOUND:44176335,predicate:0,NCBIGene:331,NCBIGene:79895,predicate:4,CHEBI:170728,0.0
model_2.pt,PUBCHEM.COMPOUND:49864838,predicate:10,NCBIGene:834,NCBIGene:79895,predicate:4,CHEBI:170728,0.0
model_2.pt,NCBIGene:10221,predicate:8,NCBIGene:22908,NCBIGene:79895,predicate:4,CHEBI:170728,0.0
model_2.pt,CHEBI:46345,predicate:7,NCBIGene:6581,NCBIGene:79895,predicate:4,CHEBI:170728,0.0
model_2.pt,NCBIGene:375035,predicate:3,NCBIGene:80346,NCBIGene:79895,predicate:4,CHEBI:170728,0.0
model_2.pt,MONDO:0012176,predicate:13,HP:0003028,NCBIGene:2145,predicate:21,NCBIGene:23582,0.0
model_2.pt,CHEBI:6809,predicate:9,NCBIGene:8061,NCBIGene:2145,predicate:21,NCBIGene:23582,0.0
model_2.pt,PUBCHEM.COMPOUND:1113514,predicate:0,NCBIGene:946552,NCBIGene:2145,predicate:21,NCBIGene:23582,0.0
model_2.pt,PUBCHEM.COMPOUND:137636752,predicate:0,NCBIGene:3065,NCBIGene:2145,predicate:21,NCBIGene:23582,0.0
model_2.pt,CHEBI:367163,predicate:16,MONDO:0015691,NCBIGene:2145,predicate:21,NCBIGene:23582,0.0
model_2.pt,PUBCHEM.COMPOUND:130200977,predicate:10,NCBIGene:4988,NCBIGene:2145,predicate:21,NCBIGene:23582,0.0
model_2.pt,NCBIGene:78987,predicate:3,NCBIGene:92255,NCBIGene:2145,predicate:21,NCBIGene:23582,0.0
model_2.pt,NCBIGene:6352,predicate:36,NCBIGene:1234,NCBIGene:2145,predicate:21,NCBIGene:23582,0.0
model_2.pt,CHEBI:6443,predicate:7,NCBIGene:8644,NCBIGene:2145,predicate:21,NCBIGene:23582,0.0
model_2.pt,DRUGBANK:DB11158,predicate:12,MONDO:0005147,NCBIGene:2145,predicate:21,NCBIGene:23582,0.0
model_2.pt,CHEBI:5000,predicate:12,MONDO:0001076,NCBIGene:2145,predicate:21,NCBIGene:23582,0.0
model_2.pt,NCBIGene:8089,predicate:3,NCBIGene:26122,NCBIGene:2145,predicate:21,NCBIGene:23582,0.0
model_2.pt,NCBIGene:10400,predicate:4,PUBCHEM.COMPOUND:52924335,NCBIGene:2145,predicate:21,NCBIGene:23582,0.0
model_2.pt,NCBIGene:10618,predicate:3,NCBIGene:54887,NCBIGene:2145,predicate:21,NCBIGene:23582,0.0
model_2.pt,NCBIGene:3308,predicate:15,MONDO:0005559,NCBIGene:2145,predicate:21,NCBIGene:23582,0.0
model_2.pt,CHEBI:17351,predicate:7,NCBIGene:5315,NCBIGene:2145,predicate:21,NCBIGene:23582,0.0
model_2.pt,CHEMBL.COMPOUND:CHEMBL4747062,predicate:0,NCBIGene:23028,NCBIGene:2145,predicate:21,NCBIGene:23582,0.0
model_2.pt,CHEBI:16842,predicate:9,NCBIGene:3557,NCBIGene:2145,predicate:21,NCBIGene:23582,0.0
model_2.pt,NCBIGene:4616,predicate:1,NCBIGene:2034,NCBIGene:2145,predicate:21,NCBIGene:23582,0.0
model_2.pt,NCBIGene:10201,predicate:1,NCBIGene:6154,NCBIGene:2145,predicate:21,NCBIGene:23582,0.0
model_2.pt,NCBIGene:794,predicate:6,NCBIGene:7135,NCBIGene:2145,predicate:21,NCBIGene:23582,0.0
model_2.pt,NCBIGene:50834,predicate:1,NCBIGene:403277,NCBIGene:2145,predicate:21,NCBIGene:23582,0.0
model_2.pt,CHEBI:3755,predicate:2,MONDO:0007263,NCBIGene:2145,predicate:21,NCBIGene:23582,0.0
model_2.pt,PUBCHEM.COMPOUND:131762323,predicate:5,NCBIGene:5407,NCBIGene:2145,predicate:21,NCBIGene:23582,0.0
model_2.pt,PUBCHEM.COMPOUND:54325967,predicate:0,NCBIGene:5468,NCBIGene:2145,predicate:21,NCBIGene:23582,0.0
model_2.pt,CHEBI:64354,predicate:0,NCBIGene:6559,NCBIGene:2145,predicate:21,NCBIGene:23582,0.0
model_2.pt,CHEBI:44423,predicate:7,NCBIGene:3162,NCBIGene:2145,predicate:21,NCBIGene:23582,0.0
model_2.pt,NCBIGene:113174,predicate:10,NCBIGene:100528017,NCBIGene:2145,predicate:21,NCBIGene:23582,0.0
model_2.pt,NCBIGene:4502,predicate:1,NCBIGene:10912,NCBIGene:2145,predicate:21,NCBIGene:23582,0.0
model_2.pt,NCBIGene:5321,predicate:4,PUBCHEM.COMPOUND:53478731,NCBIGene:2145,predicate:21,NCBIGene:23582,0.0
model_2.pt,CHEBI:3755,predicate:7,NCBIGene:2100,NCBIGene:2145,predicate:21,NCBIGene:23582,0.0
model_2.pt,NCBIGene:51741,predicate:13,HP:0000253,NCBIGene:2145,predicate:21,NCBIGene:23582,0.0
model_2.pt,CHEBI:156122,predicate:5,NCBIGene:23761,NCBIGene:2145,predicate:21,NCBIGene:23582,0.0
model_2.pt,NCBIGene:245865,predicate:3,NCBIGene:194974,NCBIGene:2145,predicate:21,NCBIGene:23582,0.0
model_2.pt,PUBCHEM.COMPOUND:127036977,predicate:0,NCBIGene:135,NCBIGene:2145,predicate:21,NCBIGene:23582,0.0
model_2.pt,PUBCHEM.COMPOUND:44433263,predicate:0,NCBIGene:1576,NCBIGene:2145,predicate:21,NCBIGene:23582,0.0
model_2.pt,CHEBI:16469,predicate:7,NCBIGene:10587,NCBIGene:2145,predicate:21,NCBIGene:23582,0.0
model_2.pt,PUBCHEM.COMPOUND:44314087,predicate:0,NCBIGene:4313,NCBIGene:2145,predicate:21,NCBIGene:23582,0.0
model_2.pt,PUBCHEM.COMPOUND:25093440,predicate:0,NCBIGene:1147,NCBIGene:2145,predicate:21,NCBIGene:23582,0.0
model_2.pt,NCBIGene:20962,predicate:3,NCBIGene:219150,NCBIGene:2145,predicate:21,NCBIGene:23582,0.0
model_2.pt,NCBIGene:23051,predicate:15,MONDO:0005068,NCBIGene:2145,predicate:21,NCBIGene:23582,0.0
model_2.pt,NCBIGene:10565,predicate:6,NCBIGene:284369,NCBIGene:2145,predicate:21,NCBIGene:23582,0.0
model_2.pt,PUBCHEM.COMPOUND:59268935,predicate:0,NCBIGene:1137,NCBIGene:2145,predicate:21,NCBIGene:23582,0.0
model_2.pt,NCBIGene:5903,predicate:1,NCBIGene:402569,NCBIGene:2145,predicate:21,NCBIGene:23582,0.0
model_2.pt,PUBCHEM.COMPOUND:57395067,predicate:0,NCBIGene:6531,NCBIGene:2145,predicate:21,NCBIGene:23582,0.0
model_2.pt,NCBIGene:852585,predicate:3,NCBIGene:855469,NCBIGene:2145,predicate:21,NCBIGene:23582,0.0
model_2.pt,NCBIGene:3976,predicate:9,NCBIGene:2526,NCBIGene:2145,predicate:21,NCBIGene:23582,0.0
model_2.pt,NCBIGene:928,predicate:1,NCBIGene:29952,NCBIGene:2145,predicate:21,NCBIGene:23582,0.0
model_2.pt,MONDO:0013171,predicate:13,MONDO:0001071,NCBIGene:2145,predicate:21,NCBIGene:23582,0.0
model_2.pt,NCBIGene:4634,predicate:1,NCBIGene:6445,NCBIGene:2145,predicate:21,NCBIGene:23582,0.0
model_2.pt,CHEBI:18293,predicate:12,HP:0001945,NCBIGene:2145,predicate:21,NCBIGene:23582,0.0
model_2.pt,UNII:5M691HL4BO,predicate:16,HP:0001288,NCBIGene:2145,predicate:21,NCBIGene:23582,0.0
model_2.pt,MONDO:0011122,predicate:10,NCBIGene:2673,NCBIGene:2145,predicate:21,NCBIGene:23582,0.0
model_2.pt,CHEBI:185383,predicate:5,NCBIGene:9514,NCBIGene:2145,predicate:21,NCBIGene:23582,0.0
model_2.pt,NCBIGene:4763,predicate:13,HP:0002857,NCBIGene:2145,predicate:21,NCBIGene:23582,0.0
model_2.pt,CHEBI:6121,predicate:7,NCBIGene:2335,NCBIGene:2145,predicate:21,NCBIGene:23582,0.0
model_2.pt,NCBIGene:4204,predicate:13,HP:0010864,NCBIGene:2145,predicate:21,NCBIGene:23582,0.0
model_2.pt,PUBCHEM.COMPOUND:5702107,predicate:23,NCBIGene:760,NCBIGene:2145,predicate:21,NCBIGene:23582,0.0
model_2.pt,NCBIGene:22976,predicate:9,NCBIGene:9519,NCBIGene:2145,predicate:21,NCBIGene:23582,0.0
model_2.pt,PUBCHEM.COMPOUND:9834864,predicate:14,NCBIGene:1137,NCBIGene:2145,predicate:21,NCBIGene:23582,0.0
model_2.pt,PUBCHEM.COMPOUND:44431492,predicate:10,NCBIGene:1815,NCBIGene:2145,predicate:21,NCBIGene:23582,0.0
model_2.pt,CHEBI:191001,predicate:18,NCBIGene:6422,NCBIGene:2145,predicate:21,NCBIGene:23582,0.0
model_2.pt,PUBCHEM.COMPOUND:25015107,predicate:0,NCBIGene:2260,NCBIGene:2145,predicate:21,NCBIGene:23582,0.0
model_2.pt,PUBCHEM.COMPOUND:131757266,predicate:5,NCBIGene:80168,NCBIGene:2145,predicate:21,NCBIGene:23582,0.0
model_2.pt,NCBIGene:23205,predicate:1,NCBIGene:11283,NCBIGene:2145,predicate:21,NCBIGene:23582,0.0
model_2.pt,NCBIGene:23054,predicate:1,NCBIGene:54617,NCBIGene:2145,predicate:21,NCBIGene:23582,0.0
model_2.pt,NCBIGene:10008,predicate:3,NCBIGene:4751,NCBIGene:2145,predicate:21,NCBIGene:23582,0.0
model_2.pt,NCBIGene:27183,predicate:1,NCBIGene:4904,NCBIGene:2145,predicate:21,NCBIGene:23582,0.0
model_2.pt,NCBIGene:5578,predicate:8,NCBIGene:85377,NCBIGene:2145,predicate:21,NCBIGene:23582,0.0
model_2.pt,NCBIGene:79165,predicate:1,NCBIGene:9704,NCBIGene:2145,predicate:21,NCBIGene:23582,0.0
model_2.pt,NCBIGene:2170,predicate:9,NCBIGene:8611,NCBIGene:2145,predicate:21,NCBIGene:23582,0.0
model_2.pt,NCBIGene:91748,predicate:1,NCBIGene:59345,NCBIGene:2145,predicate:21,NCBIGene:23582,0.0
model_2.pt,PUBCHEM.COMPOUND:155512592,predicate:0,NCBIGene:142,NCBIGene:2145,predicate:21,NCBIGene:23582,0.0
model_2.pt,NCBIGene:5663,predicate:7,NCBIGene:7158,NCBIGene:2145,predicate:21,NCBIGene:23582,0.0
model_2.pt,NCBIGene:4140,predicate:21,NCBIGene:7534,NCBIGene:2145,predicate:21,NCBIGene:23582,-34.43717956542969
model_2.pt,NCBIGene:2475,predicate:1,NCBIGene:23456,NCBIGene:2145,predicate:21,NCBIGene:23582,0.0
model_2.pt,NCBIGene:3162,predicate:15,MONDO:0000831,NCBIGene:2145,predicate:21,NCBIGene:23582,0.0
model_2.pt,PUBCHEM.COMPOUND:10578760,predicate:0,NCBIGene:29580,NCBIGene:2145,predicate:21,NCBIGene:23582,0.0
model_2.pt,NCBIGene:56893,predicate:9,NCBIGene:7316,NCBIGene:2145,predicate:21,NCBIGene:23582,0.0
model_2.pt,CHEBI:93205,predicate:23,NCBIGene:8743,NCBIGene:2145,predicate:21,NCBIGene:23582,0.0
model_2.pt,NCBIGene:1147,predicate:1,NCBIGene:57162,NCBIGene:2145,predicate:21,NCBIGene:23582,0.0
model_2.pt,PUBCHEM.COMPOUND:137226420,predicate:0,NCBIGene:760,NCBIGene:2145,predicate:21,NCBIGene:23582,0.0
model_2.pt,MONDO:0010691,predicate:13,HP:0007957,NCBIGene:2145,predicate:21,NCBIGene:23582,0.0
model_2.pt,NCBIGene:51372,predicate:1,NCBIGene:6202,NCBIGene:2145,predicate:21,NCBIGene:23582,0.0
model_2.pt,NCBIGene:25865,predicate:8,NCBIGene:23212,NCBIGene:2145,predicate:21,NCBIGene:23582,0.0
model_2.pt,PUBCHEM.COMPOUND:122196132,predicate:0,NCBIGene:7941,NCBIGene:2145,predicate:21,NCBIGene:23582,0.0
model_2.pt,NCBIGene:84283,predicate:1,NCBIGene:51458,NCBIGene:2145,predicate:21,NCBIGene:23582,0.0
model_2.pt,NCBIGene:84365,predicate:1,NCBIGene:4236,NCBIGene:2145,predicate:21,NCBIGene:23582,0.0
model_2.pt,CHEBI:8499,predicate:16,MONDO:0001382,NCBIGene:2145,predicate:21,NCBIGene:23582,0.0
model_2.pt,NCBIGene:850551,predicate:3,NCBIGene:856863,NCBIGene:2145,predicate:21,NCBIGene:23582,0.0
model_2.pt,NCBIGene:181271,predicate:3,NCBIGene:190925,NCBIGene:2145,predicate:21,NCBIGene:23582,0.0
model_2.pt,NCBIGene:151056,predicate:4,PUBCHEM.COMPOUND:131761197,NCBIGene:2145,predicate:21,NCBIGene:23582,0.0
model_2.pt,CHEBI:18152,predicate:9,NCBIGene:54498,NCBIGene:2145,predicate:21,NCBIGene:23582,0.0
model_2.pt,NCBIGene:29949,predicate:15,MONDO:0005011,NCBIGene:2145,predicate:21,NCBIGene:23582,0.0
model_2.pt,NCBIGene:173731,predicate:19,CHEBI:31823,NCBIGene:2145,predicate:21,NCBIGene:23582,0.0
model_2.pt,PUBCHEM.COMPOUND:44176335,predicate:0,NCBIGene:331,NCBIGene:2145,predicate:21,NCBIGene:23582,0.0
model_2.pt,PUBCHEM.COMPOUND:49864838,predicate:10,NCBIGene:834,NCBIGene:2145,predicate:21,NCBIGene:23582,0.0
model_2.pt,NCBIGene:10221,predicate:8,NCBIGene:22908,NCBIGene:2145,predicate:21,NCBIGene:23582,0.0
model_2.pt,CHEBI:46345,predicate:7,NCBIGene:6581,NCBIGene:2145,predicate:21,NCBIGene:23582,0.0
model_2.pt,NCBIGene:375035,predicate:3,NCBIGene:80346,NCBIGene:2145,predicate:21,NCBIGene:23582,0.0
model_2.pt,MONDO:0012176,predicate:13,HP:0003028,NCBIGene:51128,predicate:1,NCBIGene:2288,0.0
model_2.pt,CHEBI:6809,predicate:9,NCBIGene:8061,NCBIGene:51128,predicate:1,NCBIGene:2288,0.0
model_2.pt,PUBCHEM.COMPOUND:1113514,predicate:0,NCBIGene:946552,NCBIGene:51128,predicate:1,NCBIGene:2288,0.0
model_2.pt,PUBCHEM.COMPOUND:137636752,predicate:0,NCBIGene:3065,NCBIGene:51128,predicate:1,NCBIGene:2288,0.0
model_2.pt,CHEBI:367163,predicate:16,MONDO:0015691,NCBIGene:51128,predicate:1,NCBIGene:2288,0.0
model_2.pt,PUBCHEM.COMPOUND:130200977,predicate:10,NCBIGene:4988,NCBIGene:51128,predicate:1,NCBIGene:2288,0.0
model_2.pt,NCBIGene:78987,predicate:3,NCBIGene:92255,NCBIGene:51128,predicate:1,NCBIGene:2288,0.0
model_2.pt,NCBIGene:6352,predicate:36,NCBIGene:1234,NCBIGene:51128,predicate:1,NCBIGene:2288,0.0
model_2.pt,CHEBI:6443,predicate:7,NCBIGene:8644,NCBIGene:51128,predicate:1,NCBIGene:2288,0.0
model_2.pt,DRUGBANK:DB11158,predicate:12,MONDO:0005147,NCBIGene:51128,predicate:1,NCBIGene:2288,0.0
model_2.pt,CHEBI:5000,predicate:12,MONDO:0001076,NCBIGene:51128,predicate:1,NCBIGene:2288,0.0
model_2.pt,NCBIGene:8089,predicate:3,NCBIGene:26122,NCBIGene:51128,predicate:1,NCBIGene:2288,0.0
model_2.pt,NCBIGene:10400,predicate:4,PUBCHEM.COMPOUND:52924335,NCBIGene:51128,predicate:1,NCBIGene:2288,0.0
model_2.pt,NCBIGene:10618,predicate:3,NCBIGene:54887,NCBIGene:51128,predicate:1,NCBIGene:2288,0.0
model_2.pt,NCBIGene:3308,predicate:15,MONDO:0005559,NCBIGene:51128,predicate:1,NCBIGene:2288,0.0
model_2.pt,CHEBI:17351,predicate:7,NCBIGene:5315,NCBIGene:51128,predicate:1,NCBIGene:2288,0.0
model_2.pt,CHEMBL.COMPOUND:CHEMBL4747062,predicate:0,NCBIGene:23028,NCBIGene:51128,predicate:1,NCBIGene:2288,0.0
model_2.pt,CHEBI:16842,predicate:9,NCBIGene:3557,NCBIGene:51128,predicate:1,NCBIGene:2288,0.0
model_2.pt,NCBIGene:4616,predicate:1,NCBIGene:2034,NCBIGene:51128,predicate:1,NCBIGene:2288,-66.72604370117188
model_2.pt,NCBIGene:10201,predicate:1,NCBIGene:6154,NCBIGene:51128,predicate:1,NCBIGene:2288,-51.6873893737793
model_2.pt,NCBIGene:794,predicate:6,NCBIGene:7135,NCBIGene:51128,predicate:1,NCBIGene:2288,0.0
model_2.pt,NCBIGene:50834,predicate:1,NCBIGene:403277,NCBIGene:51128,predicate:1,NCBIGene:2288,-93.30049896240234
model_2.pt,CHEBI:3755,predicate:2,MONDO:0007263,NCBIGene:51128,predicate:1,NCBIGene:2288,0.0
model_2.pt,PUBCHEM.COMPOUND:131762323,predicate:5,NCBIGene:5407,NCBIGene:51128,predicate:1,NCBIGene:2288,0.0
model_2.pt,PUBCHEM.COMPOUND:54325967,predicate:0,NCBIGene:5468,NCBIGene:51128,predicate:1,NCBIGene:2288,0.0
model_2.pt,CHEBI:64354,predicate:0,NCBIGene:6559,NCBIGene:51128,predicate:1,NCBIGene:2288,0.0
model_2.pt,CHEBI:44423,predicate:7,NCBIGene:3162,NCBIGene:51128,predicate:1,NCBIGene:2288,0.0
model_2.pt,NCBIGene:113174,predicate:10,NCBIGene:100528017,NCBIGene:51128,predicate:1,NCBIGene:2288,0.0
model_2.pt,NCBIGene:4502,predicate:1,NCBIGene:10912,NCBIGene:51128,predicate:1,NCBIGene:2288,59.37993621826172
model_2.pt,NCBIGene:5321,predicate:4,PUBCHEM.COMPOUND:53478731,NCBIGene:51128,predicate:1,NCBIGene:2288,0.0
model_2.pt,CHEBI:3755,predicate:7,NCBIGene:2100,NCBIGene:51128,predicate:1,NCBIGene:2288,0.0
model_2.pt,NCBIGene:51741,predicate:13,HP:0000253,NCBIGene:51128,predicate:1,NCBIGene:2288,0.0
model_2.pt,CHEBI:156122,predicate:5,NCBIGene:23761,NCBIGene:51128,predicate:1,NCBIGene:2288,0.0
model_2.pt,NCBIGene:245865,predicate:3,NCBIGene:194974,NCBIGene:51128,predicate:1,NCBIGene:2288,0.0
model_2.pt,PUBCHEM.COMPOUND:127036977,predicate:0,NCBIGene:135,NCBIGene:51128,predicate:1,NCBIGene:2288,0.0
model_2.pt,PUBCHEM.COMPOUND:44433263,predicate:0,NCBIGene:1576,NCBIGene:51128,predicate:1,NCBIGene:2288,0.0
model_2.pt,CHEBI:16469,predicate:7,NCBIGene:10587,NCBIGene:51128,predicate:1,NCBIGene:2288,0.0
model_2.pt,PUBCHEM.COMPOUND:44314087,predicate:0,NCBIGene:4313,NCBIGene:51128,predicate:1,NCBIGene:2288,0.0
model_2.pt,PUBCHEM.COMPOUND:25093440,predicate:0,NCBIGene:1147,NCBIGene:51128,predicate:1,NCBIGene:2288,0.0
model_2.pt,NCBIGene:20962,predicate:3,NCBIGene:219150,NCBIGene:51128,predicate:1,NCBIGene:2288,0.0
model_2.pt,NCBIGene:23051,predicate:15,MONDO:0005068,NCBIGene:51128,predicate:1,NCBIGene:2288,0.0
model_2.pt,NCBIGene:10565,predicate:6,NCBIGene:284369,NCBIGene:51128,predicate:1,NCBIGene:2288,0.0
model_2.pt,PUBCHEM.COMPOUND:59268935,predicate:0,NCBIGene:1137,NCBIGene:51128,predicate:1,NCBIGene:2288,0.0
model_2.pt,NCBIGene:5903,predicate:1,NCBIGene:402569,NCBIGene:51128,predicate:1,NCBIGene:2288,-19.583114624023438
model_2.pt,PUBCHEM.COMPOUND:57395067,predicate:0,NCBIGene:6531,NCBIGene:51128,predicate:1,NCBIGene:2288,0.0
model_2.pt,NCBIGene:852585,predicate:3,NCBIGene:855469,NCBIGene:51128,predicate:1,NCBIGene:2288,0.0
model_2.pt,NCBIGene:3976,predicate:9,NCBIGene:2526,NCBIGene:51128,predicate:1,NCBIGene:2288,0.0
model_2.pt,NCBIGene:928,predicate:1,NCBIGene:29952,NCBIGene:51128,predicate:1,NCBIGene:2288,50.448760986328125
model_2.pt,MONDO:0013171,predicate:13,MONDO:0001071,NCBIGene:51128,predicate:1,NCBIGene:2288,0.0
model_2.pt,NCBIGene:4634,predicate:1,NCBIGene:6445,NCBIGene:51128,predicate:1,NCBIGene:2288,41.898170471191406
model_2.pt,CHEBI:18293,predicate:12,HP:0001945,NCBIGene:51128,predicate:1,NCBIGene:2288,0.0
model_2.pt,UNII:5M691HL4BO,predicate:16,HP:0001288,NCBIGene:51128,predicate:1,NCBIGene:2288,0.0
model_2.pt,MONDO:0011122,predicate:10,NCBIGene:2673,NCBIGene:51128,predicate:1,NCBIGene:2288,0.0
model_2.pt,CHEBI:185383,predicate:5,NCBIGene:9514,NCBIGene:51128,predicate:1,NCBIGene:2288,0.0
model_2.pt,NCBIGene:4763,predicate:13,HP:0002857,NCBIGene:51128,predicate:1,NCBIGene:2288,0.0
model_2.pt,CHEBI:6121,predicate:7,NCBIGene:2335,NCBIGene:51128,predicate:1,NCBIGene:2288,0.0
model_2.pt,NCBIGene:4204,predicate:13,HP:0010864,NCBIGene:51128,predicate:1,NCBIGene:2288,0.0
model_2.pt,PUBCHEM.COMPOUND:5702107,predicate:23,NCBIGene:760,NCBIGene:51128,predicate:1,NCBIGene:2288,0.0
model_2.pt,NCBIGene:22976,predicate:9,NCBIGene:9519,NCBIGene:51128,predicate:1,NCBIGene:2288,0.0
model_2.pt,PUBCHEM.COMPOUND:9834864,predicate:14,NCBIGene:1137,NCBIGene:51128,predicate:1,NCBIGene:2288,0.0
model_2.pt,PUBCHEM.COMPOUND:44431492,predicate:10,NCBIGene:1815,NCBIGene:51128,predicate:1,NCBIGene:2288,0.0
model_2.pt,CHEBI:191001,predicate:18,NCBIGene:6422,NCBIGene:51128,predicate:1,NCBIGene:2288,0.0
model_2.pt,PUBCHEM.COMPOUND:25015107,predicate:0,NCBIGene:2260,NCBIGene:51128,predicate:1,NCBIGene:2288,0.0
model_2.pt,PUBCHEM.COMPOUND:131757266,predicate:5,NCBIGene:80168,NCBIGene:51128,predicate:1,NCBIGene:2288,0.0
model_2.pt,NCBIGene:23205,predicate:1,NCBIGene:11283,NCBIGene:51128,predicate:1,NCBIGene:2288,52.73087692260742
model_2.pt,NCBIGene:23054,predicate:1,NCBIGene:54617,NCBIGene:51128,predicate:1,NCBIGene:2288,-31.299009323120117
model_2.pt,NCBIGene:10008,predicate:3,NCBIGene:4751,NCBIGene:51128,predicate:1,NCBIGene:2288,0.0
model_2.pt,NCBIGene:27183,predicate:1,NCBIGene:4904,NCBIGene:51128,predicate:1,NCBIGene:2288,28.4921817779541
model_2.pt,NCBIGene:5578,predicate:8,NCBIGene:85377,NCBIGene:51128,predicate:1,NCBIGene:2288,0.0
model_2.pt,NCBIGene:79165,predicate:1,NCBIGene:9704,NCBIGene:51128,predicate:1,NCBIGene:2288,28.645153045654297
model_2.pt,NCBIGene:2170,predicate:9,NCBIGene:8611,NCBIGene:51128,predicate:1,NCBIGene:2288,0.0
model_2.pt,NCBIGene:91748,predicate:1,NCBIGene:59345,NCBIGene:51128,predicate:1,NCBIGene:2288,-35.746673583984375
model_2.pt,PUBCHEM.COMPOUND:155512592,predicate:0,NCBIGene:142,NCBIGene:51128,predicate:1,NCBIGene:2288,0.0
model_2.pt,NCBIGene:5663,predicate:7,NCBIGene:7158,NCBIGene:51128,predicate:1,NCBIGene:2288,0.0
model_2.pt,NCBIGene:4140,predicate:21,NCBIGene:7534,NCBIGene:51128,predicate:1,NCBIGene:2288,0.0
model_2.pt,NCBIGene:2475,predicate:1,NCBIGene:23456,NCBIGene:51128,predicate:1,NCBIGene:2288,69.49282836914062
model_2.pt,NCBIGene:3162,predicate:15,MONDO:0000831,NCBIGene:51128,predicate:1,NCBIGene:2288,0.0
model_2.pt,PUBCHEM.COMPOUND:10578760,predicate:0,NCBIGene:29580,NCBIGene:51128,predicate:1,NCBIGene:2288,0.0
model_2.pt,NCBIGene:56893,predicate:9,NCBIGene:7316,NCBIGene:51128,predicate:1,NCBIGene:2288,0.0
model_2.pt,CHEBI:93205,predicate:23,NCBIGene:8743,NCBIGene:51128,predicate:1,NCBIGene:2288,0.0
model_2.pt,NCBIGene:1147,predicate:1,NCBIGene:57162,NCBIGene:51128,predicate:1,NCBIGene:2288,-8.423076629638672
model_2.pt,PUBCHEM.COMPOUND:137226420,predicate:0,NCBIGene:760,NCBIGene:51128,predicate:1,NCBIGene:2288,0.0
model_2.pt,MONDO:0010691,predicate:13,HP:0007957,NCBIGene:51128,predicate:1,NCBIGene:2288,0.0
model_2.pt,NCBIGene:51372,predicate:1,NCBIGene:6202,NCBIGene:51128,predicate:1,NCBIGene:2288,15.422749519348145
model_2.pt,NCBIGene:25865,predicate:8,NCBIGene:23212,NCBIGene:51128,predicate:1,NCBIGene:2288,0.0
model_2.pt,PUBCHEM.COMPOUND:122196132,predicate:0,NCBIGene:7941,NCBIGene:51128,predicate:1,NCBIGene:2288,0.0
model_2.pt,NCBIGene:84283,predicate:1,NCBIGene:51458,NCBIGene:51128,predicate:1,NCBIGene:2288,8.755977630615234
model_2.pt,NCBIGene:84365,predicate:1,NCBIGene:4236,NCBIGene:51128,predicate:1,NCBIGene:2288,-8.083708763122559
model_2.pt,CHEBI:8499,predicate:16,MONDO:0001382,NCBIGene:51128,predicate:1,NCBIGene:2288,0.0
model_2.pt,NCBIGene:850551,predicate:3,NCBIGene:856863,NCBIGene:51128,predicate:1,NCBIGene:2288,0.0
model_2.pt,NCBIGene:181271,predicate:3,NCBIGene:190925,NCBIGene:51128,predicate:1,NCBIGene:2288,0.0
model_2.pt,NCBIGene:151056,predicate:4,PUBCHEM.COMPOUND:131761197,NCBIGene:51128,predicate:1,NCBIGene:2288,0.0
model_2.pt,CHEBI:18152,predicate:9,NCBIGene:54498,NCBIGene:51128,predicate:1,NCBIGene:2288,0.0
model_2.pt,NCBIGene:29949,predicate:15,MONDO:0005011,NCBIGene:51128,predicate:1,NCBIGene:2288,0.0
model_2.pt,NCBIGene:173731,predicate:19,CHEBI:31823,NCBIGene:51128,predicate:1,NCBIGene:2288,0.0
model_2.pt,PUBCHEM.COMPOUND:44176335,predicate:0,NCBIGene:331,NCBIGene:51128,predicate:1,NCBIGene:2288,0.0
model_2.pt,PUBCHEM.COMPOUND:49864838,predicate:10,NCBIGene:834,NCBIGene:51128,predicate:1,NCBIGene:2288,0.0
model_2.pt,NCBIGene:10221,predicate:8,NCBIGene:22908,NCBIGene:51128,predicate:1,NCBIGene:2288,0.0
model_2.pt,CHEBI:46345,predicate:7,NCBIGene:6581,NCBIGene:51128,predicate:1,NCBIGene:2288,0.0
model_2.pt,NCBIGene:375035,predicate:3,NCBIGene:80346,NCBIGene:51128,predicate:1,NCBIGene:2288,0.0
model_26.pt,MONDO:0012176,predicate:13,HP:0003028,PUBCHEM.COMPOUND:71059938,predicate:10,NCBIGene:2642,0.0
model_26.pt,CHEBI:6809,predicate:9,NCBIGene:8061,PUBCHEM.COMPOUND:71059938,predicate:10,NCBIGene:2642,0.0
model_26.pt,PUBCHEM.COMPOUND:1113514,predicate:0,NCBIGene:946552,PUBCHEM.COMPOUND:71059938,predicate:10,NCBIGene:2642,0.0
model_26.pt,PUBCHEM.COMPOUND:137636752,predicate:0,NCBIGene:3065,PUBCHEM.COMPOUND:71059938,predicate:10,NCBIGene:2642,0.0
model_26.pt,CHEBI:367163,predicate:16,MONDO:0015691,PUBCHEM.COMPOUND:71059938,predicate:10,NCBIGene:2642,0.0
model_26.pt,PUBCHEM.COMPOUND:130200977,predicate:10,NCBIGene:4988,PUBCHEM.COMPOUND:71059938,predicate:10,NCBIGene:2642,-26.19217872619629
model_26.pt,NCBIGene:78987,predicate:3,NCBIGene:92255,PUBCHEM.COMPOUND:71059938,predicate:10,NCBIGene:2642,0.0
model_26.pt,NCBIGene:6352,predicate:36,NCBIGene:1234,PUBCHEM.COMPOUND:71059938,predicate:10,NCBIGene:2642,0.0
model_26.pt,CHEBI:6443,predicate:7,NCBIGene:8644,PUBCHEM.COMPOUND:71059938,predicate:10,NCBIGene:2642,0.0
model_26.pt,DRUGBANK:DB11158,predicate:12,MONDO:0005147,PUBCHEM.COMPOUND:71059938,predicate:10,NCBIGene:2642,0.0
model_26.pt,CHEBI:5000,predicate:12,MONDO:0001076,PUBCHEM.COMPOUND:71059938,predicate:10,NCBIGene:2642,0.0
model_26.pt,NCBIGene:8089,predicate:3,NCBIGene:26122,PUBCHEM.COMPOUND:71059938,predicate:10,NCBIGene:2642,0.0
model_26.pt,NCBIGene:10400,predicate:4,PUBCHEM.COMPOUND:52924335,PUBCHEM.COMPOUND:71059938,predicate:10,NCBIGene:2642,0.0
model_26.pt,NCBIGene:10618,predicate:3,NCBIGene:54887,PUBCHEM.COMPOUND:71059938,predicate:10,NCBIGene:2642,0.0
model_26.pt,NCBIGene:3308,predicate:15,MONDO:0005559,PUBCHEM.COMPOUND:71059938,predicate:10,NCBIGene:2642,0.0
model_26.pt,CHEBI:17351,predicate:7,NCBIGene:5315,PUBCHEM.COMPOUND:71059938,predicate:10,NCBIGene:2642,0.0
model_26.pt,CHEMBL.COMPOUND:CHEMBL4747062,predicate:0,NCBIGene:23028,PUBCHEM.COMPOUND:71059938,predicate:10,NCBIGene:2642,0.0
model_26.pt,CHEBI:16842,predicate:9,NCBIGene:3557,PUBCHEM.COMPOUND:71059938,predicate:10,NCBIGene:2642,0.0
model_26.pt,NCBIGene:4616,predicate:1,NCBIGene:2034,PUBCHEM.COMPOUND:71059938,predicate:10,NCBIGene:2642,0.0
model_26.pt,NCBIGene:10201,predicate:1,NCBIGene:6154,PUBCHEM.COMPOUND:71059938,predicate:10,NCBIGene:2642,0.0
model_26.pt,NCBIGene:794,predicate:6,NCBIGene:7135,PUBCHEM.COMPOUND:71059938,predicate:10,NCBIGene:2642,0.0
model_26.pt,NCBIGene:50834,predicate:1,NCBIGene:403277,PUBCHEM.COMPOUND:71059938,predicate:10,NCBIGene:2642,0.0
model_26.pt,CHEBI:3755,predicate:2,MONDO:0007263,PUBCHEM.COMPOUND:71059938,predicate:10,NCBIGene:2642,0.0
model_26.pt,PUBCHEM.COMPOUND:131762323,predicate:5,NCBIGene:5407,PUBCHEM.COMPOUND:71059938,predicate:10,NCBIGene:2642,0.0
model_26.pt,PUBCHEM.COMPOUND:54325967,predicate:0,NCBIGene:5468,PUBCHEM.COMPOUND:71059938,predicate:10,NCBIGene:2642,0.0
model_26.pt,CHEBI:64354,predicate:0,NCBIGene:6559,PUBCHEM.COMPOUND:71059938,predicate:10,NCBIGene:2642,0.0
model_26.pt,CHEBI:44423,predicate:7,NCBIGene:3162,PUBCHEM.COMPOUND:71059938,predicate:10,NCBIGene:2642,0.0
model_26.pt,NCBIGene:113174,predicate:10,NCBIGene:100528017,PUBCHEM.COMPOUND:71059938,predicate:10,NCBIGene:2642,-42.00078201293945
model_26.pt,NCBIGene:4502,predicate:1,NCBIGene:10912,PUBCHEM.COMPOUND:71059938,predicate:10,NCBIGene:2642,0.0
model_26.pt,NCBIGene:5321,predicate:4,PUBCHEM.COMPOUND:53478731,PUBCHEM.COMPOUND:71059938,predicate:10,NCBIGene:2642,0.0
model_26.pt,CHEBI:3755,predicate:7,NCBIGene:2100,PUBCHEM.COMPOUND:71059938,predicate:10,NCBIGene:2642,0.0
model_26.pt,NCBIGene:51741,predicate:13,HP:0000253,PUBCHEM.COMPOUND:71059938,predicate:10,NCBIGene:2642,0.0
model_26.pt,CHEBI:156122,predicate:5,NCBIGene:23761,PUBCHEM.COMPOUND:71059938,predicate:10,NCBIGene:2642,0.0
model_26.pt,NCBIGene:245865,predicate:3,NCBIGene:194974,PUBCHEM.COMPOUND:71059938,predicate:10,NCBIGene:2642,0.0
model_26.pt,PUBCHEM.COMPOUND:127036977,predicate:0,NCBIGene:135,PUBCHEM.COMPOUND:71059938,predicate:10,NCBIGene:2642,0.0
model_26.pt,PUBCHEM.COMPOUND:44433263,predicate:0,NCBIGene:1576,PUBCHEM.COMPOUND:71059938,predicate:10,NCBIGene:2642,0.0
model_26.pt,CHEBI:16469,predicate:7,NCBIGene:10587,PUBCHEM.COMPOUND:71059938,predicate:10,NCBIGene:2642,0.0
model_26.pt,PUBCHEM.COMPOUND:44314087,predicate:0,NCBIGene:4313,PUBCHEM.COMPOUND:71059938,predicate:10,NCBIGene:2642,0.0
model_26.pt,PUBCHEM.COMPOUND:25093440,predicate:0,NCBIGene:1147,PUBCHEM.COMPOUND:71059938,predicate:10,NCBIGene:2642,0.0
model_26.pt,NCBIGene:20962,predicate:3,NCBIGene:219150,PUBCHEM.COMPOUND:71059938,predicate:10,NCBIGene:2642,0.0
model_26.pt,NCBIGene:23051,predicate:15,MONDO:0005068,PUBCHEM.COMPOUND:71059938,predicate:10,NCBIGene:2642,0.0
model_26.pt,NCBIGene:10565,predicate:6,NCBIGene:284369,PUBCHEM.COMPOUND:71059938,predicate:10,NCBIGene:2642,0.0
model_26.pt,PUBCHEM.COMPOUND:59268935,predicate:0,NCBIGene:1137,PUBCHEM.COMPOUND:71059938,predicate:10,NCBIGene:2642,0.0
model_26.pt,NCBIGene:5903,predicate:1,NCBIGene:402569,PUBCHEM.COMPOUND:71059938,predicate:10,NCBIGene:2642,0.0
model_26.pt,PUBCHEM.COMPOUND:57395067,predicate:0,NCBIGene:6531,PUBCHEM.COMPOUND:71059938,predicate:10,NCBIGene:2642,0.0
model_26.pt,NCBIGene:852585,predicate:3,NCBIGene:855469,PUBCHEM.COMPOUND:71059938,predicate:10,NCBIGene:2642,0.0
model_26.pt,NCBIGene:3976,predicate:9,NCBIGene:2526,PUBCHEM.COMPOUND:71059938,predicate:10,NCBIGene:2642,0.0
model_26.pt,NCBIGene:928,predicate:1,NCBIGene:29952,PUBCHEM.COMPOUND:71059938,predicate:10,NCBIGene:2642,0.0
model_26.pt,MONDO:0013171,predicate:13,MONDO:0001071,PUBCHEM.COMPOUND:71059938,predicate:10,NCBIGene:2642,0.0
model_26.pt,NCBIGene:4634,predicate:1,NCBIGene:6445,PUBCHEM.COMPOUND:71059938,predicate:10,NCBIGene:2642,0.0
model_26.pt,CHEBI:18293,predicate:12,HP:0001945,PUBCHEM.COMPOUND:71059938,predicate:10,NCBIGene:2642,0.0
model_26.pt,UNII:5M691HL4BO,predicate:16,HP:0001288,PUBCHEM.COMPOUND:71059938,predicate:10,NCBIGene:2642,0.0
model_26.pt,MONDO:0011122,predicate:10,NCBIGene:2673,PUBCHEM.COMPOUND:71059938,predicate:10,NCBIGene:2642,16.216552734375
model_26.pt,CHEBI:185383,predicate:5,NCBIGene:9514,PUBCHEM.COMPOUND:71059938,predicate:10,NCBIGene:2642,0.0
model_26.pt,NCBIGene:4763,predicate:13,HP:0002857,PUBCHEM.COMPOUND:71059938,predicate:10,NCBIGene:2642,0.0
model_26.pt,CHEBI:6121,predicate:7,NCBIGene:2335,PUBCHEM.COMPOUND:71059938,predicate:10,NCBIGene:2642,0.0
model_26.pt,NCBIGene:4204,predicate:13,HP:0010864,PUBCHEM.COMPOUND:71059938,predicate:10,NCBIGene:2642,0.0
model_26.pt,PUBCHEM.COMPOUND:5702107,predicate:23,NCBIGene:760,PUBCHEM.COMPOUND:71059938,predicate:10,NCBIGene:2642,0.0
model_26.pt,NCBIGene:22976,predicate:9,NCBIGene:9519,PUBCHEM.COMPOUND:71059938,predicate:10,NCBIGene:2642,0.0
model_26.pt,PUBCHEM.COMPOUND:9834864,predicate:14,NCBIGene:1137,PUBCHEM.COMPOUND:71059938,predicate:10,NCBIGene:2642,0.0
model_26.pt,PUBCHEM.COMPOUND:44431492,predicate:10,NCBIGene:1815,PUBCHEM.COMPOUND:71059938,predicate:10,NCBIGene:2642,33.03211212158203
model_26.pt,CHEBI:191001,predicate:18,NCBIGene:6422,PUBCHEM.COMPOUND:71059938,predicate:10,NCBIGene:2642,0.0
model_26.pt,PUBCHEM.COMPOUND:25015107,predicate:0,NCBIGene:2260,PUBCHEM.COMPOUND:71059938,predicate:10,NCBIGene:2642,0.0
model_26.pt,PUBCHEM.COMPOUND:131757266,predicate:5,NCBIGene:80168,PUBCHEM.COMPOUND:71059938,predicate:10,NCBIGene:2642,0.0
model_26.pt,NCBIGene:23205,predicate:1,NCBIGene:11283,PUBCHEM.COMPOUND:71059938,predicate:10,NCBIGene:2642,0.0
model_26.pt,NCBIGene:23054,predicate:1,NCBIGene:54617,PUBCHEM.COMPOUND:71059938,predicate:10,NCBIGene:2642,0.0
model_26.pt,NCBIGene:10008,predicate:3,NCBIGene:4751,PUBCHEM.COMPOUND:71059938,predicate:10,NCBIGene:2642,0.0
model_26.pt,NCBIGene:27183,predicate:1,NCBIGene:4904,PUBCHEM.COMPOUND:71059938,predicate:10,NCBIGene:2642,0.0
model_26.pt,NCBIGene:5578,predicate:8,NCBIGene:85377,PUBCHEM.COMPOUND:71059938,predicate:10,NCBIGene:2642,0.0
model_26.pt,NCBIGene:79165,predicate:1,NCBIGene:9704,PUBCHEM.COMPOUND:71059938,predicate:10,NCBIGene:2642,0.0
model_26.pt,NCBIGene:2170,predicate:9,NCBIGene:8611,PUBCHEM.COMPOUND:71059938,predicate:10,NCBIGene:2642,0.0
model_26.pt,NCBIGene:91748,predicate:1,NCBIGene:59345,PUBCHEM.COMPOUND:71059938,predicate:10,NCBIGene:2642,0.0
model_26.pt,PUBCHEM.COMPOUND:155512592,predicate:0,NCBIGene:142,PUBCHEM.COMPOUND:71059938,predicate:10,NCBIGene:2642,0.0
model_26.pt,NCBIGene:5663,predicate:7,NCBIGene:7158,PUBCHEM.COMPOUND:71059938,predicate:10,NCBIGene:2642,0.0
model_26.pt,NCBIGene:4140,predicate:21,NCBIGene:7534,PUBCHEM.COMPOUND:71059938,predicate:10,NCBIGene:2642,0.0
model_26.pt,NCBIGene:2475,predicate:1,NCBIGene:23456,PUBCHEM.COMPOUND:71059938,predicate:10,NCBIGene:2642,0.0
model_26.pt,NCBIGene:3162,predicate:15,MONDO:0000831,PUBCHEM.COMPOUND:71059938,predicate:10,NCBIGene:2642,0.0
model_26.pt,PUBCHEM.COMPOUND:10578760,predicate:0,NCBIGene:29580,PUBCHEM.COMPOUND:71059938,predicate:10,NCBIGene:2642,0.0
model_26.pt,NCBIGene:56893,predicate:9,NCBIGene:7316,PUBCHEM.COMPOUND:71059938,predicate:10,NCBIGene:2642,0.0
model_26.pt,CHEBI:93205,predicate:23,NCBIGene:8743,PUBCHEM.COMPOUND:71059938,predicate:10,NCBIGene:2642,0.0
model_26.pt,NCBIGene:1147,predicate:1,NCBIGene:57162,PUBCHEM.COMPOUND:71059938,predicate:10,NCBIGene:2642,0.0
model_26.pt,PUBCHEM.COMPOUND:137226420,predicate:0,NCBIGene:760,PUBCHEM.COMPOUND:71059938,predicate:10,NCBIGene:2642,0.0
model_26.pt,MONDO:0010691,predicate:13,HP:0007957,PUBCHEM.COMPOUND:71059938,predicate:10,NCBIGene:2642,0.0
model_26.pt,NCBIGene:51372,predicate:1,NCBIGene:6202,PUBCHEM.COMPOUND:71059938,predicate:10,NCBIGene:2642,0.0
model_26.pt,NCBIGene:25865,predicate:8,NCBIGene:23212,PUBCHEM.COMPOUND:71059938,predicate:10,NCBIGene:2642,0.0
model_26.pt,PUBCHEM.COMPOUND:122196132,predicate:0,NCBIGene:7941,PUBCHEM.COMPOUND:71059938,predicate:10,NCBIGene:2642,0.0
model_26.pt,NCBIGene:84283,predicate:1,NCBIGene:51458,PUBCHEM.COMPOUND:71059938,predicate:10,NCBIGene:2642,0.0
model_26.pt,NCBIGene:84365,predicate:1,NCBIGene:4236,PUBCHEM.COMPOUND:71059938,predicate:10,NCBIGene:2642,0.0
model_26.pt,CHEBI:8499,predicate:16,MONDO:0001382,PUBCHEM.COMPOUND:71059938,predicate:10,NCBIGene:2642,0.0
model_26.pt,NCBIGene:850551,predicate:3,NCBIGene:856863,PUBCHEM.COMPOUND:71059938,predicate:10,NCBIGene:2642,0.0
model_26.pt,NCBIGene:181271,predicate:3,NCBIGene:190925,PUBCHEM.COMPOUND:71059938,predicate:10,NCBIGene:2642,0.0
model_26.pt,NCBIGene:151056,predicate:4,PUBCHEM.COMPOUND:131761197,PUBCHEM.COMPOUND:71059938,predicate:10,NCBIGene:2642,0.0
model_26.pt,CHEBI:18152,predicate:9,NCBIGene:54498,PUBCHEM.COMPOUND:71059938,predicate:10,NCBIGene:2642,0.0
model_26.pt,NCBIGene:29949,predicate:15,MONDO:0005011,PUBCHEM.COMPOUND:71059938,predicate:10,NCBIGene:2642,0.0
model_26.pt,NCBIGene:173731,predicate:19,CHEBI:31823,PUBCHEM.COMPOUND:71059938,predicate:10,NCBIGene:2642,0.0
model_26.pt,PUBCHEM.COMPOUND:44176335,predicate:0,NCBIGene:331,PUBCHEM.COMPOUND:71059938,predicate:10,NCBIGene:2642,0.0
model_26.pt,PUBCHEM.COMPOUND:49864838,predicate:10,NCBIGene:834,PUBCHEM.COMPOUND:71059938,predicate:10,NCBIGene:2642,5.800213813781738
model_26.pt,NCBIGene:10221,predicate:8,NCBIGene:22908,PUBCHEM.COMPOUND:71059938,predicate:10,NCBIGene:2642,0.0
model_26.pt,CHEBI:46345,predicate:7,NCBIGene:6581,PUBCHEM.COMPOUND:71059938,predicate:10,NCBIGene:2642,0.0
model_26.pt,NCBIGene:375035,predicate:3,NCBIGene:80346,PUBCHEM.COMPOUND:71059938,predicate:10,NCBIGene:2642,0.0
model_26.pt,MONDO:0012176,predicate:13,HP:0003028,NCBIGene:7045,predicate:1,NCBIGene:216,0.0
model_26.pt,CHEBI:6809,predicate:9,NCBIGene:8061,NCBIGene:7045,predicate:1,NCBIGene:216,0.0
model_26.pt,PUBCHEM.COMPOUND:1113514,predicate:0,NCBIGene:946552,NCBIGene:7045,predicate:1,NCBIGene:216,0.0
model_26.pt,PUBCHEM.COMPOUND:137636752,predicate:0,NCBIGene:3065,NCBIGene:7045,predicate:1,NCBIGene:216,0.0
model_26.pt,CHEBI:367163,predicate:16,MONDO:0015691,NCBIGene:7045,predicate:1,NCBIGene:216,0.0
model_26.pt,PUBCHEM.COMPOUND:130200977,predicate:10,NCBIGene:4988,NCBIGene:7045,predicate:1,NCBIGene:216,0.0
model_26.pt,NCBIGene:78987,predicate:3,NCBIGene:92255,NCBIGene:7045,predicate:1,NCBIGene:216,0.0
model_26.pt,NCBIGene:6352,predicate:36,NCBIGene:1234,NCBIGene:7045,predicate:1,NCBIGene:216,0.0
model_26.pt,CHEBI:6443,predicate:7,NCBIGene:8644,NCBIGene:7045,predicate:1,NCBIGene:216,0.0
model_26.pt,DRUGBANK:DB11158,predicate:12,MONDO:0005147,NCBIGene:7045,predicate:1,NCBIGene:216,0.0
model_26.pt,CHEBI:5000,predicate:12,MONDO:0001076,NCBIGene:7045,predicate:1,NCBIGene:216,0.0
model_26.pt,NCBIGene:8089,predicate:3,NCBIGene:26122,NCBIGene:7045,predicate:1,NCBIGene:216,0.0
model_26.pt,NCBIGene:10400,predicate:4,PUBCHEM.COMPOUND:52924335,NCBIGene:7045,predicate:1,NCBIGene:216,0.0
model_26.pt,NCBIGene:10618,predicate:3,NCBIGene:54887,NCBIGene:7045,predicate:1,NCBIGene:216,0.0
model_26.pt,NCBIGene:3308,predicate:15,MONDO:0005559,NCBIGene:7045,predicate:1,NCBIGene:216,0.0
model_26.pt,CHEBI:17351,predicate:7,NCBIGene:5315,NCBIGene:7045,predicate:1,NCBIGene:216,0.0
model_26.pt,CHEMBL.COMPOUND:CHEMBL4747062,predicate:0,NCBIGene:23028,NCBIGene:7045,predicate:1,NCBIGene:216,0.0
model_26.pt,CHEBI:16842,predicate:9,NCBIGene:3557,NCBIGene:7045,predicate:1,NCBIGene:216,0.0
model_26.pt,NCBIGene:4616,predicate:1,NCBIGene:2034,NCBIGene:7045,predicate:1,NCBIGene:216,-57.4542121887207
model_26.pt,NCBIGene:10201,predicate:1,NCBIGene:6154,NCBIGene:7045,predicate:1,NCBIGene:216,37.91005325317383
model_26.pt,NCBIGene:794,predicate:6,NCBIGene:7135,NCBIGene:7045,predicate:1,NCBIGene:216,0.0
model_26.pt,NCBIGene:50834,predicate:1,NCBIGene:403277,NCBIGene:7045,predicate:1,NCBIGene:216,42.68113708496094
model_26.pt,CHEBI:3755,predicate:2,MONDO:0007263,NCBIGene:7045,predicate:1,NCBIGene:216,0.0
model_26.pt,PUBCHEM.COMPOUND:131762323,predicate:5,NCBIGene:5407,NCBIGene:7045,predicate:1,NCBIGene:216,0.0
model_26.pt,PUBCHEM.COMPOUND:54325967,predicate:0,NCBIGene:5468,NCBIGene:7045,predicate:1,NCBIGene:216,0.0
model_26.pt,CHEBI:64354,predicate:0,NCBIGene:6559,NCBIGene:7045,predicate:1,NCBIGene:216,0.0
model_26.pt,CHEBI:44423,predicate:7,NCBIGene:3162,NCBIGene:7045,predicate:1,NCBIGene:216,0.0
model_26.pt,NCBIGene:113174,predicate:10,NCBIGene:100528017,NCBIGene:7045,predicate:1,NCBIGene:216,0.0
model_26.pt,NCBIGene:4502,predicate:1,NCBIGene:10912,NCBIGene:7045,predicate:1,NCBIGene:216,13.262374877929688
model_26.pt,NCBIGene:5321,predicate:4,PUBCHEM.COMPOUND:53478731,NCBIGene:7045,predicate:1,NCBIGene:216,0.0
model_26.pt,CHEBI:3755,predicate:7,NCBIGene:2100,NCBIGene:7045,predicate:1,NCBIGene:216,0.0
model_26.pt,NCBIGene:51741,predicate:13,HP:0000253,NCBIGene:7045,predicate:1,NCBIGene:216,0.0
model_26.pt,CHEBI:156122,predicate:5,NCBIGene:23761,NCBIGene:7045,predicate:1,NCBIGene:216,0.0
model_26.pt,NCBIGene:245865,predicate:3,NCBIGene:194974,NCBIGene:7045,predicate:1,NCBIGene:216,0.0
model_26.pt,PUBCHEM.COMPOUND:127036977,predicate:0,NCBIGene:135,NCBIGene:7045,predicate:1,NCBIGene:216,0.0
model_26.pt,PUBCHEM.COMPOUND:44433263,predicate:0,NCBIGene:1576,NCBIGene:7045,predicate:1,NCBIGene:216,0.0
model_26.pt,CHEBI:16469,predicate:7,NCBIGene:10587,NCBIGene:7045,predicate:1,NCBIGene:216,0.0
model_26.pt,PUBCHEM.COMPOUND:44314087,predicate:0,NCBIGene:4313,NCBIGene:7045,predicate:1,NCBIGene:216,0.0
model_26.pt,PUBCHEM.COMPOUND:25093440,predicate:0,NCBIGene:1147,NCBIGene:7045,predicate:1,NCBIGene:216,0.0
model_26.pt,NCBIGene:20962,predicate:3,NCBIGene:219150,NCBIGene:7045,predicate:1,NCBIGene:216,0.0
model_26.pt,NCBIGene:23051,predicate:15,MONDO:0005068,NCBIGene:7045,predicate:1,NCBIGene:216,0.0
model_26.pt,NCBIGene:10565,predicate:6,NCBIGene:284369,NCBIGene:7045,predicate:1,NCBIGene:216,0.0
model_26.pt,PUBCHEM.COMPOUND:59268935,predicate:0,NCBIGene:1137,NCBIGene:7045,predicate:1,NCBIGene:216,0.0
model_26.pt,NCBIGene:5903,predicate:1,NCBIGene:402569,NCBIGene:7045,predicate:1,NCBIGene:216,-107.44927978515625
model_26.pt,PUBCHEM.COMPOUND:57395067,predicate:0,NCBIGene:6531,NCBIGene:7045,predicate:1,NCBIGene:216,0.0
model_26.pt,NCBIGene:852585,predicate:3,NCBIGene:855469,NCBIGene:7045,predicate:1,NCBIGene:216,0.0
model_26.pt,NCBIGene:3976,predicate:9,NCBIGene:2526,NCBIGene:7045,predicate:1,NCBIGene:216,0.0
model_26.pt,NCBIGene:928,predicate:1,NCBIGene:29952,NCBIGene:7045,predicate:1,NCBIGene:216,-24.266830444335938
model_26.pt,MONDO:0013171,predicate:13,MONDO:0001071,NCBIGene:7045,predicate:1,NCBIGene:216,0.0
model_26.pt,NCBIGene:4634,predicate:1,NCBIGene:6445,NCBIGene:7045,predicate:1,NCBIGene:216,-57.4324951171875
model_26.pt,CHEBI:18293,predicate:12,HP:0001945,NCBIGene:7045,predicate:1,NCBIGene:216,0.0
model_26.pt,UNII:5M691HL4BO,predicate:16,HP:0001288,NCBIGene:7045,predicate:1,NCBIGene:216,0.0
model_26.pt,MONDO:0011122,predicate:10,NCBIGene:2673,NCBIGene:7045,predicate:1,NCBIGene:216,0.0
model_26.pt,CHEBI:185383,predicate:5,NCBIGene:9514,NCBIGene:7045,predicate:1,NCBIGene:216,0.0
model_26.pt,NCBIGene:4763,predicate:13,HP:0002857,NCBIGene:7045,predicate:1,NCBIGene:216,0.0
model_26.pt,CHEBI:6121,predicate:7,NCBIGene:2335,NCBIGene:7045,predicate:1,NCBIGene:216,0.0
model_26.pt,NCBIGene:4204,predicate:13,HP:0010864,NCBIGene:7045,predicate:1,NCBIGene:216,0.0
model_26.pt,PUBCHEM.COMPOUND:5702107,predicate:23,NCBIGene:760,NCBIGene:7045,predicate:1,NCBIGene:216,0.0
model_26.pt,NCBIGene:22976,predicate:9,NCBIGene:9519,NCBIGene:7045,predicate:1,NCBIGene:216,0.0
model_26.pt,PUBCHEM.COMPOUND:9834864,predicate:14,NCBIGene:1137,NCBIGene:7045,predicate:1,NCBIGene:216,0.0
model_26.pt,PUBCHEM.COMPOUND:44431492,predicate:10,NCBIGene:1815,NCBIGene:7045,predicate:1,NCBIGene:216,0.0
model_26.pt,CHEBI:191001,predicate:18,NCBIGene:6422,NCBIGene:7045,predicate:1,NCBIGene:216,0.0
model_26.pt,PUBCHEM.COMPOUND:25015107,predicate:0,NCBIGene:2260,NCBIGene:7045,predicate:1,NCBIGene:216,0.0
model_26.pt,PUBCHEM.COMPOUND:131757266,predicate:5,NCBIGene:80168,NCBIGene:7045,predicate:1,NCBIGene:216,0.0
model_26.pt,NCBIGene:23205,predicate:1,NCBIGene:11283,NCBIGene:7045,predicate:1,NCBIGene:216,22.764198303222656
model_26.pt,NCBIGene:23054,predicate:1,NCBIGene:54617,NCBIGene:7045,predicate:1,NCBIGene:216,42.79507064819336
model_26.pt,NCBIGene:10008,predicate:3,NCBIGene:4751,NCBIGene:7045,predicate:1,NCBIGene:216,0.0
model_26.pt,NCBIGene:27183,predicate:1,NCBIGene:4904,NCBIGene:7045,predicate:1,NCBIGene:216,24.298540115356445
model_26.pt,NCBIGene:5578,predicate:8,NCBIGene:85377,NCBIGene:7045,predicate:1,NCBIGene:216,0.0
model_26.pt,NCBIGene:79165,predicate:1,NCBIGene:9704,NCBIGene:7045,predicate:1,NCBIGene:216,23.028064727783203
model_26.pt,NCBIGene:2170,predicate:9,NCBIGene:8611,NCBIGene:7045,predicate:1,NCBIGene:216,0.0
model_26.pt,NCBIGene:91748,predicate:1,NCBIGene:59345,NCBIGene:7045,predicate:1,NCBIGene:216,69.22966766357422
model_26.pt,PUBCHEM.COMPOUND:155512592,predicate:0,NCBIGene:142,NCBIGene:7045,predicate:1,NCBIGene:216,0.0
model_26.pt,NCBIGene:5663,predicate:7,NCBIGene:7158,NCBIGene:7045,predicate:1,NCBIGene:216,0.0
model_26.pt,NCBIGene:4140,predicate:21,NCBIGene:7534,NCBIGene:7045,predicate:1,NCBIGene:216,0.0
model_26.pt,NCBIGene:2475,predicate:1,NCBIGene:23456,NCBIGene:7045,predicate:1,NCBIGene:216,-26.105770111083984
model_26.pt,NCBIGene:3162,predicate:15,MONDO:0000831,NCBIGene:7045,predicate:1,NCBIGene:216,0.0
model_26.pt,PUBCHEM.COMPOUND:10578760,predicate:0,NCBIGene:29580,NCBIGene:7045,predicate:1,NCBIGene:216,0.0
model_26.pt,NCBIGene:56893,predicate:9,NCBIGene:7316,NCBIGene:7045,predicate:1,NCBIGene:216,0.0
model_26.pt,CHEBI:93205,predicate:23,NCBIGene:8743,NCBIGene:7045,predicate:1,NCBIGene:216,0.0
model_26.pt,NCBIGene:1147,predicate:1,NCBIGene:57162,NCBIGene:7045,predicate:1,NCBIGene:216,-25.079240798950195
model_26.pt,PUBCHEM.COMPOUND:137226420,predicate:0,NCBIGene:760,NCBIGene:7045,predicate:1,NCBIGene:216,0.0
model_26.pt,MONDO:0010691,predicate:13,HP:0007957,NCBIGene:7045,predicate:1,NCBIGene:216,0.0
model_26.pt,NCBIGene:51372,predicate:1,NCBIGene:6202,NCBIGene:7045,predicate:1,NCBIGene:216,9.446426391601562
model_26.pt,NCBIGene:25865,predicate:8,NCBIGene:23212,NCBIGene:7045,predicate:1,NCBIGene:216,0.0
model_26.pt,PUBCHEM.COMPOUND:122196132,predicate:0,NCBIGene:7941,NCBIGene:7045,predicate:1,NCBIGene:216,0.0
model_26.pt,NCBIGene:84283,predicate:1,NCBIGene:51458,NCBIGene:7045,predicate:1,NCBIGene:216,9.649889945983887
model_26.pt,NCBIGene:84365,predicate:1,NCBIGene:4236,NCBIGene:7045,predicate:1,NCBIGene:216,32.97444152832031
model_26.pt,CHEBI:8499,predicate:16,MONDO:0001382,NCBIGene:7045,predicate:1,NCBIGene:216,0.0
model_26.pt,NCBIGene:850551,predicate:3,NCBIGene:856863,NCBIGene:7045,predicate:1,NCBIGene:216,0.0
model_26.pt,NCBIGene:181271,predicate:3,NCBIGene:190925,NCBIGene:7045,predicate:1,NCBIGene:216,0.0
model_26.pt,NCBIGene:151056,predicate:4,PUBCHEM.COMPOUND:131761197,NCBIGene:7045,predicate:1,NCBIGene:216,0.0
model_26.pt,CHEBI:18152,predicate:9,NCBIGene:54498,NCBIGene:7045,predicate:1,NCBIGene:216,0.0
model_26.pt,NCBIGene:29949,predicate:15,MONDO:0005011,NCBIGene:7045,predicate:1,NCBIGene:216,0.0
model_26.pt,NCBIGene:173731,predicate:19,CHEBI:31823,NCBIGene:7045,predicate:1,NCBIGene:216,0.0
model_26.pt,PUBCHEM.COMPOUND:44176335,predicate:0,NCBIGene:331,NCBIGene:7045,predicate:1,NCBIGene:216,0.0
model_26.pt,PUBCHEM.COMPOUND:49864838,predicate:10,NCBIGene:834,NCBIGene:7045,predicate:1,NCBIGene:216,0.0
model_26.pt,NCBIGene:10221,predicate:8,NCBIGene:22908,NCBIGene:7045,predicate:1,NCBIGene:216,0.0
model_26.pt,CHEBI:46345,predicate:7,NCBIGene:6581,NCBIGene:7045,predicate:1,NCBIGene:216,0.0
model_26.pt,NCBIGene:375035,predicate:3,NCBIGene:80346,NCBIGene:7045,predicate:1,NCBIGene:216,0.0
model_26.pt,MONDO:0012176,predicate:13,HP:0003028,NCBIGene:79895,predicate:4,CHEBI:170728,0.0
model_26.pt,CHEBI:6809,predicate:9,NCBIGene:8061,NCBIGene:79895,predicate:4,CHEBI:170728,0.0
model_26.pt,PUBCHEM.COMPOUND:1113514,predicate:0,NCBIGene:946552,NCBIGene:79895,predicate:4,CHEBI:170728,0.0
model_26.pt,PUBCHEM.COMPOUND:137636752,predicate:0,NCBIGene:3065,NCBIGene:79895,predicate:4,CHEBI:170728,0.0
model_26.pt,CHEBI:367163,predicate:16,MONDO:0015691,NCBIGene:79895,predicate:4,CHEBI:170728,0.0
model_26.pt,PUBCHEM.COMPOUND:130200977,predicate:10,NCBIGene:4988,NCBIGene:79895,predicate:4,CHEBI:170728,0.0
model_26.pt,NCBIGene:78987,predicate:3,NCBIGene:92255,NCBIGene:79895,predicate:4,CHEBI:170728,0.0
model_26.pt,NCBIGene:6352,predicate:36,NCBIGene:1234,NCBIGene:79895,predicate:4,CHEBI:170728,0.0
model_26.pt,CHEBI:6443,predicate:7,NCBIGene:8644,NCBIGene:79895,predicate:4,CHEBI:170728,0.0
model_26.pt,DRUGBANK:DB11158,predicate:12,MONDO:0005147,NCBIGene:79895,predicate:4,CHEBI:170728,0.0
model_26.pt,CHEBI:5000,predicate:12,MONDO:0001076,NCBIGene:79895,predicate:4,CHEBI:170728,0.0
model_26.pt,NCBIGene:8089,predicate:3,NCBIGene:26122,NCBIGene:79895,predicate:4,CHEBI:170728,0.0
model_26.pt,NCBIGene:10400,predicate:4,PUBCHEM.COMPOUND:52924335,NCBIGene:79895,predicate:4,CHEBI:170728,-13.899194717407227
model_26.pt,NCBIGene:10618,predicate:3,NCBIGene:54887,NCBIGene:79895,predicate:4,CHEBI:170728,0.0
model_26.pt,NCBIGene:3308,predicate:15,MONDO:0005559,NCBIGene:79895,predicate:4,CHEBI:170728,0.0
model_26.pt,CHEBI:17351,predicate:7,NCBIGene:5315,NCBIGene:79895,predicate:4,CHEBI:170728,0.0
model_26.pt,CHEMBL.COMPOUND:CHEMBL4747062,predicate:0,NCBIGene:23028,NCBIGene:79895,predicate:4,CHEBI:170728,0.0
model_26.pt,CHEBI:16842,predicate:9,NCBIGene:3557,NCBIGene:79895,predicate:4,CHEBI:170728,0.0
model_26.pt,NCBIGene:4616,predicate:1,NCBIGene:2034,NCBIGene:79895,predicate:4,CHEBI:170728,0.0
model_26.pt,NCBIGene:10201,predicate:1,NCBIGene:6154,NCBIGene:79895,predicate:4,CHEBI:170728,0.0
model_26.pt,NCBIGene:794,predicate:6,NCBIGene:7135,NCBIGene:79895,predicate:4,CHEBI:170728,0.0
model_26.pt,NCBIGene:50834,predicate:1,NCBIGene:403277,NCBIGene:79895,predicate:4,CHEBI:170728,0.0
model_26.pt,CHEBI:3755,predicate:2,MONDO:0007263,NCBIGene:79895,predicate:4,CHEBI:170728,0.0
model_26.pt,PUBCHEM.COMPOUND:131762323,predicate:5,NCBIGene:5407,NCBIGene:79895,predicate:4,CHEBI:170728,0.0
model_26.pt,PUBCHEM.COMPOUND:54325967,predicate:0,NCBIGene:5468,NCBIGene:79895,predicate:4,CHEBI:170728,0.0
model_26.pt,CHEBI:64354,predicate:0,NCBIGene:6559,NCBIGene:79895,predicate:4,CHEBI:170728,0.0
model_26.pt,CHEBI:44423,predicate:7,NCBIGene:3162,NCBIGene:79895,predicate:4,CHEBI:170728,0.0
model_26.pt,NCBIGene:113174,predicate:10,NCBIGene:100528017,NCBIGene:79895,predicate:4,CHEBI:170728,0.0
model_26.pt,NCBIGene:4502,predicate:1,NCBIGene:10912,NCBIGene:79895,predicate:4,CHEBI:170728,0.0
model_26.pt,NCBIGene:5321,predicate:4,PUBCHEM.COMPOUND:53478731,NCBIGene:79895,predicate:4,CHEBI:170728,45.7041015625
model_26.pt,CHEBI:3755,predicate:7,NCBIGene:2100,NCBIGene:79895,predicate:4,CHEBI:170728,0.0
model_26.pt,NCBIGene:51741,predicate:13,HP:0000253,NCBIGene:79895,predicate:4,CHEBI:170728,0.0
model_26.pt,CHEBI:156122,predicate:5,NCBIGene:23761,NCBIGene:79895,predicate:4,CHEBI:170728,0.0
model_26.pt,NCBIGene:245865,predicate:3,NCBIGene:194974,NCBIGene:79895,predicate:4,CHEBI:170728,0.0
model_26.pt,PUBCHEM.COMPOUND:127036977,predicate:0,NCBIGene:135,NCBIGene:79895,predicate:4,CHEBI:170728,0.0
model_26.pt,PUBCHEM.COMPOUND:44433263,predicate:0,NCBIGene:1576,NCBIGene:79895,predicate:4,CHEBI:170728,0.0
model_26.pt,CHEBI:16469,predicate:7,NCBIGene:10587,NCBIGene:79895,predicate:4,CHEBI:170728,0.0
model_26.pt,PUBCHEM.COMPOUND:44314087,predicate:0,NCBIGene:4313,NCBIGene:79895,predicate:4,CHEBI:170728,0.0
model_26.pt,PUBCHEM.COMPOUND:25093440,predicate:0,NCBIGene:1147,NCBIGene:79895,predicate:4,CHEBI:170728,0.0
model_26.pt,NCBIGene:20962,predicate:3,NCBIGene:219150,NCBIGene:79895,predicate:4,CHEBI:170728,0.0
model_26.pt,NCBIGene:23051,predicate:15,MONDO:0005068,NCBIGene:79895,predicate:4,CHEBI:170728,0.0
model_26.pt,NCBIGene:10565,predicate:6,NCBIGene:284369,NCBIGene:79895,predicate:4,CHEBI:170728,0.0
model_26.pt,PUBCHEM.COMPOUND:59268935,predicate:0,NCBIGene:1137,NCBIGene:79895,predicate:4,CHEBI:170728,0.0
model_26.pt,NCBIGene:5903,predicate:1,NCBIGene:402569,NCBIGene:79895,predicate:4,CHEBI:170728,0.0
model_26.pt,PUBCHEM.COMPOUND:57395067,predicate:0,NCBIGene:6531,NCBIGene:79895,predicate:4,CHEBI:170728,0.0
model_26.pt,NCBIGene:852585,predicate:3,NCBIGene:855469,NCBIGene:79895,predicate:4,CHEBI:170728,0.0
model_26.pt,NCBIGene:3976,predicate:9,NCBIGene:2526,NCBIGene:79895,predicate:4,CHEBI:170728,0.0
model_26.pt,NCBIGene:928,predicate:1,NCBIGene:29952,NCBIGene:79895,predicate:4,CHEBI:170728,0.0
model_26.pt,MONDO:0013171,predicate:13,MONDO:0001071,NCBIGene:79895,predicate:4,CHEBI:170728,0.0
model_26.pt,NCBIGene:4634,predicate:1,NCBIGene:6445,NCBIGene:79895,predicate:4,CHEBI:170728,0.0
model_26.pt,CHEBI:18293,predicate:12,HP:0001945,NCBIGene:79895,predicate:4,CHEBI:170728,0.0
model_26.pt,UNII:5M691HL4BO,predicate:16,HP:0001288,NCBIGene:79895,predicate:4,CHEBI:170728,0.0
model_26.pt,MONDO:0011122,predicate:10,NCBIGene:2673,NCBIGene:79895,predicate:4,CHEBI:170728,0.0
model_26.pt,CHEBI:185383,predicate:5,NCBIGene:9514,NCBIGene:79895,predicate:4,CHEBI:170728,0.0
model_26.pt,NCBIGene:4763,predicate:13,HP:0002857,NCBIGene:79895,predicate:4,CHEBI:170728,0.0
model_26.pt,CHEBI:6121,predicate:7,NCBIGene:2335,NCBIGene:79895,predicate:4,CHEBI:170728,0.0
model_26.pt,NCBIGene:4204,predicate:13,HP:0010864,NCBIGene:79895,predicate:4,CHEBI:170728,0.0
model_26.pt,PUBCHEM.COMPOUND:5702107,predicate:23,NCBIGene:760,NCBIGene:79895,predicate:4,CHEBI:170728,0.0
model_26.pt,NCBIGene:22976,predicate:9,NCBIGene:9519,NCBIGene:79895,predicate:4,CHEBI:170728,0.0
model_26.pt,PUBCHEM.COMPOUND:9834864,predicate:14,NCBIGene:1137,NCBIGene:79895,predicate:4,CHEBI:170728,0.0
model_26.pt,PUBCHEM.COMPOUND:44431492,predicate:10,NCBIGene:1815,NCBIGene:79895,predicate:4,CHEBI:170728,0.0
model_26.pt,CHEBI:191001,predicate:18,NCBIGene:6422,NCBIGene:79895,predicate:4,CHEBI:170728,0.0
model_26.pt,PUBCHEM.COMPOUND:25015107,predicate:0,NCBIGene:2260,NCBIGene:79895,predicate:4,CHEBI:170728,0.0
model_26.pt,PUBCHEM.COMPOUND:131757266,predicate:5,NCBIGene:80168,NCBIGene:79895,predicate:4,CHEBI:170728,0.0
model_26.pt,NCBIGene:23205,predicate:1,NCBIGene:11283,NCBIGene:79895,predicate:4,CHEBI:170728,0.0
model_26.pt,NCBIGene:23054,predicate:1,NCBIGene:54617,NCBIGene:79895,predicate:4,CHEBI:170728,0.0
model_26.pt,NCBIGene:10008,predicate:3,NCBIGene:4751,NCBIGene:79895,predicate:4,CHEBI:170728,0.0
model_26.pt,NCBIGene:27183,predicate:1,NCBIGene:4904,NCBIGene:79895,predicate:4,CHEBI:170728,0.0
model_26.pt,NCBIGene:5578,predicate:8,NCBIGene:85377,NCBIGene:79895,predicate:4,CHEBI:170728,0.0
model_26.pt,NCBIGene:79165,predicate:1,NCBIGene:9704,NCBIGene:79895,predicate:4,CHEBI:170728,0.0
model_26.pt,NCBIGene:2170,predicate:9,NCBIGene:8611,NCBIGene:79895,predicate:4,CHEBI:170728,0.0
model_26.pt,NCBIGene:91748,predicate:1,NCBIGene:59345,NCBIGene:79895,predicate:4,CHEBI:170728,0.0
model_26.pt,PUBCHEM.COMPOUND:155512592,predicate:0,NCBIGene:142,NCBIGene:79895,predicate:4,CHEBI:170728,0.0
model_26.pt,NCBIGene:5663,predicate:7,NCBIGene:7158,NCBIGene:79895,predicate:4,CHEBI:170728,0.0
model_26.pt,NCBIGene:4140,predicate:21,NCBIGene:7534,NCBIGene:79895,predicate:4,CHEBI:170728,0.0
model_26.pt,NCBIGene:2475,predicate:1,NCBIGene:23456,NCBIGene:79895,predicate:4,CHEBI:170728,0.0
model_26.pt,NCBIGene:3162,predicate:15,MONDO:0000831,NCBIGene:79895,predicate:4,CHEBI:170728,0.0
model_26.pt,PUBCHEM.COMPOUND:10578760,predicate:0,NCBIGene:29580,NCBIGene:79895,predicate:4,CHEBI:170728,0.0
model_26.pt,NCBIGene:56893,predicate:9,NCBIGene:7316,NCBIGene:79895,predicate:4,CHEBI:170728,0.0
model_26.pt,CHEBI:93205,predicate:23,NCBIGene:8743,NCBIGene:79895,predicate:4,CHEBI:170728,0.0
model_26.pt,NCBIGene:1147,predicate:1,NCBIGene:57162,NCBIGene:79895,predicate:4,CHEBI:170728,0.0
model_26.pt,PUBCHEM.COMPOUND:137226420,predicate:0,NCBIGene:760,NCBIGene:79895,predicate:4,CHEBI:170728,0.0
model_26.pt,MONDO:0010691,predicate:13,HP:0007957,NCBIGene:79895,predicate:4,CHEBI:170728,0.0
model_26.pt,NCBIGene:51372,predicate:1,NCBIGene:6202,NCBIGene:79895,predicate:4,CHEBI:170728,0.0
model_26.pt,NCBIGene:25865,predicate:8,NCBIGene:23212,NCBIGene:79895,predicate:4,CHEBI:170728,0.0
model_26.pt,PUBCHEM.COMPOUND:122196132,predicate:0,NCBIGene:7941,NCBIGene:79895,predicate:4,CHEBI:170728,0.0
model_26.pt,NCBIGene:84283,predicate:1,NCBIGene:51458,NCBIGene:79895,predicate:4,CHEBI:170728,0.0
model_26.pt,NCBIGene:84365,predicate:1,NCBIGene:4236,NCBIGene:79895,predicate:4,CHEBI:170728,0.0
model_26.pt,CHEBI:8499,predicate:16,MONDO:0001382,NCBIGene:79895,predicate:4,CHEBI:170728,0.0
model_26.pt,NCBIGene:850551,predicate:3,NCBIGene:856863,NCBIGene:79895,predicate:4,CHEBI:170728,0.0
model_26.pt,NCBIGene:181271,predicate:3,NCBIGene:190925,NCBIGene:79895,predicate:4,CHEBI:170728,0.0
model_26.pt,NCBIGene:151056,predicate:4,PUBCHEM.COMPOUND:131761197,NCBIGene:79895,predicate:4,CHEBI:170728,-14.309459686279297
model_26.pt,CHEBI:18152,predicate:9,NCBIGene:54498,NCBIGene:79895,predicate:4,CHEBI:170728,0.0
model_26.pt,NCBIGene:29949,predicate:15,MONDO:0005011,NCBIGene:79895,predicate:4,CHEBI:170728,0.0
model_26.pt,NCBIGene:173731,predicate:19,CHEBI:31823,NCBIGene:79895,predicate:4,CHEBI:170728,0.0
model_26.pt,PUBCHEM.COMPOUND:44176335,predicate:0,NCBIGene:331,NCBIGene:79895,predicate:4,CHEBI:170728,0.0
model_26.pt,PUBCHEM.COMPOUND:49864838,predicate:10,NCBIGene:834,NCBIGene:79895,predicate:4,CHEBI:170728,0.0
model_26.pt,NCBIGene:10221,predicate:8,NCBIGene:22908,NCBIGene:79895,predicate:4,CHEBI:170728,0.0
model_26.pt,CHEBI:46345,predicate:7,NCBIGene:6581,NCBIGene:79895,predicate:4,CHEBI:170728,0.0
model_26.pt,NCBIGene:375035,predicate:3,NCBIGene:80346,NCBIGene:79895,predicate:4,CHEBI:170728,0.0
model_26.pt,MONDO:0012176,predicate:13,HP:0003028,NCBIGene:2145,predicate:21,NCBIGene:23582,0.0
model_26.pt,CHEBI:6809,predicate:9,NCBIGene:8061,NCBIGene:2145,predicate:21,NCBIGene:23582,0.0
model_26.pt,PUBCHEM.COMPOUND:1113514,predicate:0,NCBIGene:946552,NCBIGene:2145,predicate:21,NCBIGene:23582,0.0
model_26.pt,PUBCHEM.COMPOUND:137636752,predicate:0,NCBIGene:3065,NCBIGene:2145,predicate:21,NCBIGene:23582,0.0
model_26.pt,CHEBI:367163,predicate:16,MONDO:0015691,NCBIGene:2145,predicate:21,NCBIGene:23582,0.0
model_26.pt,PUBCHEM.COMPOUND:130200977,predicate:10,NCBIGene:4988,NCBIGene:2145,predicate:21,NCBIGene:23582,0.0
model_26.pt,NCBIGene:78987,predicate:3,NCBIGene:92255,NCBIGene:2145,predicate:21,NCBIGene:23582,0.0
model_26.pt,NCBIGene:6352,predicate:36,NCBIGene:1234,NCBIGene:2145,predicate:21,NCBIGene:23582,0.0
model_26.pt,CHEBI:6443,predicate:7,NCBIGene:8644,NCBIGene:2145,predicate:21,NCBIGene:23582,0.0
model_26.pt,DRUGBANK:DB11158,predicate:12,MONDO:0005147,NCBIGene:2145,predicate:21,NCBIGene:23582,0.0
model_26.pt,CHEBI:5000,predicate:12,MONDO:0001076,NCBIGene:2145,predicate:21,NCBIGene:23582,0.0
model_26.pt,NCBIGene:8089,predicate:3,NCBIGene:26122,NCBIGene:2145,predicate:21,NCBIGene:23582,0.0
model_26.pt,NCBIGene:10400,predicate:4,PUBCHEM.COMPOUND:52924335,NCBIGene:2145,predicate:21,NCBIGene:23582,0.0
model_26.pt,NCBIGene:10618,predicate:3,NCBIGene:54887,NCBIGene:2145,predicate:21,NCBIGene:23582,0.0
model_26.pt,NCBIGene:3308,predicate:15,MONDO:0005559,NCBIGene:2145,predicate:21,NCBIGene:23582,0.0
model_26.pt,CHEBI:17351,predicate:7,NCBIGene:5315,NCBIGene:2145,predicate:21,NCBIGene:23582,0.0
model_26.pt,CHEMBL.COMPOUND:CHEMBL4747062,predicate:0,NCBIGene:23028,NCBIGene:2145,predicate:21,NCBIGene:23582,0.0
model_26.pt,CHEBI:16842,predicate:9,NCBIGene:3557,NCBIGene:2145,predicate:21,NCBIGene:23582,0.0
model_26.pt,NCBIGene:4616,predicate:1,NCBIGene:2034,NCBIGene:2145,predicate:21,NCBIGene:23582,0.0
model_26.pt,NCBIGene:10201,predicate:1,NCBIGene:6154,NCBIGene:2145,predicate:21,NCBIGene:23582,0.0
model_26.pt,NCBIGene:794,predicate:6,NCBIGene:7135,NCBIGene:2145,predicate:21,NCBIGene:23582,0.0
model_26.pt,NCBIGene:50834,predicate:1,NCBIGene:403277,NCBIGene:2145,predicate:21,NCBIGene:23582,0.0
model_26.pt,CHEBI:3755,predicate:2,MONDO:0007263,NCBIGene:2145,predicate:21,NCBIGene:23582,0.0
model_26.pt,PUBCHEM.COMPOUND:131762323,predicate:5,NCBIGene:5407,NCBIGene:2145,predicate:21,NCBIGene:23582,0.0
model_26.pt,PUBCHEM.COMPOUND:54325967,predicate:0,NCBIGene:5468,NCBIGene:2145,predicate:21,NCBIGene:23582,0.0
model_26.pt,CHEBI:64354,predicate:0,NCBIGene:6559,NCBIGene:2145,predicate:21,NCBIGene:23582,0.0
model_26.pt,CHEBI:44423,predicate:7,NCBIGene:3162,NCBIGene:2145,predicate:21,NCBIGene:23582,0.0
model_26.pt,NCBIGene:113174,predicate:10,NCBIGene:100528017,NCBIGene:2145,predicate:21,NCBIGene:23582,0.0
model_26.pt,NCBIGene:4502,predicate:1,NCBIGene:10912,NCBIGene:2145,predicate:21,NCBIGene:23582,0.0
model_26.pt,NCBIGene:5321,predicate:4,PUBCHEM.COMPOUND:53478731,NCBIGene:2145,predicate:21,NCBIGene:23582,0.0
model_26.pt,CHEBI:3755,predicate:7,NCBIGene:2100,NCBIGene:2145,predicate:21,NCBIGene:23582,0.0
model_26.pt,NCBIGene:51741,predicate:13,HP:0000253,NCBIGene:2145,predicate:21,NCBIGene:23582,0.0
model_26.pt,CHEBI:156122,predicate:5,NCBIGene:23761,NCBIGene:2145,predicate:21,NCBIGene:23582,0.0
model_26.pt,NCBIGene:245865,predicate:3,NCBIGene:194974,NCBIGene:2145,predicate:21,NCBIGene:23582,0.0
model_26.pt,PUBCHEM.COMPOUND:127036977,predicate:0,NCBIGene:135,NCBIGene:2145,predicate:21,NCBIGene:23582,0.0
model_26.pt,PUBCHEM.COMPOUND:44433263,predicate:0,NCBIGene:1576,NCBIGene:2145,predicate:21,NCBIGene:23582,0.0
model_26.pt,CHEBI:16469,predicate:7,NCBIGene:10587,NCBIGene:2145,predicate:21,NCBIGene:23582,0.0
model_26.pt,PUBCHEM.COMPOUND:44314087,predicate:0,NCBIGene:4313,NCBIGene:2145,predicate:21,NCBIGene:23582,0.0
model_26.pt,PUBCHEM.COMPOUND:25093440,predicate:0,NCBIGene:1147,NCBIGene:2145,predicate:21,NCBIGene:23582,0.0
model_26.pt,NCBIGene:20962,predicate:3,NCBIGene:219150,NCBIGene:2145,predicate:21,NCBIGene:23582,0.0
model_26.pt,NCBIGene:23051,predicate:15,MONDO:0005068,NCBIGene:2145,predicate:21,NCBIGene:23582,0.0
model_26.pt,NCBIGene:10565,predicate:6,NCBIGene:284369,NCBIGene:2145,predicate:21,NCBIGene:23582,0.0
model_26.pt,PUBCHEM.COMPOUND:59268935,predicate:0,NCBIGene:1137,NCBIGene:2145,predicate:21,NCBIGene:23582,0.0
model_26.pt,NCBIGene:5903,predicate:1,NCBIGene:402569,NCBIGene:2145,predicate:21,NCBIGene:23582,0.0
model_26.pt,PUBCHEM.COMPOUND:57395067,predicate:0,NCBIGene:6531,NCBIGene:2145,predicate:21,NCBIGene:23582,0.0
model_26.pt,NCBIGene:852585,predicate:3,NCBIGene:855469,NCBIGene:2145,predicate:21,NCBIGene:23582,0.0
model_26.pt,NCBIGene:3976,predicate:9,NCBIGene:2526,NCBIGene:2145,predicate:21,NCBIGene:23582,0.0
model_26.pt,NCBIGene:928,predicate:1,NCBIGene:29952,NCBIGene:2145,predicate:21,NCBIGene:23582,0.0
model_26.pt,MONDO:0013171,predicate:13,MONDO:0001071,NCBIGene:2145,predicate:21,NCBIGene:23582,0.0
model_26.pt,NCBIGene:4634,predicate:1,NCBIGene:6445,NCBIGene:2145,predicate:21,NCBIGene:23582,0.0
model_26.pt,CHEBI:18293,predicate:12,HP:0001945,NCBIGene:2145,predicate:21,NCBIGene:23582,0.0
model_26.pt,UNII:5M691HL4BO,predicate:16,HP:0001288,NCBIGene:2145,predicate:21,NCBIGene:23582,0.0
model_26.pt,MONDO:0011122,predicate:10,NCBIGene:2673,NCBIGene:2145,predicate:21,NCBIGene:23582,0.0
model_26.pt,CHEBI:185383,predicate:5,NCBIGene:9514,NCBIGene:2145,predicate:21,NCBIGene:23582,0.0
model_26.pt,NCBIGene:4763,predicate:13,HP:0002857,NCBIGene:2145,predicate:21,NCBIGene:23582,0.0
model_26.pt,CHEBI:6121,predicate:7,NCBIGene:2335,NCBIGene:2145,predicate:21,NCBIGene:23582,0.0
model_26.pt,NCBIGene:4204,predicate:13,HP:0010864,NCBIGene:2145,predicate:21,NCBIGene:23582,0.0
model_26.pt,PUBCHEM.COMPOUND:5702107,predicate:23,NCBIGene:760,NCBIGene:2145,predicate:21,NCBIGene:23582,0.0
model_26.pt,NCBIGene:22976,predicate:9,NCBIGene:9519,NCBIGene:2145,predicate:21,NCBIGene:23582,0.0
model_26.pt,PUBCHEM.COMPOUND:9834864,predicate:14,NCBIGene:1137,NCBIGene:2145,predicate:21,NCBIGene:23582,0.0
model_26.pt,PUBCHEM.COMPOUND:44431492,predicate:10,NCBIGene:1815,NCBIGene:2145,predicate:21,NCBIGene:23582,0.0
model_26.pt,CHEBI:191001,predicate:18,NCBIGene:6422,NCBIGene:2145,predicate:21,NCBIGene:23582,0.0
model_26.pt,PUBCHEM.COMPOUND:25015107,predicate:0,NCBIGene:2260,NCBIGene:2145,predicate:21,NCBIGene:23582,0.0
model_26.pt,PUBCHEM.COMPOUND:131757266,predicate:5,NCBIGene:80168,NCBIGene:2145,predicate:21,NCBIGene:23582,0.0
model_26.pt,NCBIGene:23205,predicate:1,NCBIGene:11283,NCBIGene:2145,predicate:21,NCBIGene:23582,0.0
model_26.pt,NCBIGene:23054,predicate:1,NCBIGene:54617,NCBIGene:2145,predicate:21,NCBIGene:23582,0.0
model_26.pt,NCBIGene:10008,predicate:3,NCBIGene:4751,NCBIGene:2145,predicate:21,NCBIGene:23582,0.0
model_26.pt,NCBIGene:27183,predicate:1,NCBIGene:4904,NCBIGene:2145,predicate:21,NCBIGene:23582,0.0
model_26.pt,NCBIGene:5578,predicate:8,NCBIGene:85377,NCBIGene:2145,predicate:21,NCBIGene:23582,0.0
model_26.pt,NCBIGene:79165,predicate:1,NCBIGene:9704,NCBIGene:2145,predicate:21,NCBIGene:23582,0.0
model_26.pt,NCBIGene:2170,predicate:9,NCBIGene:8611,NCBIGene:2145,predicate:21,NCBIGene:23582,0.0
model_26.pt,NCBIGene:91748,predicate:1,NCBIGene:59345,NCBIGene:2145,predicate:21,NCBIGene:23582,0.0
model_26.pt,PUBCHEM.COMPOUND:155512592,predicate:0,NCBIGene:142,NCBIGene:2145,predicate:21,NCBIGene:23582,0.0
model_26.pt,NCBIGene:5663,predicate:7,NCBIGene:7158,NCBIGene:2145,predicate:21,NCBIGene:23582,0.0
model_26.pt,NCBIGene:4140,predicate:21,NCBIGene:7534,NCBIGene:2145,predicate:21,NCBIGene:23582,34.41543197631836
model_26.pt,NCBIGene:2475,predicate:1,NCBIGene:23456,NCBIGene:2145,predicate:21,NCBIGene:23582,0.0
model_26.pt,NCBIGene:3162,predicate:15,MONDO:0000831,NCBIGene:2145,predicate:21,NCBIGene:23582,0.0
model_26.pt,PUBCHEM.COMPOUND:10578760,predicate:0,NCBIGene:29580,NCBIGene:2145,predicate:21,NCBIGene:23582,0.0
model_26.pt,NCBIGene:56893,predicate:9,NCBIGene:7316,NCBIGene:2145,predicate:21,NCBIGene:23582,0.0
model_26.pt,CHEBI:93205,predicate:23,NCBIGene:8743,NCBIGene:2145,predicate:21,NCBIGene:23582,0.0
model_26.pt,NCBIGene:1147,predicate:1,NCBIGene:57162,NCBIGene:2145,predicate:21,NCBIGene:23582,0.0
model_26.pt,PUBCHEM.COMPOUND:137226420,predicate:0,NCBIGene:760,NCBIGene:2145,predicate:21,NCBIGene:23582,0.0
model_26.pt,MONDO:0010691,predicate:13,HP:0007957,NCBIGene:2145,predicate:21,NCBIGene:23582,0.0
model_26.pt,NCBIGene:51372,predicate:1,NCBIGene:6202,NCBIGene:2145,predicate:21,NCBIGene:23582,0.0
model_26.pt,NCBIGene:25865,predicate:8,NCBIGene:23212,NCBIGene:2145,predicate:21,NCBIGene:23582,0.0
model_26.pt,PUBCHEM.COMPOUND:122196132,predicate:0,NCBIGene:7941,NCBIGene:2145,predicate:21,NCBIGene:23582,0.0
model_26.pt,NCBIGene:84283,predicate:1,NCBIGene:51458,NCBIGene:2145,predicate:21,NCBIGene:23582,0.0
model_26.pt,NCBIGene:84365,predicate:1,NCBIGene:4236,NCBIGene:2145,predicate:21,NCBIGene:23582,0.0
model_26.pt,CHEBI:8499,predicate:16,MONDO:0001382,NCBIGene:2145,predicate:21,NCBIGene:23582,0.0
model_26.pt,NCBIGene:850551,predicate:3,NCBIGene:856863,NCBIGene:2145,predicate:21,NCBIGene:23582,0.0
model_26.pt,NCBIGene:181271,predicate:3,NCBIGene:190925,NCBIGene:2145,predicate:21,NCBIGene:23582,0.0
model_26.pt,NCBIGene:151056,predicate:4,PUBCHEM.COMPOUND:131761197,NCBIGene:2145,predicate:21,NCBIGene:23582,0.0
model_26.pt,CHEBI:18152,predicate:9,NCBIGene:54498,NCBIGene:2145,predicate:21,NCBIGene:23582,0.0
model_26.pt,NCBIGene:29949,predicate:15,MONDO:0005011,NCBIGene:2145,predicate:21,NCBIGene:23582,0.0
model_26.pt,NCBIGene:173731,predicate:19,CHEBI:31823,NCBIGene:2145,predicate:21,NCBIGene:23582,0.0
model_26.pt,PUBCHEM.COMPOUND:44176335,predicate:0,NCBIGene:331,NCBIGene:2145,predicate:21,NCBIGene:23582,0.0
model_26.pt,PUBCHEM.COMPOUND:49864838,predicate:10,NCBIGene:834,NCBIGene:2145,predicate:21,NCBIGene:23582,0.0
model_26.pt,NCBIGene:10221,predicate:8,NCBIGene:22908,NCBIGene:2145,predicate:21,NCBIGene:23582,0.0
model_26.pt,CHEBI:46345,predicate:7,NCBIGene:6581,NCBIGene:2145,predicate:21,NCBIGene:23582,0.0
model_26.pt,NCBIGene:375035,predicate:3,NCBIGene:80346,NCBIGene:2145,predicate:21,NCBIGene:23582,0.0
model_26.pt,MONDO:0012176,predicate:13,HP:0003028,NCBIGene:51128,predicate:1,NCBIGene:2288,0.0
model_26.pt,CHEBI:6809,predicate:9,NCBIGene:8061,NCBIGene:51128,predicate:1,NCBIGene:2288,0.0
model_26.pt,PUBCHEM.COMPOUND:1113514,predicate:0,NCBIGene:946552,NCBIGene:51128,predicate:1,NCBIGene:2288,0.0
model_26.pt,PUBCHEM.COMPOUND:137636752,predicate:0,NCBIGene:3065,NCBIGene:51128,predicate:1,NCBIGene:2288,0.0
model_26.pt,CHEBI:367163,predicate:16,MONDO:0015691,NCBIGene:51128,predicate:1,NCBIGene:2288,0.0
model_26.pt,PUBCHEM.COMPOUND:130200977,predicate:10,NCBIGene:4988,NCBIGene:51128,predicate:1,NCBIGene:2288,0.0
model_26.pt,NCBIGene:78987,predicate:3,NCBIGene:92255,NCBIGene:51128,predicate:1,NCBIGene:2288,0.0
model_26.pt,NCBIGene:6352,predicate:36,NCBIGene:1234,NCBIGene:51128,predicate:1,NCBIGene:2288,0.0
model_26.pt,CHEBI:6443,predicate:7,NCBIGene:8644,NCBIGene:51128,predicate:1,NCBIGene:2288,0.0
model_26.pt,DRUGBANK:DB11158,predicate:12,MONDO:0005147,NCBIGene:51128,predicate:1,NCBIGene:2288,0.0
model_26.pt,CHEBI:5000,predicate:12,MONDO:0001076,NCBIGene:51128,predicate:1,NCBIGene:2288,0.0
model_26.pt,NCBIGene:8089,predicate:3,NCBIGene:26122,NCBIGene:51128,predicate:1,NCBIGene:2288,0.0
model_26.pt,NCBIGene:10400,predicate:4,PUBCHEM.COMPOUND:52924335,NCBIGene:51128,predicate:1,NCBIGene:2288,0.0
model_26.pt,NCBIGene:10618,predicate:3,NCBIGene:54887,NCBIGene:51128,predicate:1,NCBIGene:2288,0.0
model_26.pt,NCBIGene:3308,predicate:15,MONDO:0005559,NCBIGene:51128,predicate:1,NCBIGene:2288,0.0
model_26.pt,CHEBI:17351,predicate:7,NCBIGene:5315,NCBIGene:51128,predicate:1,NCBIGene:2288,0.0
model_26.pt,CHEMBL.COMPOUND:CHEMBL4747062,predicate:0,NCBIGene:23028,NCBIGene:51128,predicate:1,NCBIGene:2288,0.0
model_26.pt,CHEBI:16842,predicate:9,NCBIGene:3557,NCBIGene:51128,predicate:1,NCBIGene:2288,0.0
model_26.pt,NCBIGene:4616,predicate:1,NCBIGene:2034,NCBIGene:51128,predicate:1,NCBIGene:2288,-41.20122528076172
model_26.pt,NCBIGene:10201,predicate:1,NCBIGene:6154,NCBIGene:51128,predicate:1,NCBIGene:2288,-37.70229721069336
model_26.pt,NCBIGene:794,predicate:6,NCBIGene:7135,NCBIGene:51128,predicate:1,NCBIGene:2288,0.0
model_26.pt,NCBIGene:50834,predicate:1,NCBIGene:403277,NCBIGene:51128,predicate:1,NCBIGene:2288,-57.12200927734375
model_26.pt,CHEBI:3755,predicate:2,MONDO:0007263,NCBIGene:51128,predicate:1,NCBIGene:2288,0.0
model_26.pt,PUBCHEM.COMPOUND:131762323,predicate:5,NCBIGene:5407,NCBIGene:51128,predicate:1,NCBIGene:2288,0.0
model_26.pt,PUBCHEM.COMPOUND:54325967,predicate:0,NCBIGene:5468,NCBIGene:51128,predicate:1,NCBIGene:2288,0.0
model_26.pt,CHEBI:64354,predicate:0,NCBIGene:6559,NCBIGene:51128,predicate:1,NCBIGene:2288,0.0
model_26.pt,CHEBI:44423,predicate:7,NCBIGene:3162,NCBIGene:51128,predicate:1,NCBIGene:2288,0.0
model_26.pt,NCBIGene:113174,predicate:10,NCBIGene:100528017,NCBIGene:51128,predicate:1,NCBIGene:2288,0.0
model_26.pt,NCBIGene:4502,predicate:1,NCBIGene:10912,NCBIGene:51128,predicate:1,NCBIGene:2288,-6.585844039916992
model_26.pt,NCBIGene:5321,predicate:4,PUBCHEM.COMPOUND:53478731,NCBIGene:51128,predicate:1,NCBIGene:2288,0.0
model_26.pt,CHEBI:3755,predicate:7,NCBIGene:2100,NCBIGene:51128,predicate:1,NCBIGene:2288,0.0
model_26.pt,NCBIGene:51741,predicate:13,HP:0000253,NCBIGene:51128,predicate:1,NCBIGene:2288,0.0
model_26.pt,CHEBI:156122,predicate:5,NCBIGene:23761,NCBIGene:51128,predicate:1,NCBIGene:2288,0.0
model_26.pt,NCBIGene:245865,predicate:3,NCBIGene:194974,NCBIGene:51128,predicate:1,NCBIGene:2288,0.0
model_26.pt,PUBCHEM.COMPOUND:127036977,predicate:0,NCBIGene:135,NCBIGene:51128,predicate:1,NCBIGene:2288,0.0
model_26.pt,PUBCHEM.COMPOUND:44433263,predicate:0,NCBIGene:1576,NCBIGene:51128,predicate:1,NCBIGene:2288,0.0
model_26.pt,CHEBI:16469,predicate:7,NCBIGene:10587,NCBIGene:51128,predicate:1,NCBIGene:2288,0.0
model_26.pt,PUBCHEM.COMPOUND:44314087,predicate:0,NCBIGene:4313,NCBIGene:51128,predicate:1,NCBIGene:2288,0.0
model_26.pt,PUBCHEM.COMPOUND:25093440,predicate:0,NCBIGene:1147,NCBIGene:51128,predicate:1,NCBIGene:2288,0.0
model_26.pt,NCBIGene:20962,predicate:3,NCBIGene:219150,NCBIGene:51128,predicate:1,NCBIGene:2288,0.0
model_26.pt,NCBIGene:23051,predicate:15,MONDO:0005068,NCBIGene:51128,predicate:1,NCBIGene:2288,0.0
model_26.pt,NCBIGene:10565,predicate:6,NCBIGene:284369,NCBIGene:51128,predicate:1,NCBIGene:2288,0.0
model_26.pt,PUBCHEM.COMPOUND:59268935,predicate:0,NCBIGene:1137,NCBIGene:51128,predicate:1,NCBIGene:2288,0.0
model_26.pt,NCBIGene:5903,predicate:1,NCBIGene:402569,NCBIGene:51128,predicate:1,NCBIGene:2288,-42.38568115234375
model_26.pt,PUBCHEM.COMPOUND:57395067,predicate:0,NCBIGene:6531,NCBIGene:51128,predicate:1,NCBIGene:2288,0.0
model_26.pt,NCBIGene:852585,predicate:3,NCBIGene:855469,NCBIGene:51128,predicate:1,NCBIGene:2288,0.0
model_26.pt,NCBIGene:3976,predicate:9,NCBIGene:2526,NCBIGene:51128,predicate:1,NCBIGene:2288,0.0
model_26.pt,NCBIGene:928,predicate:1,NCBIGene:29952,NCBIGene:51128,predicate:1,NCBIGene:2288,-22.495338439941406
model_26.pt,MONDO:0013171,predicate:13,MONDO:0001071,NCBIGene:51128,predicate:1,NCBIGene:2288,0.0
model_26.pt,NCBIGene:4634,predicate:1,NCBIGene:6445,NCBIGene:51128,predicate:1,NCBIGene:2288,32.802947998046875
model_26.pt,CHEBI:18293,predicate:12,HP:0001945,NCBIGene:51128,predicate:1,NCBIGene:2288,0.0
model_26.pt,UNII:5M691HL4BO,predicate:16,HP:0001288,NCBIGene:51128,predicate:1,NCBIGene:2288,0.0
model_26.pt,MONDO:0011122,predicate:10,NCBIGene:2673,NCBIGene:51128,predicate:1,NCBIGene:2288,0.0
model_26.pt,CHEBI:185383,predicate:5,NCBIGene:9514,NCBIGene:51128,predicate:1,NCBIGene:2288,0.0
model_26.pt,NCBIGene:4763,predicate:13,HP:0002857,NCBIGene:51128,predicate:1,NCBIGene:2288,0.0
model_26.pt,CHEBI:6121,predicate:7,NCBIGene:2335,NCBIGene:51128,predicate:1,NCBIGene:2288,0.0
model_26.pt,NCBIGene:4204,predicate:13,HP:0010864,NCBIGene:51128,predicate:1,NCBIGene:2288,0.0
model_26.pt,PUBCHEM.COMPOUND:5702107,predicate:23,NCBIGene:760,NCBIGene:51128,predicate:1,NCBIGene:2288,0.0
model_26.pt,NCBIGene:22976,predicate:9,NCBIGene:9519,NCBIGene:51128,predicate:1,NCBIGene:2288,0.0
model_26.pt,PUBCHEM.COMPOUND:9834864,predicate:14,NCBIGene:1137,NCBIGene:51128,predicate:1,NCBIGene:2288,0.0
model_26.pt,PUBCHEM.COMPOUND:44431492,predicate:10,NCBIGene:1815,NCBIGene:51128,predicate:1,NCBIGene:2288,0.0
model_26.pt,CHEBI:191001,predicate:18,NCBIGene:6422,NCBIGene:51128,predicate:1,NCBIGene:2288,0.0
model_26.pt,PUBCHEM.COMPOUND:25015107,predicate:0,NCBIGene:2260,NCBIGene:51128,predicate:1,NCBIGene:2288,0.0
model_26.pt,PUBCHEM.COMPOUND:131757266,predicate:5,NCBIGene:80168,NCBIGene:51128,predicate:1,NCBIGene:2288,0.0
model_26.pt,NCBIGene:23205,predicate:1,NCBIGene:11283,NCBIGene:51128,predicate:1,NCBIGene:2288,46.267112731933594
model_26.pt,NCBIGene:23054,predicate:1,NCBIGene:54617,NCBIGene:51128,predicate:1,NCBIGene:2288,-11.480049133300781
model_26.pt,NCBIGene:10008,predicate:3,NCBIGene:4751,NCBIGene:51128,predicate:1,NCBIGene:2288,0.0
model_26.pt,NCBIGene:27183,predicate:1,NCBIGene:4904,NCBIGene:51128,predicate:1,NCBIGene:2288,-8.309783935546875
model_26.pt,NCBIGene:5578,predicate:8,NCBIGene:85377,NCBIGene:51128,predicate:1,NCBIGene:2288,0.0
model_26.pt,NCBIGene:79165,predicate:1,NCBIGene:9704,NCBIGene:51128,predicate:1,NCBIGene:2288,14.235382080078125
model_26.pt,NCBIGene:2170,predicate:9,NCBIGene:8611,NCBIGene:51128,predicate:1,NCBIGene:2288,0.0
model_26.pt,NCBIGene:91748,predicate:1,NCBIGene:59345,NCBIGene:51128,predicate:1,NCBIGene:2288,-20.009693145751953
model_26.pt,PUBCHEM.COMPOUND:155512592,predicate:0,NCBIGene:142,NCBIGene:51128,predicate:1,NCBIGene:2288,0.0
model_26.pt,NCBIGene:5663,predicate:7,NCBIGene:7158,NCBIGene:51128,predicate:1,NCBIGene:2288,0.0
model_26.pt,NCBIGene:4140,predicate:21,NCBIGene:7534,NCBIGene:51128,predicate:1,NCBIGene:2288,0.0
model_26.pt,NCBIGene:2475,predicate:1,NCBIGene:23456,NCBIGene:51128,predicate:1,NCBIGene:2288,44.645057678222656
model_26.pt,NCBIGene:3162,predicate:15,MONDO:0000831,NCBIGene:51128,predicate:1,NCBIGene:2288,0.0
model_26.pt,PUBCHEM.COMPOUND:10578760,predicate:0,NCBIGene:29580,NCBIGene:51128,predicate:1,NCBIGene:2288,0.0
model_26.pt,NCBIGene:56893,predicate:9,NCBIGene:7316,NCBIGene:51128,predicate:1,NCBIGene:2288,0.0
model_26.pt,CHEBI:93205,predicate:23,NCBIGene:8743,NCBIGene:51128,predicate:1,NCBIGene:2288,0.0
model_26.pt,NCBIGene:1147,predicate:1,NCBIGene:57162,NCBIGene:51128,predicate:1,NCBIGene:2288,6.226224899291992
model_26.pt,PUBCHEM.COMPOUND:137226420,predicate:0,NCBIGene:760,NCBIGene:51128,predicate:1,NCBIGene:2288,0.0
model_26.pt,MONDO:0010691,predicate:13,HP:0007957,NCBIGene:51128,predicate:1,NCBIGene:2288,0.0
model_26.pt,NCBIGene:51372,predicate:1,NCBIGene:6202,NCBIGene:51128,predicate:1,NCBIGene:2288,-64.92317962646484
model_26.pt,NCBIGene:25865,predicate:8,NCBIGene:23212,NCBIGene:51128,predicate:1,NCBIGene:2288,0.0
model_26.pt,PUBCHEM.COMPOUND:122196132,predicate:0,NCBIGene:7941,NCBIGene:51128,predicate:1,NCBIGene:2288,0.0
model_26.pt,NCBIGene:84283,predicate:1,NCBIGene:51458,NCBIGene:51128,predicate:1,NCBIGene:2288,59.94994354248047
model_26.pt,NCBIGene:84365,predicate:1,NCBIGene:4236,NCBIGene:51128,predicate:1,NCBIGene:2288,67.63423156738281
model_26.pt,CHEBI:8499,predicate:16,MONDO:0001382,NCBIGene:51128,predicate:1,NCBIGene:2288,0.0
model_26.pt,NCBIGene:850551,predicate:3,NCBIGene:856863,NCBIGene:51128,predicate:1,NCBIGene:2288,0.0
model_26.pt,NCBIGene:181271,predicate:3,NCBIGene:190925,NCBIGene:51128,predicate:1,NCBIGene:2288,0.0
model_26.pt,NCBIGene:151056,predicate:4,PUBCHEM.COMPOUND:131761197,NCBIGene:51128,predicate:1,NCBIGene:2288,0.0
model_26.pt,CHEBI:18152,predicate:9,NCBIGene:54498,NCBIGene:51128,predicate:1,NCBIGene:2288,0.0
model_26.pt,NCBIGene:29949,predicate:15,MONDO:0005011,NCBIGene:51128,predicate:1,NCBIGene:2288,0.0
model_26.pt,NCBIGene:173731,predicate:19,CHEBI:31823,NCBIGene:51128,predicate:1,NCBIGene:2288,0.0
model_26.pt,PUBCHEM.COMPOUND:44176335,predicate:0,NCBIGene:331,NCBIGene:51128,predicate:1,NCBIGene:2288,0.0
model_26.pt,PUBCHEM.COMPOUND:49864838,predicate:10,NCBIGene:834,NCBIGene:51128,predicate:1,NCBIGene:2288,0.0
model_26.pt,NCBIGene:10221,predicate:8,NCBIGene:22908,NCBIGene:51128,predicate:1,NCBIGene:2288,0.0
model_26.pt,CHEBI:46345,predicate:7,NCBIGene:6581,NCBIGene:51128,predicate:1,NCBIGene:2288,0.0
model_26.pt,NCBIGene:375035,predicate:3,NCBIGene:80346,NCBIGene:51128,predicate:1,NCBIGene:2288,0.0
model_10.pt,MONDO:0012176,predicate:13,HP:0003028,PUBCHEM.COMPOUND:71059938,predicate:10,NCBIGene:2642,0.0
model_10.pt,CHEBI:6809,predicate:9,NCBIGene:8061,PUBCHEM.COMPOUND:71059938,predicate:10,NCBIGene:2642,0.0
model_10.pt,PUBCHEM.COMPOUND:1113514,predicate:0,NCBIGene:946552,PUBCHEM.COMPOUND:71059938,predicate:10,NCBIGene:2642,0.0
model_10.pt,PUBCHEM.COMPOUND:137636752,predicate:0,NCBIGene:3065,PUBCHEM.COMPOUND:71059938,predicate:10,NCBIGene:2642,0.0
model_10.pt,CHEBI:367163,predicate:16,MONDO:0015691,PUBCHEM.COMPOUND:71059938,predicate:10,NCBIGene:2642,0.0
model_10.pt,PUBCHEM.COMPOUND:130200977,predicate:10,NCBIGene:4988,PUBCHEM.COMPOUND:71059938,predicate:10,NCBIGene:2642,-23.41165542602539
model_10.pt,NCBIGene:78987,predicate:3,NCBIGene:92255,PUBCHEM.COMPOUND:71059938,predicate:10,NCBIGene:2642,0.0
model_10.pt,NCBIGene:6352,predicate:36,NCBIGene:1234,PUBCHEM.COMPOUND:71059938,predicate:10,NCBIGene:2642,0.0
model_10.pt,CHEBI:6443,predicate:7,NCBIGene:8644,PUBCHEM.COMPOUND:71059938,predicate:10,NCBIGene:2642,0.0
model_10.pt,DRUGBANK:DB11158,predicate:12,MONDO:0005147,PUBCHEM.COMPOUND:71059938,predicate:10,NCBIGene:2642,0.0
model_10.pt,CHEBI:5000,predicate:12,MONDO:0001076,PUBCHEM.COMPOUND:71059938,predicate:10,NCBIGene:2642,0.0
model_10.pt,NCBIGene:8089,predicate:3,NCBIGene:26122,PUBCHEM.COMPOUND:71059938,predicate:10,NCBIGene:2642,0.0
model_10.pt,NCBIGene:10400,predicate:4,PUBCHEM.COMPOUND:52924335,PUBCHEM.COMPOUND:71059938,predicate:10,NCBIGene:2642,0.0
model_10.pt,NCBIGene:10618,predicate:3,NCBIGene:54887,PUBCHEM.COMPOUND:71059938,predicate:10,NCBIGene:2642,0.0
model_10.pt,NCBIGene:3308,predicate:15,MONDO:0005559,PUBCHEM.COMPOUND:71059938,predicate:10,NCBIGene:2642,0.0
model_10.pt,CHEBI:17351,predicate:7,NCBIGene:5315,PUBCHEM.COMPOUND:71059938,predicate:10,NCBIGene:2642,0.0
model_10.pt,CHEMBL.COMPOUND:CHEMBL4747062,predicate:0,NCBIGene:23028,PUBCHEM.COMPOUND:71059938,predicate:10,NCBIGene:2642,0.0
model_10.pt,CHEBI:16842,predicate:9,NCBIGene:3557,PUBCHEM.COMPOUND:71059938,predicate:10,NCBIGene:2642,0.0
model_10.pt,NCBIGene:4616,predicate:1,NCBIGene:2034,PUBCHEM.COMPOUND:71059938,predicate:10,NCBIGene:2642,0.0
model_10.pt,NCBIGene:10201,predicate:1,NCBIGene:6154,PUBCHEM.COMPOUND:71059938,predicate:10,NCBIGene:2642,0.0
model_10.pt,NCBIGene:794,predicate:6,NCBIGene:7135,PUBCHEM.COMPOUND:71059938,predicate:10,NCBIGene:2642,0.0
model_10.pt,NCBIGene:50834,predicate:1,NCBIGene:403277,PUBCHEM.COMPOUND:71059938,predicate:10,NCBIGene:2642,0.0
model_10.pt,CHEBI:3755,predicate:2,MONDO:0007263,PUBCHEM.COMPOUND:71059938,predicate:10,NCBIGene:2642,0.0
model_10.pt,PUBCHEM.COMPOUND:131762323,predicate:5,NCBIGene:5407,PUBCHEM.COMPOUND:71059938,predicate:10,NCBIGene:2642,0.0
model_10.pt,PUBCHEM.COMPOUND:54325967,predicate:0,NCBIGene:5468,PUBCHEM.COMPOUND:71059938,predicate:10,NCBIGene:2642,0.0
model_10.pt,CHEBI:64354,predicate:0,NCBIGene:6559,PUBCHEM.COMPOUND:71059938,predicate:10,NCBIGene:2642,0.0
model_10.pt,CHEBI:44423,predicate:7,NCBIGene:3162,PUBCHEM.COMPOUND:71059938,predicate:10,NCBIGene:2642,0.0
model_10.pt,NCBIGene:113174,predicate:10,NCBIGene:100528017,PUBCHEM.COMPOUND:71059938,predicate:10,NCBIGene:2642,39.19339370727539
model_10.pt,NCBIGene:4502,predicate:1,NCBIGene:10912,PUBCHEM.COMPOUND:71059938,predicate:10,NCBIGene:2642,0.0
model_10.pt,NCBIGene:5321,predicate:4,PUBCHEM.COMPOUND:53478731,PUBCHEM.COMPOUND:71059938,predicate:10,NCBIGene:2642,0.0
model_10.pt,CHEBI:3755,predicate:7,NCBIGene:2100,PUBCHEM.COMPOUND:71059938,predicate:10,NCBIGene:2642,0.0
model_10.pt,NCBIGene:51741,predicate:13,HP:0000253,PUBCHEM.COMPOUND:71059938,predicate:10,NCBIGene:2642,0.0
model_10.pt,CHEBI:156122,predicate:5,NCBIGene:23761,PUBCHEM.COMPOUND:71059938,predicate:10,NCBIGene:2642,0.0
model_10.pt,NCBIGene:245865,predicate:3,NCBIGene:194974,PUBCHEM.COMPOUND:71059938,predicate:10,NCBIGene:2642,0.0
model_10.pt,PUBCHEM.COMPOUND:127036977,predicate:0,NCBIGene:135,PUBCHEM.COMPOUND:71059938,predicate:10,NCBIGene:2642,0.0
model_10.pt,PUBCHEM.COMPOUND:44433263,predicate:0,NCBIGene:1576,PUBCHEM.COMPOUND:71059938,predicate:10,NCBIGene:2642,0.0
model_10.pt,CHEBI:16469,predicate:7,NCBIGene:10587,PUBCHEM.COMPOUND:71059938,predicate:10,NCBIGene:2642,0.0
model_10.pt,PUBCHEM.COMPOUND:44314087,predicate:0,NCBIGene:4313,PUBCHEM.COMPOUND:71059938,predicate:10,NCBIGene:2642,0.0
model_10.pt,PUBCHEM.COMPOUND:25093440,predicate:0,NCBIGene:1147,PUBCHEM.COMPOUND:71059938,predicate:10,NCBIGene:2642,0.0
model_10.pt,NCBIGene:20962,predicate:3,NCBIGene:219150,PUBCHEM.COMPOUND:71059938,predicate:10,NCBIGene:2642,0.0
model_10.pt,NCBIGene:23051,predicate:15,MONDO:0005068,PUBCHEM.COMPOUND:71059938,predicate:10,NCBIGene:2642,0.0
model_10.pt,NCBIGene:10565,predicate:6,NCBIGene:284369,PUBCHEM.COMPOUND:71059938,predicate:10,NCBIGene:2642,0.0
model_10.pt,PUBCHEM.COMPOUND:59268935,predicate:0,NCBIGene:1137,PUBCHEM.COMPOUND:71059938,predicate:10,NCBIGene:2642,0.0
model_10.pt,NCBIGene:5903,predicate:1,NCBIGene:402569,PUBCHEM.COMPOUND:71059938,predicate:10,NCBIGene:2642,0.0
model_10.pt,PUBCHEM.COMPOUND:57395067,predicate:0,NCBIGene:6531,PUBCHEM.COMPOUND:71059938,predicate:10,NCBIGene:2642,0.0
model_10.pt,NCBIGene:852585,predicate:3,NCBIGene:855469,PUBCHEM.COMPOUND:71059938,predicate:10,NCBIGene:2642,0.0
model_10.pt,NCBIGene:3976,predicate:9,NCBIGene:2526,PUBCHEM.COMPOUND:71059938,predicate:10,NCBIGene:2642,0.0
model_10.pt,NCBIGene:928,predicate:1,NCBIGene:29952,PUBCHEM.COMPOUND:71059938,predicate:10,NCBIGene:2642,0.0
model_10.pt,MONDO:0013171,predicate:13,MONDO:0001071,PUBCHEM.COMPOUND:71059938,predicate:10,NCBIGene:2642,0.0
model_10.pt,NCBIGene:4634,predicate:1,NCBIGene:6445,PUBCHEM.COMPOUND:71059938,predicate:10,NCBIGene:2642,0.0
model_10.pt,CHEBI:18293,predicate:12,HP:0001945,PUBCHEM.COMPOUND:71059938,predicate:10,NCBIGene:2642,0.0
model_10.pt,UNII:5M691HL4BO,predicate:16,HP:0001288,PUBCHEM.COMPOUND:71059938,predicate:10,NCBIGene:2642,0.0
model_10.pt,MONDO:0011122,predicate:10,NCBIGene:2673,PUBCHEM.COMPOUND:71059938,predicate:10,NCBIGene:2642,17.91570472717285
model_10.pt,CHEBI:185383,predicate:5,NCBIGene:9514,PUBCHEM.COMPOUND:71059938,predicate:10,NCBIGene:2642,0.0
model_10.pt,NCBIGene:4763,predicate:13,HP:0002857,PUBCHEM.COMPOUND:71059938,predicate:10,NCBIGene:2642,0.0
model_10.pt,CHEBI:6121,predicate:7,NCBIGene:2335,PUBCHEM.COMPOUND:71059938,predicate:10,NCBIGene:2642,0.0
model_10.pt,NCBIGene:4204,predicate:13,HP:0010864,PUBCHEM.COMPOUND:71059938,predicate:10,NCBIGene:2642,0.0
model_10.pt,PUBCHEM.COMPOUND:5702107,predicate:23,NCBIGene:760,PUBCHEM.COMPOUND:71059938,predicate:10,NCBIGene:2642,0.0
model_10.pt,NCBIGene:22976,predicate:9,NCBIGene:9519,PUBCHEM.COMPOUND:71059938,predicate:10,NCBIGene:2642,0.0
model_10.pt,PUBCHEM.COMPOUND:9834864,predicate:14,NCBIGene:1137,PUBCHEM.COMPOUND:71059938,predicate:10,NCBIGene:2642,0.0
model_10.pt,PUBCHEM.COMPOUND:44431492,predicate:10,NCBIGene:1815,PUBCHEM.COMPOUND:71059938,predicate:10,NCBIGene:2642,52.849815368652344
model_10.pt,CHEBI:191001,predicate:18,NCBIGene:6422,PUBCHEM.COMPOUND:71059938,predicate:10,NCBIGene:2642,0.0
model_10.pt,PUBCHEM.COMPOUND:25015107,predicate:0,NCBIGene:2260,PUBCHEM.COMPOUND:71059938,predicate:10,NCBIGene:2642,0.0
model_10.pt,PUBCHEM.COMPOUND:131757266,predicate:5,NCBIGene:80168,PUBCHEM.COMPOUND:71059938,predicate:10,NCBIGene:2642,0.0
model_10.pt,NCBIGene:23205,predicate:1,NCBIGene:11283,PUBCHEM.COMPOUND:71059938,predicate:10,NCBIGene:2642,0.0
model_10.pt,NCBIGene:23054,predicate:1,NCBIGene:54617,PUBCHEM.COMPOUND:71059938,predicate:10,NCBIGene:2642,0.0
model_10.pt,NCBIGene:10008,predicate:3,NCBIGene:4751,PUBCHEM.COMPOUND:71059938,predicate:10,NCBIGene:2642,0.0
model_10.pt,NCBIGene:27183,predicate:1,NCBIGene:4904,PUBCHEM.COMPOUND:71059938,predicate:10,NCBIGene:2642,0.0
model_10.pt,NCBIGene:5578,predicate:8,NCBIGene:85377,PUBCHEM.COMPOUND:71059938,predicate:10,NCBIGene:2642,0.0
model_10.pt,NCBIGene:79165,predicate:1,NCBIGene:9704,PUBCHEM.COMPOUND:71059938,predicate:10,NCBIGene:2642,0.0
model_10.pt,NCBIGene:2170,predicate:9,NCBIGene:8611,PUBCHEM.COMPOUND:71059938,predicate:10,NCBIGene:2642,0.0
model_10.pt,NCBIGene:91748,predicate:1,NCBIGene:59345,PUBCHEM.COMPOUND:71059938,predicate:10,NCBIGene:2642,0.0
model_10.pt,PUBCHEM.COMPOUND:155512592,predicate:0,NCBIGene:142,PUBCHEM.COMPOUND:71059938,predicate:10,NCBIGene:2642,0.0
model_10.pt,NCBIGene:5663,predicate:7,NCBIGene:7158,PUBCHEM.COMPOUND:71059938,predicate:10,NCBIGene:2642,0.0
model_10.pt,NCBIGene:4140,predicate:21,NCBIGene:7534,PUBCHEM.COMPOUND:71059938,predicate:10,NCBIGene:2642,0.0
model_10.pt,NCBIGene:2475,predicate:1,NCBIGene:23456,PUBCHEM.COMPOUND:71059938,predicate:10,NCBIGene:2642,0.0
model_10.pt,NCBIGene:3162,predicate:15,MONDO:0000831,PUBCHEM.COMPOUND:71059938,predicate:10,NCBIGene:2642,0.0
model_10.pt,PUBCHEM.COMPOUND:10578760,predicate:0,NCBIGene:29580,PUBCHEM.COMPOUND:71059938,predicate:10,NCBIGene:2642,0.0
model_10.pt,NCBIGene:56893,predicate:9,NCBIGene:7316,PUBCHEM.COMPOUND:71059938,predicate:10,NCBIGene:2642,0.0
model_10.pt,CHEBI:93205,predicate:23,NCBIGene:8743,PUBCHEM.COMPOUND:71059938,predicate:10,NCBIGene:2642,0.0
model_10.pt,NCBIGene:1147,predicate:1,NCBIGene:57162,PUBCHEM.COMPOUND:71059938,predicate:10,NCBIGene:2642,0.0
model_10.pt,PUBCHEM.COMPOUND:137226420,predicate:0,NCBIGene:760,PUBCHEM.COMPOUND:71059938,predicate:10,NCBIGene:2642,0.0
model_10.pt,MONDO:0010691,predicate:13,HP:0007957,PUBCHEM.COMPOUND:71059938,predicate:10,NCBIGene:2642,0.0
model_10.pt,NCBIGene:51372,predicate:1,NCBIGene:6202,PUBCHEM.COMPOUND:71059938,predicate:10,NCBIGene:2642,0.0
model_10.pt,NCBIGene:25865,predicate:8,NCBIGene:23212,PUBCHEM.COMPOUND:71059938,predicate:10,NCBIGene:2642,0.0
model_10.pt,PUBCHEM.COMPOUND:122196132,predicate:0,NCBIGene:7941,PUBCHEM.COMPOUND:71059938,predicate:10,NCBIGene:2642,0.0
model_10.pt,NCBIGene:84283,predicate:1,NCBIGene:51458,PUBCHEM.COMPOUND:71059938,predicate:10,NCBIGene:2642,0.0
model_10.pt,NCBIGene:84365,predicate:1,NCBIGene:4236,PUBCHEM.COMPOUND:71059938,predicate:10,NCBIGene:2642,0.0
model_10.pt,CHEBI:8499,predicate:16,MONDO:0001382,PUBCHEM.COMPOUND:71059938,predicate:10,NCBIGene:2642,0.0
model_10.pt,NCBIGene:850551,predicate:3,NCBIGene:856863,PUBCHEM.COMPOUND:71059938,predicate:10,NCBIGene:2642,0.0
model_10.pt,NCBIGene:181271,predicate:3,NCBIGene:190925,PUBCHEM.COMPOUND:71059938,predicate:10,NCBIGene:2642,0.0
model_10.pt,NCBIGene:151056,predicate:4,PUBCHEM.COMPOUND:131761197,PUBCHEM.COMPOUND:71059938,predicate:10,NCBIGene:2642,0.0
model_10.pt,CHEBI:18152,predicate:9,NCBIGene:54498,PUBCHEM.COMPOUND:71059938,predicate:10,NCBIGene:2642,0.0
model_10.pt,NCBIGene:29949,predicate:15,MONDO:0005011,PUBCHEM.COMPOUND:71059938,predicate:10,NCBIGene:2642,0.0
model_10.pt,NCBIGene:173731,predicate:19,CHEBI:31823,PUBCHEM.COMPOUND:71059938,predicate:10,NCBIGene:2642,0.0
model_10.pt,PUBCHEM.COMPOUND:44176335,predicate:0,NCBIGene:331,PUBCHEM.COMPOUND:71059938,predicate:10,NCBIGene:2642,0.0
model_10.pt,PUBCHEM.COMPOUND:49864838,predicate:10,NCBIGene:834,PUBCHEM.COMPOUND:71059938,predicate:10,NCBIGene:2642,55.78273010253906
model_10.pt,NCBIGene:10221,predicate:8,NCBIGene:22908,PUBCHEM.COMPOUND:71059938,predicate:10,NCBIGene:2642,0.0
model_10.pt,CHEBI:46345,predicate:7,NCBIGene:6581,PUBCHEM.COMPOUND:71059938,predicate:10,NCBIGene:2642,0.0
model_10.pt,NCBIGene:375035,predicate:3,NCBIGene:80346,PUBCHEM.COMPOUND:71059938,predicate:10,NCBIGene:2642,0.0
model_10.pt,MONDO:0012176,predicate:13,HP:0003028,NCBIGene:7045,predicate:1,NCBIGene:216,0.0
model_10.pt,CHEBI:6809,predicate:9,NCBIGene:8061,NCBIGene:7045,predicate:1,NCBIGene:216,0.0
model_10.pt,PUBCHEM.COMPOUND:1113514,predicate:0,NCBIGene:946552,NCBIGene:7045,predicate:1,NCBIGene:216,0.0
model_10.pt,PUBCHEM.COMPOUND:137636752,predicate:0,NCBIGene:3065,NCBIGene:7045,predicate:1,NCBIGene:216,0.0
model_10.pt,CHEBI:367163,predicate:16,MONDO:0015691,NCBIGene:7045,predicate:1,NCBIGene:216,0.0
model_10.pt,PUBCHEM.COMPOUND:130200977,predicate:10,NCBIGene:4988,NCBIGene:7045,predicate:1,NCBIGene:216,0.0
model_10.pt,NCBIGene:78987,predicate:3,NCBIGene:92255,NCBIGene:7045,predicate:1,NCBIGene:216,0.0
model_10.pt,NCBIGene:6352,predicate:36,NCBIGene:1234,NCBIGene:7045,predicate:1,NCBIGene:216,0.0
model_10.pt,CHEBI:6443,predicate:7,NCBIGene:8644,NCBIGene:7045,predicate:1,NCBIGene:216,0.0
model_10.pt,DRUGBANK:DB11158,predicate:12,MONDO:0005147,NCBIGene:7045,predicate:1,NCBIGene:216,0.0
model_10.pt,CHEBI:5000,predicate:12,MONDO:0001076,NCBIGene:7045,predicate:1,NCBIGene:216,0.0
model_10.pt,NCBIGene:8089,predicate:3,NCBIGene:26122,NCBIGene:7045,predicate:1,NCBIGene:216,0.0
model_10.pt,NCBIGene:10400,predicate:4,PUBCHEM.COMPOUND:52924335,NCBIGene:7045,predicate:1,NCBIGene:216,0.0
model_10.pt,NCBIGene:10618,predicate:3,NCBIGene:54887,NCBIGene:7045,predicate:1,NCBIGene:216,0.0
model_10.pt,NCBIGene:3308,predicate:15,MONDO:0005559,NCBIGene:7045,predicate:1,NCBIGene:216,0.0
model_10.pt,CHEBI:17351,predicate:7,NCBIGene:5315,NCBIGene:7045,predicate:1,NCBIGene:216,0.0
model_10.pt,CHEMBL.COMPOUND:CHEMBL4747062,predicate:0,NCBIGene:23028,NCBIGene:7045,predicate:1,NCBIGene:216,0.0
model_10.pt,CHEBI:16842,predicate:9,NCBIGene:3557,NCBIGene:7045,predicate:1,NCBIGene:216,0.0
model_10.pt,NCBIGene:4616,predicate:1,NCBIGene:2034,NCBIGene:7045,predicate:1,NCBIGene:216,59.688819885253906
model_10.pt,NCBIGene:10201,predicate:1,NCBIGene:6154,NCBIGene:7045,predicate:1,NCBIGene:216,-91.9704818725586
model_10.pt,NCBIGene:794,predicate:6,NCBIGene:7135,NCBIGene:7045,predicate:1,NCBIGene:216,0.0
model_10.pt,NCBIGene:50834,predicate:1,NCBIGene:403277,NCBIGene:7045,predicate:1,NCBIGene:216,7.554207801818848
model_10.pt,CHEBI:3755,predicate:2,MONDO:0007263,NCBIGene:7045,predicate:1,NCBIGene:216,0.0
model_10.pt,PUBCHEM.COMPOUND:131762323,predicate:5,NCBIGene:5407,NCBIGene:7045,predicate:1,NCBIGene:216,0.0
model_10.pt,PUBCHEM.COMPOUND:54325967,predicate:0,NCBIGene:5468,NCBIGene:7045,predicate:1,NCBIGene:216,0.0
model_10.pt,CHEBI:64354,predicate:0,NCBIGene:6559,NCBIGene:7045,predicate:1,NCBIGene:216,0.0
model_10.pt,CHEBI:44423,predicate:7,NCBIGene:3162,NCBIGene:7045,predicate:1,NCBIGene:216,0.0
model_10.pt,NCBIGene:113174,predicate:10,NCBIGene:100528017,NCBIGene:7045,predicate:1,NCBIGene:216,0.0
model_10.pt,NCBIGene:4502,predicate:1,NCBIGene:10912,NCBIGene:7045,predicate:1,NCBIGene:216,-26.943767547607422
model_10.pt,NCBIGene:5321,predicate:4,PUBCHEM.COMPOUND:53478731,NCBIGene:7045,predicate:1,NCBIGene:216,0.0
model_10.pt,CHEBI:3755,predicate:7,NCBIGene:2100,NCBIGene:7045,predicate:1,NCBIGene:216,0.0
model_10.pt,NCBIGene:51741,predicate:13,HP:0000253,NCBIGene:7045,predicate:1,NCBIGene:216,0.0
model_10.pt,CHEBI:156122,predicate:5,NCBIGene:23761,NCBIGene:7045,predicate:1,NCBIGene:216,0.0
model_10.pt,NCBIGene:245865,predicate:3,NCBIGene:194974,NCBIGene:7045,predicate:1,NCBIGene:216,0.0
model_10.pt,PUBCHEM.COMPOUND:127036977,predicate:0,NCBIGene:135,NCBIGene:7045,predicate:1,NCBIGene:216,0.0
model_10.pt,PUBCHEM.COMPOUND:44433263,predicate:0,NCBIGene:1576,NCBIGene:7045,predicate:1,NCBIGene:216,0.0
model_10.pt,CHEBI:16469,predicate:7,NCBIGene:10587,NCBIGene:7045,predicate:1,NCBIGene:216,0.0
model_10.pt,PUBCHEM.COMPOUND:44314087,predicate:0,NCBIGene:4313,NCBIGene:7045,predicate:1,NCBIGene:216,0.0
model_10.pt,PUBCHEM.COMPOUND:25093440,predicate:0,NCBIGene:1147,NCBIGene:7045,predicate:1,NCBIGene:216,0.0
model_10.pt,NCBIGene:20962,predicate:3,NCBIGene:219150,NCBIGene:7045,predicate:1,NCBIGene:216,0.0
model_10.pt,NCBIGene:23051,predicate:15,MONDO:0005068,NCBIGene:7045,predicate:1,NCBIGene:216,0.0
model_10.pt,NCBIGene:10565,predicate:6,NCBIGene:284369,NCBIGene:7045,predicate:1,NCBIGene:216,0.0
model_10.pt,PUBCHEM.COMPOUND:59268935,predicate:0,NCBIGene:1137,NCBIGene:7045,predicate:1,NCBIGene:216,0.0
model_10.pt,NCBIGene:5903,predicate:1,NCBIGene:402569,NCBIGene:7045,predicate:1,NCBIGene:216,37.23006820678711
model_10.pt,PUBCHEM.COMPOUND:57395067,predicate:0,NCBIGene:6531,NCBIGene:7045,predicate:1,NCBIGene:216,0.0
model_10.pt,NCBIGene:852585,predicate:3,NCBIGene:855469,NCBIGene:7045,predicate:1,NCBIGene:216,0.0
model_10.pt,NCBIGene:3976,predicate:9,NCBIGene:2526,NCBIGene:7045,predicate:1,NCBIGene:216,0.0
model_10.pt,NCBIGene:928,predicate:1,NCBIGene:29952,NCBIGene:7045,predicate:1,NCBIGene:216,-25.567768096923828
model_10.pt,MONDO:0013171,predicate:13,MONDO:0001071,NCBIGene:7045,predicate:1,NCBIGene:216,0.0
model_10.pt,NCBIGene:4634,predicate:1,NCBIGene:6445,NCBIGene:7045,predicate:1,NCBIGene:216,10.90942668914795
model_10.pt,CHEBI:18293,predicate:12,HP:0001945,NCBIGene:7045,predicate:1,NCBIGene:216,0.0
model_10.pt,UNII:5M691HL4BO,predicate:16,HP:0001288,NCBIGene:7045,predicate:1,NCBIGene:216,0.0
model_10.pt,MONDO:0011122,predicate:10,NCBIGene:2673,NCBIGene:7045,predicate:1,NCBIGene:216,0.0
model_10.pt,CHEBI:185383,predicate:5,NCBIGene:9514,NCBIGene:7045,predicate:1,NCBIGene:216,0.0
model_10.pt,NCBIGene:4763,predicate:13,HP:0002857,NCBIGene:7045,predicate:1,NCBIGene:216,0.0
model_10.pt,CHEBI:6121,predicate:7,NCBIGene:2335,NCBIGene:7045,predicate:1,NCBIGene:216,0.0
model_10.pt,NCBIGene:4204,predicate:13,HP:0010864,NCBIGene:7045,predicate:1,NCBIGene:216,0.0
model_10.pt,PUBCHEM.COMPOUND:5702107,predicate:23,NCBIGene:760,NCBIGene:7045,predicate:1,NCBIGene:216,0.0
model_10.pt,NCBIGene:22976,predicate:9,NCBIGene:9519,NCBIGene:7045,predicate:1,NCBIGene:216,0.0
model_10.pt,PUBCHEM.COMPOUND:9834864,predicate:14,NCBIGene:1137,NCBIGene:7045,predicate:1,NCBIGene:216,0.0
model_10.pt,PUBCHEM.COMPOUND:44431492,predicate:10,NCBIGene:1815,NCBIGene:7045,predicate:1,NCBIGene:216,0.0
model_10.pt,CHEBI:191001,predicate:18,NCBIGene:6422,NCBIGene:7045,predicate:1,NCBIGene:216,0.0
model_10.pt,PUBCHEM.COMPOUND:25015107,predicate:0,NCBIGene:2260,NCBIGene:7045,predicate:1,NCBIGene:216,0.0
model_10.pt,PUBCHEM.COMPOUND:131757266,predicate:5,NCBIGene:80168,NCBIGene:7045,predicate:1,NCBIGene:216,0.0
model_10.pt,NCBIGene:23205,predicate:1,NCBIGene:11283,NCBIGene:7045,predicate:1,NCBIGene:216,-31.498817443847656
model_10.pt,NCBIGene:23054,predicate:1,NCBIGene:54617,NCBIGene:7045,predicate:1,NCBIGene:216,-16.817922592163086
model_10.pt,NCBIGene:10008,predicate:3,NCBIGene:4751,NCBIGene:7045,predicate:1,NCBIGene:216,0.0
model_10.pt,NCBIGene:27183,predicate:1,NCBIGene:4904,NCBIGene:7045,predicate:1,NCBIGene:216,0.4745445251464844
model_10.pt,NCBIGene:5578,predicate:8,NCBIGene:85377,NCBIGene:7045,predicate:1,NCBIGene:216,0.0
model_10.pt,NCBIGene:79165,predicate:1,NCBIGene:9704,NCBIGene:7045,predicate:1,NCBIGene:216,69.90202331542969
model_10.pt,NCBIGene:2170,predicate:9,NCBIGene:8611,NCBIGene:7045,predicate:1,NCBIGene:216,0.0
model_10.pt,NCBIGene:91748,predicate:1,NCBIGene:59345,NCBIGene:7045,predicate:1,NCBIGene:216,-43.94287872314453
model_10.pt,PUBCHEM.COMPOUND:155512592,predicate:0,NCBIGene:142,NCBIGene:7045,predicate:1,NCBIGene:216,0.0
model_10.pt,NCBIGene:5663,predicate:7,NCBIGene:7158,NCBIGene:7045,predicate:1,NCBIGene:216,0.0
model_10.pt,NCBIGene:4140,predicate:21,NCBIGene:7534,NCBIGene:7045,predicate:1,NCBIGene:216,0.0
model_10.pt,NCBIGene:2475,predicate:1,NCBIGene:23456,NCBIGene:7045,predicate:1,NCBIGene:216,-42.99773406982422
model_10.pt,NCBIGene:3162,predicate:15,MONDO:0000831,NCBIGene:7045,predicate:1,NCBIGene:216,0.0
model_10.pt,PUBCHEM.COMPOUND:10578760,predicate:0,NCBIGene:29580,NCBIGene:7045,predicate:1,NCBIGene:216,0.0
model_10.pt,NCBIGene:56893,predicate:9,NCBIGene:7316,NCBIGene:7045,predicate:1,NCBIGene:216,0.0
model_10.pt,CHEBI:93205,predicate:23,NCBIGene:8743,NCBIGene:7045,predicate:1,NCBIGene:216,0.0
model_10.pt,NCBIGene:1147,predicate:1,NCBIGene:57162,NCBIGene:7045,predicate:1,NCBIGene:216,-11.132606506347656
model_10.pt,PUBCHEM.COMPOUND:137226420,predicate:0,NCBIGene:760,NCBIGene:7045,predicate:1,NCBIGene:216,0.0
model_10.pt,MONDO:0010691,predicate:13,HP:0007957,NCBIGene:7045,predicate:1,NCBIGene:216,0.0
model_10.pt,NCBIGene:51372,predicate:1,NCBIGene:6202,NCBIGene:7045,predicate:1,NCBIGene:216,64.93458557128906
model_10.pt,NCBIGene:25865,predicate:8,NCBIGene:23212,NCBIGene:7045,predicate:1,NCBIGene:216,0.0
model_10.pt,PUBCHEM.COMPOUND:122196132,predicate:0,NCBIGene:7941,NCBIGene:7045,predicate:1,NCBIGene:216,0.0
model_10.pt,NCBIGene:84283,predicate:1,NCBIGene:51458,NCBIGene:7045,predicate:1,NCBIGene:216,2.9691543579101562
model_10.pt,NCBIGene:84365,predicate:1,NCBIGene:4236,NCBIGene:7045,predicate:1,NCBIGene:216,7.937017440795898
model_10.pt,CHEBI:8499,predicate:16,MONDO:0001382,NCBIGene:7045,predicate:1,NCBIGene:216,0.0
model_10.pt,NCBIGene:850551,predicate:3,NCBIGene:856863,NCBIGene:7045,predicate:1,NCBIGene:216,0.0
model_10.pt,NCBIGene:181271,predicate:3,NCBIGene:190925,NCBIGene:7045,predicate:1,NCBIGene:216,0.0
model_10.pt,NCBIGene:151056,predicate:4,PUBCHEM.COMPOUND:131761197,NCBIGene:7045,predicate:1,NCBIGene:216,0.0
model_10.pt,CHEBI:18152,predicate:9,NCBIGene:54498,NCBIGene:7045,predicate:1,NCBIGene:216,0.0
model_10.pt,NCBIGene:29949,predicate:15,MONDO:0005011,NCBIGene:7045,predicate:1,NCBIGene:216,0.0
model_10.pt,NCBIGene:173731,predicate:19,CHEBI:31823,NCBIGene:7045,predicate:1,NCBIGene:216,0.0
model_10.pt,PUBCHEM.COMPOUND:44176335,predicate:0,NCBIGene:331,NCBIGene:7045,predicate:1,NCBIGene:216,0.0
model_10.pt,PUBCHEM.COMPOUND:49864838,predicate:10,NCBIGene:834,NCBIGene:7045,predicate:1,NCBIGene:216,0.0
model_10.pt,NCBIGene:10221,predicate:8,NCBIGene:22908,NCBIGene:7045,predicate:1,NCBIGene:216,0.0
model_10.pt,CHEBI:46345,predicate:7,NCBIGene:6581,NCBIGene:7045,predicate:1,NCBIGene:216,0.0
model_10.pt,NCBIGene:375035,predicate:3,NCBIGene:80346,NCBIGene:7045,predicate:1,NCBIGene:216,0.0
model_10.pt,MONDO:0012176,predicate:13,HP:0003028,NCBIGene:79895,predicate:4,CHEBI:170728,0.0
model_10.pt,CHEBI:6809,predicate:9,NCBIGene:8061,NCBIGene:79895,predicate:4,CHEBI:170728,0.0
model_10.pt,PUBCHEM.COMPOUND:1113514,predicate:0,NCBIGene:946552,NCBIGene:79895,predicate:4,CHEBI:170728,0.0
model_10.pt,PUBCHEM.COMPOUND:137636752,predicate:0,NCBIGene:3065,NCBIGene:79895,predicate:4,CHEBI:170728,0.0
model_10.pt,CHEBI:367163,predicate:16,MONDO:0015691,NCBIGene:79895,predicate:4,CHEBI:170728,0.0
model_10.pt,PUBCHEM.COMPOUND:130200977,predicate:10,NCBIGene:4988,NCBIGene:79895,predicate:4,CHEBI:170728,0.0
model_10.pt,NCBIGene:78987,predicate:3,NCBIGene:92255,NCBIGene:79895,predicate:4,CHEBI:170728,0.0
model_10.pt,NCBIGene:6352,predicate:36,NCBIGene:1234,NCBIGene:79895,predicate:4,CHEBI:170728,0.0
model_10.pt,CHEBI:6443,predicate:7,NCBIGene:8644,NCBIGene:79895,predicate:4,CHEBI:170728,0.0
model_10.pt,DRUGBANK:DB11158,predicate:12,MONDO:0005147,NCBIGene:79895,predicate:4,CHEBI:170728,0.0
model_10.pt,CHEBI:5000,predicate:12,MONDO:0001076,NCBIGene:79895,predicate:4,CHEBI:170728,0.0
model_10.pt,NCBIGene:8089,predicate:3,NCBIGene:26122,NCBIGene:79895,predicate:4,CHEBI:170728,0.0
model_10.pt,NCBIGene:10400,predicate:4,PUBCHEM.COMPOUND:52924335,NCBIGene:79895,predicate:4,CHEBI:170728,-106.63129425048828
model_10.pt,NCBIGene:10618,predicate:3,NCBIGene:54887,NCBIGene:79895,predicate:4,CHEBI:170728,0.0
model_10.pt,NCBIGene:3308,predicate:15,MONDO:0005559,NCBIGene:79895,predicate:4,CHEBI:170728,0.0
model_10.pt,CHEBI:17351,predicate:7,NCBIGene:5315,NCBIGene:79895,predicate:4,CHEBI:170728,0.0
model_10.pt,CHEMBL.COMPOUND:CHEMBL4747062,predicate:0,NCBIGene:23028,NCBIGene:79895,predicate:4,CHEBI:170728,0.0
model_10.pt,CHEBI:16842,predicate:9,NCBIGene:3557,NCBIGene:79895,predicate:4,CHEBI:170728,0.0
model_10.pt,NCBIGene:4616,predicate:1,NCBIGene:2034,NCBIGene:79895,predicate:4,CHEBI:170728,0.0
model_10.pt,NCBIGene:10201,predicate:1,NCBIGene:6154,NCBIGene:79895,predicate:4,CHEBI:170728,0.0
model_10.pt,NCBIGene:794,predicate:6,NCBIGene:7135,NCBIGene:79895,predicate:4,CHEBI:170728,0.0
model_10.pt,NCBIGene:50834,predicate:1,NCBIGene:403277,NCBIGene:79895,predicate:4,CHEBI:170728,0.0
model_10.pt,CHEBI:3755,predicate:2,MONDO:0007263,NCBIGene:79895,predicate:4,CHEBI:170728,0.0
model_10.pt,PUBCHEM.COMPOUND:131762323,predicate:5,NCBIGene:5407,NCBIGene:79895,predicate:4,CHEBI:170728,0.0
model_10.pt,PUBCHEM.COMPOUND:54325967,predicate:0,NCBIGene:5468,NCBIGene:79895,predicate:4,CHEBI:170728,0.0
model_10.pt,CHEBI:64354,predicate:0,NCBIGene:6559,NCBIGene:79895,predicate:4,CHEBI:170728,0.0
model_10.pt,CHEBI:44423,predicate:7,NCBIGene:3162,NCBIGene:79895,predicate:4,CHEBI:170728,0.0
model_10.pt,NCBIGene:113174,predicate:10,NCBIGene:100528017,NCBIGene:79895,predicate:4,CHEBI:170728,0.0
model_10.pt,NCBIGene:4502,predicate:1,NCBIGene:10912,NCBIGene:79895,predicate:4,CHEBI:170728,0.0
model_10.pt,NCBIGene:5321,predicate:4,PUBCHEM.COMPOUND:53478731,NCBIGene:79895,predicate:4,CHEBI:170728,33.64109802246094
model_10.pt,CHEBI:3755,predicate:7,NCBIGene:2100,NCBIGene:79895,predicate:4,CHEBI:170728,0.0
model_10.pt,NCBIGene:51741,predicate:13,HP:0000253,NCBIGene:79895,predicate:4,CHEBI:170728,0.0
model_10.pt,CHEBI:156122,predicate:5,NCBIGene:23761,NCBIGene:79895,predicate:4,CHEBI:170728,0.0
model_10.pt,NCBIGene:245865,predicate:3,NCBIGene:194974,NCBIGene:79895,predicate:4,CHEBI:170728,0.0
model_10.pt,PUBCHEM.COMPOUND:127036977,predicate:0,NCBIGene:135,NCBIGene:79895,predicate:4,CHEBI:170728,0.0
model_10.pt,PUBCHEM.COMPOUND:44433263,predicate:0,NCBIGene:1576,NCBIGene:79895,predicate:4,CHEBI:170728,0.0
model_10.pt,CHEBI:16469,predicate:7,NCBIGene:10587,NCBIGene:79895,predicate:4,CHEBI:170728,0.0
model_10.pt,PUBCHEM.COMPOUND:44314087,predicate:0,NCBIGene:4313,NCBIGene:79895,predicate:4,CHEBI:170728,0.0
model_10.pt,PUBCHEM.COMPOUND:25093440,predicate:0,NCBIGene:1147,NCBIGene:79895,predicate:4,CHEBI:170728,0.0
model_10.pt,NCBIGene:20962,predicate:3,NCBIGene:219150,NCBIGene:79895,predicate:4,CHEBI:170728,0.0
model_10.pt,NCBIGene:23051,predicate:15,MONDO:0005068,NCBIGene:79895,predicate:4,CHEBI:170728,0.0
model_10.pt,NCBIGene:10565,predicate:6,NCBIGene:284369,NCBIGene:79895,predicate:4,CHEBI:170728,0.0
model_10.pt,PUBCHEM.COMPOUND:59268935,predicate:0,NCBIGene:1137,NCBIGene:79895,predicate:4,CHEBI:170728,0.0
model_10.pt,NCBIGene:5903,predicate:1,NCBIGene:402569,NCBIGene:79895,predicate:4,CHEBI:170728,0.0
model_10.pt,PUBCHEM.COMPOUND:57395067,predicate:0,NCBIGene:6531,NCBIGene:79895,predicate:4,CHEBI:170728,0.0
model_10.pt,NCBIGene:852585,predicate:3,NCBIGene:855469,NCBIGene:79895,predicate:4,CHEBI:170728,0.0
model_10.pt,NCBIGene:3976,predicate:9,NCBIGene:2526,NCBIGene:79895,predicate:4,CHEBI:170728,0.0
model_10.pt,NCBIGene:928,predicate:1,NCBIGene:29952,NCBIGene:79895,predicate:4,CHEBI:170728,0.0
model_10.pt,MONDO:0013171,predicate:13,MONDO:0001071,NCBIGene:79895,predicate:4,CHEBI:170728,0.0
model_10.pt,NCBIGene:4634,predicate:1,NCBIGene:6445,NCBIGene:79895,predicate:4,CHEBI:170728,0.0
model_10.pt,CHEBI:18293,predicate:12,HP:0001945,NCBIGene:79895,predicate:4,CHEBI:170728,0.0
model_10.pt,UNII:5M691HL4BO,predicate:16,HP:0001288,NCBIGene:79895,predicate:4,CHEBI:170728,0.0
model_10.pt,MONDO:0011122,predicate:10,NCBIGene:2673,NCBIGene:79895,predicate:4,CHEBI:170728,0.0
model_10.pt,CHEBI:185383,predicate:5,NCBIGene:9514,NCBIGene:79895,predicate:4,CHEBI:170728,0.0
model_10.pt,NCBIGene:4763,predicate:13,HP:0002857,NCBIGene:79895,predicate:4,CHEBI:170728,0.0
model_10.pt,CHEBI:6121,predicate:7,NCBIGene:2335,NCBIGene:79895,predicate:4,CHEBI:170728,0.0
model_10.pt,NCBIGene:4204,predicate:13,HP:0010864,NCBIGene:79895,predicate:4,CHEBI:170728,0.0
model_10.pt,PUBCHEM.COMPOUND:5702107,predicate:23,NCBIGene:760,NCBIGene:79895,predicate:4,CHEBI:170728,0.0
model_10.pt,NCBIGene:22976,predicate:9,NCBIGene:9519,NCBIGene:79895,predicate:4,CHEBI:170728,0.0
model_10.pt,PUBCHEM.COMPOUND:9834864,predicate:14,NCBIGene:1137,NCBIGene:79895,predicate:4,CHEBI:170728,0.0
model_10.pt,PUBCHEM.COMPOUND:44431492,predicate:10,NCBIGene:1815,NCBIGene:79895,predicate:4,CHEBI:170728,0.0
model_10.pt,CHEBI:191001,predicate:18,NCBIGene:6422,NCBIGene:79895,predicate:4,CHEBI:170728,0.0
model_10.pt,PUBCHEM.COMPOUND:25015107,predicate:0,NCBIGene:2260,NCBIGene:79895,predicate:4,CHEBI:170728,0.0
model_10.pt,PUBCHEM.COMPOUND:131757266,predicate:5,NCBIGene:80168,NCBIGene:79895,predicate:4,CHEBI:170728,0.0
model_10.pt,NCBIGene:23205,predicate:1,NCBIGene:11283,NCBIGene:79895,predicate:4,CHEBI:170728,0.0
model_10.pt,NCBIGene:23054,predicate:1,NCBIGene:54617,NCBIGene:79895,predicate:4,CHEBI:170728,0.0
model_10.pt,NCBIGene:10008,predicate:3,NCBIGene:4751,NCBIGene:79895,predicate:4,CHEBI:170728,0.0
model_10.pt,NCBIGene:27183,predicate:1,NCBIGene:4904,NCBIGene:79895,predicate:4,CHEBI:170728,0.0
model_10.pt,NCBIGene:5578,predicate:8,NCBIGene:85377,NCBIGene:79895,predicate:4,CHEBI:170728,0.0
model_10.pt,NCBIGene:79165,predicate:1,NCBIGene:9704,NCBIGene:79895,predicate:4,CHEBI:170728,0.0
model_10.pt,NCBIGene:2170,predicate:9,NCBIGene:8611,NCBIGene:79895,predicate:4,CHEBI:170728,0.0
model_10.pt,NCBIGene:91748,predicate:1,NCBIGene:59345,NCBIGene:79895,predicate:4,CHEBI:170728,0.0
model_10.pt,PUBCHEM.COMPOUND:155512592,predicate:0,NCBIGene:142,NCBIGene:79895,predicate:4,CHEBI:170728,0.0
model_10.pt,NCBIGene:5663,predicate:7,NCBIGene:7158,NCBIGene:79895,predicate:4,CHEBI:170728,0.0
model_10.pt,NCBIGene:4140,predicate:21,NCBIGene:7534,NCBIGene:79895,predicate:4,CHEBI:170728,0.0
model_10.pt,NCBIGene:2475,predicate:1,NCBIGene:23456,NCBIGene:79895,predicate:4,CHEBI:170728,0.0
model_10.pt,NCBIGene:3162,predicate:15,MONDO:0000831,NCBIGene:79895,predicate:4,CHEBI:170728,0.0
model_10.pt,PUBCHEM.COMPOUND:10578760,predicate:0,NCBIGene:29580,NCBIGene:79895,predicate:4,CHEBI:170728,0.0
model_10.pt,NCBIGene:56893,predicate:9,NCBIGene:7316,NCBIGene:79895,predicate:4,CHEBI:170728,0.0
model_10.pt,CHEBI:93205,predicate:23,NCBIGene:8743,NCBIGene:79895,predicate:4,CHEBI:170728,0.0
model_10.pt,NCBIGene:1147,predicate:1,NCBIGene:57162,NCBIGene:79895,predicate:4,CHEBI:170728,0.0
model_10.pt,PUBCHEM.COMPOUND:137226420,predicate:0,NCBIGene:760,NCBIGene:79895,predicate:4,CHEBI:170728,0.0
model_10.pt,MONDO:0010691,predicate:13,HP:0007957,NCBIGene:79895,predicate:4,CHEBI:170728,0.0
model_10.pt,NCBIGene:51372,predicate:1,NCBIGene:6202,NCBIGene:79895,predicate:4,CHEBI:170728,0.0
model_10.pt,NCBIGene:25865,predicate:8,NCBIGene:23212,NCBIGene:79895,predicate:4,CHEBI:170728,0.0
model_10.pt,PUBCHEM.COMPOUND:122196132,predicate:0,NCBIGene:7941,NCBIGene:79895,predicate:4,CHEBI:170728,0.0
model_10.pt,NCBIGene:84283,predicate:1,NCBIGene:51458,NCBIGene:79895,predicate:4,CHEBI:170728,0.0
model_10.pt,NCBIGene:84365,predicate:1,NCBIGene:4236,NCBIGene:79895,predicate:4,CHEBI:170728,0.0
model_10.pt,CHEBI:8499,predicate:16,MONDO:0001382,NCBIGene:79895,predicate:4,CHEBI:170728,0.0
model_10.pt,NCBIGene:850551,predicate:3,NCBIGene:856863,NCBIGene:79895,predicate:4,CHEBI:170728,0.0
model_10.pt,NCBIGene:181271,predicate:3,NCBIGene:190925,NCBIGene:79895,predicate:4,CHEBI:170728,0.0
model_10.pt,NCBIGene:151056,predicate:4,PUBCHEM.COMPOUND:131761197,NCBIGene:79895,predicate:4,CHEBI:170728,43.78426742553711
model_10.pt,CHEBI:18152,predicate:9,NCBIGene:54498,NCBIGene:79895,predicate:4,CHEBI:170728,0.0
model_10.pt,NCBIGene:29949,predicate:15,MONDO:0005011,NCBIGene:79895,predicate:4,CHEBI:170728,0.0
model_10.pt,NCBIGene:173731,predicate:19,CHEBI:31823,NCBIGene:79895,predicate:4,CHEBI:170728,0.0
model_10.pt,PUBCHEM.COMPOUND:44176335,predicate:0,NCBIGene:331,NCBIGene:79895,predicate:4,CHEBI:170728,0.0
model_10.pt,PUBCHEM.COMPOUND:49864838,predicate:10,NCBIGene:834,NCBIGene:79895,predicate:4,CHEBI:170728,0.0
model_10.pt,NCBIGene:10221,predicate:8,NCBIGene:22908,NCBIGene:79895,predicate:4,CHEBI:170728,0.0
model_10.pt,CHEBI:46345,predicate:7,NCBIGene:6581,NCBIGene:79895,predicate:4,CHEBI:170728,0.0
model_10.pt,NCBIGene:375035,predicate:3,NCBIGene:80346,NCBIGene:79895,predicate:4,CHEBI:170728,0.0
model_10.pt,MONDO:0012176,predicate:13,HP:0003028,NCBIGene:2145,predicate:21,NCBIGene:23582,0.0
model_10.pt,CHEBI:6809,predicate:9,NCBIGene:8061,NCBIGene:2145,predicate:21,NCBIGene:23582,0.0
model_10.pt,PUBCHEM.COMPOUND:1113514,predicate:0,NCBIGene:946552,NCBIGene:2145,predicate:21,NCBIGene:23582,0.0
model_10.pt,PUBCHEM.COMPOUND:137636752,predicate:0,NCBIGene:3065,NCBIGene:2145,predicate:21,NCBIGene:23582,0.0
model_10.pt,CHEBI:367163,predicate:16,MONDO:0015691,NCBIGene:2145,predicate:21,NCBIGene:23582,0.0
model_10.pt,PUBCHEM.COMPOUND:130200977,predicate:10,NCBIGene:4988,NCBIGene:2145,predicate:21,NCBIGene:23582,0.0
model_10.pt,NCBIGene:78987,predicate:3,NCBIGene:92255,NCBIGene:2145,predicate:21,NCBIGene:23582,0.0
model_10.pt,NCBIGene:6352,predicate:36,NCBIGene:1234,NCBIGene:2145,predicate:21,NCBIGene:23582,0.0
model_10.pt,CHEBI:6443,predicate:7,NCBIGene:8644,NCBIGene:2145,predicate:21,NCBIGene:23582,0.0
model_10.pt,DRUGBANK:DB11158,predicate:12,MONDO:0005147,NCBIGene:2145,predicate:21,NCBIGene:23582,0.0
model_10.pt,CHEBI:5000,predicate:12,MONDO:0001076,NCBIGene:2145,predicate:21,NCBIGene:23582,0.0
model_10.pt,NCBIGene:8089,predicate:3,NCBIGene:26122,NCBIGene:2145,predicate:21,NCBIGene:23582,0.0
model_10.pt,NCBIGene:10400,predicate:4,PUBCHEM.COMPOUND:52924335,NCBIGene:2145,predicate:21,NCBIGene:23582,0.0
model_10.pt,NCBIGene:10618,predicate:3,NCBIGene:54887,NCBIGene:2145,predicate:21,NCBIGene:23582,0.0
model_10.pt,NCBIGene:3308,predicate:15,MONDO:0005559,NCBIGene:2145,predicate:21,NCBIGene:23582,0.0
model_10.pt,CHEBI:17351,predicate:7,NCBIGene:5315,NCBIGene:2145,predicate:21,NCBIGene:23582,0.0
model_10.pt,CHEMBL.COMPOUND:CHEMBL4747062,predicate:0,NCBIGene:23028,NCBIGene:2145,predicate:21,NCBIGene:23582,0.0
model_10.pt,CHEBI:16842,predicate:9,NCBIGene:3557,NCBIGene:2145,predicate:21,NCBIGene:23582,0.0
model_10.pt,NCBIGene:4616,predicate:1,NCBIGene:2034,NCBIGene:2145,predicate:21,NCBIGene:23582,0.0
model_10.pt,NCBIGene:10201,predicate:1,NCBIGene:6154,NCBIGene:2145,predicate:21,NCBIGene:23582,0.0
model_10.pt,NCBIGene:794,predicate:6,NCBIGene:7135,NCBIGene:2145,predicate:21,NCBIGene:23582,0.0
model_10.pt,NCBIGene:50834,predicate:1,NCBIGene:403277,NCBIGene:2145,predicate:21,NCBIGene:23582,0.0
model_10.pt,CHEBI:3755,predicate:2,MONDO:0007263,NCBIGene:2145,predicate:21,NCBIGene:23582,0.0
model_10.pt,PUBCHEM.COMPOUND:131762323,predicate:5,NCBIGene:5407,NCBIGene:2145,predicate:21,NCBIGene:23582,0.0
model_10.pt,PUBCHEM.COMPOUND:54325967,predicate:0,NCBIGene:5468,NCBIGene:2145,predicate:21,NCBIGene:23582,0.0
model_10.pt,CHEBI:64354,predicate:0,NCBIGene:6559,NCBIGene:2145,predicate:21,NCBIGene:23582,0.0
model_10.pt,CHEBI:44423,predicate:7,NCBIGene:3162,NCBIGene:2145,predicate:21,NCBIGene:23582,0.0
model_10.pt,NCBIGene:113174,predicate:10,NCBIGene:100528017,NCBIGene:2145,predicate:21,NCBIGene:23582,0.0
model_10.pt,NCBIGene:4502,predicate:1,NCBIGene:10912,NCBIGene:2145,predicate:21,NCBIGene:23582,0.0
model_10.pt,NCBIGene:5321,predicate:4,PUBCHEM.COMPOUND:53478731,NCBIGene:2145,predicate:21,NCBIGene:23582,0.0
model_10.pt,CHEBI:3755,predicate:7,NCBIGene:2100,NCBIGene:2145,predicate:21,NCBIGene:23582,0.0
model_10.pt,NCBIGene:51741,predicate:13,HP:0000253,NCBIGene:2145,predicate:21,NCBIGene:23582,0.0
model_10.pt,CHEBI:156122,predicate:5,NCBIGene:23761,NCBIGene:2145,predicate:21,NCBIGene:23582,0.0
model_10.pt,NCBIGene:245865,predicate:3,NCBIGene:194974,NCBIGene:2145,predicate:21,NCBIGene:23582,0.0
model_10.pt,PUBCHEM.COMPOUND:127036977,predicate:0,NCBIGene:135,NCBIGene:2145,predicate:21,NCBIGene:23582,0.0
model_10.pt,PUBCHEM.COMPOUND:44433263,predicate:0,NCBIGene:1576,NCBIGene:2145,predicate:21,NCBIGene:23582,0.0
model_10.pt,CHEBI:16469,predicate:7,NCBIGene:10587,NCBIGene:2145,predicate:21,NCBIGene:23582,0.0
model_10.pt,PUBCHEM.COMPOUND:44314087,predicate:0,NCBIGene:4313,NCBIGene:2145,predicate:21,NCBIGene:23582,0.0
model_10.pt,PUBCHEM.COMPOUND:25093440,predicate:0,NCBIGene:1147,NCBIGene:2145,predicate:21,NCBIGene:23582,0.0
model_10.pt,NCBIGene:20962,predicate:3,NCBIGene:219150,NCBIGene:2145,predicate:21,NCBIGene:23582,0.0
model_10.pt,NCBIGene:23051,predicate:15,MONDO:0005068,NCBIGene:2145,predicate:21,NCBIGene:23582,0.0
model_10.pt,NCBIGene:10565,predicate:6,NCBIGene:284369,NCBIGene:2145,predicate:21,NCBIGene:23582,0.0
model_10.pt,PUBCHEM.COMPOUND:59268935,predicate:0,NCBIGene:1137,NCBIGene:2145,predicate:21,NCBIGene:23582,0.0
model_10.pt,NCBIGene:5903,predicate:1,NCBIGene:402569,NCBIGene:2145,predicate:21,NCBIGene:23582,0.0
model_10.pt,PUBCHEM.COMPOUND:57395067,predicate:0,NCBIGene:6531,NCBIGene:2145,predicate:21,NCBIGene:23582,0.0
model_10.pt,NCBIGene:852585,predicate:3,NCBIGene:855469,NCBIGene:2145,predicate:21,NCBIGene:23582,0.0
model_10.pt,NCBIGene:3976,predicate:9,NCBIGene:2526,NCBIGene:2145,predicate:21,NCBIGene:23582,0.0
model_10.pt,NCBIGene:928,predicate:1,NCBIGene:29952,NCBIGene:2145,predicate:21,NCBIGene:23582,0.0
model_10.pt,MONDO:0013171,predicate:13,MONDO:0001071,NCBIGene:2145,predicate:21,NCBIGene:23582,0.0
model_10.pt,NCBIGene:4634,predicate:1,NCBIGene:6445,NCBIGene:2145,predicate:21,NCBIGene:23582,0.0
model_10.pt,CHEBI:18293,predicate:12,HP:0001945,NCBIGene:2145,predicate:21,NCBIGene:23582,0.0
model_10.pt,UNII:5M691HL4BO,predicate:16,HP:0001288,NCBIGene:2145,predicate:21,NCBIGene:23582,0.0
model_10.pt,MONDO:0011122,predicate:10,NCBIGene:2673,NCBIGene:2145,predicate:21,NCBIGene:23582,0.0
model_10.pt,CHEBI:185383,predicate:5,NCBIGene:9514,NCBIGene:2145,predicate:21,NCBIGene:23582,0.0
model_10.pt,NCBIGene:4763,predicate:13,HP:0002857,NCBIGene:2145,predicate:21,NCBIGene:23582,0.0
model_10.pt,CHEBI:6121,predicate:7,NCBIGene:2335,NCBIGene:2145,predicate:21,NCBIGene:23582,0.0
model_10.pt,NCBIGene:4204,predicate:13,HP:0010864,NCBIGene:2145,predicate:21,NCBIGene:23582,0.0
model_10.pt,PUBCHEM.COMPOUND:5702107,predicate:23,NCBIGene:760,NCBIGene:2145,predicate:21,NCBIGene:23582,0.0
model_10.pt,NCBIGene:22976,predicate:9,NCBIGene:9519,NCBIGene:2145,predicate:21,NCBIGene:23582,0.0
model_10.pt,PUBCHEM.COMPOUND:9834864,predicate:14,NCBIGene:1137,NCBIGene:2145,predicate:21,NCBIGene:23582,0.0
model_10.pt,PUBCHEM.COMPOUND:44431492,predicate:10,NCBIGene:1815,NCBIGene:2145,predicate:21,NCBIGene:23582,0.0
model_10.pt,CHEBI:191001,predicate:18,NCBIGene:6422,NCBIGene:2145,predicate:21,NCBIGene:23582,0.0
model_10.pt,PUBCHEM.COMPOUND:25015107,predicate:0,NCBIGene:2260,NCBIGene:2145,predicate:21,NCBIGene:23582,0.0
model_10.pt,PUBCHEM.COMPOUND:131757266,predicate:5,NCBIGene:80168,NCBIGene:2145,predicate:21,NCBIGene:23582,0.0
model_10.pt,NCBIGene:23205,predicate:1,NCBIGene:11283,NCBIGene:2145,predicate:21,NCBIGene:23582,0.0
model_10.pt,NCBIGene:23054,predicate:1,NCBIGene:54617,NCBIGene:2145,predicate:21,NCBIGene:23582,0.0
model_10.pt,NCBIGene:10008,predicate:3,NCBIGene:4751,NCBIGene:2145,predicate:21,NCBIGene:23582,0.0
model_10.pt,NCBIGene:27183,predicate:1,NCBIGene:4904,NCBIGene:2145,predicate:21,NCBIGene:23582,0.0
model_10.pt,NCBIGene:5578,predicate:8,NCBIGene:85377,NCBIGene:2145,predicate:21,NCBIGene:23582,0.0
model_10.pt,NCBIGene:79165,predicate:1,NCBIGene:9704,NCBIGene:2145,predicate:21,NCBIGene:23582,0.0
model_10.pt,NCBIGene:2170,predicate:9,NCBIGene:8611,NCBIGene:2145,predicate:21,NCBIGene:23582,0.0
model_10.pt,NCBIGene:91748,predicate:1,NCBIGene:59345,NCBIGene:2145,predicate:21,NCBIGene:23582,0.0
model_10.pt,PUBCHEM.COMPOUND:155512592,predicate:0,NCBIGene:142,NCBIGene:2145,predicate:21,NCBIGene:23582,0.0
model_10.pt,NCBIGene:5663,predicate:7,NCBIGene:7158,NCBIGene:2145,predicate:21,NCBIGene:23582,0.0
model_10.pt,NCBIGene:4140,predicate:21,NCBIGene:7534,NCBIGene:2145,predicate:21,NCBIGene:23582,33.783966064453125
model_10.pt,NCBIGene:2475,predicate:1,NCBIGene:23456,NCBIGene:2145,predicate:21,NCBIGene:23582,0.0
model_10.pt,NCBIGene:3162,predicate:15,MONDO:0000831,NCBIGene:2145,predicate:21,NCBIGene:23582,0.0
model_10.pt,PUBCHEM.COMPOUND:10578760,predicate:0,NCBIGene:29580,NCBIGene:2145,predicate:21,NCBIGene:23582,0.0
model_10.pt,NCBIGene:56893,predicate:9,NCBIGene:7316,NCBIGene:2145,predicate:21,NCBIGene:23582,0.0
model_10.pt,CHEBI:93205,predicate:23,NCBIGene:8743,NCBIGene:2145,predicate:21,NCBIGene:23582,0.0
model_10.pt,NCBIGene:1147,predicate:1,NCBIGene:57162,NCBIGene:2145,predicate:21,NCBIGene:23582,0.0
model_10.pt,PUBCHEM.COMPOUND:137226420,predicate:0,NCBIGene:760,NCBIGene:2145,predicate:21,NCBIGene:23582,0.0
model_10.pt,MONDO:0010691,predicate:13,HP:0007957,NCBIGene:2145,predicate:21,NCBIGene:23582,0.0
model_10.pt,NCBIGene:51372,predicate:1,NCBIGene:6202,NCBIGene:2145,predicate:21,NCBIGene:23582,0.0
model_10.pt,NCBIGene:25865,predicate:8,NCBIGene:23212,NCBIGene:2145,predicate:21,NCBIGene:23582,0.0
model_10.pt,PUBCHEM.COMPOUND:122196132,predicate:0,NCBIGene:7941,NCBIGene:2145,predicate:21,NCBIGene:23582,0.0
model_10.pt,NCBIGene:84283,predicate:1,NCBIGene:51458,NCBIGene:2145,predicate:21,NCBIGene:23582,0.0
model_10.pt,NCBIGene:84365,predicate:1,NCBIGene:4236,NCBIGene:2145,predicate:21,NCBIGene:23582,0.0
model_10.pt,CHEBI:8499,predicate:16,MONDO:0001382,NCBIGene:2145,predicate:21,NCBIGene:23582,0.0
model_10.pt,NCBIGene:850551,predicate:3,NCBIGene:856863,NCBIGene:2145,predicate:21,NCBIGene:23582,0.0
model_10.pt,NCBIGene:181271,predicate:3,NCBIGene:190925,NCBIGene:2145,predicate:21,NCBIGene:23582,0.0
model_10.pt,NCBIGene:151056,predicate:4,PUBCHEM.COMPOUND:131761197,NCBIGene:2145,predicate:21,NCBIGene:23582,0.0
model_10.pt,CHEBI:18152,predicate:9,NCBIGene:54498,NCBIGene:2145,predicate:21,NCBIGene:23582,0.0
model_10.pt,NCBIGene:29949,predicate:15,MONDO:0005011,NCBIGene:2145,predicate:21,NCBIGene:23582,0.0
model_10.pt,NCBIGene:173731,predicate:19,CHEBI:31823,NCBIGene:2145,predicate:21,NCBIGene:23582,0.0
model_10.pt,PUBCHEM.COMPOUND:44176335,predicate:0,NCBIGene:331,NCBIGene:2145,predicate:21,NCBIGene:23582,0.0
model_10.pt,PUBCHEM.COMPOUND:49864838,predicate:10,NCBIGene:834,NCBIGene:2145,predicate:21,NCBIGene:23582,0.0
model_10.pt,NCBIGene:10221,predicate:8,NCBIGene:22908,NCBIGene:2145,predicate:21,NCBIGene:23582,0.0
model_10.pt,CHEBI:46345,predicate:7,NCBIGene:6581,NCBIGene:2145,predicate:21,NCBIGene:23582,0.0
model_10.pt,NCBIGene:375035,predicate:3,NCBIGene:80346,NCBIGene:2145,predicate:21,NCBIGene:23582,0.0
model_10.pt,MONDO:0012176,predicate:13,HP:0003028,NCBIGene:51128,predicate:1,NCBIGene:2288,0.0
model_10.pt,CHEBI:6809,predicate:9,NCBIGene:8061,NCBIGene:51128,predicate:1,NCBIGene:2288,0.0
model_10.pt,PUBCHEM.COMPOUND:1113514,predicate:0,NCBIGene:946552,NCBIGene:51128,predicate:1,NCBIGene:2288,0.0
model_10.pt,PUBCHEM.COMPOUND:137636752,predicate:0,NCBIGene:3065,NCBIGene:51128,predicate:1,NCBIGene:2288,0.0
model_10.pt,CHEBI:367163,predicate:16,MONDO:0015691,NCBIGene:51128,predicate:1,NCBIGene:2288,0.0
model_10.pt,PUBCHEM.COMPOUND:130200977,predicate:10,NCBIGene:4988,NCBIGene:51128,predicate:1,NCBIGene:2288,0.0
model_10.pt,NCBIGene:78987,predicate:3,NCBIGene:92255,NCBIGene:51128,predicate:1,NCBIGene:2288,0.0
model_10.pt,NCBIGene:6352,predicate:36,NCBIGene:1234,NCBIGene:51128,predicate:1,NCBIGene:2288,0.0
model_10.pt,CHEBI:6443,predicate:7,NCBIGene:8644,NCBIGene:51128,predicate:1,NCBIGene:2288,0.0
model_10.pt,DRUGBANK:DB11158,predicate:12,MONDO:0005147,NCBIGene:51128,predicate:1,NCBIGene:2288,0.0
model_10.pt,CHEBI:5000,predicate:12,MONDO:0001076,NCBIGene:51128,predicate:1,NCBIGene:2288,0.0
model_10.pt,NCBIGene:8089,predicate:3,NCBIGene:26122,NCBIGene:51128,predicate:1,NCBIGene:2288,0.0
model_10.pt,NCBIGene:10400,predicate:4,PUBCHEM.COMPOUND:52924335,NCBIGene:51128,predicate:1,NCBIGene:2288,0.0
model_10.pt,NCBIGene:10618,predicate:3,NCBIGene:54887,NCBIGene:51128,predicate:1,NCBIGene:2288,0.0
model_10.pt,NCBIGene:3308,predicate:15,MONDO:0005559,NCBIGene:51128,predicate:1,NCBIGene:2288,0.0
model_10.pt,CHEBI:17351,predicate:7,NCBIGene:5315,NCBIGene:51128,predicate:1,NCBIGene:2288,0.0
model_10.pt,CHEMBL.COMPOUND:CHEMBL4747062,predicate:0,NCBIGene:23028,NCBIGene:51128,predicate:1,NCBIGene:2288,0.0
model_10.pt,CHEBI:16842,predicate:9,NCBIGene:3557,NCBIGene:51128,predicate:1,NCBIGene:2288,0.0
model_10.pt,NCBIGene:4616,predicate:1,NCBIGene:2034,NCBIGene:51128,predicate:1,NCBIGene:2288,-3.1306896209716797
model_10.pt,NCBIGene:10201,predicate:1,NCBIGene:6154,NCBIGene:51128,predicate:1,NCBIGene:2288,12.408943176269531
model_10.pt,NCBIGene:794,predicate:6,NCBIGene:7135,NCBIGene:51128,predicate:1,NCBIGene:2288,0.0
model_10.pt,NCBIGene:50834,predicate:1,NCBIGene:403277,NCBIGene:51128,predicate:1,NCBIGene:2288,59.58195495605469
model_10.pt,CHEBI:3755,predicate:2,MONDO:0007263,NCBIGene:51128,predicate:1,NCBIGene:2288,0.0
model_10.pt,PUBCHEM.COMPOUND:131762323,predicate:5,NCBIGene:5407,NCBIGene:51128,predicate:1,NCBIGene:2288,0.0
model_10.pt,PUBCHEM.COMPOUND:54325967,predicate:0,NCBIGene:5468,NCBIGene:51128,predicate:1,NCBIGene:2288,0.0
model_10.pt,CHEBI:64354,predicate:0,NCBIGene:6559,NCBIGene:51128,predicate:1,NCBIGene:2288,0.0
model_10.pt,CHEBI:44423,predicate:7,NCBIGene:3162,NCBIGene:51128,predicate:1,NCBIGene:2288,0.0
model_10.pt,NCBIGene:113174,predicate:10,NCBIGene:100528017,NCBIGene:51128,predicate:1,NCBIGene:2288,0.0
model_10.pt,NCBIGene:4502,predicate:1,NCBIGene:10912,NCBIGene:51128,predicate:1,NCBIGene:2288,-34.374691009521484
model_10.pt,NCBIGene:5321,predicate:4,PUBCHEM.COMPOUND:53478731,NCBIGene:51128,predicate:1,NCBIGene:2288,0.0
model_10.pt,CHEBI:3755,predicate:7,NCBIGene:2100,NCBIGene:51128,predicate:1,NCBIGene:2288,0.0
model_10.pt,NCBIGene:51741,predicate:13,HP:0000253,NCBIGene:51128,predicate:1,NCBIGene:2288,0.0
model_10.pt,CHEBI:156122,predicate:5,NCBIGene:23761,NCBIGene:51128,predicate:1,NCBIGene:2288,0.0
model_10.pt,NCBIGene:245865,predicate:3,NCBIGene:194974,NCBIGene:51128,predicate:1,NCBIGene:2288,0.0
model_10.pt,PUBCHEM.COMPOUND:127036977,predicate:0,NCBIGene:135,NCBIGene:51128,predicate:1,NCBIGene:2288,0.0
model_10.pt,PUBCHEM.COMPOUND:44433263,predicate:0,NCBIGene:1576,NCBIGene:51128,predicate:1,NCBIGene:2288,0.0
model_10.pt,CHEBI:16469,predicate:7,NCBIGene:10587,NCBIGene:51128,predicate:1,NCBIGene:2288,0.0
model_10.pt,PUBCHEM.COMPOUND:44314087,predicate:0,NCBIGene:4313,NCBIGene:51128,predicate:1,NCBIGene:2288,0.0
model_10.pt,PUBCHEM.COMPOUND:25093440,predicate:0,NCBIGene:1147,NCBIGene:51128,predicate:1,NCBIGene:2288,0.0
model_10.pt,NCBIGene:20962,predicate:3,NCBIGene:219150,NCBIGene:51128,predicate:1,NCBIGene:2288,0.0
model_10.pt,NCBIGene:23051,predicate:15,MONDO:0005068,NCBIGene:51128,predicate:1,NCBIGene:2288,0.0
model_10.pt,NCBIGene:10565,predicate:6,NCBIGene:284369,NCBIGene:51128,predicate:1,NCBIGene:2288,0.0
model_10.pt,PUBCHEM.COMPOUND:59268935,predicate:0,NCBIGene:1137,NCBIGene:51128,predicate:1,NCBIGene:2288,0.0
model_10.pt,NCBIGene:5903,predicate:1,NCBIGene:402569,NCBIGene:51128,predicate:1,NCBIGene:2288,-19.556232452392578
model_10.pt,PUBCHEM.COMPOUND:57395067,predicate:0,NCBIGene:6531,NCBIGene:51128,predicate:1,NCBIGene:2288,0.0
model_10.pt,NCBIGene:852585,predicate:3,NCBIGene:855469,NCBIGene:51128,predicate:1,NCBIGene:2288,0.0
model_10.pt,NCBIGene:3976,predicate:9,NCBIGene:2526,NCBIGene:51128,predicate:1,NCBIGene:2288,0.0
model_10.pt,NCBIGene:928,predicate:1,NCBIGene:29952,NCBIGene:51128,predicate:1,NCBIGene:2288,42.55860900878906
model_10.pt,MONDO:0013171,predicate:13,MONDO:0001071,NCBIGene:51128,predicate:1,NCBIGene:2288,0.0
model_10.pt,NCBIGene:4634,predicate:1,NCBIGene:6445,NCBIGene:51128,predicate:1,NCBIGene:2288,-6.7237348556518555
model_10.pt,CHEBI:18293,predicate:12,HP:0001945,NCBIGene:51128,predicate:1,NCBIGene:2288,0.0
model_10.pt,UNII:5M691HL4BO,predicate:16,HP:0001288,NCBIGene:51128,predicate:1,NCBIGene:2288,0.0
model_10.pt,MONDO:0011122,predicate:10,NCBIGene:2673,NCBIGene:51128,predicate:1,NCBIGene:2288,0.0
model_10.pt,CHEBI:185383,predicate:5,NCBIGene:9514,NCBIGene:51128,predicate:1,NCBIGene:2288,0.0
model_10.pt,NCBIGene:4763,predicate:13,HP:0002857,NCBIGene:51128,predicate:1,NCBIGene:2288,0.0
model_10.pt,CHEBI:6121,predicate:7,NCBIGene:2335,NCBIGene:51128,predicate:1,NCBIGene:2288,0.0
model_10.pt,NCBIGene:4204,predicate:13,HP:0010864,NCBIGene:51128,predicate:1,NCBIGene:2288,0.0
model_10.pt,PUBCHEM.COMPOUND:5702107,predicate:23,NCBIGene:760,NCBIGene:51128,predicate:1,NCBIGene:2288,0.0
model_10.pt,NCBIGene:22976,predicate:9,NCBIGene:9519,NCBIGene:51128,predicate:1,NCBIGene:2288,0.0
model_10.pt,PUBCHEM.COMPOUND:9834864,predicate:14,NCBIGene:1137,NCBIGene:51128,predicate:1,NCBIGene:2288,0.0
model_10.pt,PUBCHEM.COMPOUND:44431492,predicate:10,NCBIGene:1815,NCBIGene:51128,predicate:1,NCBIGene:2288,0.0
model_10.pt,CHEBI:191001,predicate:18,NCBIGene:6422,NCBIGene:51128,predicate:1,NCBIGene:2288,0.0
model_10.pt,PUBCHEM.COMPOUND:25015107,predicate:0,NCBIGene:2260,NCBIGene:51128,predicate:1,NCBIGene:2288,0.0
model_10.pt,PUBCHEM.COMPOUND:131757266,predicate:5,NCBIGene:80168,NCBIGene:51128,predicate:1,NCBIGene:2288,0.0
model_10.pt,NCBIGene:23205,predicate:1,NCBIGene:11283,NCBIGene:51128,predicate:1,NCBIGene:2288,25.984046936035156
model_10.pt,NCBIGene:23054,predicate:1,NCBIGene:54617,NCBIGene:51128,predicate:1,NCBIGene:2288,-40.21843719482422
model_10.pt,NCBIGene:10008,predicate:3,NCBIGene:4751,NCBIGene:51128,predicate:1,NCBIGene:2288,0.0
model_10.pt,NCBIGene:27183,predicate:1,NCBIGene:4904,NCBIGene:51128,predicate:1,NCBIGene:2288,-8.236503601074219
model_10.pt,NCBIGene:5578,predicate:8,NCBIGene:85377,NCBIGene:51128,predicate:1,NCBIGene:2288,0.0
model_10.pt,NCBIGene:79165,predicate:1,NCBIGene:9704,NCBIGene:51128,predicate:1,NCBIGene:2288,48.532859802246094
model_10.pt,NCBIGene:2170,predicate:9,NCBIGene:8611,NCBIGene:51128,predicate:1,NCBIGene:2288,0.0
model_10.pt,NCBIGene:91748,predicate:1,NCBIGene:59345,NCBIGene:51128,predicate:1,NCBIGene:2288,-55.208274841308594
model_10.pt,PUBCHEM.COMPOUND:155512592,predicate:0,NCBIGene:142,NCBIGene:51128,predicate:1,NCBIGene:2288,0.0
model_10.pt,NCBIGene:5663,predicate:7,NCBIGene:7158,NCBIGene:51128,predicate:1,NCBIGene:2288,0.0
model_10.pt,NCBIGene:4140,predicate:21,NCBIGene:7534,NCBIGene:51128,predicate:1,NCBIGene:2288,0.0
model_10.pt,NCBIGene:2475,predicate:1,NCBIGene:23456,NCBIGene:51128,predicate:1,NCBIGene:2288,60.334571838378906
model_10.pt,NCBIGene:3162,predicate:15,MONDO:0000831,NCBIGene:51128,predicate:1,NCBIGene:2288,0.0
model_10.pt,PUBCHEM.COMPOUND:10578760,predicate:0,NCBIGene:29580,NCBIGene:51128,predicate:1,NCBIGene:2288,0.0
model_10.pt,NCBIGene:56893,predicate:9,NCBIGene:7316,NCBIGene:51128,predicate:1,NCBIGene:2288,0.0
model_10.pt,CHEBI:93205,predicate:23,NCBIGene:8743,NCBIGene:51128,predicate:1,NCBIGene:2288,0.0
model_10.pt,NCBIGene:1147,predicate:1,NCBIGene:57162,NCBIGene:51128,predicate:1,NCBIGene:2288,-103.53099822998047
model_10.pt,PUBCHEM.COMPOUND:137226420,predicate:0,NCBIGene:760,NCBIGene:51128,predicate:1,NCBIGene:2288,0.0
model_10.pt,MONDO:0010691,predicate:13,HP:0007957,NCBIGene:51128,predicate:1,NCBIGene:2288,0.0
model_10.pt,NCBIGene:51372,predicate:1,NCBIGene:6202,NCBIGene:51128,predicate:1,NCBIGene:2288,-4.46371603012085
model_10.pt,NCBIGene:25865,predicate:8,NCBIGene:23212,NCBIGene:51128,predicate:1,NCBIGene:2288,0.0
model_10.pt,PUBCHEM.COMPOUND:122196132,predicate:0,NCBIGene:7941,NCBIGene:51128,predicate:1,NCBIGene:2288,0.0
model_10.pt,NCBIGene:84283,predicate:1,NCBIGene:51458,NCBIGene:51128,predicate:1,NCBIGene:2288,60.53620147705078
model_10.pt,NCBIGene:84365,predicate:1,NCBIGene:4236,NCBIGene:51128,predicate:1,NCBIGene:2288,107.70687866210938
model_10.pt,CHEBI:8499,predicate:16,MONDO:0001382,NCBIGene:51128,predicate:1,NCBIGene:2288,0.0
model_10.pt,NCBIGene:850551,predicate:3,NCBIGene:856863,NCBIGene:51128,predicate:1,NCBIGene:2288,0.0
model_10.pt,NCBIGene:181271,predicate:3,NCBIGene:190925,NCBIGene:51128,predicate:1,NCBIGene:2288,0.0
model_10.pt,NCBIGene:151056,predicate:4,PUBCHEM.COMPOUND:131761197,NCBIGene:51128,predicate:1,NCBIGene:2288,0.0
model_10.pt,CHEBI:18152,predicate:9,NCBIGene:54498,NCBIGene:51128,predicate:1,NCBIGene:2288,0.0
model_10.pt,NCBIGene:29949,predicate:15,MONDO:0005011,NCBIGene:51128,predicate:1,NCBIGene:2288,0.0
model_10.pt,NCBIGene:173731,predicate:19,CHEBI:31823,NCBIGene:51128,predicate:1,NCBIGene:2288,0.0
model_10.pt,PUBCHEM.COMPOUND:44176335,predicate:0,NCBIGene:331,NCBIGene:51128,predicate:1,NCBIGene:2288,0.0
model_10.pt,PUBCHEM.COMPOUND:49864838,predicate:10,NCBIGene:834,NCBIGene:51128,predicate:1,NCBIGene:2288,0.0
model_10.pt,NCBIGene:10221,predicate:8,NCBIGene:22908,NCBIGene:51128,predicate:1,NCBIGene:2288,0.0
model_10.pt,CHEBI:46345,predicate:7,NCBIGene:6581,NCBIGene:51128,predicate:1,NCBIGene:2288,0.0
model_10.pt,NCBIGene:375035,predicate:3,NCBIGene:80346,NCBIGene:51128,predicate:1,NCBIGene:2288,0.0
model_2.pt,MONDO:0012176,predicate:13,HP:0003028,PUBCHEM.COMPOUND:71059938,predicate:10,NCBIGene:2642,0.0
model_2.pt,CHEBI:6809,predicate:9,NCBIGene:8061,PUBCHEM.COMPOUND:71059938,predicate:10,NCBIGene:2642,0.0
model_2.pt,PUBCHEM.COMPOUND:1113514,predicate:0,NCBIGene:946552,PUBCHEM.COMPOUND:71059938,predicate:10,NCBIGene:2642,0.0
model_2.pt,PUBCHEM.COMPOUND:137636752,predicate:0,NCBIGene:3065,PUBCHEM.COMPOUND:71059938,predicate:10,NCBIGene:2642,0.0
model_2.pt,CHEBI:367163,predicate:16,MONDO:0015691,PUBCHEM.COMPOUND:71059938,predicate:10,NCBIGene:2642,0.0
model_2.pt,PUBCHEM.COMPOUND:130200977,predicate:10,NCBIGene:4988,PUBCHEM.COMPOUND:71059938,predicate:10,NCBIGene:2642,16.386253356933594
model_2.pt,NCBIGene:78987,predicate:3,NCBIGene:92255,PUBCHEM.COMPOUND:71059938,predicate:10,NCBIGene:2642,0.0
model_2.pt,NCBIGene:6352,predicate:36,NCBIGene:1234,PUBCHEM.COMPOUND:71059938,predicate:10,NCBIGene:2642,0.0
model_2.pt,CHEBI:6443,predicate:7,NCBIGene:8644,PUBCHEM.COMPOUND:71059938,predicate:10,NCBIGene:2642,0.0
model_2.pt,DRUGBANK:DB11158,predicate:12,MONDO:0005147,PUBCHEM.COMPOUND:71059938,predicate:10,NCBIGene:2642,0.0
model_2.pt,CHEBI:5000,predicate:12,MONDO:0001076,PUBCHEM.COMPOUND:71059938,predicate:10,NCBIGene:2642,0.0
model_2.pt,NCBIGene:8089,predicate:3,NCBIGene:26122,PUBCHEM.COMPOUND:71059938,predicate:10,NCBIGene:2642,0.0
model_2.pt,NCBIGene:10400,predicate:4,PUBCHEM.COMPOUND:52924335,PUBCHEM.COMPOUND:71059938,predicate:10,NCBIGene:2642,0.0
model_2.pt,NCBIGene:10618,predicate:3,NCBIGene:54887,PUBCHEM.COMPOUND:71059938,predicate:10,NCBIGene:2642,0.0
model_2.pt,NCBIGene:3308,predicate:15,MONDO:0005559,PUBCHEM.COMPOUND:71059938,predicate:10,NCBIGene:2642,0.0
model_2.pt,CHEBI:17351,predicate:7,NCBIGene:5315,PUBCHEM.COMPOUND:71059938,predicate:10,NCBIGene:2642,0.0
model_2.pt,CHEMBL.COMPOUND:CHEMBL4747062,predicate:0,NCBIGene:23028,PUBCHEM.COMPOUND:71059938,predicate:10,NCBIGene:2642,0.0
model_2.pt,CHEBI:16842,predicate:9,NCBIGene:3557,PUBCHEM.COMPOUND:71059938,predicate:10,NCBIGene:2642,0.0
model_2.pt,NCBIGene:4616,predicate:1,NCBIGene:2034,PUBCHEM.COMPOUND:71059938,predicate:10,NCBIGene:2642,0.0
model_2.pt,NCBIGene:10201,predicate:1,NCBIGene:6154,PUBCHEM.COMPOUND:71059938,predicate:10,NCBIGene:2642,0.0
model_2.pt,NCBIGene:794,predicate:6,NCBIGene:7135,PUBCHEM.COMPOUND:71059938,predicate:10,NCBIGene:2642,0.0
model_2.pt,NCBIGene:50834,predicate:1,NCBIGene:403277,PUBCHEM.COMPOUND:71059938,predicate:10,NCBIGene:2642,0.0
model_2.pt,CHEBI:3755,predicate:2,MONDO:0007263,PUBCHEM.COMPOUND:71059938,predicate:10,NCBIGene:2642,0.0
model_2.pt,PUBCHEM.COMPOUND:131762323,predicate:5,NCBIGene:5407,PUBCHEM.COMPOUND:71059938,predicate:10,NCBIGene:2642,0.0
model_2.pt,PUBCHEM.COMPOUND:54325967,predicate:0,NCBIGene:5468,PUBCHEM.COMPOUND:71059938,predicate:10,NCBIGene:2642,0.0
model_2.pt,CHEBI:64354,predicate:0,NCBIGene:6559,PUBCHEM.COMPOUND:71059938,predicate:10,NCBIGene:2642,0.0
model_2.pt,CHEBI:44423,predicate:7,NCBIGene:3162,PUBCHEM.COMPOUND:71059938,predicate:10,NCBIGene:2642,0.0
model_2.pt,NCBIGene:113174,predicate:10,NCBIGene:100528017,PUBCHEM.COMPOUND:71059938,predicate:10,NCBIGene:2642,72.86064910888672
model_2.pt,NCBIGene:4502,predicate:1,NCBIGene:10912,PUBCHEM.COMPOUND:71059938,predicate:10,NCBIGene:2642,0.0
model_2.pt,NCBIGene:5321,predicate:4,PUBCHEM.COMPOUND:53478731,PUBCHEM.COMPOUND:71059938,predicate:10,NCBIGene:2642,0.0
model_2.pt,CHEBI:3755,predicate:7,NCBIGene:2100,PUBCHEM.COMPOUND:71059938,predicate:10,NCBIGene:2642,0.0
model_2.pt,NCBIGene:51741,predicate:13,HP:0000253,PUBCHEM.COMPOUND:71059938,predicate:10,NCBIGene:2642,0.0
model_2.pt,CHEBI:156122,predicate:5,NCBIGene:23761,PUBCHEM.COMPOUND:71059938,predicate:10,NCBIGene:2642,0.0
model_2.pt,NCBIGene:245865,predicate:3,NCBIGene:194974,PUBCHEM.COMPOUND:71059938,predicate:10,NCBIGene:2642,0.0
model_2.pt,PUBCHEM.COMPOUND:127036977,predicate:0,NCBIGene:135,PUBCHEM.COMPOUND:71059938,predicate:10,NCBIGene:2642,0.0
model_2.pt,PUBCHEM.COMPOUND:44433263,predicate:0,NCBIGene:1576,PUBCHEM.COMPOUND:71059938,predicate:10,NCBIGene:2642,0.0
model_2.pt,CHEBI:16469,predicate:7,NCBIGene:10587,PUBCHEM.COMPOUND:71059938,predicate:10,NCBIGene:2642,0.0
model_2.pt,PUBCHEM.COMPOUND:44314087,predicate:0,NCBIGene:4313,PUBCHEM.COMPOUND:71059938,predicate:10,NCBIGene:2642,0.0
model_2.pt,PUBCHEM.COMPOUND:25093440,predicate:0,NCBIGene:1147,PUBCHEM.COMPOUND:71059938,predicate:10,NCBIGene:2642,0.0
model_2.pt,NCBIGene:20962,predicate:3,NCBIGene:219150,PUBCHEM.COMPOUND:71059938,predicate:10,NCBIGene:2642,0.0
model_2.pt,NCBIGene:23051,predicate:15,MONDO:0005068,PUBCHEM.COMPOUND:71059938,predicate:10,NCBIGene:2642,0.0
model_2.pt,NCBIGene:10565,predicate:6,NCBIGene:284369,PUBCHEM.COMPOUND:71059938,predicate:10,NCBIGene:2642,0.0
model_2.pt,PUBCHEM.COMPOUND:59268935,predicate:0,NCBIGene:1137,PUBCHEM.COMPOUND:71059938,predicate:10,NCBIGene:2642,0.0
model_2.pt,NCBIGene:5903,predicate:1,NCBIGene:402569,PUBCHEM.COMPOUND:71059938,predicate:10,NCBIGene:2642,0.0
model_2.pt,PUBCHEM.COMPOUND:57395067,predicate:0,NCBIGene:6531,PUBCHEM.COMPOUND:71059938,predicate:10,NCBIGene:2642,0.0
model_2.pt,NCBIGene:852585,predicate:3,NCBIGene:855469,PUBCHEM.COMPOUND:71059938,predicate:10,NCBIGene:2642,0.0
model_2.pt,NCBIGene:3976,predicate:9,NCBIGene:2526,PUBCHEM.COMPOUND:71059938,predicate:10,NCBIGene:2642,0.0
model_2.pt,NCBIGene:928,predicate:1,NCBIGene:29952,PUBCHEM.COMPOUND:71059938,predicate:10,NCBIGene:2642,0.0
model_2.pt,MONDO:0013171,predicate:13,MONDO:0001071,PUBCHEM.COMPOUND:71059938,predicate:10,NCBIGene:2642,0.0
model_2.pt,NCBIGene:4634,predicate:1,NCBIGene:6445,PUBCHEM.COMPOUND:71059938,predicate:10,NCBIGene:2642,0.0
model_2.pt,CHEBI:18293,predicate:12,HP:0001945,PUBCHEM.COMPOUND:71059938,predicate:10,NCBIGene:2642,0.0
model_2.pt,UNII:5M691HL4BO,predicate:16,HP:0001288,PUBCHEM.COMPOUND:71059938,predicate:10,NCBIGene:2642,0.0
model_2.pt,MONDO:0011122,predicate:10,NCBIGene:2673,PUBCHEM.COMPOUND:71059938,predicate:10,NCBIGene:2642,23.541658401489258
model_2.pt,CHEBI:185383,predicate:5,NCBIGene:9514,PUBCHEM.COMPOUND:71059938,predicate:10,NCBIGene:2642,0.0
model_2.pt,NCBIGene:4763,predicate:13,HP:0002857,PUBCHEM.COMPOUND:71059938,predicate:10,NCBIGene:2642,0.0
model_2.pt,CHEBI:6121,predicate:7,NCBIGene:2335,PUBCHEM.COMPOUND:71059938,predicate:10,NCBIGene:2642,0.0
model_2.pt,NCBIGene:4204,predicate:13,HP:0010864,PUBCHEM.COMPOUND:71059938,predicate:10,NCBIGene:2642,0.0
model_2.pt,PUBCHEM.COMPOUND:5702107,predicate:23,NCBIGene:760,PUBCHEM.COMPOUND:71059938,predicate:10,NCBIGene:2642,0.0
model_2.pt,NCBIGene:22976,predicate:9,NCBIGene:9519,PUBCHEM.COMPOUND:71059938,predicate:10,NCBIGene:2642,0.0
model_2.pt,PUBCHEM.COMPOUND:9834864,predicate:14,NCBIGene:1137,PUBCHEM.COMPOUND:71059938,predicate:10,NCBIGene:2642,0.0
model_2.pt,PUBCHEM.COMPOUND:44431492,predicate:10,NCBIGene:1815,PUBCHEM.COMPOUND:71059938,predicate:10,NCBIGene:2642,34.97991180419922
model_2.pt,CHEBI:191001,predicate:18,NCBIGene:6422,PUBCHEM.COMPOUND:71059938,predicate:10,NCBIGene:2642,0.0
model_2.pt,PUBCHEM.COMPOUND:25015107,predicate:0,NCBIGene:2260,PUBCHEM.COMPOUND:71059938,predicate:10,NCBIGene:2642,0.0
model_2.pt,PUBCHEM.COMPOUND:131757266,predicate:5,NCBIGene:80168,PUBCHEM.COMPOUND:71059938,predicate:10,NCBIGene:2642,0.0
model_2.pt,NCBIGene:23205,predicate:1,NCBIGene:11283,PUBCHEM.COMPOUND:71059938,predicate:10,NCBIGene:2642,0.0
model_2.pt,NCBIGene:23054,predicate:1,NCBIGene:54617,PUBCHEM.COMPOUND:71059938,predicate:10,NCBIGene:2642,0.0
model_2.pt,NCBIGene:10008,predicate:3,NCBIGene:4751,PUBCHEM.COMPOUND:71059938,predicate:10,NCBIGene:2642,0.0
model_2.pt,NCBIGene:27183,predicate:1,NCBIGene:4904,PUBCHEM.COMPOUND:71059938,predicate:10,NCBIGene:2642,0.0
model_2.pt,NCBIGene:5578,predicate:8,NCBIGene:85377,PUBCHEM.COMPOUND:71059938,predicate:10,NCBIGene:2642,0.0
model_2.pt,NCBIGene:79165,predicate:1,NCBIGene:9704,PUBCHEM.COMPOUND:71059938,predicate:10,NCBIGene:2642,0.0
model_2.pt,NCBIGene:2170,predicate:9,NCBIGene:8611,PUBCHEM.COMPOUND:71059938,predicate:10,NCBIGene:2642,0.0
model_2.pt,NCBIGene:91748,predicate:1,NCBIGene:59345,PUBCHEM.COMPOUND:71059938,predicate:10,NCBIGene:2642,0.0
model_2.pt,PUBCHEM.COMPOUND:155512592,predicate:0,NCBIGene:142,PUBCHEM.COMPOUND:71059938,predicate:10,NCBIGene:2642,0.0
model_2.pt,NCBIGene:5663,predicate:7,NCBIGene:7158,PUBCHEM.COMPOUND:71059938,predicate:10,NCBIGene:2642,0.0
model_2.pt,NCBIGene:4140,predicate:21,NCBIGene:7534,PUBCHEM.COMPOUND:71059938,predicate:10,NCBIGene:2642,0.0
model_2.pt,NCBIGene:2475,predicate:1,NCBIGene:23456,PUBCHEM.COMPOUND:71059938,predicate:10,NCBIGene:2642,0.0
model_2.pt,NCBIGene:3162,predicate:15,MONDO:0000831,PUBCHEM.COMPOUND:71059938,predicate:10,NCBIGene:2642,0.0
model_2.pt,PUBCHEM.COMPOUND:10578760,predicate:0,NCBIGene:29580,PUBCHEM.COMPOUND:71059938,predicate:10,NCBIGene:2642,0.0
model_2.pt,NCBIGene:56893,predicate:9,NCBIGene:7316,PUBCHEM.COMPOUND:71059938,predicate:10,NCBIGene:2642,0.0
model_2.pt,CHEBI:93205,predicate:23,NCBIGene:8743,PUBCHEM.COMPOUND:71059938,predicate:10,NCBIGene:2642,0.0
model_2.pt,NCBIGene:1147,predicate:1,NCBIGene:57162,PUBCHEM.COMPOUND:71059938,predicate:10,NCBIGene:2642,0.0
model_2.pt,PUBCHEM.COMPOUND:137226420,predicate:0,NCBIGene:760,PUBCHEM.COMPOUND:71059938,predicate:10,NCBIGene:2642,0.0
model_2.pt,MONDO:0010691,predicate:13,HP:0007957,PUBCHEM.COMPOUND:71059938,predicate:10,NCBIGene:2642,0.0
model_2.pt,NCBIGene:51372,predicate:1,NCBIGene:6202,PUBCHEM.COMPOUND:71059938,predicate:10,NCBIGene:2642,0.0
model_2.pt,NCBIGene:25865,predicate:8,NCBIGene:23212,PUBCHEM.COMPOUND:71059938,predicate:10,NCBIGene:2642,0.0
model_2.pt,PUBCHEM.COMPOUND:122196132,predicate:0,NCBIGene:7941,PUBCHEM.COMPOUND:71059938,predicate:10,NCBIGene:2642,0.0
model_2.pt,NCBIGene:84283,predicate:1,NCBIGene:51458,PUBCHEM.COMPOUND:71059938,predicate:10,NCBIGene:2642,0.0
model_2.pt,NCBIGene:84365,predicate:1,NCBIGene:4236,PUBCHEM.COMPOUND:71059938,predicate:10,NCBIGene:2642,0.0
model_2.pt,CHEBI:8499,predicate:16,MONDO:0001382,PUBCHEM.COMPOUND:71059938,predicate:10,NCBIGene:2642,0.0
model_2.pt,NCBIGene:850551,predicate:3,NCBIGene:856863,PUBCHEM.COMPOUND:71059938,predicate:10,NCBIGene:2642,0.0
model_2.pt,NCBIGene:181271,predicate:3,NCBIGene:190925,PUBCHEM.COMPOUND:71059938,predicate:10,NCBIGene:2642,0.0
model_2.pt,NCBIGene:151056,predicate:4,PUBCHEM.COMPOUND:131761197,PUBCHEM.COMPOUND:71059938,predicate:10,NCBIGene:2642,0.0
model_2.pt,CHEBI:18152,predicate:9,NCBIGene:54498,PUBCHEM.COMPOUND:71059938,predicate:10,NCBIGene:2642,0.0
model_2.pt,NCBIGene:29949,predicate:15,MONDO:0005011,PUBCHEM.COMPOUND:71059938,predicate:10,NCBIGene:2642,0.0
model_2.pt,NCBIGene:173731,predicate:19,CHEBI:31823,PUBCHEM.COMPOUND:71059938,predicate:10,NCBIGene:2642,0.0
model_2.pt,PUBCHEM.COMPOUND:44176335,predicate:0,NCBIGene:331,PUBCHEM.COMPOUND:71059938,predicate:10,NCBIGene:2642,0.0
model_2.pt,PUBCHEM.COMPOUND:49864838,predicate:10,NCBIGene:834,PUBCHEM.COMPOUND:71059938,predicate:10,NCBIGene:2642,84.26605224609375
model_2.pt,NCBIGene:10221,predicate:8,NCBIGene:22908,PUBCHEM.COMPOUND:71059938,predicate:10,NCBIGene:2642,0.0
model_2.pt,CHEBI:46345,predicate:7,NCBIGene:6581,PUBCHEM.COMPOUND:71059938,predicate:10,NCBIGene:2642,0.0
model_2.pt,NCBIGene:375035,predicate:3,NCBIGene:80346,PUBCHEM.COMPOUND:71059938,predicate:10,NCBIGene:2642,0.0
model_2.pt,MONDO:0012176,predicate:13,HP:0003028,NCBIGene:7045,predicate:1,NCBIGene:216,0.0
model_2.pt,CHEBI:6809,predicate:9,NCBIGene:8061,NCBIGene:7045,predicate:1,NCBIGene:216,0.0
model_2.pt,PUBCHEM.COMPOUND:1113514,predicate:0,NCBIGene:946552,NCBIGene:7045,predicate:1,NCBIGene:216,0.0
model_2.pt,PUBCHEM.COMPOUND:137636752,predicate:0,NCBIGene:3065,NCBIGene:7045,predicate:1,NCBIGene:216,0.0
model_2.pt,CHEBI:367163,predicate:16,MONDO:0015691,NCBIGene:7045,predicate:1,NCBIGene:216,0.0
model_2.pt,PUBCHEM.COMPOUND:130200977,predicate:10,NCBIGene:4988,NCBIGene:7045,predicate:1,NCBIGene:216,0.0
model_2.pt,NCBIGene:78987,predicate:3,NCBIGene:92255,NCBIGene:7045,predicate:1,NCBIGene:216,0.0
model_2.pt,NCBIGene:6352,predicate:36,NCBIGene:1234,NCBIGene:7045,predicate:1,NCBIGene:216,0.0
model_2.pt,CHEBI:6443,predicate:7,NCBIGene:8644,NCBIGene:7045,predicate:1,NCBIGene:216,0.0
model_2.pt,DRUGBANK:DB11158,predicate:12,MONDO:0005147,NCBIGene:7045,predicate:1,NCBIGene:216,0.0
model_2.pt,CHEBI:5000,predicate:12,MONDO:0001076,NCBIGene:7045,predicate:1,NCBIGene:216,0.0
model_2.pt,NCBIGene:8089,predicate:3,NCBIGene:26122,NCBIGene:7045,predicate:1,NCBIGene:216,0.0
model_2.pt,NCBIGene:10400,predicate:4,PUBCHEM.COMPOUND:52924335,NCBIGene:7045,predicate:1,NCBIGene:216,0.0
model_2.pt,NCBIGene:10618,predicate:3,NCBIGene:54887,NCBIGene:7045,predicate:1,NCBIGene:216,0.0
model_2.pt,NCBIGene:3308,predicate:15,MONDO:0005559,NCBIGene:7045,predicate:1,NCBIGene:216,0.0
model_2.pt,CHEBI:17351,predicate:7,NCBIGene:5315,NCBIGene:7045,predicate:1,NCBIGene:216,0.0
model_2.pt,CHEMBL.COMPOUND:CHEMBL4747062,predicate:0,NCBIGene:23028,NCBIGene:7045,predicate:1,NCBIGene:216,0.0
model_2.pt,CHEBI:16842,predicate:9,NCBIGene:3557,NCBIGene:7045,predicate:1,NCBIGene:216,0.0
model_2.pt,NCBIGene:4616,predicate:1,NCBIGene:2034,NCBIGene:7045,predicate:1,NCBIGene:216,4.109637260437012
model_2.pt,NCBIGene:10201,predicate:1,NCBIGene:6154,NCBIGene:7045,predicate:1,NCBIGene:216,33.42943572998047
model_2.pt,NCBIGene:794,predicate:6,NCBIGene:7135,NCBIGene:7045,predicate:1,NCBIGene:216,0.0
model_2.pt,NCBIGene:50834,predicate:1,NCBIGene:403277,NCBIGene:7045,predicate:1,NCBIGene:216,20.27286720275879
model_2.pt,CHEBI:3755,predicate:2,MONDO:0007263,NCBIGene:7045,predicate:1,NCBIGene:216,0.0
model_2.pt,PUBCHEM.COMPOUND:131762323,predicate:5,NCBIGene:5407,NCBIGene:7045,predicate:1,NCBIGene:216,0.0
model_2.pt,PUBCHEM.COMPOUND:54325967,predicate:0,NCBIGene:5468,NCBIGene:7045,predicate:1,NCBIGene:216,0.0
model_2.pt,CHEBI:64354,predicate:0,NCBIGene:6559,NCBIGene:7045,predicate:1,NCBIGene:216,0.0
model_2.pt,CHEBI:44423,predicate:7,NCBIGene:3162,NCBIGene:7045,predicate:1,NCBIGene:216,0.0
model_2.pt,NCBIGene:113174,predicate:10,NCBIGene:100528017,NCBIGene:7045,predicate:1,NCBIGene:216,0.0
model_2.pt,NCBIGene:4502,predicate:1,NCBIGene:10912,NCBIGene:7045,predicate:1,NCBIGene:216,-3.3397445678710938
model_2.pt,NCBIGene:5321,predicate:4,PUBCHEM.COMPOUND:53478731,NCBIGene:7045,predicate:1,NCBIGene:216,0.0
model_2.pt,CHEBI:3755,predicate:7,NCBIGene:2100,NCBIGene:7045,predicate:1,NCBIGene:216,0.0
model_2.pt,NCBIGene:51741,predicate:13,HP:0000253,NCBIGene:7045,predicate:1,NCBIGene:216,0.0
model_2.pt,CHEBI:156122,predicate:5,NCBIGene:23761,NCBIGene:7045,predicate:1,NCBIGene:216,0.0
model_2.pt,NCBIGene:245865,predicate:3,NCBIGene:194974,NCBIGene:7045,predicate:1,NCBIGene:216,0.0
model_2.pt,PUBCHEM.COMPOUND:127036977,predicate:0,NCBIGene:135,NCBIGene:7045,predicate:1,NCBIGene:216,0.0
model_2.pt,PUBCHEM.COMPOUND:44433263,predicate:0,NCBIGene:1576,NCBIGene:7045,predicate:1,NCBIGene:216,0.0
model_2.pt,CHEBI:16469,predicate:7,NCBIGene:10587,NCBIGene:7045,predicate:1,NCBIGene:216,0.0
model_2.pt,PUBCHEM.COMPOUND:44314087,predicate:0,NCBIGene:4313,NCBIGene:7045,predicate:1,NCBIGene:216,0.0
model_2.pt,PUBCHEM.COMPOUND:25093440,predicate:0,NCBIGene:1147,NCBIGene:7045,predicate:1,NCBIGene:216,0.0
model_2.pt,NCBIGene:20962,predicate:3,NCBIGene:219150,NCBIGene:7045,predicate:1,NCBIGene:216,0.0
model_2.pt,NCBIGene:23051,predicate:15,MONDO:0005068,NCBIGene:7045,predicate:1,NCBIGene:216,0.0
model_2.pt,NCBIGene:10565,predicate:6,NCBIGene:284369,NCBIGene:7045,predicate:1,NCBIGene:216,0.0
model_2.pt,PUBCHEM.COMPOUND:59268935,predicate:0,NCBIGene:1137,NCBIGene:7045,predicate:1,NCBIGene:216,0.0
model_2.pt,NCBIGene:5903,predicate:1,NCBIGene:402569,NCBIGene:7045,predicate:1,NCBIGene:216,-16.749313354492188
model_2.pt,PUBCHEM.COMPOUND:57395067,predicate:0,NCBIGene:6531,NCBIGene:7045,predicate:1,NCBIGene:216,0.0
model_2.pt,NCBIGene:852585,predicate:3,NCBIGene:855469,NCBIGene:7045,predicate:1,NCBIGene:216,0.0
model_2.pt,NCBIGene:3976,predicate:9,NCBIGene:2526,NCBIGene:7045,predicate:1,NCBIGene:216,0.0
model_2.pt,NCBIGene:928,predicate:1,NCBIGene:29952,NCBIGene:7045,predicate:1,NCBIGene:216,-12.08268928527832
model_2.pt,MONDO:0013171,predicate:13,MONDO:0001071,NCBIGene:7045,predicate:1,NCBIGene:216,0.0
model_2.pt,NCBIGene:4634,predicate:1,NCBIGene:6445,NCBIGene:7045,predicate:1,NCBIGene:216,17.796945571899414
model_2.pt,CHEBI:18293,predicate:12,HP:0001945,NCBIGene:7045,predicate:1,NCBIGene:216,0.0
model_2.pt,UNII:5M691HL4BO,predicate:16,HP:0001288,NCBIGene:7045,predicate:1,NCBIGene:216,0.0
model_2.pt,MONDO:0011122,predicate:10,NCBIGene:2673,NCBIGene:7045,predicate:1,NCBIGene:216,0.0
model_2.pt,CHEBI:185383,predicate:5,NCBIGene:9514,NCBIGene:7045,predicate:1,NCBIGene:216,0.0
model_2.pt,NCBIGene:4763,predicate:13,HP:0002857,NCBIGene:7045,predicate:1,NCBIGene:216,0.0
model_2.pt,CHEBI:6121,predicate:7,NCBIGene:2335,NCBIGene:7045,predicate:1,NCBIGene:216,0.0
model_2.pt,NCBIGene:4204,predicate:13,HP:0010864,NCBIGene:7045,predicate:1,NCBIGene:216,0.0
model_2.pt,PUBCHEM.COMPOUND:5702107,predicate:23,NCBIGene:760,NCBIGene:7045,predicate:1,NCBIGene:216,0.0
model_2.pt,NCBIGene:22976,predicate:9,NCBIGene:9519,NCBIGene:7045,predicate:1,NCBIGene:216,0.0
model_2.pt,PUBCHEM.COMPOUND:9834864,predicate:14,NCBIGene:1137,NCBIGene:7045,predicate:1,NCBIGene:216,0.0
model_2.pt,PUBCHEM.COMPOUND:44431492,predicate:10,NCBIGene:1815,NCBIGene:7045,predicate:1,NCBIGene:216,0.0
model_2.pt,CHEBI:191001,predicate:18,NCBIGene:6422,NCBIGene:7045,predicate:1,NCBIGene:216,0.0
model_2.pt,PUBCHEM.COMPOUND:25015107,predicate:0,NCBIGene:2260,NCBIGene:7045,predicate:1,NCBIGene:216,0.0
model_2.pt,PUBCHEM.COMPOUND:131757266,predicate:5,NCBIGene:80168,NCBIGene:7045,predicate:1,NCBIGene:216,0.0
model_2.pt,NCBIGene:23205,predicate:1,NCBIGene:11283,NCBIGene:7045,predicate:1,NCBIGene:216,-41.291465759277344
model_2.pt,NCBIGene:23054,predicate:1,NCBIGene:54617,NCBIGene:7045,predicate:1,NCBIGene:216,26.075777053833008
model_2.pt,NCBIGene:10008,predicate:3,NCBIGene:4751,NCBIGene:7045,predicate:1,NCBIGene:216,0.0
model_2.pt,NCBIGene:27183,predicate:1,NCBIGene:4904,NCBIGene:7045,predicate:1,NCBIGene:216,17.747713088989258
model_2.pt,NCBIGene:5578,predicate:8,NCBIGene:85377,NCBIGene:7045,predicate:1,NCBIGene:216,0.0
model_2.pt,NCBIGene:79165,predicate:1,NCBIGene:9704,NCBIGene:7045,predicate:1,NCBIGene:216,-51.81195068359375
model_2.pt,NCBIGene:2170,predicate:9,NCBIGene:8611,NCBIGene:7045,predicate:1,NCBIGene:216,0.0
model_2.pt,NCBIGene:91748,predicate:1,NCBIGene:59345,NCBIGene:7045,predicate:1,NCBIGene:216,26.880874633789062
model_2.pt,PUBCHEM.COMPOUND:155512592,predicate:0,NCBIGene:142,NCBIGene:7045,predicate:1,NCBIGene:216,0.0
model_2.pt,NCBIGene:5663,predicate:7,NCBIGene:7158,NCBIGene:7045,predicate:1,NCBIGene:216,0.0
model_2.pt,NCBIGene:4140,predicate:21,NCBIGene:7534,NCBIGene:7045,predicate:1,NCBIGene:216,0.0
model_2.pt,NCBIGene:2475,predicate:1,NCBIGene:23456,NCBIGene:7045,predicate:1,NCBIGene:216,-88.35930633544922
model_2.pt,NCBIGene:3162,predicate:15,MONDO:0000831,NCBIGene:7045,predicate:1,NCBIGene:216,0.0
model_2.pt,PUBCHEM.COMPOUND:10578760,predicate:0,NCBIGene:29580,NCBIGene:7045,predicate:1,NCBIGene:216,0.0
model_2.pt,NCBIGene:56893,predicate:9,NCBIGene:7316,NCBIGene:7045,predicate:1,NCBIGene:216,0.0
model_2.pt,CHEBI:93205,predicate:23,NCBIGene:8743,NCBIGene:7045,predicate:1,NCBIGene:216,0.0
model_2.pt,NCBIGene:1147,predicate:1,NCBIGene:57162,NCBIGene:7045,predicate:1,NCBIGene:216,-65.04109191894531
model_2.pt,PUBCHEM.COMPOUND:137226420,predicate:0,NCBIGene:760,NCBIGene:7045,predicate:1,NCBIGene:216,0.0
model_2.pt,MONDO:0010691,predicate:13,HP:0007957,NCBIGene:7045,predicate:1,NCBIGene:216,0.0
model_2.pt,NCBIGene:51372,predicate:1,NCBIGene:6202,NCBIGene:7045,predicate:1,NCBIGene:216,-18.25930404663086
model_2.pt,NCBIGene:25865,predicate:8,NCBIGene:23212,NCBIGene:7045,predicate:1,NCBIGene:216,0.0
model_2.pt,PUBCHEM.COMPOUND:122196132,predicate:0,NCBIGene:7941,NCBIGene:7045,predicate:1,NCBIGene:216,0.0
model_2.pt,NCBIGene:84283,predicate:1,NCBIGene:51458,NCBIGene:7045,predicate:1,NCBIGene:216,-14.801450729370117
model_2.pt,NCBIGene:84365,predicate:1,NCBIGene:4236,NCBIGene:7045,predicate:1,NCBIGene:216,-78.04014587402344
model_2.pt,CHEBI:8499,predicate:16,MONDO:0001382,NCBIGene:7045,predicate:1,NCBIGene:216,0.0
model_2.pt,NCBIGene:850551,predicate:3,NCBIGene:856863,NCBIGene:7045,predicate:1,NCBIGene:216,0.0
model_2.pt,NCBIGene:181271,predicate:3,NCBIGene:190925,NCBIGene:7045,predicate:1,NCBIGene:216,0.0
model_2.pt,NCBIGene:151056,predicate:4,PUBCHEM.COMPOUND:131761197,NCBIGene:7045,predicate:1,NCBIGene:216,0.0
model_2.pt,CHEBI:18152,predicate:9,NCBIGene:54498,NCBIGene:7045,predicate:1,NCBIGene:216,0.0
model_2.pt,NCBIGene:29949,predicate:15,MONDO:0005011,NCBIGene:7045,predicate:1,NCBIGene:216,0.0
model_2.pt,NCBIGene:173731,predicate:19,CHEBI:31823,NCBIGene:7045,predicate:1,NCBIGene:216,0.0
model_2.pt,PUBCHEM.COMPOUND:44176335,predicate:0,NCBIGene:331,NCBIGene:7045,predicate:1,NCBIGene:216,0.0
model_2.pt,PUBCHEM.COMPOUND:49864838,predicate:10,NCBIGene:834,NCBIGene:7045,predicate:1,NCBIGene:216,0.0
model_2.pt,NCBIGene:10221,predicate:8,NCBIGene:22908,NCBIGene:7045,predicate:1,NCBIGene:216,0.0
model_2.pt,CHEBI:46345,predicate:7,NCBIGene:6581,NCBIGene:7045,predicate:1,NCBIGene:216,0.0
model_2.pt,NCBIGene:375035,predicate:3,NCBIGene:80346,NCBIGene:7045,predicate:1,NCBIGene:216,0.0
model_2.pt,MONDO:0012176,predicate:13,HP:0003028,NCBIGene:79895,predicate:4,CHEBI:170728,0.0
model_2.pt,CHEBI:6809,predicate:9,NCBIGene:8061,NCBIGene:79895,predicate:4,CHEBI:170728,0.0
model_2.pt,PUBCHEM.COMPOUND:1113514,predicate:0,NCBIGene:946552,NCBIGene:79895,predicate:4,CHEBI:170728,0.0
model_2.pt,PUBCHEM.COMPOUND:137636752,predicate:0,NCBIGene:3065,NCBIGene:79895,predicate:4,CHEBI:170728,0.0
model_2.pt,CHEBI:367163,predicate:16,MONDO:0015691,NCBIGene:79895,predicate:4,CHEBI:170728,0.0
model_2.pt,PUBCHEM.COMPOUND:130200977,predicate:10,NCBIGene:4988,NCBIGene:79895,predicate:4,CHEBI:170728,0.0
model_2.pt,NCBIGene:78987,predicate:3,NCBIGene:92255,NCBIGene:79895,predicate:4,CHEBI:170728,0.0
model_2.pt,NCBIGene:6352,predicate:36,NCBIGene:1234,NCBIGene:79895,predicate:4,CHEBI:170728,0.0
model_2.pt,CHEBI:6443,predicate:7,NCBIGene:8644,NCBIGene:79895,predicate:4,CHEBI:170728,0.0
model_2.pt,DRUGBANK:DB11158,predicate:12,MONDO:0005147,NCBIGene:79895,predicate:4,CHEBI:170728,0.0
model_2.pt,CHEBI:5000,predicate:12,MONDO:0001076,NCBIGene:79895,predicate:4,CHEBI:170728,0.0
model_2.pt,NCBIGene:8089,predicate:3,NCBIGene:26122,NCBIGene:79895,predicate:4,CHEBI:170728,0.0
model_2.pt,NCBIGene:10400,predicate:4,PUBCHEM.COMPOUND:52924335,NCBIGene:79895,predicate:4,CHEBI:170728,-24.75835418701172
model_2.pt,NCBIGene:10618,predicate:3,NCBIGene:54887,NCBIGene:79895,predicate:4,CHEBI:170728,0.0
model_2.pt,NCBIGene:3308,predicate:15,MONDO:0005559,NCBIGene:79895,predicate:4,CHEBI:170728,0.0
model_2.pt,CHEBI:17351,predicate:7,NCBIGene:5315,NCBIGene:79895,predicate:4,CHEBI:170728,0.0
model_2.pt,CHEMBL.COMPOUND:CHEMBL4747062,predicate:0,NCBIGene:23028,NCBIGene:79895,predicate:4,CHEBI:170728,0.0
model_2.pt,CHEBI:16842,predicate:9,NCBIGene:3557,NCBIGene:79895,predicate:4,CHEBI:170728,0.0
model_2.pt,NCBIGene:4616,predicate:1,NCBIGene:2034,NCBIGene:79895,predicate:4,CHEBI:170728,0.0
model_2.pt,NCBIGene:10201,predicate:1,NCBIGene:6154,NCBIGene:79895,predicate:4,CHEBI:170728,0.0
model_2.pt,NCBIGene:794,predicate:6,NCBIGene:7135,NCBIGene:79895,predicate:4,CHEBI:170728,0.0
model_2.pt,NCBIGene:50834,predicate:1,NCBIGene:403277,NCBIGene:79895,predicate:4,CHEBI:170728,0.0
model_2.pt,CHEBI:3755,predicate:2,MONDO:0007263,NCBIGene:79895,predicate:4,CHEBI:170728,0.0
model_2.pt,PUBCHEM.COMPOUND:131762323,predicate:5,NCBIGene:5407,NCBIGene:79895,predicate:4,CHEBI:170728,0.0
model_2.pt,PUBCHEM.COMPOUND:54325967,predicate:0,NCBIGene:5468,NCBIGene:79895,predicate:4,CHEBI:170728,0.0
model_2.pt,CHEBI:64354,predicate:0,NCBIGene:6559,NCBIGene:79895,predicate:4,CHEBI:170728,0.0
model_2.pt,CHEBI:44423,predicate:7,NCBIGene:3162,NCBIGene:79895,predicate:4,CHEBI:170728,0.0
model_2.pt,NCBIGene:113174,predicate:10,NCBIGene:100528017,NCBIGene:79895,predicate:4,CHEBI:170728,0.0
model_2.pt,NCBIGene:4502,predicate:1,NCBIGene:10912,NCBIGene:79895,predicate:4,CHEBI:170728,0.0
model_2.pt,NCBIGene:5321,predicate:4,PUBCHEM.COMPOUND:53478731,NCBIGene:79895,predicate:4,CHEBI:170728,58.28835678100586
model_2.pt,CHEBI:3755,predicate:7,NCBIGene:2100,NCBIGene:79895,predicate:4,CHEBI:170728,0.0
model_2.pt,NCBIGene:51741,predicate:13,HP:0000253,NCBIGene:79895,predicate:4,CHEBI:170728,0.0
model_2.pt,CHEBI:156122,predicate:5,NCBIGene:23761,NCBIGene:79895,predicate:4,CHEBI:170728,0.0
model_2.pt,NCBIGene:245865,predicate:3,NCBIGene:194974,NCBIGene:79895,predicate:4,CHEBI:170728,0.0
model_2.pt,PUBCHEM.COMPOUND:127036977,predicate:0,NCBIGene:135,NCBIGene:79895,predicate:4,CHEBI:170728,0.0
model_2.pt,PUBCHEM.COMPOUND:44433263,predicate:0,NCBIGene:1576,NCBIGene:79895,predicate:4,CHEBI:170728,0.0
model_2.pt,CHEBI:16469,predicate:7,NCBIGene:10587,NCBIGene:79895,predicate:4,CHEBI:170728,0.0
model_2.pt,PUBCHEM.COMPOUND:44314087,predicate:0,NCBIGene:4313,NCBIGene:79895,predicate:4,CHEBI:170728,0.0
model_2.pt,PUBCHEM.COMPOUND:25093440,predicate:0,NCBIGene:1147,NCBIGene:79895,predicate:4,CHEBI:170728,0.0
model_2.pt,NCBIGene:20962,predicate:3,NCBIGene:219150,NCBIGene:79895,predicate:4,CHEBI:170728,0.0
model_2.pt,NCBIGene:23051,predicate:15,MONDO:0005068,NCBIGene:79895,predicate:4,CHEBI:170728,0.0
model_2.pt,NCBIGene:10565,predicate:6,NCBIGene:284369,NCBIGene:79895,predicate:4,CHEBI:170728,0.0
model_2.pt,PUBCHEM.COMPOUND:59268935,predicate:0,NCBIGene:1137,NCBIGene:79895,predicate:4,CHEBI:170728,0.0
model_2.pt,NCBIGene:5903,predicate:1,NCBIGene:402569,NCBIGene:79895,predicate:4,CHEBI:170728,0.0
model_2.pt,PUBCHEM.COMPOUND:57395067,predicate:0,NCBIGene:6531,NCBIGene:79895,predicate:4,CHEBI:170728,0.0
model_2.pt,NCBIGene:852585,predicate:3,NCBIGene:855469,NCBIGene:79895,predicate:4,CHEBI:170728,0.0
model_2.pt,NCBIGene:3976,predicate:9,NCBIGene:2526,NCBIGene:79895,predicate:4,CHEBI:170728,0.0
model_2.pt,NCBIGene:928,predicate:1,NCBIGene:29952,NCBIGene:79895,predicate:4,CHEBI:170728,0.0
model_2.pt,MONDO:0013171,predicate:13,MONDO:0001071,NCBIGene:79895,predicate:4,CHEBI:170728,0.0
model_2.pt,NCBIGene:4634,predicate:1,NCBIGene:6445,NCBIGene:79895,predicate:4,CHEBI:170728,0.0
model_2.pt,CHEBI:18293,predicate:12,HP:0001945,NCBIGene:79895,predicate:4,CHEBI:170728,0.0
model_2.pt,UNII:5M691HL4BO,predicate:16,HP:0001288,NCBIGene:79895,predicate:4,CHEBI:170728,0.0
model_2.pt,MONDO:0011122,predicate:10,NCBIGene:2673,NCBIGene:79895,predicate:4,CHEBI:170728,0.0
model_2.pt,CHEBI:185383,predicate:5,NCBIGene:9514,NCBIGene:79895,predicate:4,CHEBI:170728,0.0
model_2.pt,NCBIGene:4763,predicate:13,HP:0002857,NCBIGene:79895,predicate:4,CHEBI:170728,0.0
model_2.pt,CHEBI:6121,predicate:7,NCBIGene:2335,NCBIGene:79895,predicate:4,CHEBI:170728,0.0
model_2.pt,NCBIGene:4204,predicate:13,HP:0010864,NCBIGene:79895,predicate:4,CHEBI:170728,0.0
model_2.pt,PUBCHEM.COMPOUND:5702107,predicate:23,NCBIGene:760,NCBIGene:79895,predicate:4,CHEBI:170728,0.0
model_2.pt,NCBIGene:22976,predicate:9,NCBIGene:9519,NCBIGene:79895,predicate:4,CHEBI:170728,0.0
model_2.pt,PUBCHEM.COMPOUND:9834864,predicate:14,NCBIGene:1137,NCBIGene:79895,predicate:4,CHEBI:170728,0.0
model_2.pt,PUBCHEM.COMPOUND:44431492,predicate:10,NCBIGene:1815,NCBIGene:79895,predicate:4,CHEBI:170728,0.0
model_2.pt,CHEBI:191001,predicate:18,NCBIGene:6422,NCBIGene:79895,predicate:4,CHEBI:170728,0.0
model_2.pt,PUBCHEM.COMPOUND:25015107,predicate:0,NCBIGene:2260,NCBIGene:79895,predicate:4,CHEBI:170728,0.0
model_2.pt,PUBCHEM.COMPOUND:131757266,predicate:5,NCBIGene:80168,NCBIGene:79895,predicate:4,CHEBI:170728,0.0
model_2.pt,NCBIGene:23205,predicate:1,NCBIGene:11283,NCBIGene:79895,predicate:4,CHEBI:170728,0.0
model_2.pt,NCBIGene:23054,predicate:1,NCBIGene:54617,NCBIGene:79895,predicate:4,CHEBI:170728,0.0
model_2.pt,NCBIGene:10008,predicate:3,NCBIGene:4751,NCBIGene:79895,predicate:4,CHEBI:170728,0.0
model_2.pt,NCBIGene:27183,predicate:1,NCBIGene:4904,NCBIGene:79895,predicate:4,CHEBI:170728,0.0
model_2.pt,NCBIGene:5578,predicate:8,NCBIGene:85377,NCBIGene:79895,predicate:4,CHEBI:170728,0.0
model_2.pt,NCBIGene:79165,predicate:1,NCBIGene:9704,NCBIGene:79895,predicate:4,CHEBI:170728,0.0
model_2.pt,NCBIGene:2170,predicate:9,NCBIGene:8611,NCBIGene:79895,predicate:4,CHEBI:170728,0.0
model_2.pt,NCBIGene:91748,predicate:1,NCBIGene:59345,NCBIGene:79895,predicate:4,CHEBI:170728,0.0
model_2.pt,PUBCHEM.COMPOUND:155512592,predicate:0,NCBIGene:142,NCBIGene:79895,predicate:4,CHEBI:170728,0.0
model_2.pt,NCBIGene:5663,predicate:7,NCBIGene:7158,NCBIGene:79895,predicate:4,CHEBI:170728,0.0
model_2.pt,NCBIGene:4140,predicate:21,NCBIGene:7534,NCBIGene:79895,predicate:4,CHEBI:170728,0.0
model_2.pt,NCBIGene:2475,predicate:1,NCBIGene:23456,NCBIGene:79895,predicate:4,CHEBI:170728,0.0
model_2.pt,NCBIGene:3162,predicate:15,MONDO:0000831,NCBIGene:79895,predicate:4,CHEBI:170728,0.0
model_2.pt,PUBCHEM.COMPOUND:10578760,predicate:0,NCBIGene:29580,NCBIGene:79895,predicate:4,CHEBI:170728,0.0
model_2.pt,NCBIGene:56893,predicate:9,NCBIGene:7316,NCBIGene:79895,predicate:4,CHEBI:170728,0.0
model_2.pt,CHEBI:93205,predicate:23,NCBIGene:8743,NCBIGene:79895,predicate:4,CHEBI:170728,0.0
model_2.pt,NCBIGene:1147,predicate:1,NCBIGene:57162,NCBIGene:79895,predicate:4,CHEBI:170728,0.0
model_2.pt,PUBCHEM.COMPOUND:137226420,predicate:0,NCBIGene:760,NCBIGene:79895,predicate:4,CHEBI:170728,0.0
model_2.pt,MONDO:0010691,predicate:13,HP:0007957,NCBIGene:79895,predicate:4,CHEBI:170728,0.0
model_2.pt,NCBIGene:51372,predicate:1,NCBIGene:6202,NCBIGene:79895,predicate:4,CHEBI:170728,0.0
model_2.pt,NCBIGene:25865,predicate:8,NCBIGene:23212,NCBIGene:79895,predicate:4,CHEBI:170728,0.0
model_2.pt,PUBCHEM.COMPOUND:122196132,predicate:0,NCBIGene:7941,NCBIGene:79895,predicate:4,CHEBI:170728,0.0
model_2.pt,NCBIGene:84283,predicate:1,NCBIGene:51458,NCBIGene:79895,predicate:4,CHEBI:170728,0.0
model_2.pt,NCBIGene:84365,predicate:1,NCBIGene:4236,NCBIGene:79895,predicate:4,CHEBI:170728,0.0
model_2.pt,CHEBI:8499,predicate:16,MONDO:0001382,NCBIGene:79895,predicate:4,CHEBI:170728,0.0
model_2.pt,NCBIGene:850551,predicate:3,NCBIGene:856863,NCBIGene:79895,predicate:4,CHEBI:170728,0.0
model_2.pt,NCBIGene:181271,predicate:3,NCBIGene:190925,NCBIGene:79895,predicate:4,CHEBI:170728,0.0
model_2.pt,NCBIGene:151056,predicate:4,PUBCHEM.COMPOUND:131761197,NCBIGene:79895,predicate:4,CHEBI:170728,-4.463240146636963
model_2.pt,CHEBI:18152,predicate:9,NCBIGene:54498,NCBIGene:79895,predicate:4,CHEBI:170728,0.0
model_2.pt,NCBIGene:29949,predicate:15,MONDO:0005011,NCBIGene:79895,predicate:4,CHEBI:170728,0.0
model_2.pt,NCBIGene:173731,predicate:19,CHEBI:31823,NCBIGene:79895,predicate:4,CHEBI:170728,0.0
model_2.pt,PUBCHEM.COMPOUND:44176335,predicate:0,NCBIGene:331,NCBIGene:79895,predicate:4,CHEBI:170728,0.0
model_2.pt,PUBCHEM.COMPOUND:49864838,predicate:10,NCBIGene:834,NCBIGene:79895,predicate:4,CHEBI:170728,0.0
model_2.pt,NCBIGene:10221,predicate:8,NCBIGene:22908,NCBIGene:79895,predicate:4,CHEBI:170728,0.0
model_2.pt,CHEBI:46345,predicate:7,NCBIGene:6581,NCBIGene:79895,predicate:4,CHEBI:170728,0.0
model_2.pt,NCBIGene:375035,predicate:3,NCBIGene:80346,NCBIGene:79895,predicate:4,CHEBI:170728,0.0
model_2.pt,MONDO:0012176,predicate:13,HP:0003028,NCBIGene:2145,predicate:21,NCBIGene:23582,0.0
model_2.pt,CHEBI:6809,predicate:9,NCBIGene:8061,NCBIGene:2145,predicate:21,NCBIGene:23582,0.0
model_2.pt,PUBCHEM.COMPOUND:1113514,predicate:0,NCBIGene:946552,NCBIGene:2145,predicate:21,NCBIGene:23582,0.0
model_2.pt,PUBCHEM.COMPOUND:137636752,predicate:0,NCBIGene:3065,NCBIGene:2145,predicate:21,NCBIGene:23582,0.0
model_2.pt,CHEBI:367163,predicate:16,MONDO:0015691,NCBIGene:2145,predicate:21,NCBIGene:23582,0.0
model_2.pt,PUBCHEM.COMPOUND:130200977,predicate:10,NCBIGene:4988,NCBIGene:2145,predicate:21,NCBIGene:23582,0.0
model_2.pt,NCBIGene:78987,predicate:3,NCBIGene:92255,NCBIGene:2145,predicate:21,NCBIGene:23582,0.0
model_2.pt,NCBIGene:6352,predicate:36,NCBIGene:1234,NCBIGene:2145,predicate:21,NCBIGene:23582,0.0
model_2.pt,CHEBI:6443,predicate:7,NCBIGene:8644,NCBIGene:2145,predicate:21,NCBIGene:23582,0.0
model_2.pt,DRUGBANK:DB11158,predicate:12,MONDO:0005147,NCBIGene:2145,predicate:21,NCBIGene:23582,0.0
model_2.pt,CHEBI:5000,predicate:12,MONDO:0001076,NCBIGene:2145,predicate:21,NCBIGene:23582,0.0
model_2.pt,NCBIGene:8089,predicate:3,NCBIGene:26122,NCBIGene:2145,predicate:21,NCBIGene:23582,0.0
model_2.pt,NCBIGene:10400,predicate:4,PUBCHEM.COMPOUND:52924335,NCBIGene:2145,predicate:21,NCBIGene:23582,0.0
model_2.pt,NCBIGene:10618,predicate:3,NCBIGene:54887,NCBIGene:2145,predicate:21,NCBIGene:23582,0.0
model_2.pt,NCBIGene:3308,predicate:15,MONDO:0005559,NCBIGene:2145,predicate:21,NCBIGene:23582,0.0
model_2.pt,CHEBI:17351,predicate:7,NCBIGene:5315,NCBIGene:2145,predicate:21,NCBIGene:23582,0.0
model_2.pt,CHEMBL.COMPOUND:CHEMBL4747062,predicate:0,NCBIGene:23028,NCBIGene:2145,predicate:21,NCBIGene:23582,0.0
model_2.pt,CHEBI:16842,predicate:9,NCBIGene:3557,NCBIGene:2145,predicate:21,NCBIGene:23582,0.0
model_2.pt,NCBIGene:4616,predicate:1,NCBIGene:2034,NCBIGene:2145,predicate:21,NCBIGene:23582,0.0
model_2.pt,NCBIGene:10201,predicate:1,NCBIGene:6154,NCBIGene:2145,predicate:21,NCBIGene:23582,0.0
model_2.pt,NCBIGene:794,predicate:6,NCBIGene:7135,NCBIGene:2145,predicate:21,NCBIGene:23582,0.0
model_2.pt,NCBIGene:50834,predicate:1,NCBIGene:403277,NCBIGene:2145,predicate:21,NCBIGene:23582,0.0
model_2.pt,CHEBI:3755,predicate:2,MONDO:0007263,NCBIGene:2145,predicate:21,NCBIGene:23582,0.0
model_2.pt,PUBCHEM.COMPOUND:131762323,predicate:5,NCBIGene:5407,NCBIGene:2145,predicate:21,NCBIGene:23582,0.0
model_2.pt,PUBCHEM.COMPOUND:54325967,predicate:0,NCBIGene:5468,NCBIGene:2145,predicate:21,NCBIGene:23582,0.0
model_2.pt,CHEBI:64354,predicate:0,NCBIGene:6559,NCBIGene:2145,predicate:21,NCBIGene:23582,0.0
model_2.pt,CHEBI:44423,predicate:7,NCBIGene:3162,NCBIGene:2145,predicate:21,NCBIGene:23582,0.0
model_2.pt,NCBIGene:113174,predicate:10,NCBIGene:100528017,NCBIGene:2145,predicate:21,NCBIGene:23582,0.0
model_2.pt,NCBIGene:4502,predicate:1,NCBIGene:10912,NCBIGene:2145,predicate:21,NCBIGene:23582,0.0
model_2.pt,NCBIGene:5321,predicate:4,PUBCHEM.COMPOUND:53478731,NCBIGene:2145,predicate:21,NCBIGene:23582,0.0
model_2.pt,CHEBI:3755,predicate:7,NCBIGene:2100,NCBIGene:2145,predicate:21,NCBIGene:23582,0.0
model_2.pt,NCBIGene:51741,predicate:13,HP:0000253,NCBIGene:2145,predicate:21,NCBIGene:23582,0.0
model_2.pt,CHEBI:156122,predicate:5,NCBIGene:23761,NCBIGene:2145,predicate:21,NCBIGene:23582,0.0
model_2.pt,NCBIGene:245865,predicate:3,NCBIGene:194974,NCBIGene:2145,predicate:21,NCBIGene:23582,0.0
model_2.pt,PUBCHEM.COMPOUND:127036977,predicate:0,NCBIGene:135,NCBIGene:2145,predicate:21,NCBIGene:23582,0.0
model_2.pt,PUBCHEM.COMPOUND:44433263,predicate:0,NCBIGene:1576,NCBIGene:2145,predicate:21,NCBIGene:23582,0.0
model_2.pt,CHEBI:16469,predicate:7,NCBIGene:10587,NCBIGene:2145,predicate:21,NCBIGene:23582,0.0
model_2.pt,PUBCHEM.COMPOUND:44314087,predicate:0,NCBIGene:4313,NCBIGene:2145,predicate:21,NCBIGene:23582,0.0
model_2.pt,PUBCHEM.COMPOUND:25093440,predicate:0,NCBIGene:1147,NCBIGene:2145,predicate:21,NCBIGene:23582,0.0
model_2.pt,NCBIGene:20962,predicate:3,NCBIGene:219150,NCBIGene:2145,predicate:21,NCBIGene:23582,0.0
model_2.pt,NCBIGene:23051,predicate:15,MONDO:0005068,NCBIGene:2145,predicate:21,NCBIGene:23582,0.0
model_2.pt,NCBIGene:10565,predicate:6,NCBIGene:284369,NCBIGene:2145,predicate:21,NCBIGene:23582,0.0
model_2.pt,PUBCHEM.COMPOUND:59268935,predicate:0,NCBIGene:1137,NCBIGene:2145,predicate:21,NCBIGene:23582,0.0
model_2.pt,NCBIGene:5903,predicate:1,NCBIGene:402569,NCBIGene:2145,predicate:21,NCBIGene:23582,0.0
model_2.pt,PUBCHEM.COMPOUND:57395067,predicate:0,NCBIGene:6531,NCBIGene:2145,predicate:21,NCBIGene:23582,0.0
model_2.pt,NCBIGene:852585,predicate:3,NCBIGene:855469,NCBIGene:2145,predicate:21,NCBIGene:23582,0.0
model_2.pt,NCBIGene:3976,predicate:9,NCBIGene:2526,NCBIGene:2145,predicate:21,NCBIGene:23582,0.0
model_2.pt,NCBIGene:928,predicate:1,NCBIGene:29952,NCBIGene:2145,predicate:21,NCBIGene:23582,0.0
model_2.pt,MONDO:0013171,predicate:13,MONDO:0001071,NCBIGene:2145,predicate:21,NCBIGene:23582,0.0
model_2.pt,NCBIGene:4634,predicate:1,NCBIGene:6445,NCBIGene:2145,predicate:21,NCBIGene:23582,0.0
model_2.pt,CHEBI:18293,predicate:12,HP:0001945,NCBIGene:2145,predicate:21,NCBIGene:23582,0.0
model_2.pt,UNII:5M691HL4BO,predicate:16,HP:0001288,NCBIGene:2145,predicate:21,NCBIGene:23582,0.0
model_2.pt,MONDO:0011122,predicate:10,NCBIGene:2673,NCBIGene:2145,predicate:21,NCBIGene:23582,0.0
model_2.pt,CHEBI:185383,predicate:5,NCBIGene:9514,NCBIGene:2145,predicate:21,NCBIGene:23582,0.0
model_2.pt,NCBIGene:4763,predicate:13,HP:0002857,NCBIGene:2145,predicate:21,NCBIGene:23582,0.0
model_2.pt,CHEBI:6121,predicate:7,NCBIGene:2335,NCBIGene:2145,predicate:21,NCBIGene:23582,0.0
model_2.pt,NCBIGene:4204,predicate:13,HP:0010864,NCBIGene:2145,predicate:21,NCBIGene:23582,0.0
model_2.pt,PUBCHEM.COMPOUND:5702107,predicate:23,NCBIGene:760,NCBIGene:2145,predicate:21,NCBIGene:23582,0.0
model_2.pt,NCBIGene:22976,predicate:9,NCBIGene:9519,NCBIGene:2145,predicate:21,NCBIGene:23582,0.0
model_2.pt,PUBCHEM.COMPOUND:9834864,predicate:14,NCBIGene:1137,NCBIGene:2145,predicate:21,NCBIGene:23582,0.0
model_2.pt,PUBCHEM.COMPOUND:44431492,predicate:10,NCBIGene:1815,NCBIGene:2145,predicate:21,NCBIGene:23582,0.0
model_2.pt,CHEBI:191001,predicate:18,NCBIGene:6422,NCBIGene:2145,predicate:21,NCBIGene:23582,0.0
model_2.pt,PUBCHEM.COMPOUND:25015107,predicate:0,NCBIGene:2260,NCBIGene:2145,predicate:21,NCBIGene:23582,0.0
model_2.pt,PUBCHEM.COMPOUND:131757266,predicate:5,NCBIGene:80168,NCBIGene:2145,predicate:21,NCBIGene:23582,0.0
model_2.pt,NCBIGene:23205,predicate:1,NCBIGene:11283,NCBIGene:2145,predicate:21,NCBIGene:23582,0.0
model_2.pt,NCBIGene:23054,predicate:1,NCBIGene:54617,NCBIGene:2145,predicate:21,NCBIGene:23582,0.0
model_2.pt,NCBIGene:10008,predicate:3,NCBIGene:4751,NCBIGene:2145,predicate:21,NCBIGene:23582,0.0
model_2.pt,NCBIGene:27183,predicate:1,NCBIGene:4904,NCBIGene:2145,predicate:21,NCBIGene:23582,0.0
model_2.pt,NCBIGene:5578,predicate:8,NCBIGene:85377,NCBIGene:2145,predicate:21,NCBIGene:23582,0.0
model_2.pt,NCBIGene:79165,predicate:1,NCBIGene:9704,NCBIGene:2145,predicate:21,NCBIGene:23582,0.0
model_2.pt,NCBIGene:2170,predicate:9,NCBIGene:8611,NCBIGene:2145,predicate:21,NCBIGene:23582,0.0
model_2.pt,NCBIGene:91748,predicate:1,NCBIGene:59345,NCBIGene:2145,predicate:21,NCBIGene:23582,0.0
model_2.pt,PUBCHEM.COMPOUND:155512592,predicate:0,NCBIGene:142,NCBIGene:2145,predicate:21,NCBIGene:23582,0.0
model_2.pt,NCBIGene:5663,predicate:7,NCBIGene:7158,NCBIGene:2145,predicate:21,NCBIGene:23582,0.0
model_2.pt,NCBIGene:4140,predicate:21,NCBIGene:7534,NCBIGene:2145,predicate:21,NCBIGene:23582,36.207611083984375
model_2.pt,NCBIGene:2475,predicate:1,NCBIGene:23456,NCBIGene:2145,predicate:21,NCBIGene:23582,0.0
model_2.pt,NCBIGene:3162,predicate:15,MONDO:0000831,NCBIGene:2145,predicate:21,NCBIGene:23582,0.0
model_2.pt,PUBCHEM.COMPOUND:10578760,predicate:0,NCBIGene:29580,NCBIGene:2145,predicate:21,NCBIGene:23582,0.0
model_2.pt,NCBIGene:56893,predicate:9,NCBIGene:7316,NCBIGene:2145,predicate:21,NCBIGene:23582,0.0
model_2.pt,CHEBI:93205,predicate:23,NCBIGene:8743,NCBIGene:2145,predicate:21,NCBIGene:23582,0.0
model_2.pt,NCBIGene:1147,predicate:1,NCBIGene:57162,NCBIGene:2145,predicate:21,NCBIGene:23582,0.0
model_2.pt,PUBCHEM.COMPOUND:137226420,predicate:0,NCBIGene:760,NCBIGene:2145,predicate:21,NCBIGene:23582,0.0
model_2.pt,MONDO:0010691,predicate:13,HP:0007957,NCBIGene:2145,predicate:21,NCBIGene:23582,0.0
model_2.pt,NCBIGene:51372,predicate:1,NCBIGene:6202,NCBIGene:2145,predicate:21,NCBIGene:23582,0.0
model_2.pt,NCBIGene:25865,predicate:8,NCBIGene:23212,NCBIGene:2145,predicate:21,NCBIGene:23582,0.0
model_2.pt,PUBCHEM.COMPOUND:122196132,predicate:0,NCBIGene:7941,NCBIGene:2145,predicate:21,NCBIGene:23582,0.0
model_2.pt,NCBIGene:84283,predicate:1,NCBIGene:51458,NCBIGene:2145,predicate:21,NCBIGene:23582,0.0
model_2.pt,NCBIGene:84365,predicate:1,NCBIGene:4236,NCBIGene:2145,predicate:21,NCBIGene:23582,0.0
model_2.pt,CHEBI:8499,predicate:16,MONDO:0001382,NCBIGene:2145,predicate:21,NCBIGene:23582,0.0
model_2.pt,NCBIGene:850551,predicate:3,NCBIGene:856863,NCBIGene:2145,predicate:21,NCBIGene:23582,0.0
model_2.pt,NCBIGene:181271,predicate:3,NCBIGene:190925,NCBIGene:2145,predicate:21,NCBIGene:23582,0.0
model_2.pt,NCBIGene:151056,predicate:4,PUBCHEM.COMPOUND:131761197,NCBIGene:2145,predicate:21,NCBIGene:23582,0.0
model_2.pt,CHEBI:18152,predicate:9,NCBIGene:54498,NCBIGene:2145,predicate:21,NCBIGene:23582,0.0
model_2.pt,NCBIGene:29949,predicate:15,MONDO:0005011,NCBIGene:2145,predicate:21,NCBIGene:23582,0.0
model_2.pt,NCBIGene:173731,predicate:19,CHEBI:31823,NCBIGene:2145,predicate:21,NCBIGene:23582,0.0
model_2.pt,PUBCHEM.COMPOUND:44176335,predicate:0,NCBIGene:331,NCBIGene:2145,predicate:21,NCBIGene:23582,0.0
model_2.pt,PUBCHEM.COMPOUND:49864838,predicate:10,NCBIGene:834,NCBIGene:2145,predicate:21,NCBIGene:23582,0.0
model_2.pt,NCBIGene:10221,predicate:8,NCBIGene:22908,NCBIGene:2145,predicate:21,NCBIGene:23582,0.0
model_2.pt,CHEBI:46345,predicate:7,NCBIGene:6581,NCBIGene:2145,predicate:21,NCBIGene:23582,0.0
model_2.pt,NCBIGene:375035,predicate:3,NCBIGene:80346,NCBIGene:2145,predicate:21,NCBIGene:23582,0.0
model_2.pt,MONDO:0012176,predicate:13,HP:0003028,NCBIGene:51128,predicate:1,NCBIGene:2288,0.0
model_2.pt,CHEBI:6809,predicate:9,NCBIGene:8061,NCBIGene:51128,predicate:1,NCBIGene:2288,0.0
model_2.pt,PUBCHEM.COMPOUND:1113514,predicate:0,NCBIGene:946552,NCBIGene:51128,predicate:1,NCBIGene:2288,0.0
model_2.pt,PUBCHEM.COMPOUND:137636752,predicate:0,NCBIGene:3065,NCBIGene:51128,predicate:1,NCBIGene:2288,0.0
model_2.pt,CHEBI:367163,predicate:16,MONDO:0015691,NCBIGene:51128,predicate:1,NCBIGene:2288,0.0
model_2.pt,PUBCHEM.COMPOUND:130200977,predicate:10,NCBIGene:4988,NCBIGene:51128,predicate:1,NCBIGene:2288,0.0
model_2.pt,NCBIGene:78987,predicate:3,NCBIGene:92255,NCBIGene:51128,predicate:1,NCBIGene:2288,0.0
model_2.pt,NCBIGene:6352,predicate:36,NCBIGene:1234,NCBIGene:51128,predicate:1,NCBIGene:2288,0.0
model_2.pt,CHEBI:6443,predicate:7,NCBIGene:8644,NCBIGene:51128,predicate:1,NCBIGene:2288,0.0
model_2.pt,DRUGBANK:DB11158,predicate:12,MONDO:0005147,NCBIGene:51128,predicate:1,NCBIGene:2288,0.0
model_2.pt,CHEBI:5000,predicate:12,MONDO:0001076,NCBIGene:51128,predicate:1,NCBIGene:2288,0.0
model_2.pt,NCBIGene:8089,predicate:3,NCBIGene:26122,NCBIGene:51128,predicate:1,NCBIGene:2288,0.0
model_2.pt,NCBIGene:10400,predicate:4,PUBCHEM.COMPOUND:52924335,NCBIGene:51128,predicate:1,NCBIGene:2288,0.0
model_2.pt,NCBIGene:10618,predicate:3,NCBIGene:54887,NCBIGene:51128,predicate:1,NCBIGene:2288,0.0
model_2.pt,NCBIGene:3308,predicate:15,MONDO:0005559,NCBIGene:51128,predicate:1,NCBIGene:2288,0.0
model_2.pt,CHEBI:17351,predicate:7,NCBIGene:5315,NCBIGene:51128,predicate:1,NCBIGene:2288,0.0
model_2.pt,CHEMBL.COMPOUND:CHEMBL4747062,predicate:0,NCBIGene:23028,NCBIGene:51128,predicate:1,NCBIGene:2288,0.0
model_2.pt,CHEBI:16842,predicate:9,NCBIGene:3557,NCBIGene:51128,predicate:1,NCBIGene:2288,0.0
model_2.pt,NCBIGene:4616,predicate:1,NCBIGene:2034,NCBIGene:51128,predicate:1,NCBIGene:2288,-38.553165435791016
model_2.pt,NCBIGene:10201,predicate:1,NCBIGene:6154,NCBIGene:51128,predicate:1,NCBIGene:2288,-51.32835006713867
model_2.pt,NCBIGene:794,predicate:6,NCBIGene:7135,NCBIGene:51128,predicate:1,NCBIGene:2288,0.0
model_2.pt,NCBIGene:50834,predicate:1,NCBIGene:403277,NCBIGene:51128,predicate:1,NCBIGene:2288,-102.62154388427734
model_2.pt,CHEBI:3755,predicate:2,MONDO:0007263,NCBIGene:51128,predicate:1,NCBIGene:2288,0.0
model_2.pt,PUBCHEM.COMPOUND:131762323,predicate:5,NCBIGene:5407,NCBIGene:51128,predicate:1,NCBIGene:2288,0.0
model_2.pt,PUBCHEM.COMPOUND:54325967,predicate:0,NCBIGene:5468,NCBIGene:51128,predicate:1,NCBIGene:2288,0.0
model_2.pt,CHEBI:64354,predicate:0,NCBIGene:6559,NCBIGene:51128,predicate:1,NCBIGene:2288,0.0
model_2.pt,CHEBI:44423,predicate:7,NCBIGene:3162,NCBIGene:51128,predicate:1,NCBIGene:2288,0.0
model_2.pt,NCBIGene:113174,predicate:10,NCBIGene:100528017,NCBIGene:51128,predicate:1,NCBIGene:2288,0.0
model_2.pt,NCBIGene:4502,predicate:1,NCBIGene:10912,NCBIGene:51128,predicate:1,NCBIGene:2288,13.033162117004395
model_2.pt,NCBIGene:5321,predicate:4,PUBCHEM.COMPOUND:53478731,NCBIGene:51128,predicate:1,NCBIGene:2288,0.0
model_2.pt,CHEBI:3755,predicate:7,NCBIGene:2100,NCBIGene:51128,predicate:1,NCBIGene:2288,0.0
model_2.pt,NCBIGene:51741,predicate:13,HP:0000253,NCBIGene:51128,predicate:1,NCBIGene:2288,0.0
model_2.pt,CHEBI:156122,predicate:5,NCBIGene:23761,NCBIGene:51128,predicate:1,NCBIGene:2288,0.0
model_2.pt,NCBIGene:245865,predicate:3,NCBIGene:194974,NCBIGene:51128,predicate:1,NCBIGene:2288,0.0
model_2.pt,PUBCHEM.COMPOUND:127036977,predicate:0,NCBIGene:135,NCBIGene:51128,predicate:1,NCBIGene:2288,0.0
model_2.pt,PUBCHEM.COMPOUND:44433263,predicate:0,NCBIGene:1576,NCBIGene:51128,predicate:1,NCBIGene:2288,0.0
model_2.pt,CHEBI:16469,predicate:7,NCBIGene:10587,NCBIGene:51128,predicate:1,NCBIGene:2288,0.0
model_2.pt,PUBCHEM.COMPOUND:44314087,predicate:0,NCBIGene:4313,NCBIGene:51128,predicate:1,NCBIGene:2288,0.0
model_2.pt,PUBCHEM.COMPOUND:25093440,predicate:0,NCBIGene:1147,NCBIGene:51128,predicate:1,NCBIGene:2288,0.0
model_2.pt,NCBIGene:20962,predicate:3,NCBIGene:219150,NCBIGene:51128,predicate:1,NCBIGene:2288,0.0
model_2.pt,NCBIGene:23051,predicate:15,MONDO:0005068,NCBIGene:51128,predicate:1,NCBIGene:2288,0.0
model_2.pt,NCBIGene:10565,predicate:6,NCBIGene:284369,NCBIGene:51128,predicate:1,NCBIGene:2288,0.0
model_2.pt,PUBCHEM.COMPOUND:59268935,predicate:0,NCBIGene:1137,NCBIGene:51128,predicate:1,NCBIGene:2288,0.0
model_2.pt,NCBIGene:5903,predicate:1,NCBIGene:402569,NCBIGene:51128,predicate:1,NCBIGene:2288,9.207611083984375
model_2.pt,PUBCHEM.COMPOUND:57395067,predicate:0,NCBIGene:6531,NCBIGene:51128,predicate:1,NCBIGene:2288,0.0
model_2.pt,NCBIGene:852585,predicate:3,NCBIGene:855469,NCBIGene:51128,predicate:1,NCBIGene:2288,0.0
model_2.pt,NCBIGene:3976,predicate:9,NCBIGene:2526,NCBIGene:51128,predicate:1,NCBIGene:2288,0.0
model_2.pt,NCBIGene:928,predicate:1,NCBIGene:29952,NCBIGene:51128,predicate:1,NCBIGene:2288,35.82771682739258
model_2.pt,MONDO:0013171,predicate:13,MONDO:0001071,NCBIGene:51128,predicate:1,NCBIGene:2288,0.0
model_2.pt,NCBIGene:4634,predicate:1,NCBIGene:6445,NCBIGene:51128,predicate:1,NCBIGene:2288,-39.45574951171875
model_2.pt,CHEBI:18293,predicate:12,HP:0001945,NCBIGene:51128,predicate:1,NCBIGene:2288,0.0
model_2.pt,UNII:5M691HL4BO,predicate:16,HP:0001288,NCBIGene:51128,predicate:1,NCBIGene:2288,0.0
model_2.pt,MONDO:0011122,predicate:10,NCBIGene:2673,NCBIGene:51128,predicate:1,NCBIGene:2288,0.0
model_2.pt,CHEBI:185383,predicate:5,NCBIGene:9514,NCBIGene:51128,predicate:1,NCBIGene:2288,0.0
model_2.pt,NCBIGene:4763,predicate:13,HP:0002857,NCBIGene:51128,predicate:1,NCBIGene:2288,0.0
model_2.pt,CHEBI:6121,predicate:7,NCBIGene:2335,NCBIGene:51128,predicate:1,NCBIGene:2288,0.0
model_2.pt,NCBIGene:4204,predicate:13,HP:0010864,NCBIGene:51128,predicate:1,NCBIGene:2288,0.0
model_2.pt,PUBCHEM.COMPOUND:5702107,predicate:23,NCBIGene:760,NCBIGene:51128,predicate:1,NCBIGene:2288,0.0
model_2.pt,NCBIGene:22976,predicate:9,NCBIGene:9519,NCBIGene:51128,predicate:1,NCBIGene:2288,0.0
model_2.pt,PUBCHEM.COMPOUND:9834864,predicate:14,NCBIGene:1137,NCBIGene:51128,predicate:1,NCBIGene:2288,0.0
model_2.pt,PUBCHEM.COMPOUND:44431492,predicate:10,NCBIGene:1815,NCBIGene:51128,predicate:1,NCBIGene:2288,0.0
model_2.pt,CHEBI:191001,predicate:18,NCBIGene:6422,NCBIGene:51128,predicate:1,NCBIGene:2288,0.0
model_2.pt,PUBCHEM.COMPOUND:25015107,predicate:0,NCBIGene:2260,NCBIGene:51128,predicate:1,NCBIGene:2288,0.0
model_2.pt,PUBCHEM.COMPOUND:131757266,predicate:5,NCBIGene:80168,NCBIGene:51128,predicate:1,NCBIGene:2288,0.0
model_2.pt,NCBIGene:23205,predicate:1,NCBIGene:11283,NCBIGene:51128,predicate:1,NCBIGene:2288,-54.795692443847656
model_2.pt,NCBIGene:23054,predicate:1,NCBIGene:54617,NCBIGene:51128,predicate:1,NCBIGene:2288,10.011972427368164
model_2.pt,NCBIGene:10008,predicate:3,NCBIGene:4751,NCBIGene:51128,predicate:1,NCBIGene:2288,0.0
model_2.pt,NCBIGene:27183,predicate:1,NCBIGene:4904,NCBIGene:51128,predicate:1,NCBIGene:2288,-31.592254638671875
model_2.pt,NCBIGene:5578,predicate:8,NCBIGene:85377,NCBIGene:51128,predicate:1,NCBIGene:2288,0.0
model_2.pt,NCBIGene:79165,predicate:1,NCBIGene:9704,NCBIGene:51128,predicate:1,NCBIGene:2288,-57.15969467163086
model_2.pt,NCBIGene:2170,predicate:9,NCBIGene:8611,NCBIGene:51128,predicate:1,NCBIGene:2288,0.0
model_2.pt,NCBIGene:91748,predicate:1,NCBIGene:59345,NCBIGene:51128,predicate:1,NCBIGene:2288,69.74668884277344
model_2.pt,PUBCHEM.COMPOUND:155512592,predicate:0,NCBIGene:142,NCBIGene:51128,predicate:1,NCBIGene:2288,0.0
model_2.pt,NCBIGene:5663,predicate:7,NCBIGene:7158,NCBIGene:51128,predicate:1,NCBIGene:2288,0.0
model_2.pt,NCBIGene:4140,predicate:21,NCBIGene:7534,NCBIGene:51128,predicate:1,NCBIGene:2288,0.0
model_2.pt,NCBIGene:2475,predicate:1,NCBIGene:23456,NCBIGene:51128,predicate:1,NCBIGene:2288,-92.47357177734375
model_2.pt,NCBIGene:3162,predicate:15,MONDO:0000831,NCBIGene:51128,predicate:1,NCBIGene:2288,0.0
model_2.pt,PUBCHEM.COMPOUND:10578760,predicate:0,NCBIGene:29580,NCBIGene:51128,predicate:1,NCBIGene:2288,0.0
model_2.pt,NCBIGene:56893,predicate:9,NCBIGene:7316,NCBIGene:51128,predicate:1,NCBIGene:2288,0.0
model_2.pt,CHEBI:93205,predicate:23,NCBIGene:8743,NCBIGene:51128,predicate:1,NCBIGene:2288,0.0
model_2.pt,NCBIGene:1147,predicate:1,NCBIGene:57162,NCBIGene:51128,predicate:1,NCBIGene:2288,6.063770294189453
model_2.pt,PUBCHEM.COMPOUND:137226420,predicate:0,NCBIGene:760,NCBIGene:51128,predicate:1,NCBIGene:2288,0.0
model_2.pt,MONDO:0010691,predicate:13,HP:0007957,NCBIGene:51128,predicate:1,NCBIGene:2288,0.0
model_2.pt,NCBIGene:51372,predicate:1,NCBIGene:6202,NCBIGene:51128,predicate:1,NCBIGene:2288,-37.27951431274414
model_2.pt,NCBIGene:25865,predicate:8,NCBIGene:23212,NCBIGene:51128,predicate:1,NCBIGene:2288,0.0
model_2.pt,PUBCHEM.COMPOUND:122196132,predicate:0,NCBIGene:7941,NCBIGene:51128,predicate:1,NCBIGene:2288,0.0
model_2.pt,NCBIGene:84283,predicate:1,NCBIGene:51458,NCBIGene:51128,predicate:1,NCBIGene:2288,14.178506851196289
model_2.pt,NCBIGene:84365,predicate:1,NCBIGene:4236,NCBIGene:51128,predicate:1,NCBIGene:2288,63.771888732910156
model_2.pt,CHEBI:8499,predicate:16,MONDO:0001382,NCBIGene:51128,predicate:1,NCBIGene:2288,0.0
model_2.pt,NCBIGene:850551,predicate:3,NCBIGene:856863,NCBIGene:51128,predicate:1,NCBIGene:2288,0.0
model_2.pt,NCBIGene:181271,predicate:3,NCBIGene:190925,NCBIGene:51128,predicate:1,NCBIGene:2288,0.0
model_2.pt,NCBIGene:151056,predicate:4,PUBCHEM.COMPOUND:131761197,NCBIGene:51128,predicate:1,NCBIGene:2288,0.0
model_2.pt,CHEBI:18152,predicate:9,NCBIGene:54498,NCBIGene:51128,predicate:1,NCBIGene:2288,0.0
model_2.pt,NCBIGene:29949,predicate:15,MONDO:0005011,NCBIGene:51128,predicate:1,NCBIGene:2288,0.0
model_2.pt,NCBIGene:173731,predicate:19,CHEBI:31823,NCBIGene:51128,predicate:1,NCBIGene:2288,0.0
model_2.pt,PUBCHEM.COMPOUND:44176335,predicate:0,NCBIGene:331,NCBIGene:51128,predicate:1,NCBIGene:2288,0.0
model_2.pt,PUBCHEM.COMPOUND:49864838,predicate:10,NCBIGene:834,NCBIGene:51128,predicate:1,NCBIGene:2288,0.0
model_2.pt,NCBIGene:10221,predicate:8,NCBIGene:22908,NCBIGene:51128,predicate:1,NCBIGene:2288,0.0
model_2.pt,CHEBI:46345,predicate:7,NCBIGene:6581,NCBIGene:51128,predicate:1,NCBIGene:2288,0.0
model_2.pt,NCBIGene:375035,predicate:3,NCBIGene:80346,NCBIGene:51128,predicate:1,NCBIGene:2288,0.0
model_26.pt,MONDO:0012176,predicate:13,HP:0003028,PUBCHEM.COMPOUND:71059938,predicate:10,NCBIGene:2642,0.0
model_26.pt,CHEBI:6809,predicate:9,NCBIGene:8061,PUBCHEM.COMPOUND:71059938,predicate:10,NCBIGene:2642,0.0
model_26.pt,PUBCHEM.COMPOUND:1113514,predicate:0,NCBIGene:946552,PUBCHEM.COMPOUND:71059938,predicate:10,NCBIGene:2642,0.0
model_26.pt,PUBCHEM.COMPOUND:137636752,predicate:0,NCBIGene:3065,PUBCHEM.COMPOUND:71059938,predicate:10,NCBIGene:2642,0.0
model_26.pt,CHEBI:367163,predicate:16,MONDO:0015691,PUBCHEM.COMPOUND:71059938,predicate:10,NCBIGene:2642,0.0
model_26.pt,PUBCHEM.COMPOUND:130200977,predicate:10,NCBIGene:4988,PUBCHEM.COMPOUND:71059938,predicate:10,NCBIGene:2642,33.36389923095703
model_26.pt,NCBIGene:78987,predicate:3,NCBIGene:92255,PUBCHEM.COMPOUND:71059938,predicate:10,NCBIGene:2642,0.0
model_26.pt,NCBIGene:6352,predicate:36,NCBIGene:1234,PUBCHEM.COMPOUND:71059938,predicate:10,NCBIGene:2642,0.0
model_26.pt,CHEBI:6443,predicate:7,NCBIGene:8644,PUBCHEM.COMPOUND:71059938,predicate:10,NCBIGene:2642,0.0
model_26.pt,DRUGBANK:DB11158,predicate:12,MONDO:0005147,PUBCHEM.COMPOUND:71059938,predicate:10,NCBIGene:2642,0.0
model_26.pt,CHEBI:5000,predicate:12,MONDO:0001076,PUBCHEM.COMPOUND:71059938,predicate:10,NCBIGene:2642,0.0
model_26.pt,NCBIGene:8089,predicate:3,NCBIGene:26122,PUBCHEM.COMPOUND:71059938,predicate:10,NCBIGene:2642,0.0
model_26.pt,NCBIGene:10400,predicate:4,PUBCHEM.COMPOUND:52924335,PUBCHEM.COMPOUND:71059938,predicate:10,NCBIGene:2642,0.0
model_26.pt,NCBIGene:10618,predicate:3,NCBIGene:54887,PUBCHEM.COMPOUND:71059938,predicate:10,NCBIGene:2642,0.0
model_26.pt,NCBIGene:3308,predicate:15,MONDO:0005559,PUBCHEM.COMPOUND:71059938,predicate:10,NCBIGene:2642,0.0
model_26.pt,CHEBI:17351,predicate:7,NCBIGene:5315,PUBCHEM.COMPOUND:71059938,predicate:10,NCBIGene:2642,0.0
model_26.pt,CHEMBL.COMPOUND:CHEMBL4747062,predicate:0,NCBIGene:23028,PUBCHEM.COMPOUND:71059938,predicate:10,NCBIGene:2642,0.0
model_26.pt,CHEBI:16842,predicate:9,NCBIGene:3557,PUBCHEM.COMPOUND:71059938,predicate:10,NCBIGene:2642,0.0
model_26.pt,NCBIGene:4616,predicate:1,NCBIGene:2034,PUBCHEM.COMPOUND:71059938,predicate:10,NCBIGene:2642,0.0
model_26.pt,NCBIGene:10201,predicate:1,NCBIGene:6154,PUBCHEM.COMPOUND:71059938,predicate:10,NCBIGene:2642,0.0
model_26.pt,NCBIGene:794,predicate:6,NCBIGene:7135,PUBCHEM.COMPOUND:71059938,predicate:10,NCBIGene:2642,0.0
model_26.pt,NCBIGene:50834,predicate:1,NCBIGene:403277,PUBCHEM.COMPOUND:71059938,predicate:10,NCBIGene:2642,0.0
model_26.pt,CHEBI:3755,predicate:2,MONDO:0007263,PUBCHEM.COMPOUND:71059938,predicate:10,NCBIGene:2642,0.0
model_26.pt,PUBCHEM.COMPOUND:131762323,predicate:5,NCBIGene:5407,PUBCHEM.COMPOUND:71059938,predicate:10,NCBIGene:2642,0.0
model_26.pt,PUBCHEM.COMPOUND:54325967,predicate:0,NCBIGene:5468,PUBCHEM.COMPOUND:71059938,predicate:10,NCBIGene:2642,0.0
model_26.pt,CHEBI:64354,predicate:0,NCBIGene:6559,PUBCHEM.COMPOUND:71059938,predicate:10,NCBIGene:2642,0.0
model_26.pt,CHEBI:44423,predicate:7,NCBIGene:3162,PUBCHEM.COMPOUND:71059938,predicate:10,NCBIGene:2642,0.0
model_26.pt,NCBIGene:113174,predicate:10,NCBIGene:100528017,PUBCHEM.COMPOUND:71059938,predicate:10,NCBIGene:2642,45.158538818359375
model_26.pt,NCBIGene:4502,predicate:1,NCBIGene:10912,PUBCHEM.COMPOUND:71059938,predicate:10,NCBIGene:2642,0.0
model_26.pt,NCBIGene:5321,predicate:4,PUBCHEM.COMPOUND:53478731,PUBCHEM.COMPOUND:71059938,predicate:10,NCBIGene:2642,0.0
model_26.pt,CHEBI:3755,predicate:7,NCBIGene:2100,PUBCHEM.COMPOUND:71059938,predicate:10,NCBIGene:2642,0.0
model_26.pt,NCBIGene:51741,predicate:13,HP:0000253,PUBCHEM.COMPOUND:71059938,predicate:10,NCBIGene:2642,0.0
model_26.pt,CHEBI:156122,predicate:5,NCBIGene:23761,PUBCHEM.COMPOUND:71059938,predicate:10,NCBIGene:2642,0.0
model_26.pt,NCBIGene:245865,predicate:3,NCBIGene:194974,PUBCHEM.COMPOUND:71059938,predicate:10,NCBIGene:2642,0.0
model_26.pt,PUBCHEM.COMPOUND:127036977,predicate:0,NCBIGene:135,PUBCHEM.COMPOUND:71059938,predicate:10,NCBIGene:2642,0.0
model_26.pt,PUBCHEM.COMPOUND:44433263,predicate:0,NCBIGene:1576,PUBCHEM.COMPOUND:71059938,predicate:10,NCBIGene:2642,0.0
model_26.pt,CHEBI:16469,predicate:7,NCBIGene:10587,PUBCHEM.COMPOUND:71059938,predicate:10,NCBIGene:2642,0.0
model_26.pt,PUBCHEM.COMPOUND:44314087,predicate:0,NCBIGene:4313,PUBCHEM.COMPOUND:71059938,predicate:10,NCBIGene:2642,0.0
model_26.pt,PUBCHEM.COMPOUND:25093440,predicate:0,NCBIGene:1147,PUBCHEM.COMPOUND:71059938,predicate:10,NCBIGene:2642,0.0
model_26.pt,NCBIGene:20962,predicate:3,NCBIGene:219150,PUBCHEM.COMPOUND:71059938,predicate:10,NCBIGene:2642,0.0
model_26.pt,NCBIGene:23051,predicate:15,MONDO:0005068,PUBCHEM.COMPOUND:71059938,predicate:10,NCBIGene:2642,0.0
model_26.pt,NCBIGene:10565,predicate:6,NCBIGene:284369,PUBCHEM.COMPOUND:71059938,predicate:10,NCBIGene:2642,0.0
model_26.pt,PUBCHEM.COMPOUND:59268935,predicate:0,NCBIGene:1137,PUBCHEM.COMPOUND:71059938,predicate:10,NCBIGene:2642,0.0
model_26.pt,NCBIGene:5903,predicate:1,NCBIGene:402569,PUBCHEM.COMPOUND:71059938,predicate:10,NCBIGene:2642,0.0
model_26.pt,PUBCHEM.COMPOUND:57395067,predicate:0,NCBIGene:6531,PUBCHEM.COMPOUND:71059938,predicate:10,NCBIGene:2642,0.0
model_26.pt,NCBIGene:852585,predicate:3,NCBIGene:855469,PUBCHEM.COMPOUND:71059938,predicate:10,NCBIGene:2642,0.0
model_26.pt,NCBIGene:3976,predicate:9,NCBIGene:2526,PUBCHEM.COMPOUND:71059938,predicate:10,NCBIGene:2642,0.0
model_26.pt,NCBIGene:928,predicate:1,NCBIGene:29952,PUBCHEM.COMPOUND:71059938,predicate:10,NCBIGene:2642,0.0
model_26.pt,MONDO:0013171,predicate:13,MONDO:0001071,PUBCHEM.COMPOUND:71059938,predicate:10,NCBIGene:2642,0.0
model_26.pt,NCBIGene:4634,predicate:1,NCBIGene:6445,PUBCHEM.COMPOUND:71059938,predicate:10,NCBIGene:2642,0.0
model_26.pt,CHEBI:18293,predicate:12,HP:0001945,PUBCHEM.COMPOUND:71059938,predicate:10,NCBIGene:2642,0.0
model_26.pt,UNII:5M691HL4BO,predicate:16,HP:0001288,PUBCHEM.COMPOUND:71059938,predicate:10,NCBIGene:2642,0.0
model_26.pt,MONDO:0011122,predicate:10,NCBIGene:2673,PUBCHEM.COMPOUND:71059938,predicate:10,NCBIGene:2642,51.585609436035156
model_26.pt,CHEBI:185383,predicate:5,NCBIGene:9514,PUBCHEM.COMPOUND:71059938,predicate:10,NCBIGene:2642,0.0
model_26.pt,NCBIGene:4763,predicate:13,HP:0002857,PUBCHEM.COMPOUND:71059938,predicate:10,NCBIGene:2642,0.0
model_26.pt,CHEBI:6121,predicate:7,NCBIGene:2335,PUBCHEM.COMPOUND:71059938,predicate:10,NCBIGene:2642,0.0
model_26.pt,NCBIGene:4204,predicate:13,HP:0010864,PUBCHEM.COMPOUND:71059938,predicate:10,NCBIGene:2642,0.0
model_26.pt,PUBCHEM.COMPOUND:5702107,predicate:23,NCBIGene:760,PUBCHEM.COMPOUND:71059938,predicate:10,NCBIGene:2642,0.0
model_26.pt,NCBIGene:22976,predicate:9,NCBIGene:9519,PUBCHEM.COMPOUND:71059938,predicate:10,NCBIGene:2642,0.0
model_26.pt,PUBCHEM.COMPOUND:9834864,predicate:14,NCBIGene:1137,PUBCHEM.COMPOUND:71059938,predicate:10,NCBIGene:2642,0.0
model_26.pt,PUBCHEM.COMPOUND:44431492,predicate:10,NCBIGene:1815,PUBCHEM.COMPOUND:71059938,predicate:10,NCBIGene:2642,-0.9919967651367188
model_26.pt,CHEBI:191001,predicate:18,NCBIGene:6422,PUBCHEM.COMPOUND:71059938,predicate:10,NCBIGene:2642,0.0
model_26.pt,PUBCHEM.COMPOUND:25015107,predicate:0,NCBIGene:2260,PUBCHEM.COMPOUND:71059938,predicate:10,NCBIGene:2642,0.0
model_26.pt,PUBCHEM.COMPOUND:131757266,predicate:5,NCBIGene:80168,PUBCHEM.COMPOUND:71059938,predicate:10,NCBIGene:2642,0.0
model_26.pt,NCBIGene:23205,predicate:1,NCBIGene:11283,PUBCHEM.COMPOUND:71059938,predicate:10,NCBIGene:2642,0.0
model_26.pt,NCBIGene:23054,predicate:1,NCBIGene:54617,PUBCHEM.COMPOUND:71059938,predicate:10,NCBIGene:2642,0.0
model_26.pt,NCBIGene:10008,predicate:3,NCBIGene:4751,PUBCHEM.COMPOUND:71059938,predicate:10,NCBIGene:2642,0.0
model_26.pt,NCBIGene:27183,predicate:1,NCBIGene:4904,PUBCHEM.COMPOUND:71059938,predicate:10,NCBIGene:2642,0.0
model_26.pt,NCBIGene:5578,predicate:8,NCBIGene:85377,PUBCHEM.COMPOUND:71059938,predicate:10,NCBIGene:2642,0.0
model_26.pt,NCBIGene:79165,predicate:1,NCBIGene:9704,PUBCHEM.COMPOUND:71059938,predicate:10,NCBIGene:2642,0.0
model_26.pt,NCBIGene:2170,predicate:9,NCBIGene:8611,PUBCHEM.COMPOUND:71059938,predicate:10,NCBIGene:2642,0.0
model_26.pt,NCBIGene:91748,predicate:1,NCBIGene:59345,PUBCHEM.COMPOUND:71059938,predicate:10,NCBIGene:2642,0.0
model_26.pt,PUBCHEM.COMPOUND:155512592,predicate:0,NCBIGene:142,PUBCHEM.COMPOUND:71059938,predicate:10,NCBIGene:2642,0.0
model_26.pt,NCBIGene:5663,predicate:7,NCBIGene:7158,PUBCHEM.COMPOUND:71059938,predicate:10,NCBIGene:2642,0.0
model_26.pt,NCBIGene:4140,predicate:21,NCBIGene:7534,PUBCHEM.COMPOUND:71059938,predicate:10,NCBIGene:2642,0.0
model_26.pt,NCBIGene:2475,predicate:1,NCBIGene:23456,PUBCHEM.COMPOUND:71059938,predicate:10,NCBIGene:2642,0.0
model_26.pt,NCBIGene:3162,predicate:15,MONDO:0000831,PUBCHEM.COMPOUND:71059938,predicate:10,NCBIGene:2642,0.0
model_26.pt,PUBCHEM.COMPOUND:10578760,predicate:0,NCBIGene:29580,PUBCHEM.COMPOUND:71059938,predicate:10,NCBIGene:2642,0.0
model_26.pt,NCBIGene:56893,predicate:9,NCBIGene:7316,PUBCHEM.COMPOUND:71059938,predicate:10,NCBIGene:2642,0.0
model_26.pt,CHEBI:93205,predicate:23,NCBIGene:8743,PUBCHEM.COMPOUND:71059938,predicate:10,NCBIGene:2642,0.0
model_26.pt,NCBIGene:1147,predicate:1,NCBIGene:57162,PUBCHEM.COMPOUND:71059938,predicate:10,NCBIGene:2642,0.0
model_26.pt,PUBCHEM.COMPOUND:137226420,predicate:0,NCBIGene:760,PUBCHEM.COMPOUND:71059938,predicate:10,NCBIGene:2642,0.0
model_26.pt,MONDO:0010691,predicate:13,HP:0007957,PUBCHEM.COMPOUND:71059938,predicate:10,NCBIGene:2642,0.0
model_26.pt,NCBIGene:51372,predicate:1,NCBIGene:6202,PUBCHEM.COMPOUND:71059938,predicate:10,NCBIGene:2642,0.0
model_26.pt,NCBIGene:25865,predicate:8,NCBIGene:23212,PUBCHEM.COMPOUND:71059938,predicate:10,NCBIGene:2642,0.0
model_26.pt,PUBCHEM.COMPOUND:122196132,predicate:0,NCBIGene:7941,PUBCHEM.COMPOUND:71059938,predicate:10,NCBIGene:2642,0.0
model_26.pt,NCBIGene:84283,predicate:1,NCBIGene:51458,PUBCHEM.COMPOUND:71059938,predicate:10,NCBIGene:2642,0.0
model_26.pt,NCBIGene:84365,predicate:1,NCBIGene:4236,PUBCHEM.COMPOUND:71059938,predicate:10,NCBIGene:2642,0.0
model_26.pt,CHEBI:8499,predicate:16,MONDO:0001382,PUBCHEM.COMPOUND:71059938,predicate:10,NCBIGene:2642,0.0
model_26.pt,NCBIGene:850551,predicate:3,NCBIGene:856863,PUBCHEM.COMPOUND:71059938,predicate:10,NCBIGene:2642,0.0
model_26.pt,NCBIGene:181271,predicate:3,NCBIGene:190925,PUBCHEM.COMPOUND:71059938,predicate:10,NCBIGene:2642,0.0
model_26.pt,NCBIGene:151056,predicate:4,PUBCHEM.COMPOUND:131761197,PUBCHEM.COMPOUND:71059938,predicate:10,NCBIGene:2642,0.0
model_26.pt,CHEBI:18152,predicate:9,NCBIGene:54498,PUBCHEM.COMPOUND:71059938,predicate:10,NCBIGene:2642,0.0
model_26.pt,NCBIGene:29949,predicate:15,MONDO:0005011,PUBCHEM.COMPOUND:71059938,predicate:10,NCBIGene:2642,0.0
model_26.pt,NCBIGene:173731,predicate:19,CHEBI:31823,PUBCHEM.COMPOUND:71059938,predicate:10,NCBIGene:2642,0.0
model_26.pt,PUBCHEM.COMPOUND:44176335,predicate:0,NCBIGene:331,PUBCHEM.COMPOUND:71059938,predicate:10,NCBIGene:2642,0.0
model_26.pt,PUBCHEM.COMPOUND:49864838,predicate:10,NCBIGene:834,PUBCHEM.COMPOUND:71059938,predicate:10,NCBIGene:2642,-15.813587188720703
model_26.pt,NCBIGene:10221,predicate:8,NCBIGene:22908,PUBCHEM.COMPOUND:71059938,predicate:10,NCBIGene:2642,0.0
model_26.pt,CHEBI:46345,predicate:7,NCBIGene:6581,PUBCHEM.COMPOUND:71059938,predicate:10,NCBIGene:2642,0.0
model_26.pt,NCBIGene:375035,predicate:3,NCBIGene:80346,PUBCHEM.COMPOUND:71059938,predicate:10,NCBIGene:2642,0.0
model_26.pt,MONDO:0012176,predicate:13,HP:0003028,NCBIGene:7045,predicate:1,NCBIGene:216,0.0
model_26.pt,CHEBI:6809,predicate:9,NCBIGene:8061,NCBIGene:7045,predicate:1,NCBIGene:216,0.0
model_26.pt,PUBCHEM.COMPOUND:1113514,predicate:0,NCBIGene:946552,NCBIGene:7045,predicate:1,NCBIGene:216,0.0
model_26.pt,PUBCHEM.COMPOUND:137636752,predicate:0,NCBIGene:3065,NCBIGene:7045,predicate:1,NCBIGene:216,0.0
model_26.pt,CHEBI:367163,predicate:16,MONDO:0015691,NCBIGene:7045,predicate:1,NCBIGene:216,0.0
model_26.pt,PUBCHEM.COMPOUND:130200977,predicate:10,NCBIGene:4988,NCBIGene:7045,predicate:1,NCBIGene:216,0.0
model_26.pt,NCBIGene:78987,predicate:3,NCBIGene:92255,NCBIGene:7045,predicate:1,NCBIGene:216,0.0
model_26.pt,NCBIGene:6352,predicate:36,NCBIGene:1234,NCBIGene:7045,predicate:1,NCBIGene:216,0.0
model_26.pt,CHEBI:6443,predicate:7,NCBIGene:8644,NCBIGene:7045,predicate:1,NCBIGene:216,0.0
model_26.pt,DRUGBANK:DB11158,predicate:12,MONDO:0005147,NCBIGene:7045,predicate:1,NCBIGene:216,0.0
model_26.pt,CHEBI:5000,predicate:12,MONDO:0001076,NCBIGene:7045,predicate:1,NCBIGene:216,0.0
model_26.pt,NCBIGene:8089,predicate:3,NCBIGene:26122,NCBIGene:7045,predicate:1,NCBIGene:216,0.0
model_26.pt,NCBIGene:10400,predicate:4,PUBCHEM.COMPOUND:52924335,NCBIGene:7045,predicate:1,NCBIGene:216,0.0
model_26.pt,NCBIGene:10618,predicate:3,NCBIGene:54887,NCBIGene:7045,predicate:1,NCBIGene:216,0.0
model_26.pt,NCBIGene:3308,predicate:15,MONDO:0005559,NCBIGene:7045,predicate:1,NCBIGene:216,0.0
model_26.pt,CHEBI:17351,predicate:7,NCBIGene:5315,NCBIGene:7045,predicate:1,NCBIGene:216,0.0
model_26.pt,CHEMBL.COMPOUND:CHEMBL4747062,predicate:0,NCBIGene:23028,NCBIGene:7045,predicate:1,NCBIGene:216,0.0
model_26.pt,CHEBI:16842,predicate:9,NCBIGene:3557,NCBIGene:7045,predicate:1,NCBIGene:216,0.0
model_26.pt,NCBIGene:4616,predicate:1,NCBIGene:2034,NCBIGene:7045,predicate:1,NCBIGene:216,-11.233762741088867
model_26.pt,NCBIGene:10201,predicate:1,NCBIGene:6154,NCBIGene:7045,predicate:1,NCBIGene:216,-32.94389343261719
model_26.pt,NCBIGene:794,predicate:6,NCBIGene:7135,NCBIGene:7045,predicate:1,NCBIGene:216,0.0
model_26.pt,NCBIGene:50834,predicate:1,NCBIGene:403277,NCBIGene:7045,predicate:1,NCBIGene:216,-0.5825328826904297
model_26.pt,CHEBI:3755,predicate:2,MONDO:0007263,NCBIGene:7045,predicate:1,NCBIGene:216,0.0
model_26.pt,PUBCHEM.COMPOUND:131762323,predicate:5,NCBIGene:5407,NCBIGene:7045,predicate:1,NCBIGene:216,0.0
model_26.pt,PUBCHEM.COMPOUND:54325967,predicate:0,NCBIGene:5468,NCBIGene:7045,predicate:1,NCBIGene:216,0.0
model_26.pt,CHEBI:64354,predicate:0,NCBIGene:6559,NCBIGene:7045,predicate:1,NCBIGene:216,0.0
model_26.pt,CHEBI:44423,predicate:7,NCBIGene:3162,NCBIGene:7045,predicate:1,NCBIGene:216,0.0
model_26.pt,NCBIGene:113174,predicate:10,NCBIGene:100528017,NCBIGene:7045,predicate:1,NCBIGene:216,0.0
model_26.pt,NCBIGene:4502,predicate:1,NCBIGene:10912,NCBIGene:7045,predicate:1,NCBIGene:216,72.3929443359375
model_26.pt,NCBIGene:5321,predicate:4,PUBCHEM.COMPOUND:53478731,NCBIGene:7045,predicate:1,NCBIGene:216,0.0
model_26.pt,CHEBI:3755,predicate:7,NCBIGene:2100,NCBIGene:7045,predicate:1,NCBIGene:216,0.0
model_26.pt,NCBIGene:51741,predicate:13,HP:0000253,NCBIGene:7045,predicate:1,NCBIGene:216,0.0
model_26.pt,CHEBI:156122,predicate:5,NCBIGene:23761,NCBIGene:7045,predicate:1,NCBIGene:216,0.0
model_26.pt,NCBIGene:245865,predicate:3,NCBIGene:194974,NCBIGene:7045,predicate:1,NCBIGene:216,0.0
model_26.pt,PUBCHEM.COMPOUND:127036977,predicate:0,NCBIGene:135,NCBIGene:7045,predicate:1,NCBIGene:216,0.0
model_26.pt,PUBCHEM.COMPOUND:44433263,predicate:0,NCBIGene:1576,NCBIGene:7045,predicate:1,NCBIGene:216,0.0
model_26.pt,CHEBI:16469,predicate:7,NCBIGene:10587,NCBIGene:7045,predicate:1,NCBIGene:216,0.0
model_26.pt,PUBCHEM.COMPOUND:44314087,predicate:0,NCBIGene:4313,NCBIGene:7045,predicate:1,NCBIGene:216,0.0
model_26.pt,PUBCHEM.COMPOUND:25093440,predicate:0,NCBIGene:1147,NCBIGene:7045,predicate:1,NCBIGene:216,0.0
model_26.pt,NCBIGene:20962,predicate:3,NCBIGene:219150,NCBIGene:7045,predicate:1,NCBIGene:216,0.0
model_26.pt,NCBIGene:23051,predicate:15,MONDO:0005068,NCBIGene:7045,predicate:1,NCBIGene:216,0.0
model_26.pt,NCBIGene:10565,predicate:6,NCBIGene:284369,NCBIGene:7045,predicate:1,NCBIGene:216,0.0
model_26.pt,PUBCHEM.COMPOUND:59268935,predicate:0,NCBIGene:1137,NCBIGene:7045,predicate:1,NCBIGene:216,0.0
model_26.pt,NCBIGene:5903,predicate:1,NCBIGene:402569,NCBIGene:7045,predicate:1,NCBIGene:216,85.0821533203125
model_26.pt,PUBCHEM.COMPOUND:57395067,predicate:0,NCBIGene:6531,NCBIGene:7045,predicate:1,NCBIGene:216,0.0
model_26.pt,NCBIGene:852585,predicate:3,NCBIGene:855469,NCBIGene:7045,predicate:1,NCBIGene:216,0.0
model_26.pt,NCBIGene:3976,predicate:9,NCBIGene:2526,NCBIGene:7045,predicate:1,NCBIGene:216,0.0
model_26.pt,NCBIGene:928,predicate:1,NCBIGene:29952,NCBIGene:7045,predicate:1,NCBIGene:216,-24.847028732299805
model_26.pt,MONDO:0013171,predicate:13,MONDO:0001071,NCBIGene:7045,predicate:1,NCBIGene:216,0.0
model_26.pt,NCBIGene:4634,predicate:1,NCBIGene:6445,NCBIGene:7045,predicate:1,NCBIGene:216,23.67328643798828
model_26.pt,CHEBI:18293,predicate:12,HP:0001945,NCBIGene:7045,predicate:1,NCBIGene:216,0.0
model_26.pt,UNII:5M691HL4BO,predicate:16,HP:0001288,NCBIGene:7045,predicate:1,NCBIGene:216,0.0
model_26.pt,MONDO:0011122,predicate:10,NCBIGene:2673,NCBIGene:7045,predicate:1,NCBIGene:216,0.0
model_26.pt,CHEBI:185383,predicate:5,NCBIGene:9514,NCBIGene:7045,predicate:1,NCBIGene:216,0.0
model_26.pt,NCBIGene:4763,predicate:13,HP:0002857,NCBIGene:7045,predicate:1,NCBIGene:216,0.0
model_26.pt,CHEBI:6121,predicate:7,NCBIGene:2335,NCBIGene:7045,predicate:1,NCBIGene:216,0.0
model_26.pt,NCBIGene:4204,predicate:13,HP:0010864,NCBIGene:7045,predicate:1,NCBIGene:216,0.0
model_26.pt,PUBCHEM.COMPOUND:5702107,predicate:23,NCBIGene:760,NCBIGene:7045,predicate:1,NCBIGene:216,0.0
model_26.pt,NCBIGene:22976,predicate:9,NCBIGene:9519,NCBIGene:7045,predicate:1,NCBIGene:216,0.0
model_26.pt,PUBCHEM.COMPOUND:9834864,predicate:14,NCBIGene:1137,NCBIGene:7045,predicate:1,NCBIGene:216,0.0
model_26.pt,PUBCHEM.COMPOUND:44431492,predicate:10,NCBIGene:1815,NCBIGene:7045,predicate:1,NCBIGene:216,0.0
model_26.pt,CHEBI:191001,predicate:18,NCBIGene:6422,NCBIGene:7045,predicate:1,NCBIGene:216,0.0
model_26.pt,PUBCHEM.COMPOUND:25015107,predicate:0,NCBIGene:2260,NCBIGene:7045,predicate:1,NCBIGene:216,0.0
model_26.pt,PUBCHEM.COMPOUND:131757266,predicate:5,NCBIGene:80168,NCBIGene:7045,predicate:1,NCBIGene:216,0.0
model_26.pt,NCBIGene:23205,predicate:1,NCBIGene:11283,NCBIGene:7045,predicate:1,NCBIGene:216,20.11280059814453
model_26.pt,NCBIGene:23054,predicate:1,NCBIGene:54617,NCBIGene:7045,predicate:1,NCBIGene:216,28.633121490478516
model_26.pt,NCBIGene:10008,predicate:3,NCBIGene:4751,NCBIGene:7045,predicate:1,NCBIGene:216,0.0
model_26.pt,NCBIGene:27183,predicate:1,NCBIGene:4904,NCBIGene:7045,predicate:1,NCBIGene:216,1.168203353881836
model_26.pt,NCBIGene:5578,predicate:8,NCBIGene:85377,NCBIGene:7045,predicate:1,NCBIGene:216,0.0
model_26.pt,NCBIGene:79165,predicate:1,NCBIGene:9704,NCBIGene:7045,predicate:1,NCBIGene:216,98.61803436279297
model_26.pt,NCBIGene:2170,predicate:9,NCBIGene:8611,NCBIGene:7045,predicate:1,NCBIGene:216,0.0
model_26.pt,NCBIGene:91748,predicate:1,NCBIGene:59345,NCBIGene:7045,predicate:1,NCBIGene:216,-23.079723358154297
model_26.pt,PUBCHEM.COMPOUND:155512592,predicate:0,NCBIGene:142,NCBIGene:7045,predicate:1,NCBIGene:216,0.0
model_26.pt,NCBIGene:5663,predicate:7,NCBIGene:7158,NCBIGene:7045,predicate:1,NCBIGene:216,0.0
model_26.pt,NCBIGene:4140,predicate:21,NCBIGene:7534,NCBIGene:7045,predicate:1,NCBIGene:216,0.0
model_26.pt,NCBIGene:2475,predicate:1,NCBIGene:23456,NCBIGene:7045,predicate:1,NCBIGene:216,93.80325317382812
model_26.pt,NCBIGene:3162,predicate:15,MONDO:0000831,NCBIGene:7045,predicate:1,NCBIGene:216,0.0
model_26.pt,PUBCHEM.COMPOUND:10578760,predicate:0,NCBIGene:29580,NCBIGene:7045,predicate:1,NCBIGene:216,0.0
model_26.pt,NCBIGene:56893,predicate:9,NCBIGene:7316,NCBIGene:7045,predicate:1,NCBIGene:216,0.0
model_26.pt,CHEBI:93205,predicate:23,NCBIGene:8743,NCBIGene:7045,predicate:1,NCBIGene:216,0.0
model_26.pt,NCBIGene:1147,predicate:1,NCBIGene:57162,NCBIGene:7045,predicate:1,NCBIGene:216,99.69005584716797
model_26.pt,PUBCHEM.COMPOUND:137226420,predicate:0,NCBIGene:760,NCBIGene:7045,predicate:1,NCBIGene:216,0.0
model_26.pt,MONDO:0010691,predicate:13,HP:0007957,NCBIGene:7045,predicate:1,NCBIGene:216,0.0
model_26.pt,NCBIGene:51372,predicate:1,NCBIGene:6202,NCBIGene:7045,predicate:1,NCBIGene:216,12.715907096862793
model_26.pt,NCBIGene:25865,predicate:8,NCBIGene:23212,NCBIGene:7045,predicate:1,NCBIGene:216,0.0
model_26.pt,PUBCHEM.COMPOUND:122196132,predicate:0,NCBIGene:7941,NCBIGene:7045,predicate:1,NCBIGene:216,0.0
model_26.pt,NCBIGene:84283,predicate:1,NCBIGene:51458,NCBIGene:7045,predicate:1,NCBIGene:216,27.47562599182129
model_26.pt,NCBIGene:84365,predicate:1,NCBIGene:4236,NCBIGene:7045,predicate:1,NCBIGene:216,-77.1998062133789
model_26.pt,CHEBI:8499,predicate:16,MONDO:0001382,NCBIGene:7045,predicate:1,NCBIGene:216,0.0
model_26.pt,NCBIGene:850551,predicate:3,NCBIGene:856863,NCBIGene:7045,predicate:1,NCBIGene:216,0.0
model_26.pt,NCBIGene:181271,predicate:3,NCBIGene:190925,NCBIGene:7045,predicate:1,NCBIGene:216,0.0
model_26.pt,NCBIGene:151056,predicate:4,PUBCHEM.COMPOUND:131761197,NCBIGene:7045,predicate:1,NCBIGene:216,0.0
model_26.pt,CHEBI:18152,predicate:9,NCBIGene:54498,NCBIGene:7045,predicate:1,NCBIGene:216,0.0
model_26.pt,NCBIGene:29949,predicate:15,MONDO:0005011,NCBIGene:7045,predicate:1,NCBIGene:216,0.0
model_26.pt,NCBIGene:173731,predicate:19,CHEBI:31823,NCBIGene:7045,predicate:1,NCBIGene:216,0.0
model_26.pt,PUBCHEM.COMPOUND:44176335,predicate:0,NCBIGene:331,NCBIGene:7045,predicate:1,NCBIGene:216,0.0
model_26.pt,PUBCHEM.COMPOUND:49864838,predicate:10,NCBIGene:834,NCBIGene:7045,predicate:1,NCBIGene:216,0.0
model_26.pt,NCBIGene:10221,predicate:8,NCBIGene:22908,NCBIGene:7045,predicate:1,NCBIGene:216,0.0
model_26.pt,CHEBI:46345,predicate:7,NCBIGene:6581,NCBIGene:7045,predicate:1,NCBIGene:216,0.0
model_26.pt,NCBIGene:375035,predicate:3,NCBIGene:80346,NCBIGene:7045,predicate:1,NCBIGene:216,0.0
model_26.pt,MONDO:0012176,predicate:13,HP:0003028,NCBIGene:79895,predicate:4,CHEBI:170728,0.0
model_26.pt,CHEBI:6809,predicate:9,NCBIGene:8061,NCBIGene:79895,predicate:4,CHEBI:170728,0.0
model_26.pt,PUBCHEM.COMPOUND:1113514,predicate:0,NCBIGene:946552,NCBIGene:79895,predicate:4,CHEBI:170728,0.0
model_26.pt,PUBCHEM.COMPOUND:137636752,predicate:0,NCBIGene:3065,NCBIGene:79895,predicate:4,CHEBI:170728,0.0
model_26.pt,CHEBI:367163,predicate:16,MONDO:0015691,NCBIGene:79895,predicate:4,CHEBI:170728,0.0
model_26.pt,PUBCHEM.COMPOUND:130200977,predicate:10,NCBIGene:4988,NCBIGene:79895,predicate:4,CHEBI:170728,0.0
model_26.pt,NCBIGene:78987,predicate:3,NCBIGene:92255,NCBIGene:79895,predicate:4,CHEBI:170728,0.0
model_26.pt,NCBIGene:6352,predicate:36,NCBIGene:1234,NCBIGene:79895,predicate:4,CHEBI:170728,0.0
model_26.pt,CHEBI:6443,predicate:7,NCBIGene:8644,NCBIGene:79895,predicate:4,CHEBI:170728,0.0
model_26.pt,DRUGBANK:DB11158,predicate:12,MONDO:0005147,NCBIGene:79895,predicate:4,CHEBI:170728,0.0
model_26.pt,CHEBI:5000,predicate:12,MONDO:0001076,NCBIGene:79895,predicate:4,CHEBI:170728,0.0
model_26.pt,NCBIGene:8089,predicate:3,NCBIGene:26122,NCBIGene:79895,predicate:4,CHEBI:170728,0.0
model_26.pt,NCBIGene:10400,predicate:4,PUBCHEM.COMPOUND:52924335,NCBIGene:79895,predicate:4,CHEBI:170728,16.46576690673828
model_26.pt,NCBIGene:10618,predicate:3,NCBIGene:54887,NCBIGene:79895,predicate:4,CHEBI:170728,0.0
model_26.pt,NCBIGene:3308,predicate:15,MONDO:0005559,NCBIGene:79895,predicate:4,CHEBI:170728,0.0
model_26.pt,CHEBI:17351,predicate:7,NCBIGene:5315,NCBIGene:79895,predicate:4,CHEBI:170728,0.0
model_26.pt,CHEMBL.COMPOUND:CHEMBL4747062,predicate:0,NCBIGene:23028,NCBIGene:79895,predicate:4,CHEBI:170728,0.0
model_26.pt,CHEBI:16842,predicate:9,NCBIGene:3557,NCBIGene:79895,predicate:4,CHEBI:170728,0.0
model_26.pt,NCBIGene:4616,predicate:1,NCBIGene:2034,NCBIGene:79895,predicate:4,CHEBI:170728,0.0
model_26.pt,NCBIGene:10201,predicate:1,NCBIGene:6154,NCBIGene:79895,predicate:4,CHEBI:170728,0.0
model_26.pt,NCBIGene:794,predicate:6,NCBIGene:7135,NCBIGene:79895,predicate:4,CHEBI:170728,0.0
model_26.pt,NCBIGene:50834,predicate:1,NCBIGene:403277,NCBIGene:79895,predicate:4,CHEBI:170728,0.0
model_26.pt,CHEBI:3755,predicate:2,MONDO:0007263,NCBIGene:79895,predicate:4,CHEBI:170728,0.0
model_26.pt,PUBCHEM.COMPOUND:131762323,predicate:5,NCBIGene:5407,NCBIGene:79895,predicate:4,CHEBI:170728,0.0
model_26.pt,PUBCHEM.COMPOUND:54325967,predicate:0,NCBIGene:5468,NCBIGene:79895,predicate:4,CHEBI:170728,0.0
model_26.pt,CHEBI:64354,predicate:0,NCBIGene:6559,NCBIGene:79895,predicate:4,CHEBI:170728,0.0
model_26.pt,CHEBI:44423,predicate:7,NCBIGene:3162,NCBIGene:79895,predicate:4,CHEBI:170728,0.0
model_26.pt,NCBIGene:113174,predicate:10,NCBIGene:100528017,NCBIGene:79895,predicate:4,CHEBI:170728,0.0
model_26.pt,NCBIGene:4502,predicate:1,NCBIGene:10912,NCBIGene:79895,predicate:4,CHEBI:170728,0.0
model_26.pt,NCBIGene:5321,predicate:4,PUBCHEM.COMPOUND:53478731,NCBIGene:79895,predicate:4,CHEBI:170728,13.076085090637207
model_26.pt,CHEBI:3755,predicate:7,NCBIGene:2100,NCBIGene:79895,predicate:4,CHEBI:170728,0.0
model_26.pt,NCBIGene:51741,predicate:13,HP:0000253,NCBIGene:79895,predicate:4,CHEBI:170728,0.0
model_26.pt,CHEBI:156122,predicate:5,NCBIGene:23761,NCBIGene:79895,predicate:4,CHEBI:170728,0.0
model_26.pt,NCBIGene:245865,predicate:3,NCBIGene:194974,NCBIGene:79895,predicate:4,CHEBI:170728,0.0
model_26.pt,PUBCHEM.COMPOUND:127036977,predicate:0,NCBIGene:135,NCBIGene:79895,predicate:4,CHEBI:170728,0.0
model_26.pt,PUBCHEM.COMPOUND:44433263,predicate:0,NCBIGene:1576,NCBIGene:79895,predicate:4,CHEBI:170728,0.0
model_26.pt,CHEBI:16469,predicate:7,NCBIGene:10587,NCBIGene:79895,predicate:4,CHEBI:170728,0.0
model_26.pt,PUBCHEM.COMPOUND:44314087,predicate:0,NCBIGene:4313,NCBIGene:79895,predicate:4,CHEBI:170728,0.0
model_26.pt,PUBCHEM.COMPOUND:25093440,predicate:0,NCBIGene:1147,NCBIGene:79895,predicate:4,CHEBI:170728,0.0
model_26.pt,NCBIGene:20962,predicate:3,NCBIGene:219150,NCBIGene:79895,predicate:4,CHEBI:170728,0.0
model_26.pt,NCBIGene:23051,predicate:15,MONDO:0005068,NCBIGene:79895,predicate:4,CHEBI:170728,0.0
model_26.pt,NCBIGene:10565,predicate:6,NCBIGene:284369,NCBIGene:79895,predicate:4,CHEBI:170728,0.0
model_26.pt,PUBCHEM.COMPOUND:59268935,predicate:0,NCBIGene:1137,NCBIGene:79895,predicate:4,CHEBI:170728,0.0
model_26.pt,NCBIGene:5903,predicate:1,NCBIGene:402569,NCBIGene:79895,predicate:4,CHEBI:170728,0.0
model_26.pt,PUBCHEM.COMPOUND:57395067,predicate:0,NCBIGene:6531,NCBIGene:79895,predicate:4,CHEBI:170728,0.0
model_26.pt,NCBIGene:852585,predicate:3,NCBIGene:855469,NCBIGene:79895,predicate:4,CHEBI:170728,0.0
model_26.pt,NCBIGene:3976,predicate:9,NCBIGene:2526,NCBIGene:79895,predicate:4,CHEBI:170728,0.0
model_26.pt,NCBIGene:928,predicate:1,NCBIGene:29952,NCBIGene:79895,predicate:4,CHEBI:170728,0.0
model_26.pt,MONDO:0013171,predicate:13,MONDO:0001071,NCBIGene:79895,predicate:4,CHEBI:170728,0.0
model_26.pt,NCBIGene:4634,predicate:1,NCBIGene:6445,NCBIGene:79895,predicate:4,CHEBI:170728,0.0
model_26.pt,CHEBI:18293,predicate:12,HP:0001945,NCBIGene:79895,predicate:4,CHEBI:170728,0.0
model_26.pt,UNII:5M691HL4BO,predicate:16,HP:0001288,NCBIGene:79895,predicate:4,CHEBI:170728,0.0
model_26.pt,MONDO:0011122,predicate:10,NCBIGene:2673,NCBIGene:79895,predicate:4,CHEBI:170728,0.0
model_26.pt,CHEBI:185383,predicate:5,NCBIGene:9514,NCBIGene:79895,predicate:4,CHEBI:170728,0.0
model_26.pt,NCBIGene:4763,predicate:13,HP:0002857,NCBIGene:79895,predicate:4,CHEBI:170728,0.0
model_26.pt,CHEBI:6121,predicate:7,NCBIGene:2335,NCBIGene:79895,predicate:4,CHEBI:170728,0.0
model_26.pt,NCBIGene:4204,predicate:13,HP:0010864,NCBIGene:79895,predicate:4,CHEBI:170728,0.0
model_26.pt,PUBCHEM.COMPOUND:5702107,predicate:23,NCBIGene:760,NCBIGene:79895,predicate:4,CHEBI:170728,0.0
model_26.pt,NCBIGene:22976,predicate:9,NCBIGene:9519,NCBIGene:79895,predicate:4,CHEBI:170728,0.0
model_26.pt,PUBCHEM.COMPOUND:9834864,predicate:14,NCBIGene:1137,NCBIGene:79895,predicate:4,CHEBI:170728,0.0
model_26.pt,PUBCHEM.COMPOUND:44431492,predicate:10,NCBIGene:1815,NCBIGene:79895,predicate:4,CHEBI:170728,0.0
model_26.pt,CHEBI:191001,predicate:18,NCBIGene:6422,NCBIGene:79895,predicate:4,CHEBI:170728,0.0
model_26.pt,PUBCHEM.COMPOUND:25015107,predicate:0,NCBIGene:2260,NCBIGene:79895,predicate:4,CHEBI:170728,0.0
model_26.pt,PUBCHEM.COMPOUND:131757266,predicate:5,NCBIGene:80168,NCBIGene:79895,predicate:4,CHEBI:170728,0.0
model_26.pt,NCBIGene:23205,predicate:1,NCBIGene:11283,NCBIGene:79895,predicate:4,CHEBI:170728,0.0
model_26.pt,NCBIGene:23054,predicate:1,NCBIGene:54617,NCBIGene:79895,predicate:4,CHEBI:170728,0.0
model_26.pt,NCBIGene:10008,predicate:3,NCBIGene:4751,NCBIGene:79895,predicate:4,CHEBI:170728,0.0
model_26.pt,NCBIGene:27183,predicate:1,NCBIGene:4904,NCBIGene:79895,predicate:4,CHEBI:170728,0.0
model_26.pt,NCBIGene:5578,predicate:8,NCBIGene:85377,NCBIGene:79895,predicate:4,CHEBI:170728,0.0
model_26.pt,NCBIGene:79165,predicate:1,NCBIGene:9704,NCBIGene:79895,predicate:4,CHEBI:170728,0.0
model_26.pt,NCBIGene:2170,predicate:9,NCBIGene:8611,NCBIGene:79895,predicate:4,CHEBI:170728,0.0
model_26.pt,NCBIGene:91748,predicate:1,NCBIGene:59345,NCBIGene:79895,predicate:4,CHEBI:170728,0.0
model_26.pt,PUBCHEM.COMPOUND:155512592,predicate:0,NCBIGene:142,NCBIGene:79895,predicate:4,CHEBI:170728,0.0
model_26.pt,NCBIGene:5663,predicate:7,NCBIGene:7158,NCBIGene:79895,predicate:4,CHEBI:170728,0.0
model_26.pt,NCBIGene:4140,predicate:21,NCBIGene:7534,NCBIGene:79895,predicate:4,CHEBI:170728,0.0
model_26.pt,NCBIGene:2475,predicate:1,NCBIGene:23456,NCBIGene:79895,predicate:4,CHEBI:170728,0.0
model_26.pt,NCBIGene:3162,predicate:15,MONDO:0000831,NCBIGene:79895,predicate:4,CHEBI:170728,0.0
model_26.pt,PUBCHEM.COMPOUND:10578760,predicate:0,NCBIGene:29580,NCBIGene:79895,predicate:4,CHEBI:170728,0.0
model_26.pt,NCBIGene:56893,predicate:9,NCBIGene:7316,NCBIGene:79895,predicate:4,CHEBI:170728,0.0
model_26.pt,CHEBI:93205,predicate:23,NCBIGene:8743,NCBIGene:79895,predicate:4,CHEBI:170728,0.0
model_26.pt,NCBIGene:1147,predicate:1,NCBIGene:57162,NCBIGene:79895,predicate:4,CHEBI:170728,0.0
model_26.pt,PUBCHEM.COMPOUND:137226420,predicate:0,NCBIGene:760,NCBIGene:79895,predicate:4,CHEBI:170728,0.0
model_26.pt,MONDO:0010691,predicate:13,HP:0007957,NCBIGene:79895,predicate:4,CHEBI:170728,0.0
model_26.pt,NCBIGene:51372,predicate:1,NCBIGene:6202,NCBIGene:79895,predicate:4,CHEBI:170728,0.0
model_26.pt,NCBIGene:25865,predicate:8,NCBIGene:23212,NCBIGene:79895,predicate:4,CHEBI:170728,0.0
model_26.pt,PUBCHEM.COMPOUND:122196132,predicate:0,NCBIGene:7941,NCBIGene:79895,predicate:4,CHEBI:170728,0.0
model_26.pt,NCBIGene:84283,predicate:1,NCBIGene:51458,NCBIGene:79895,predicate:4,CHEBI:170728,0.0
model_26.pt,NCBIGene:84365,predicate:1,NCBIGene:4236,NCBIGene:79895,predicate:4,CHEBI:170728,0.0
model_26.pt,CHEBI:8499,predicate:16,MONDO:0001382,NCBIGene:79895,predicate:4,CHEBI:170728,0.0
model_26.pt,NCBIGene:850551,predicate:3,NCBIGene:856863,NCBIGene:79895,predicate:4,CHEBI:170728,0.0
model_26.pt,NCBIGene:181271,predicate:3,NCBIGene:190925,NCBIGene:79895,predicate:4,CHEBI:170728,0.0
model_26.pt,NCBIGene:151056,predicate:4,PUBCHEM.COMPOUND:131761197,NCBIGene:79895,predicate:4,CHEBI:170728,20.907363891601562
model_26.pt,CHEBI:18152,predicate:9,NCBIGene:54498,NCBIGene:79895,predicate:4,CHEBI:170728,0.0
model_26.pt,NCBIGene:29949,predicate:15,MONDO:0005011,NCBIGene:79895,predicate:4,CHEBI:170728,0.0
model_26.pt,NCBIGene:173731,predicate:19,CHEBI:31823,NCBIGene:79895,predicate:4,CHEBI:170728,0.0
model_26.pt,PUBCHEM.COMPOUND:44176335,predicate:0,NCBIGene:331,NCBIGene:79895,predicate:4,CHEBI:170728,0.0
model_26.pt,PUBCHEM.COMPOUND:49864838,predicate:10,NCBIGene:834,NCBIGene:79895,predicate:4,CHEBI:170728,0.0
model_26.pt,NCBIGene:10221,predicate:8,NCBIGene:22908,NCBIGene:79895,predicate:4,CHEBI:170728,0.0
model_26.pt,CHEBI:46345,predicate:7,NCBIGene:6581,NCBIGene:79895,predicate:4,CHEBI:170728,0.0
model_26.pt,NCBIGene:375035,predicate:3,NCBIGene:80346,NCBIGene:79895,predicate:4,CHEBI:170728,0.0
model_26.pt,MONDO:0012176,predicate:13,HP:0003028,NCBIGene:2145,predicate:21,NCBIGene:23582,0.0
model_26.pt,CHEBI:6809,predicate:9,NCBIGene:8061,NCBIGene:2145,predicate:21,NCBIGene:23582,0.0
model_26.pt,PUBCHEM.COMPOUND:1113514,predicate:0,NCBIGene:946552,NCBIGene:2145,predicate:21,NCBIGene:23582,0.0
model_26.pt,PUBCHEM.COMPOUND:137636752,predicate:0,NCBIGene:3065,NCBIGene:2145,predicate:21,NCBIGene:23582,0.0
model_26.pt,CHEBI:367163,predicate:16,MONDO:0015691,NCBIGene:2145,predicate:21,NCBIGene:23582,0.0
model_26.pt,PUBCHEM.COMPOUND:130200977,predicate:10,NCBIGene:4988,NCBIGene:2145,predicate:21,NCBIGene:23582,0.0
model_26.pt,NCBIGene:78987,predicate:3,NCBIGene:92255,NCBIGene:2145,predicate:21,NCBIGene:23582,0.0
model_26.pt,NCBIGene:6352,predicate:36,NCBIGene:1234,NCBIGene:2145,predicate:21,NCBIGene:23582,0.0
model_26.pt,CHEBI:6443,predicate:7,NCBIGene:8644,NCBIGene:2145,predicate:21,NCBIGene:23582,0.0
model_26.pt,DRUGBANK:DB11158,predicate:12,MONDO:0005147,NCBIGene:2145,predicate:21,NCBIGene:23582,0.0
model_26.pt,CHEBI:5000,predicate:12,MONDO:0001076,NCBIGene:2145,predicate:21,NCBIGene:23582,0.0
model_26.pt,NCBIGene:8089,predicate:3,NCBIGene:26122,NCBIGene:2145,predicate:21,NCBIGene:23582,0.0
model_26.pt,NCBIGene:10400,predicate:4,PUBCHEM.COMPOUND:52924335,NCBIGene:2145,predicate:21,NCBIGene:23582,0.0
model_26.pt,NCBIGene:10618,predicate:3,NCBIGene:54887,NCBIGene:2145,predicate:21,NCBIGene:23582,0.0
model_26.pt,NCBIGene:3308,predicate:15,MONDO:0005559,NCBIGene:2145,predicate:21,NCBIGene:23582,0.0
model_26.pt,CHEBI:17351,predicate:7,NCBIGene:5315,NCBIGene:2145,predicate:21,NCBIGene:23582,0.0
model_26.pt,CHEMBL.COMPOUND:CHEMBL4747062,predicate:0,NCBIGene:23028,NCBIGene:2145,predicate:21,NCBIGene:23582,0.0
model_26.pt,CHEBI:16842,predicate:9,NCBIGene:3557,NCBIGene:2145,predicate:21,NCBIGene:23582,0.0
model_26.pt,NCBIGene:4616,predicate:1,NCBIGene:2034,NCBIGene:2145,predicate:21,NCBIGene:23582,0.0
model_26.pt,NCBIGene:10201,predicate:1,NCBIGene:6154,NCBIGene:2145,predicate:21,NCBIGene:23582,0.0
model_26.pt,NCBIGene:794,predicate:6,NCBIGene:7135,NCBIGene:2145,predicate:21,NCBIGene:23582,0.0
model_26.pt,NCBIGene:50834,predicate:1,NCBIGene:403277,NCBIGene:2145,predicate:21,NCBIGene:23582,0.0
model_26.pt,CHEBI:3755,predicate:2,MONDO:0007263,NCBIGene:2145,predicate:21,NCBIGene:23582,0.0
model_26.pt,PUBCHEM.COMPOUND:131762323,predicate:5,NCBIGene:5407,NCBIGene:2145,predicate:21,NCBIGene:23582,0.0
model_26.pt,PUBCHEM.COMPOUND:54325967,predicate:0,NCBIGene:5468,NCBIGene:2145,predicate:21,NCBIGene:23582,0.0
model_26.pt,CHEBI:64354,predicate:0,NCBIGene:6559,NCBIGene:2145,predicate:21,NCBIGene:23582,0.0
model_26.pt,CHEBI:44423,predicate:7,NCBIGene:3162,NCBIGene:2145,predicate:21,NCBIGene:23582,0.0
model_26.pt,NCBIGene:113174,predicate:10,NCBIGene:100528017,NCBIGene:2145,predicate:21,NCBIGene:23582,0.0
model_26.pt,NCBIGene:4502,predicate:1,NCBIGene:10912,NCBIGene:2145,predicate:21,NCBIGene:23582,0.0
model_26.pt,NCBIGene:5321,predicate:4,PUBCHEM.COMPOUND:53478731,NCBIGene:2145,predicate:21,NCBIGene:23582,0.0
model_26.pt,CHEBI:3755,predicate:7,NCBIGene:2100,NCBIGene:2145,predicate:21,NCBIGene:23582,0.0
model_26.pt,NCBIGene:51741,predicate:13,HP:0000253,NCBIGene:2145,predicate:21,NCBIGene:23582,0.0
model_26.pt,CHEBI:156122,predicate:5,NCBIGene:23761,NCBIGene:2145,predicate:21,NCBIGene:23582,0.0
model_26.pt,NCBIGene:245865,predicate:3,NCBIGene:194974,NCBIGene:2145,predicate:21,NCBIGene:23582,0.0
model_26.pt,PUBCHEM.COMPOUND:127036977,predicate:0,NCBIGene:135,NCBIGene:2145,predicate:21,NCBIGene:23582,0.0
model_26.pt,PUBCHEM.COMPOUND:44433263,predicate:0,NCBIGene:1576,NCBIGene:2145,predicate:21,NCBIGene:23582,0.0
model_26.pt,CHEBI:16469,predicate:7,NCBIGene:10587,NCBIGene:2145,predicate:21,NCBIGene:23582,0.0
model_26.pt,PUBCHEM.COMPOUND:44314087,predicate:0,NCBIGene:4313,NCBIGene:2145,predicate:21,NCBIGene:23582,0.0
model_26.pt,PUBCHEM.COMPOUND:25093440,predicate:0,NCBIGene:1147,NCBIGene:2145,predicate:21,NCBIGene:23582,0.0
model_26.pt,NCBIGene:20962,predicate:3,NCBIGene:219150,NCBIGene:2145,predicate:21,NCBIGene:23582,0.0
model_26.pt,NCBIGene:23051,predicate:15,MONDO:0005068,NCBIGene:2145,predicate:21,NCBIGene:23582,0.0
model_26.pt,NCBIGene:10565,predicate:6,NCBIGene:284369,NCBIGene:2145,predicate:21,NCBIGene:23582,0.0
model_26.pt,PUBCHEM.COMPOUND:59268935,predicate:0,NCBIGene:1137,NCBIGene:2145,predicate:21,NCBIGene:23582,0.0
model_26.pt,NCBIGene:5903,predicate:1,NCBIGene:402569,NCBIGene:2145,predicate:21,NCBIGene:23582,0.0
model_26.pt,PUBCHEM.COMPOUND:57395067,predicate:0,NCBIGene:6531,NCBIGene:2145,predicate:21,NCBIGene:23582,0.0
model_26.pt,NCBIGene:852585,predicate:3,NCBIGene:855469,NCBIGene:2145,predicate:21,NCBIGene:23582,0.0
model_26.pt,NCBIGene:3976,predicate:9,NCBIGene:2526,NCBIGene:2145,predicate:21,NCBIGene:23582,0.0
model_26.pt,NCBIGene:928,predicate:1,NCBIGene:29952,NCBIGene:2145,predicate:21,NCBIGene:23582,0.0
model_26.pt,MONDO:0013171,predicate:13,MONDO:0001071,NCBIGene:2145,predicate:21,NCBIGene:23582,0.0
model_26.pt,NCBIGene:4634,predicate:1,NCBIGene:6445,NCBIGene:2145,predicate:21,NCBIGene:23582,0.0
model_26.pt,CHEBI:18293,predicate:12,HP:0001945,NCBIGene:2145,predicate:21,NCBIGene:23582,0.0
model_26.pt,UNII:5M691HL4BO,predicate:16,HP:0001288,NCBIGene:2145,predicate:21,NCBIGene:23582,0.0
model_26.pt,MONDO:0011122,predicate:10,NCBIGene:2673,NCBIGene:2145,predicate:21,NCBIGene:23582,0.0
model_26.pt,CHEBI:185383,predicate:5,NCBIGene:9514,NCBIGene:2145,predicate:21,NCBIGene:23582,0.0
model_26.pt,NCBIGene:4763,predicate:13,HP:0002857,NCBIGene:2145,predicate:21,NCBIGene:23582,0.0
model_26.pt,CHEBI:6121,predicate:7,NCBIGene:2335,NCBIGene:2145,predicate:21,NCBIGene:23582,0.0
model_26.pt,NCBIGene:4204,predicate:13,HP:0010864,NCBIGene:2145,predicate:21,NCBIGene:23582,0.0
model_26.pt,PUBCHEM.COMPOUND:5702107,predicate:23,NCBIGene:760,NCBIGene:2145,predicate:21,NCBIGene:23582,0.0
model_26.pt,NCBIGene:22976,predicate:9,NCBIGene:9519,NCBIGene:2145,predicate:21,NCBIGene:23582,0.0
model_26.pt,PUBCHEM.COMPOUND:9834864,predicate:14,NCBIGene:1137,NCBIGene:2145,predicate:21,NCBIGene:23582,0.0
model_26.pt,PUBCHEM.COMPOUND:44431492,predicate:10,NCBIGene:1815,NCBIGene:2145,predicate:21,NCBIGene:23582,0.0
model_26.pt,CHEBI:191001,predicate:18,NCBIGene:6422,NCBIGene:2145,predicate:21,NCBIGene:23582,0.0
model_26.pt,PUBCHEM.COMPOUND:25015107,predicate:0,NCBIGene:2260,NCBIGene:2145,predicate:21,NCBIGene:23582,0.0
model_26.pt,PUBCHEM.COMPOUND:131757266,predicate:5,NCBIGene:80168,NCBIGene:2145,predicate:21,NCBIGene:23582,0.0
model_26.pt,NCBIGene:23205,predicate:1,NCBIGene:11283,NCBIGene:2145,predicate:21,NCBIGene:23582,0.0
model_26.pt,NCBIGene:23054,predicate:1,NCBIGene:54617,NCBIGene:2145,predicate:21,NCBIGene:23582,0.0
model_26.pt,NCBIGene:10008,predicate:3,NCBIGene:4751,NCBIGene:2145,predicate:21,NCBIGene:23582,0.0
model_26.pt,NCBIGene:27183,predicate:1,NCBIGene:4904,NCBIGene:2145,predicate:21,NCBIGene:23582,0.0
model_26.pt,NCBIGene:5578,predicate:8,NCBIGene:85377,NCBIGene:2145,predicate:21,NCBIGene:23582,0.0
model_26.pt,NCBIGene:79165,predicate:1,NCBIGene:9704,NCBIGene:2145,predicate:21,NCBIGene:23582,0.0
model_26.pt,NCBIGene:2170,predicate:9,NCBIGene:8611,NCBIGene:2145,predicate:21,NCBIGene:23582,0.0
model_26.pt,NCBIGene:91748,predicate:1,NCBIGene:59345,NCBIGene:2145,predicate:21,NCBIGene:23582,0.0
model_26.pt,PUBCHEM.COMPOUND:155512592,predicate:0,NCBIGene:142,NCBIGene:2145,predicate:21,NCBIGene:23582,0.0
model_26.pt,NCBIGene:5663,predicate:7,NCBIGene:7158,NCBIGene:2145,predicate:21,NCBIGene:23582,0.0
model_26.pt,NCBIGene:4140,predicate:21,NCBIGene:7534,NCBIGene:2145,predicate:21,NCBIGene:23582,-11.617532730102539
model_26.pt,NCBIGene:2475,predicate:1,NCBIGene:23456,NCBIGene:2145,predicate:21,NCBIGene:23582,0.0
model_26.pt,NCBIGene:3162,predicate:15,MONDO:0000831,NCBIGene:2145,predicate:21,NCBIGene:23582,0.0
model_26.pt,PUBCHEM.COMPOUND:10578760,predicate:0,NCBIGene:29580,NCBIGene:2145,predicate:21,NCBIGene:23582,0.0
model_26.pt,NCBIGene:56893,predicate:9,NCBIGene:7316,NCBIGene:2145,predicate:21,NCBIGene:23582,0.0
model_26.pt,CHEBI:93205,predicate:23,NCBIGene:8743,NCBIGene:2145,predicate:21,NCBIGene:23582,0.0
model_26.pt,NCBIGene:1147,predicate:1,NCBIGene:57162,NCBIGene:2145,predicate:21,NCBIGene:23582,0.0
model_26.pt,PUBCHEM.COMPOUND:137226420,predicate:0,NCBIGene:760,NCBIGene:2145,predicate:21,NCBIGene:23582,0.0
model_26.pt,MONDO:0010691,predicate:13,HP:0007957,NCBIGene:2145,predicate:21,NCBIGene:23582,0.0
model_26.pt,NCBIGene:51372,predicate:1,NCBIGene:6202,NCBIGene:2145,predicate:21,NCBIGene:23582,0.0
model_26.pt,NCBIGene:25865,predicate:8,NCBIGene:23212,NCBIGene:2145,predicate:21,NCBIGene:23582,0.0
model_26.pt,PUBCHEM.COMPOUND:122196132,predicate:0,NCBIGene:7941,NCBIGene:2145,predicate:21,NCBIGene:23582,0.0
model_26.pt,NCBIGene:84283,predicate:1,NCBIGene:51458,NCBIGene:2145,predicate:21,NCBIGene:23582,0.0
model_26.pt,NCBIGene:84365,predicate:1,NCBIGene:4236,NCBIGene:2145,predicate:21,NCBIGene:23582,0.0
model_26.pt,CHEBI:8499,predicate:16,MONDO:0001382,NCBIGene:2145,predicate:21,NCBIGene:23582,0.0
model_26.pt,NCBIGene:850551,predicate:3,NCBIGene:856863,NCBIGene:2145,predicate:21,NCBIGene:23582,0.0
model_26.pt,NCBIGene:181271,predicate:3,NCBIGene:190925,NCBIGene:2145,predicate:21,NCBIGene:23582,0.0
model_26.pt,NCBIGene:151056,predicate:4,PUBCHEM.COMPOUND:131761197,NCBIGene:2145,predicate:21,NCBIGene:23582,0.0
model_26.pt,CHEBI:18152,predicate:9,NCBIGene:54498,NCBIGene:2145,predicate:21,NCBIGene:23582,0.0
model_26.pt,NCBIGene:29949,predicate:15,MONDO:0005011,NCBIGene:2145,predicate:21,NCBIGene:23582,0.0
model_26.pt,NCBIGene:173731,predicate:19,CHEBI:31823,NCBIGene:2145,predicate:21,NCBIGene:23582,0.0
model_26.pt,PUBCHEM.COMPOUND:44176335,predicate:0,NCBIGene:331,NCBIGene:2145,predicate:21,NCBIGene:23582,0.0
model_26.pt,PUBCHEM.COMPOUND:49864838,predicate:10,NCBIGene:834,NCBIGene:2145,predicate:21,NCBIGene:23582,0.0
model_26.pt,NCBIGene:10221,predicate:8,NCBIGene:22908,NCBIGene:2145,predicate:21,NCBIGene:23582,0.0
model_26.pt,CHEBI:46345,predicate:7,NCBIGene:6581,NCBIGene:2145,predicate:21,NCBIGene:23582,0.0
model_26.pt,NCBIGene:375035,predicate:3,NCBIGene:80346,NCBIGene:2145,predicate:21,NCBIGene:23582,0.0
model_26.pt,MONDO:0012176,predicate:13,HP:0003028,NCBIGene:51128,predicate:1,NCBIGene:2288,0.0
model_26.pt,CHEBI:6809,predicate:9,NCBIGene:8061,NCBIGene:51128,predicate:1,NCBIGene:2288,0.0
model_26.pt,PUBCHEM.COMPOUND:1113514,predicate:0,NCBIGene:946552,NCBIGene:51128,predicate:1,NCBIGene:2288,0.0
model_26.pt,PUBCHEM.COMPOUND:137636752,predicate:0,NCBIGene:3065,NCBIGene:51128,predicate:1,NCBIGene:2288,0.0
model_26.pt,CHEBI:367163,predicate:16,MONDO:0015691,NCBIGene:51128,predicate:1,NCBIGene:2288,0.0
model_26.pt,PUBCHEM.COMPOUND:130200977,predicate:10,NCBIGene:4988,NCBIGene:51128,predicate:1,NCBIGene:2288,0.0
model_26.pt,NCBIGene:78987,predicate:3,NCBIGene:92255,NCBIGene:51128,predicate:1,NCBIGene:2288,0.0
model_26.pt,NCBIGene:6352,predicate:36,NCBIGene:1234,NCBIGene:51128,predicate:1,NCBIGene:2288,0.0
model_26.pt,CHEBI:6443,predicate:7,NCBIGene:8644,NCBIGene:51128,predicate:1,NCBIGene:2288,0.0
model_26.pt,DRUGBANK:DB11158,predicate:12,MONDO:0005147,NCBIGene:51128,predicate:1,NCBIGene:2288,0.0
model_26.pt,CHEBI:5000,predicate:12,MONDO:0001076,NCBIGene:51128,predicate:1,NCBIGene:2288,0.0
model_26.pt,NCBIGene:8089,predicate:3,NCBIGene:26122,NCBIGene:51128,predicate:1,NCBIGene:2288,0.0
model_26.pt,NCBIGene:10400,predicate:4,PUBCHEM.COMPOUND:52924335,NCBIGene:51128,predicate:1,NCBIGene:2288,0.0
model_26.pt,NCBIGene:10618,predicate:3,NCBIGene:54887,NCBIGene:51128,predicate:1,NCBIGene:2288,0.0
model_26.pt,NCBIGene:3308,predicate:15,MONDO:0005559,NCBIGene:51128,predicate:1,NCBIGene:2288,0.0
model_26.pt,CHEBI:17351,predicate:7,NCBIGene:5315,NCBIGene:51128,predicate:1,NCBIGene:2288,0.0
model_26.pt,CHEMBL.COMPOUND:CHEMBL4747062,predicate:0,NCBIGene:23028,NCBIGene:51128,predicate:1,NCBIGene:2288,0.0
model_26.pt,CHEBI:16842,predicate:9,NCBIGene:3557,NCBIGene:51128,predicate:1,NCBIGene:2288,0.0
model_26.pt,NCBIGene:4616,predicate:1,NCBIGene:2034,NCBIGene:51128,predicate:1,NCBIGene:2288,-65.92788696289062
model_26.pt,NCBIGene:10201,predicate:1,NCBIGene:6154,NCBIGene:51128,predicate:1,NCBIGene:2288,-11.856894493103027
model_26.pt,NCBIGene:794,predicate:6,NCBIGene:7135,NCBIGene:51128,predicate:1,NCBIGene:2288,0.0
model_26.pt,NCBIGene:50834,predicate:1,NCBIGene:403277,NCBIGene:51128,predicate:1,NCBIGene:2288,-25.761316299438477
model_26.pt,CHEBI:3755,predicate:2,MONDO:0007263,NCBIGene:51128,predicate:1,NCBIGene:2288,0.0
model_26.pt,PUBCHEM.COMPOUND:131762323,predicate:5,NCBIGene:5407,NCBIGene:51128,predicate:1,NCBIGene:2288,0.0
model_26.pt,PUBCHEM.COMPOUND:54325967,predicate:0,NCBIGene:5468,NCBIGene:51128,predicate:1,NCBIGene:2288,0.0
model_26.pt,CHEBI:64354,predicate:0,NCBIGene:6559,NCBIGene:51128,predicate:1,NCBIGene:2288,0.0
model_26.pt,CHEBI:44423,predicate:7,NCBIGene:3162,NCBIGene:51128,predicate:1,NCBIGene:2288,0.0
model_26.pt,NCBIGene:113174,predicate:10,NCBIGene:100528017,NCBIGene:51128,predicate:1,NCBIGene:2288,0.0
model_26.pt,NCBIGene:4502,predicate:1,NCBIGene:10912,NCBIGene:51128,predicate:1,NCBIGene:2288,6.861181259155273
model_26.pt,NCBIGene:5321,predicate:4,PUBCHEM.COMPOUND:53478731,NCBIGene:51128,predicate:1,NCBIGene:2288,0.0
model_26.pt,CHEBI:3755,predicate:7,NCBIGene:2100,NCBIGene:51128,predicate:1,NCBIGene:2288,0.0
model_26.pt,NCBIGene:51741,predicate:13,HP:0000253,NCBIGene:51128,predicate:1,NCBIGene:2288,0.0
model_26.pt,CHEBI:156122,predicate:5,NCBIGene:23761,NCBIGene:51128,predicate:1,NCBIGene:2288,0.0
model_26.pt,NCBIGene:245865,predicate:3,NCBIGene:194974,NCBIGene:51128,predicate:1,NCBIGene:2288,0.0
model_26.pt,PUBCHEM.COMPOUND:127036977,predicate:0,NCBIGene:135,NCBIGene:51128,predicate:1,NCBIGene:2288,0.0
model_26.pt,PUBCHEM.COMPOUND:44433263,predicate:0,NCBIGene:1576,NCBIGene:51128,predicate:1,NCBIGene:2288,0.0
model_26.pt,CHEBI:16469,predicate:7,NCBIGene:10587,NCBIGene:51128,predicate:1,NCBIGene:2288,0.0
model_26.pt,PUBCHEM.COMPOUND:44314087,predicate:0,NCBIGene:4313,NCBIGene:51128,predicate:1,NCBIGene:2288,0.0
model_26.pt,PUBCHEM.COMPOUND:25093440,predicate:0,NCBIGene:1147,NCBIGene:51128,predicate:1,NCBIGene:2288,0.0
model_26.pt,NCBIGene:20962,predicate:3,NCBIGene:219150,NCBIGene:51128,predicate:1,NCBIGene:2288,0.0
model_26.pt,NCBIGene:23051,predicate:15,MONDO:0005068,NCBIGene:51128,predicate:1,NCBIGene:2288,0.0
model_26.pt,NCBIGene:10565,predicate:6,NCBIGene:284369,NCBIGene:51128,predicate:1,NCBIGene:2288,0.0
model_26.pt,PUBCHEM.COMPOUND:59268935,predicate:0,NCBIGene:1137,NCBIGene:51128,predicate:1,NCBIGene:2288,0.0
model_26.pt,NCBIGene:5903,predicate:1,NCBIGene:402569,NCBIGene:51128,predicate:1,NCBIGene:2288,23.893821716308594
model_26.pt,PUBCHEM.COMPOUND:57395067,predicate:0,NCBIGene:6531,NCBIGene:51128,predicate:1,NCBIGene:2288,0.0
model_26.pt,NCBIGene:852585,predicate:3,NCBIGene:855469,NCBIGene:51128,predicate:1,NCBIGene:2288,0.0
model_26.pt,NCBIGene:3976,predicate:9,NCBIGene:2526,NCBIGene:51128,predicate:1,NCBIGene:2288,0.0
model_26.pt,NCBIGene:928,predicate:1,NCBIGene:29952,NCBIGene:51128,predicate:1,NCBIGene:2288,-12.868057250976562
model_26.pt,MONDO:0013171,predicate:13,MONDO:0001071,NCBIGene:51128,predicate:1,NCBIGene:2288,0.0
model_26.pt,NCBIGene:4634,predicate:1,NCBIGene:6445,NCBIGene:51128,predicate:1,NCBIGene:2288,47.760887145996094
model_26.pt,CHEBI:18293,predicate:12,HP:0001945,NCBIGene:51128,predicate:1,NCBIGene:2288,0.0
model_26.pt,UNII:5M691HL4BO,predicate:16,HP:0001288,NCBIGene:51128,predicate:1,NCBIGene:2288,0.0
model_26.pt,MONDO:0011122,predicate:10,NCBIGene:2673,NCBIGene:51128,predicate:1,NCBIGene:2288,0.0
model_26.pt,CHEBI:185383,predicate:5,NCBIGene:9514,NCBIGene:51128,predicate:1,NCBIGene:2288,0.0
model_26.pt,NCBIGene:4763,predicate:13,HP:0002857,NCBIGene:51128,predicate:1,NCBIGene:2288,0.0
model_26.pt,CHEBI:6121,predicate:7,NCBIGene:2335,NCBIGene:51128,predicate:1,NCBIGene:2288,0.0
model_26.pt,NCBIGene:4204,predicate:13,HP:0010864,NCBIGene:51128,predicate:1,NCBIGene:2288,0.0
model_26.pt,PUBCHEM.COMPOUND:5702107,predicate:23,NCBIGene:760,NCBIGene:51128,predicate:1,NCBIGene:2288,0.0
model_26.pt,NCBIGene:22976,predicate:9,NCBIGene:9519,NCBIGene:51128,predicate:1,NCBIGene:2288,0.0
model_26.pt,PUBCHEM.COMPOUND:9834864,predicate:14,NCBIGene:1137,NCBIGene:51128,predicate:1,NCBIGene:2288,0.0
model_26.pt,PUBCHEM.COMPOUND:44431492,predicate:10,NCBIGene:1815,NCBIGene:51128,predicate:1,NCBIGene:2288,0.0
model_26.pt,CHEBI:191001,predicate:18,NCBIGene:6422,NCBIGene:51128,predicate:1,NCBIGene:2288,0.0
model_26.pt,PUBCHEM.COMPOUND:25015107,predicate:0,NCBIGene:2260,NCBIGene:51128,predicate:1,NCBIGene:2288,0.0
model_26.pt,PUBCHEM.COMPOUND:131757266,predicate:5,NCBIGene:80168,NCBIGene:51128,predicate:1,NCBIGene:2288,0.0
model_26.pt,NCBIGene:23205,predicate:1,NCBIGene:11283,NCBIGene:51128,predicate:1,NCBIGene:2288,3.211149215698242
model_26.pt,NCBIGene:23054,predicate:1,NCBIGene:54617,NCBIGene:51128,predicate:1,NCBIGene:2288,29.780712127685547
model_26.pt,NCBIGene:10008,predicate:3,NCBIGene:4751,NCBIGene:51128,predicate:1,NCBIGene:2288,0.0
model_26.pt,NCBIGene:27183,predicate:1,NCBIGene:4904,NCBIGene:51128,predicate:1,NCBIGene:2288,26.072450637817383
model_26.pt,NCBIGene:5578,predicate:8,NCBIGene:85377,NCBIGene:51128,predicate:1,NCBIGene:2288,0.0
model_26.pt,NCBIGene:79165,predicate:1,NCBIGene:9704,NCBIGene:51128,predicate:1,NCBIGene:2288,-49.20105743408203
model_26.pt,NCBIGene:2170,predicate:9,NCBIGene:8611,NCBIGene:51128,predicate:1,NCBIGene:2288,0.0
model_26.pt,NCBIGene:91748,predicate:1,NCBIGene:59345,NCBIGene:51128,predicate:1,NCBIGene:2288,31.17555046081543
model_26.pt,PUBCHEM.COMPOUND:155512592,predicate:0,NCBIGene:142,NCBIGene:51128,predicate:1,NCBIGene:2288,0.0
model_26.pt,NCBIGene:5663,predicate:7,NCBIGene:7158,NCBIGene:51128,predicate:1,NCBIGene:2288,0.0
model_26.pt,NCBIGene:4140,predicate:21,NCBIGene:7534,NCBIGene:51128,predicate:1,NCBIGene:2288,0.0
model_26.pt,NCBIGene:2475,predicate:1,NCBIGene:23456,NCBIGene:51128,predicate:1,NCBIGene:2288,34.292964935302734
model_26.pt,NCBIGene:3162,predicate:15,MONDO:0000831,NCBIGene:51128,predicate:1,NCBIGene:2288,0.0
model_26.pt,PUBCHEM.COMPOUND:10578760,predicate:0,NCBIGene:29580,NCBIGene:51128,predicate:1,NCBIGene:2288,0.0
model_26.pt,NCBIGene:56893,predicate:9,NCBIGene:7316,NCBIGene:51128,predicate:1,NCBIGene:2288,0.0
model_26.pt,CHEBI:93205,predicate:23,NCBIGene:8743,NCBIGene:51128,predicate:1,NCBIGene:2288,0.0
model_26.pt,NCBIGene:1147,predicate:1,NCBIGene:57162,NCBIGene:51128,predicate:1,NCBIGene:2288,-7.419782638549805
model_26.pt,PUBCHEM.COMPOUND:137226420,predicate:0,NCBIGene:760,NCBIGene:51128,predicate:1,NCBIGene:2288,0.0
model_26.pt,MONDO:0010691,predicate:13,HP:0007957,NCBIGene:51128,predicate:1,NCBIGene:2288,0.0
model_26.pt,NCBIGene:51372,predicate:1,NCBIGene:6202,NCBIGene:51128,predicate:1,NCBIGene:2288,26.850910186767578
model_26.pt,NCBIGene:25865,predicate:8,NCBIGene:23212,NCBIGene:51128,predicate:1,NCBIGene:2288,0.0
model_26.pt,PUBCHEM.COMPOUND:122196132,predicate:0,NCBIGene:7941,NCBIGene:51128,predicate:1,NCBIGene:2288,0.0
model_26.pt,NCBIGene:84283,predicate:1,NCBIGene:51458,NCBIGene:51128,predicate:1,NCBIGene:2288,-10.711661338806152
model_26.pt,NCBIGene:84365,predicate:1,NCBIGene:4236,NCBIGene:51128,predicate:1,NCBIGene:2288,-75.85470581054688
model_26.pt,CHEBI:8499,predicate:16,MONDO:0001382,NCBIGene:51128,predicate:1,NCBIGene:2288,0.0
model_26.pt,NCBIGene:850551,predicate:3,NCBIGene:856863,NCBIGene:51128,predicate:1,NCBIGene:2288,0.0
model_26.pt,NCBIGene:181271,predicate:3,NCBIGene:190925,NCBIGene:51128,predicate:1,NCBIGene:2288,0.0
model_26.pt,NCBIGene:151056,predicate:4,PUBCHEM.COMPOUND:131761197,NCBIGene:51128,predicate:1,NCBIGene:2288,0.0
model_26.pt,CHEBI:18152,predicate:9,NCBIGene:54498,NCBIGene:51128,predicate:1,NCBIGene:2288,0.0
model_26.pt,NCBIGene:29949,predicate:15,MONDO:0005011,NCBIGene:51128,predicate:1,NCBIGene:2288,0.0
model_26.pt,NCBIGene:173731,predicate:19,CHEBI:31823,NCBIGene:51128,predicate:1,NCBIGene:2288,0.0
model_26.pt,PUBCHEM.COMPOUND:44176335,predicate:0,NCBIGene:331,NCBIGene:51128,predicate:1,NCBIGene:2288,0.0
model_26.pt,PUBCHEM.COMPOUND:49864838,predicate:10,NCBIGene:834,NCBIGene:51128,predicate:1,NCBIGene:2288,0.0
model_26.pt,NCBIGene:10221,predicate:8,NCBIGene:22908,NCBIGene:51128,predicate:1,NCBIGene:2288,0.0
model_26.pt,CHEBI:46345,predicate:7,NCBIGene:6581,NCBIGene:51128,predicate:1,NCBIGene:2288,0.0
model_26.pt,NCBIGene:375035,predicate:3,NCBIGene:80346,NCBIGene:51128,predicate:1,NCBIGene:2288,0.0
model_10.pt,MONDO:0012176,predicate:13,HP:0003028,MONDO:0008538,predicate:13,HP:0003565,-19.448795318603516
model_10.pt,CHEBI:6809,predicate:9,NCBIGene:8061,MONDO:0008538,predicate:13,HP:0003565,0.0
model_10.pt,PUBCHEM.COMPOUND:1113514,predicate:0,NCBIGene:946552,MONDO:0008538,predicate:13,HP:0003565,0.0
model_10.pt,PUBCHEM.COMPOUND:137636752,predicate:0,NCBIGene:3065,MONDO:0008538,predicate:13,HP:0003565,0.0
model_10.pt,CHEBI:367163,predicate:16,MONDO:0015691,MONDO:0008538,predicate:13,HP:0003565,0.0
model_10.pt,PUBCHEM.COMPOUND:130200977,predicate:10,NCBIGene:4988,MONDO:0008538,predicate:13,HP:0003565,0.0
model_10.pt,NCBIGene:78987,predicate:3,NCBIGene:92255,MONDO:0008538,predicate:13,HP:0003565,0.0
model_10.pt,NCBIGene:6352,predicate:36,NCBIGene:1234,MONDO:0008538,predicate:13,HP:0003565,0.0
model_10.pt,CHEBI:6443,predicate:7,NCBIGene:8644,MONDO:0008538,predicate:13,HP:0003565,0.0
model_10.pt,DRUGBANK:DB11158,predicate:12,MONDO:0005147,MONDO:0008538,predicate:13,HP:0003565,0.0
model_10.pt,CHEBI:5000,predicate:12,MONDO:0001076,MONDO:0008538,predicate:13,HP:0003565,0.0
model_10.pt,NCBIGene:8089,predicate:3,NCBIGene:26122,MONDO:0008538,predicate:13,HP:0003565,0.0
model_10.pt,NCBIGene:10400,predicate:4,PUBCHEM.COMPOUND:52924335,MONDO:0008538,predicate:13,HP:0003565,0.0
model_10.pt,NCBIGene:10618,predicate:3,NCBIGene:54887,MONDO:0008538,predicate:13,HP:0003565,0.0
model_10.pt,NCBIGene:3308,predicate:15,MONDO:0005559,MONDO:0008538,predicate:13,HP:0003565,0.0
model_10.pt,CHEBI:17351,predicate:7,NCBIGene:5315,MONDO:0008538,predicate:13,HP:0003565,0.0
model_10.pt,CHEMBL.COMPOUND:CHEMBL4747062,predicate:0,NCBIGene:23028,MONDO:0008538,predicate:13,HP:0003565,0.0
model_10.pt,CHEBI:16842,predicate:9,NCBIGene:3557,MONDO:0008538,predicate:13,HP:0003565,0.0
model_10.pt,NCBIGene:4616,predicate:1,NCBIGene:2034,MONDO:0008538,predicate:13,HP:0003565,0.0
model_10.pt,NCBIGene:10201,predicate:1,NCBIGene:6154,MONDO:0008538,predicate:13,HP:0003565,0.0
model_10.pt,NCBIGene:794,predicate:6,NCBIGene:7135,MONDO:0008538,predicate:13,HP:0003565,0.0
model_10.pt,NCBIGene:50834,predicate:1,NCBIGene:403277,MONDO:0008538,predicate:13,HP:0003565,0.0
model_10.pt,CHEBI:3755,predicate:2,MONDO:0007263,MONDO:0008538,predicate:13,HP:0003565,0.0
model_10.pt,PUBCHEM.COMPOUND:131762323,predicate:5,NCBIGene:5407,MONDO:0008538,predicate:13,HP:0003565,0.0
model_10.pt,PUBCHEM.COMPOUND:54325967,predicate:0,NCBIGene:5468,MONDO:0008538,predicate:13,HP:0003565,0.0
model_10.pt,CHEBI:64354,predicate:0,NCBIGene:6559,MONDO:0008538,predicate:13,HP:0003565,0.0
model_10.pt,CHEBI:44423,predicate:7,NCBIGene:3162,MONDO:0008538,predicate:13,HP:0003565,0.0
model_10.pt,NCBIGene:113174,predicate:10,NCBIGene:100528017,MONDO:0008538,predicate:13,HP:0003565,0.0
model_10.pt,NCBIGene:4502,predicate:1,NCBIGene:10912,MONDO:0008538,predicate:13,HP:0003565,0.0
model_10.pt,NCBIGene:5321,predicate:4,PUBCHEM.COMPOUND:53478731,MONDO:0008538,predicate:13,HP:0003565,0.0
model_10.pt,CHEBI:3755,predicate:7,NCBIGene:2100,MONDO:0008538,predicate:13,HP:0003565,0.0
model_10.pt,NCBIGene:51741,predicate:13,HP:0000253,MONDO:0008538,predicate:13,HP:0003565,10.969167709350586
model_10.pt,CHEBI:156122,predicate:5,NCBIGene:23761,MONDO:0008538,predicate:13,HP:0003565,0.0
model_10.pt,NCBIGene:245865,predicate:3,NCBIGene:194974,MONDO:0008538,predicate:13,HP:0003565,0.0
model_10.pt,PUBCHEM.COMPOUND:127036977,predicate:0,NCBIGene:135,MONDO:0008538,predicate:13,HP:0003565,0.0
model_10.pt,PUBCHEM.COMPOUND:44433263,predicate:0,NCBIGene:1576,MONDO:0008538,predicate:13,HP:0003565,0.0
model_10.pt,CHEBI:16469,predicate:7,NCBIGene:10587,MONDO:0008538,predicate:13,HP:0003565,0.0
model_10.pt,PUBCHEM.COMPOUND:44314087,predicate:0,NCBIGene:4313,MONDO:0008538,predicate:13,HP:0003565,0.0
model_10.pt,PUBCHEM.COMPOUND:25093440,predicate:0,NCBIGene:1147,MONDO:0008538,predicate:13,HP:0003565,0.0
model_10.pt,NCBIGene:20962,predicate:3,NCBIGene:219150,MONDO:0008538,predicate:13,HP:0003565,0.0
model_10.pt,NCBIGene:23051,predicate:15,MONDO:0005068,MONDO:0008538,predicate:13,HP:0003565,0.0
model_10.pt,NCBIGene:10565,predicate:6,NCBIGene:284369,MONDO:0008538,predicate:13,HP:0003565,0.0
model_10.pt,PUBCHEM.COMPOUND:59268935,predicate:0,NCBIGene:1137,MONDO:0008538,predicate:13,HP:0003565,0.0
model_10.pt,NCBIGene:5903,predicate:1,NCBIGene:402569,MONDO:0008538,predicate:13,HP:0003565,0.0
model_10.pt,PUBCHEM.COMPOUND:57395067,predicate:0,NCBIGene:6531,MONDO:0008538,predicate:13,HP:0003565,0.0
model_10.pt,NCBIGene:852585,predicate:3,NCBIGene:855469,MONDO:0008538,predicate:13,HP:0003565,0.0
model_10.pt,NCBIGene:3976,predicate:9,NCBIGene:2526,MONDO:0008538,predicate:13,HP:0003565,0.0
model_10.pt,NCBIGene:928,predicate:1,NCBIGene:29952,MONDO:0008538,predicate:13,HP:0003565,0.0
model_10.pt,MONDO:0013171,predicate:13,MONDO:0001071,MONDO:0008538,predicate:13,HP:0003565,28.99898338317871
model_10.pt,NCBIGene:4634,predicate:1,NCBIGene:6445,MONDO:0008538,predicate:13,HP:0003565,0.0
model_10.pt,CHEBI:18293,predicate:12,HP:0001945,MONDO:0008538,predicate:13,HP:0003565,0.0
model_10.pt,UNII:5M691HL4BO,predicate:16,HP:0001288,MONDO:0008538,predicate:13,HP:0003565,0.0
model_10.pt,MONDO:0011122,predicate:10,NCBIGene:2673,MONDO:0008538,predicate:13,HP:0003565,0.0
model_10.pt,CHEBI:185383,predicate:5,NCBIGene:9514,MONDO:0008538,predicate:13,HP:0003565,0.0
model_10.pt,NCBIGene:4763,predicate:13,HP:0002857,MONDO:0008538,predicate:13,HP:0003565,44.658363342285156
model_10.pt,CHEBI:6121,predicate:7,NCBIGene:2335,MONDO:0008538,predicate:13,HP:0003565,0.0
model_10.pt,NCBIGene:4204,predicate:13,HP:0010864,MONDO:0008538,predicate:13,HP:0003565,6.756194114685059
model_10.pt,PUBCHEM.COMPOUND:5702107,predicate:23,NCBIGene:760,MONDO:0008538,predicate:13,HP:0003565,0.0
model_10.pt,NCBIGene:22976,predicate:9,NCBIGene:9519,MONDO:0008538,predicate:13,HP:0003565,0.0
model_10.pt,PUBCHEM.COMPOUND:9834864,predicate:14,NCBIGene:1137,MONDO:0008538,predicate:13,HP:0003565,0.0
model_10.pt,PUBCHEM.COMPOUND:44431492,predicate:10,NCBIGene:1815,MONDO:0008538,predicate:13,HP:0003565,0.0
model_10.pt,CHEBI:191001,predicate:18,NCBIGene:6422,MONDO:0008538,predicate:13,HP:0003565,0.0
model_10.pt,PUBCHEM.COMPOUND:25015107,predicate:0,NCBIGene:2260,MONDO:0008538,predicate:13,HP:0003565,0.0
model_10.pt,PUBCHEM.COMPOUND:131757266,predicate:5,NCBIGene:80168,MONDO:0008538,predicate:13,HP:0003565,0.0
model_10.pt,NCBIGene:23205,predicate:1,NCBIGene:11283,MONDO:0008538,predicate:13,HP:0003565,0.0
model_10.pt,NCBIGene:23054,predicate:1,NCBIGene:54617,MONDO:0008538,predicate:13,HP:0003565,0.0
model_10.pt,NCBIGene:10008,predicate:3,NCBIGene:4751,MONDO:0008538,predicate:13,HP:0003565,0.0
model_10.pt,NCBIGene:27183,predicate:1,NCBIGene:4904,MONDO:0008538,predicate:13,HP:0003565,0.0
model_10.pt,NCBIGene:5578,predicate:8,NCBIGene:85377,MONDO:0008538,predicate:13,HP:0003565,0.0
model_10.pt,NCBIGene:79165,predicate:1,NCBIGene:9704,MONDO:0008538,predicate:13,HP:0003565,0.0
model_10.pt,NCBIGene:2170,predicate:9,NCBIGene:8611,MONDO:0008538,predicate:13,HP:0003565,0.0
model_10.pt,NCBIGene:91748,predicate:1,NCBIGene:59345,MONDO:0008538,predicate:13,HP:0003565,0.0
model_10.pt,PUBCHEM.COMPOUND:155512592,predicate:0,NCBIGene:142,MONDO:0008538,predicate:13,HP:0003565,0.0
model_10.pt,NCBIGene:5663,predicate:7,NCBIGene:7158,MONDO:0008538,predicate:13,HP:0003565,0.0
model_10.pt,NCBIGene:4140,predicate:21,NCBIGene:7534,MONDO:0008538,predicate:13,HP:0003565,0.0
model_10.pt,NCBIGene:2475,predicate:1,NCBIGene:23456,MONDO:0008538,predicate:13,HP:0003565,0.0
model_10.pt,NCBIGene:3162,predicate:15,MONDO:0000831,MONDO:0008538,predicate:13,HP:0003565,0.0
model_10.pt,PUBCHEM.COMPOUND:10578760,predicate:0,NCBIGene:29580,MONDO:0008538,predicate:13,HP:0003565,0.0
model_10.pt,NCBIGene:56893,predicate:9,NCBIGene:7316,MONDO:0008538,predicate:13,HP:0003565,0.0
model_10.pt,CHEBI:93205,predicate:23,NCBIGene:8743,MONDO:0008538,predicate:13,HP:0003565,0.0
model_10.pt,NCBIGene:1147,predicate:1,NCBIGene:57162,MONDO:0008538,predicate:13,HP:0003565,0.0
model_10.pt,PUBCHEM.COMPOUND:137226420,predicate:0,NCBIGene:760,MONDO:0008538,predicate:13,HP:0003565,0.0
model_10.pt,MONDO:0010691,predicate:13,HP:0007957,MONDO:0008538,predicate:13,HP:0003565,4.672896385192871
model_10.pt,NCBIGene:51372,predicate:1,NCBIGene:6202,MONDO:0008538,predicate:13,HP:0003565,0.0
model_10.pt,NCBIGene:25865,predicate:8,NCBIGene:23212,MONDO:0008538,predicate:13,HP:0003565,0.0
model_10.pt,PUBCHEM.COMPOUND:122196132,predicate:0,NCBIGene:7941,MONDO:0008538,predicate:13,HP:0003565,0.0
model_10.pt,NCBIGene:84283,predicate:1,NCBIGene:51458,MONDO:0008538,predicate:13,HP:0003565,0.0
model_10.pt,NCBIGene:84365,predicate:1,NCBIGene:4236,MONDO:0008538,predicate:13,HP:0003565,0.0
model_10.pt,CHEBI:8499,predicate:16,MONDO:0001382,MONDO:0008538,predicate:13,HP:0003565,0.0
model_10.pt,NCBIGene:850551,predicate:3,NCBIGene:856863,MONDO:0008538,predicate:13,HP:0003565,0.0
model_10.pt,NCBIGene:181271,predicate:3,NCBIGene:190925,MONDO:0008538,predicate:13,HP:0003565,0.0
model_10.pt,NCBIGene:151056,predicate:4,PUBCHEM.COMPOUND:131761197,MONDO:0008538,predicate:13,HP:0003565,0.0
model_10.pt,CHEBI:18152,predicate:9,NCBIGene:54498,MONDO:0008538,predicate:13,HP:0003565,0.0
model_10.pt,NCBIGene:29949,predicate:15,MONDO:0005011,MONDO:0008538,predicate:13,HP:0003565,0.0
model_10.pt,NCBIGene:173731,predicate:19,CHEBI:31823,MONDO:0008538,predicate:13,HP:0003565,0.0
model_10.pt,PUBCHEM.COMPOUND:44176335,predicate:0,NCBIGene:331,MONDO:0008538,predicate:13,HP:0003565,0.0
model_10.pt,PUBCHEM.COMPOUND:49864838,predicate:10,NCBIGene:834,MONDO:0008538,predicate:13,HP:0003565,0.0
model_10.pt,NCBIGene:10221,predicate:8,NCBIGene:22908,MONDO:0008538,predicate:13,HP:0003565,0.0
model_10.pt,CHEBI:46345,predicate:7,NCBIGene:6581,MONDO:0008538,predicate:13,HP:0003565,0.0
model_10.pt,NCBIGene:375035,predicate:3,NCBIGene:80346,MONDO:0008538,predicate:13,HP:0003565,0.0
model_10.pt,MONDO:0012176,predicate:13,HP:0003028,NCBIGene:2297,predicate:1,NCBIGene:2304,0.0
model_10.pt,CHEBI:6809,predicate:9,NCBIGene:8061,NCBIGene:2297,predicate:1,NCBIGene:2304,0.0
model_10.pt,PUBCHEM.COMPOUND:1113514,predicate:0,NCBIGene:946552,NCBIGene:2297,predicate:1,NCBIGene:2304,0.0
model_10.pt,PUBCHEM.COMPOUND:137636752,predicate:0,NCBIGene:3065,NCBIGene:2297,predicate:1,NCBIGene:2304,0.0
model_10.pt,CHEBI:367163,predicate:16,MONDO:0015691,NCBIGene:2297,predicate:1,NCBIGene:2304,0.0
model_10.pt,PUBCHEM.COMPOUND:130200977,predicate:10,NCBIGene:4988,NCBIGene:2297,predicate:1,NCBIGene:2304,0.0
model_10.pt,NCBIGene:78987,predicate:3,NCBIGene:92255,NCBIGene:2297,predicate:1,NCBIGene:2304,0.0
model_10.pt,NCBIGene:6352,predicate:36,NCBIGene:1234,NCBIGene:2297,predicate:1,NCBIGene:2304,0.0
model_10.pt,CHEBI:6443,predicate:7,NCBIGene:8644,NCBIGene:2297,predicate:1,NCBIGene:2304,0.0
model_10.pt,DRUGBANK:DB11158,predicate:12,MONDO:0005147,NCBIGene:2297,predicate:1,NCBIGene:2304,0.0
model_10.pt,CHEBI:5000,predicate:12,MONDO:0001076,NCBIGene:2297,predicate:1,NCBIGene:2304,0.0
model_10.pt,NCBIGene:8089,predicate:3,NCBIGene:26122,NCBIGene:2297,predicate:1,NCBIGene:2304,0.0
model_10.pt,NCBIGene:10400,predicate:4,PUBCHEM.COMPOUND:52924335,NCBIGene:2297,predicate:1,NCBIGene:2304,0.0
model_10.pt,NCBIGene:10618,predicate:3,NCBIGene:54887,NCBIGene:2297,predicate:1,NCBIGene:2304,0.0
model_10.pt,NCBIGene:3308,predicate:15,MONDO:0005559,NCBIGene:2297,predicate:1,NCBIGene:2304,0.0
model_10.pt,CHEBI:17351,predicate:7,NCBIGene:5315,NCBIGene:2297,predicate:1,NCBIGene:2304,0.0
model_10.pt,CHEMBL.COMPOUND:CHEMBL4747062,predicate:0,NCBIGene:23028,NCBIGene:2297,predicate:1,NCBIGene:2304,0.0
model_10.pt,CHEBI:16842,predicate:9,NCBIGene:3557,NCBIGene:2297,predicate:1,NCBIGene:2304,0.0
model_10.pt,NCBIGene:4616,predicate:1,NCBIGene:2034,NCBIGene:2297,predicate:1,NCBIGene:2304,-20.322336196899414
model_10.pt,NCBIGene:10201,predicate:1,NCBIGene:6154,NCBIGene:2297,predicate:1,NCBIGene:2304,-33.08588790893555
model_10.pt,NCBIGene:794,predicate:6,NCBIGene:7135,NCBIGene:2297,predicate:1,NCBIGene:2304,0.0
model_10.pt,NCBIGene:50834,predicate:1,NCBIGene:403277,NCBIGene:2297,predicate:1,NCBIGene:2304,-23.157779693603516
model_10.pt,CHEBI:3755,predicate:2,MONDO:0007263,NCBIGene:2297,predicate:1,NCBIGene:2304,0.0
model_10.pt,PUBCHEM.COMPOUND:131762323,predicate:5,NCBIGene:5407,NCBIGene:2297,predicate:1,NCBIGene:2304,0.0
model_10.pt,PUBCHEM.COMPOUND:54325967,predicate:0,NCBIGene:5468,NCBIGene:2297,predicate:1,NCBIGene:2304,0.0
model_10.pt,CHEBI:64354,predicate:0,NCBIGene:6559,NCBIGene:2297,predicate:1,NCBIGene:2304,0.0
model_10.pt,CHEBI:44423,predicate:7,NCBIGene:3162,NCBIGene:2297,predicate:1,NCBIGene:2304,0.0
model_10.pt,NCBIGene:113174,predicate:10,NCBIGene:100528017,NCBIGene:2297,predicate:1,NCBIGene:2304,0.0
model_10.pt,NCBIGene:4502,predicate:1,NCBIGene:10912,NCBIGene:2297,predicate:1,NCBIGene:2304,50.25960159301758
model_10.pt,NCBIGene:5321,predicate:4,PUBCHEM.COMPOUND:53478731,NCBIGene:2297,predicate:1,NCBIGene:2304,0.0
model_10.pt,CHEBI:3755,predicate:7,NCBIGene:2100,NCBIGene:2297,predicate:1,NCBIGene:2304,0.0
model_10.pt,NCBIGene:51741,predicate:13,HP:0000253,NCBIGene:2297,predicate:1,NCBIGene:2304,0.0
model_10.pt,CHEBI:156122,predicate:5,NCBIGene:23761,NCBIGene:2297,predicate:1,NCBIGene:2304,0.0
model_10.pt,NCBIGene:245865,predicate:3,NCBIGene:194974,NCBIGene:2297,predicate:1,NCBIGene:2304,0.0
model_10.pt,PUBCHEM.COMPOUND:127036977,predicate:0,NCBIGene:135,NCBIGene:2297,predicate:1,NCBIGene:2304,0.0
model_10.pt,PUBCHEM.COMPOUND:44433263,predicate:0,NCBIGene:1576,NCBIGene:2297,predicate:1,NCBIGene:2304,0.0
model_10.pt,CHEBI:16469,predicate:7,NCBIGene:10587,NCBIGene:2297,predicate:1,NCBIGene:2304,0.0
model_10.pt,PUBCHEM.COMPOUND:44314087,predicate:0,NCBIGene:4313,NCBIGene:2297,predicate:1,NCBIGene:2304,0.0
model_10.pt,PUBCHEM.COMPOUND:25093440,predicate:0,NCBIGene:1147,NCBIGene:2297,predicate:1,NCBIGene:2304,0.0
model_10.pt,NCBIGene:20962,predicate:3,NCBIGene:219150,NCBIGene:2297,predicate:1,NCBIGene:2304,0.0
model_10.pt,NCBIGene:23051,predicate:15,MONDO:0005068,NCBIGene:2297,predicate:1,NCBIGene:2304,0.0
model_10.pt,NCBIGene:10565,predicate:6,NCBIGene:284369,NCBIGene:2297,predicate:1,NCBIGene:2304,0.0
model_10.pt,PUBCHEM.COMPOUND:59268935,predicate:0,NCBIGene:1137,NCBIGene:2297,predicate:1,NCBIGene:2304,0.0
model_10.pt,NCBIGene:5903,predicate:1,NCBIGene:402569,NCBIGene:2297,predicate:1,NCBIGene:2304,10.672515869140625
model_10.pt,PUBCHEM.COMPOUND:57395067,predicate:0,NCBIGene:6531,NCBIGene:2297,predicate:1,NCBIGene:2304,0.0
model_10.pt,NCBIGene:852585,predicate:3,NCBIGene:855469,NCBIGene:2297,predicate:1,NCBIGene:2304,0.0
model_10.pt,NCBIGene:3976,predicate:9,NCBIGene:2526,NCBIGene:2297,predicate:1,NCBIGene:2304,0.0
model_10.pt,NCBIGene:928,predicate:1,NCBIGene:29952,NCBIGene:2297,predicate:1,NCBIGene:2304,-59.046939849853516
model_10.pt,MONDO:0013171,predicate:13,MONDO:0001071,NCBIGene:2297,predicate:1,NCBIGene:2304,0.0
model_10.pt,NCBIGene:4634,predicate:1,NCBIGene:6445,NCBIGene:2297,predicate:1,NCBIGene:2304,-16.18851089477539
model_10.pt,CHEBI:18293,predicate:12,HP:0001945,NCBIGene:2297,predicate:1,NCBIGene:2304,0.0
model_10.pt,UNII:5M691HL4BO,predicate:16,HP:0001288,NCBIGene:2297,predicate:1,NCBIGene:2304,0.0
model_10.pt,MONDO:0011122,predicate:10,NCBIGene:2673,NCBIGene:2297,predicate:1,NCBIGene:2304,0.0
model_10.pt,CHEBI:185383,predicate:5,NCBIGene:9514,NCBIGene:2297,predicate:1,NCBIGene:2304,0.0
model_10.pt,NCBIGene:4763,predicate:13,HP:0002857,NCBIGene:2297,predicate:1,NCBIGene:2304,0.0
model_10.pt,CHEBI:6121,predicate:7,NCBIGene:2335,NCBIGene:2297,predicate:1,NCBIGene:2304,0.0
model_10.pt,NCBIGene:4204,predicate:13,HP:0010864,NCBIGene:2297,predicate:1,NCBIGene:2304,0.0
model_10.pt,PUBCHEM.COMPOUND:5702107,predicate:23,NCBIGene:760,NCBIGene:2297,predicate:1,NCBIGene:2304,0.0
model_10.pt,NCBIGene:22976,predicate:9,NCBIGene:9519,NCBIGene:2297,predicate:1,NCBIGene:2304,0.0
model_10.pt,PUBCHEM.COMPOUND:9834864,predicate:14,NCBIGene:1137,NCBIGene:2297,predicate:1,NCBIGene:2304,0.0
model_10.pt,PUBCHEM.COMPOUND:44431492,predicate:10,NCBIGene:1815,NCBIGene:2297,predicate:1,NCBIGene:2304,0.0
model_10.pt,CHEBI:191001,predicate:18,NCBIGene:6422,NCBIGene:2297,predicate:1,NCBIGene:2304,0.0
model_10.pt,PUBCHEM.COMPOUND:25015107,predicate:0,NCBIGene:2260,NCBIGene:2297,predicate:1,NCBIGene:2304,0.0
model_10.pt,PUBCHEM.COMPOUND:131757266,predicate:5,NCBIGene:80168,NCBIGene:2297,predicate:1,NCBIGene:2304,0.0
model_10.pt,NCBIGene:23205,predicate:1,NCBIGene:11283,NCBIGene:2297,predicate:1,NCBIGene:2304,43.029170989990234
model_10.pt,NCBIGene:23054,predicate:1,NCBIGene:54617,NCBIGene:2297,predicate:1,NCBIGene:2304,21.296640396118164
model_10.pt,NCBIGene:10008,predicate:3,NCBIGene:4751,NCBIGene:2297,predicate:1,NCBIGene:2304,0.0
model_10.pt,NCBIGene:27183,predicate:1,NCBIGene:4904,NCBIGene:2297,predicate:1,NCBIGene:2304,12.38727855682373
model_10.pt,NCBIGene:5578,predicate:8,NCBIGene:85377,NCBIGene:2297,predicate:1,NCBIGene:2304,0.0
model_10.pt,NCBIGene:79165,predicate:1,NCBIGene:9704,NCBIGene:2297,predicate:1,NCBIGene:2304,13.584083557128906
model_10.pt,NCBIGene:2170,predicate:9,NCBIGene:8611,NCBIGene:2297,predicate:1,NCBIGene:2304,0.0
model_10.pt,NCBIGene:91748,predicate:1,NCBIGene:59345,NCBIGene:2297,predicate:1,NCBIGene:2304,0.8964958190917969
model_10.pt,PUBCHEM.COMPOUND:155512592,predicate:0,NCBIGene:142,NCBIGene:2297,predicate:1,NCBIGene:2304,0.0
model_10.pt,NCBIGene:5663,predicate:7,NCBIGene:7158,NCBIGene:2297,predicate:1,NCBIGene:2304,0.0
model_10.pt,NCBIGene:4140,predicate:21,NCBIGene:7534,NCBIGene:2297,predicate:1,NCBIGene:2304,0.0
model_10.pt,NCBIGene:2475,predicate:1,NCBIGene:23456,NCBIGene:2297,predicate:1,NCBIGene:2304,16.821611404418945
model_10.pt,NCBIGene:3162,predicate:15,MONDO:0000831,NCBIGene:2297,predicate:1,NCBIGene:2304,0.0
model_10.pt,PUBCHEM.COMPOUND:10578760,predicate:0,NCBIGene:29580,NCBIGene:2297,predicate:1,NCBIGene:2304,0.0
model_10.pt,NCBIGene:56893,predicate:9,NCBIGene:7316,NCBIGene:2297,predicate:1,NCBIGene:2304,0.0
model_10.pt,CHEBI:93205,predicate:23,NCBIGene:8743,NCBIGene:2297,predicate:1,NCBIGene:2304,0.0
model_10.pt,NCBIGene:1147,predicate:1,NCBIGene:57162,NCBIGene:2297,predicate:1,NCBIGene:2304,-84.48902893066406
model_10.pt,PUBCHEM.COMPOUND:137226420,predicate:0,NCBIGene:760,NCBIGene:2297,predicate:1,NCBIGene:2304,0.0
model_10.pt,MONDO:0010691,predicate:13,HP:0007957,NCBIGene:2297,predicate:1,NCBIGene:2304,0.0
model_10.pt,NCBIGene:51372,predicate:1,NCBIGene:6202,NCBIGene:2297,predicate:1,NCBIGene:2304,-13.250771522521973
model_10.pt,NCBIGene:25865,predicate:8,NCBIGene:23212,NCBIGene:2297,predicate:1,NCBIGene:2304,0.0
model_10.pt,PUBCHEM.COMPOUND:122196132,predicate:0,NCBIGene:7941,NCBIGene:2297,predicate:1,NCBIGene:2304,0.0
model_10.pt,NCBIGene:84283,predicate:1,NCBIGene:51458,NCBIGene:2297,predicate:1,NCBIGene:2304,51.41496276855469
model_10.pt,NCBIGene:84365,predicate:1,NCBIGene:4236,NCBIGene:2297,predicate:1,NCBIGene:2304,-2.3651676177978516
model_10.pt,CHEBI:8499,predicate:16,MONDO:0001382,NCBIGene:2297,predicate:1,NCBIGene:2304,0.0
model_10.pt,NCBIGene:850551,predicate:3,NCBIGene:856863,NCBIGene:2297,predicate:1,NCBIGene:2304,0.0
model_10.pt,NCBIGene:181271,predicate:3,NCBIGene:190925,NCBIGene:2297,predicate:1,NCBIGene:2304,0.0
model_10.pt,NCBIGene:151056,predicate:4,PUBCHEM.COMPOUND:131761197,NCBIGene:2297,predicate:1,NCBIGene:2304,0.0
model_10.pt,CHEBI:18152,predicate:9,NCBIGene:54498,NCBIGene:2297,predicate:1,NCBIGene:2304,0.0
model_10.pt,NCBIGene:29949,predicate:15,MONDO:0005011,NCBIGene:2297,predicate:1,NCBIGene:2304,0.0
model_10.pt,NCBIGene:173731,predicate:19,CHEBI:31823,NCBIGene:2297,predicate:1,NCBIGene:2304,0.0
model_10.pt,PUBCHEM.COMPOUND:44176335,predicate:0,NCBIGene:331,NCBIGene:2297,predicate:1,NCBIGene:2304,0.0
model_10.pt,PUBCHEM.COMPOUND:49864838,predicate:10,NCBIGene:834,NCBIGene:2297,predicate:1,NCBIGene:2304,0.0
model_10.pt,NCBIGene:10221,predicate:8,NCBIGene:22908,NCBIGene:2297,predicate:1,NCBIGene:2304,0.0
model_10.pt,CHEBI:46345,predicate:7,NCBIGene:6581,NCBIGene:2297,predicate:1,NCBIGene:2304,0.0
model_10.pt,NCBIGene:375035,predicate:3,NCBIGene:80346,NCBIGene:2297,predicate:1,NCBIGene:2304,0.0
model_10.pt,MONDO:0012176,predicate:13,HP:0003028,CHEBI:5781,predicate:16,HP:0002239,0.0
model_10.pt,CHEBI:6809,predicate:9,NCBIGene:8061,CHEBI:5781,predicate:16,HP:0002239,0.0
model_10.pt,PUBCHEM.COMPOUND:1113514,predicate:0,NCBIGene:946552,CHEBI:5781,predicate:16,HP:0002239,0.0
model_10.pt,PUBCHEM.COMPOUND:137636752,predicate:0,NCBIGene:3065,CHEBI:5781,predicate:16,HP:0002239,0.0
model_10.pt,CHEBI:367163,predicate:16,MONDO:0015691,CHEBI:5781,predicate:16,HP:0002239,54.90258026123047
model_10.pt,PUBCHEM.COMPOUND:130200977,predicate:10,NCBIGene:4988,CHEBI:5781,predicate:16,HP:0002239,0.0
model_10.pt,NCBIGene:78987,predicate:3,NCBIGene:92255,CHEBI:5781,predicate:16,HP:0002239,0.0
model_10.pt,NCBIGene:6352,predicate:36,NCBIGene:1234,CHEBI:5781,predicate:16,HP:0002239,0.0
model_10.pt,CHEBI:6443,predicate:7,NCBIGene:8644,CHEBI:5781,predicate:16,HP:0002239,0.0
model_10.pt,DRUGBANK:DB11158,predicate:12,MONDO:0005147,CHEBI:5781,predicate:16,HP:0002239,0.0
model_10.pt,CHEBI:5000,predicate:12,MONDO:0001076,CHEBI:5781,predicate:16,HP:0002239,0.0
model_10.pt,NCBIGene:8089,predicate:3,NCBIGene:26122,CHEBI:5781,predicate:16,HP:0002239,0.0
model_10.pt,NCBIGene:10400,predicate:4,PUBCHEM.COMPOUND:52924335,CHEBI:5781,predicate:16,HP:0002239,0.0
model_10.pt,NCBIGene:10618,predicate:3,NCBIGene:54887,CHEBI:5781,predicate:16,HP:0002239,0.0
model_10.pt,NCBIGene:3308,predicate:15,MONDO:0005559,CHEBI:5781,predicate:16,HP:0002239,0.0
model_10.pt,CHEBI:17351,predicate:7,NCBIGene:5315,CHEBI:5781,predicate:16,HP:0002239,0.0
model_10.pt,CHEMBL.COMPOUND:CHEMBL4747062,predicate:0,NCBIGene:23028,CHEBI:5781,predicate:16,HP:0002239,0.0
model_10.pt,CHEBI:16842,predicate:9,NCBIGene:3557,CHEBI:5781,predicate:16,HP:0002239,0.0
model_10.pt,NCBIGene:4616,predicate:1,NCBIGene:2034,CHEBI:5781,predicate:16,HP:0002239,0.0
model_10.pt,NCBIGene:10201,predicate:1,NCBIGene:6154,CHEBI:5781,predicate:16,HP:0002239,0.0
model_10.pt,NCBIGene:794,predicate:6,NCBIGene:7135,CHEBI:5781,predicate:16,HP:0002239,0.0
model_10.pt,NCBIGene:50834,predicate:1,NCBIGene:403277,CHEBI:5781,predicate:16,HP:0002239,0.0
model_10.pt,CHEBI:3755,predicate:2,MONDO:0007263,CHEBI:5781,predicate:16,HP:0002239,0.0
model_10.pt,PUBCHEM.COMPOUND:131762323,predicate:5,NCBIGene:5407,CHEBI:5781,predicate:16,HP:0002239,0.0
model_10.pt,PUBCHEM.COMPOUND:54325967,predicate:0,NCBIGene:5468,CHEBI:5781,predicate:16,HP:0002239,0.0
model_10.pt,CHEBI:64354,predicate:0,NCBIGene:6559,CHEBI:5781,predicate:16,HP:0002239,0.0
model_10.pt,CHEBI:44423,predicate:7,NCBIGene:3162,CHEBI:5781,predicate:16,HP:0002239,0.0
model_10.pt,NCBIGene:113174,predicate:10,NCBIGene:100528017,CHEBI:5781,predicate:16,HP:0002239,0.0
model_10.pt,NCBIGene:4502,predicate:1,NCBIGene:10912,CHEBI:5781,predicate:16,HP:0002239,0.0
model_10.pt,NCBIGene:5321,predicate:4,PUBCHEM.COMPOUND:53478731,CHEBI:5781,predicate:16,HP:0002239,0.0
model_10.pt,CHEBI:3755,predicate:7,NCBIGene:2100,CHEBI:5781,predicate:16,HP:0002239,0.0
model_10.pt,NCBIGene:51741,predicate:13,HP:0000253,CHEBI:5781,predicate:16,HP:0002239,0.0
model_10.pt,CHEBI:156122,predicate:5,NCBIGene:23761,CHEBI:5781,predicate:16,HP:0002239,0.0
model_10.pt,NCBIGene:245865,predicate:3,NCBIGene:194974,CHEBI:5781,predicate:16,HP:0002239,0.0
model_10.pt,PUBCHEM.COMPOUND:127036977,predicate:0,NCBIGene:135,CHEBI:5781,predicate:16,HP:0002239,0.0
model_10.pt,PUBCHEM.COMPOUND:44433263,predicate:0,NCBIGene:1576,CHEBI:5781,predicate:16,HP:0002239,0.0
model_10.pt,CHEBI:16469,predicate:7,NCBIGene:10587,CHEBI:5781,predicate:16,HP:0002239,0.0
model_10.pt,PUBCHEM.COMPOUND:44314087,predicate:0,NCBIGene:4313,CHEBI:5781,predicate:16,HP:0002239,0.0
model_10.pt,PUBCHEM.COMPOUND:25093440,predicate:0,NCBIGene:1147,CHEBI:5781,predicate:16,HP:0002239,0.0
model_10.pt,NCBIGene:20962,predicate:3,NCBIGene:219150,CHEBI:5781,predicate:16,HP:0002239,0.0
model_10.pt,NCBIGene:23051,predicate:15,MONDO:0005068,CHEBI:5781,predicate:16,HP:0002239,0.0
model_10.pt,NCBIGene:10565,predicate:6,NCBIGene:284369,CHEBI:5781,predicate:16,HP:0002239,0.0
model_10.pt,PUBCHEM.COMPOUND:59268935,predicate:0,NCBIGene:1137,CHEBI:5781,predicate:16,HP:0002239,0.0
model_10.pt,NCBIGene:5903,predicate:1,NCBIGene:402569,CHEBI:5781,predicate:16,HP:0002239,0.0
model_10.pt,PUBCHEM.COMPOUND:57395067,predicate:0,NCBIGene:6531,CHEBI:5781,predicate:16,HP:0002239,0.0
model_10.pt,NCBIGene:852585,predicate:3,NCBIGene:855469,CHEBI:5781,predicate:16,HP:0002239,0.0
model_10.pt,NCBIGene:3976,predicate:9,NCBIGene:2526,CHEBI:5781,predicate:16,HP:0002239,0.0
model_10.pt,NCBIGene:928,predicate:1,NCBIGene:29952,CHEBI:5781,predicate:16,HP:0002239,0.0
model_10.pt,MONDO:0013171,predicate:13,MONDO:0001071,CHEBI:5781,predicate:16,HP:0002239,0.0
model_10.pt,NCBIGene:4634,predicate:1,NCBIGene:6445,CHEBI:5781,predicate:16,HP:0002239,0.0
model_10.pt,CHEBI:18293,predicate:12,HP:0001945,CHEBI:5781,predicate:16,HP:0002239,0.0
model_10.pt,UNII:5M691HL4BO,predicate:16,HP:0001288,CHEBI:5781,predicate:16,HP:0002239,70.41957092285156
model_10.pt,MONDO:0011122,predicate:10,NCBIGene:2673,CHEBI:5781,predicate:16,HP:0002239,0.0
model_10.pt,CHEBI:185383,predicate:5,NCBIGene:9514,CHEBI:5781,predicate:16,HP:0002239,0.0
model_10.pt,NCBIGene:4763,predicate:13,HP:0002857,CHEBI:5781,predicate:16,HP:0002239,0.0
model_10.pt,CHEBI:6121,predicate:7,NCBIGene:2335,CHEBI:5781,predicate:16,HP:0002239,0.0
model_10.pt,NCBIGene:4204,predicate:13,HP:0010864,CHEBI:5781,predicate:16,HP:0002239,0.0
model_10.pt,PUBCHEM.COMPOUND:5702107,predicate:23,NCBIGene:760,CHEBI:5781,predicate:16,HP:0002239,0.0
model_10.pt,NCBIGene:22976,predicate:9,NCBIGene:9519,CHEBI:5781,predicate:16,HP:0002239,0.0
model_10.pt,PUBCHEM.COMPOUND:9834864,predicate:14,NCBIGene:1137,CHEBI:5781,predicate:16,HP:0002239,0.0
model_10.pt,PUBCHEM.COMPOUND:44431492,predicate:10,NCBIGene:1815,CHEBI:5781,predicate:16,HP:0002239,0.0
model_10.pt,CHEBI:191001,predicate:18,NCBIGene:6422,CHEBI:5781,predicate:16,HP:0002239,0.0
model_10.pt,PUBCHEM.COMPOUND:25015107,predicate:0,NCBIGene:2260,CHEBI:5781,predicate:16,HP:0002239,0.0
model_10.pt,PUBCHEM.COMPOUND:131757266,predicate:5,NCBIGene:80168,CHEBI:5781,predicate:16,HP:0002239,0.0
model_10.pt,NCBIGene:23205,predicate:1,NCBIGene:11283,CHEBI:5781,predicate:16,HP:0002239,0.0
model_10.pt,NCBIGene:23054,predicate:1,NCBIGene:54617,CHEBI:5781,predicate:16,HP:0002239,0.0
model_10.pt,NCBIGene:10008,predicate:3,NCBIGene:4751,CHEBI:5781,predicate:16,HP:0002239,0.0
model_10.pt,NCBIGene:27183,predicate:1,NCBIGene:4904,CHEBI:5781,predicate:16,HP:0002239,0.0
model_10.pt,NCBIGene:5578,predicate:8,NCBIGene:85377,CHEBI:5781,predicate:16,HP:0002239,0.0
model_10.pt,NCBIGene:79165,predicate:1,NCBIGene:9704,CHEBI:5781,predicate:16,HP:0002239,0.0
model_10.pt,NCBIGene:2170,predicate:9,NCBIGene:8611,CHEBI:5781,predicate:16,HP:0002239,0.0
model_10.pt,NCBIGene:91748,predicate:1,NCBIGene:59345,CHEBI:5781,predicate:16,HP:0002239,0.0
model_10.pt,PUBCHEM.COMPOUND:155512592,predicate:0,NCBIGene:142,CHEBI:5781,predicate:16,HP:0002239,0.0
model_10.pt,NCBIGene:5663,predicate:7,NCBIGene:7158,CHEBI:5781,predicate:16,HP:0002239,0.0
model_10.pt,NCBIGene:4140,predicate:21,NCBIGene:7534,CHEBI:5781,predicate:16,HP:0002239,0.0
model_10.pt,NCBIGene:2475,predicate:1,NCBIGene:23456,CHEBI:5781,predicate:16,HP:0002239,0.0
model_10.pt,NCBIGene:3162,predicate:15,MONDO:0000831,CHEBI:5781,predicate:16,HP:0002239,0.0
model_10.pt,PUBCHEM.COMPOUND:10578760,predicate:0,NCBIGene:29580,CHEBI:5781,predicate:16,HP:0002239,0.0
model_10.pt,NCBIGene:56893,predicate:9,NCBIGene:7316,CHEBI:5781,predicate:16,HP:0002239,0.0
model_10.pt,CHEBI:93205,predicate:23,NCBIGene:8743,CHEBI:5781,predicate:16,HP:0002239,0.0
model_10.pt,NCBIGene:1147,predicate:1,NCBIGene:57162,CHEBI:5781,predicate:16,HP:0002239,0.0
model_10.pt,PUBCHEM.COMPOUND:137226420,predicate:0,NCBIGene:760,CHEBI:5781,predicate:16,HP:0002239,0.0
model_10.pt,MONDO:0010691,predicate:13,HP:0007957,CHEBI:5781,predicate:16,HP:0002239,0.0
model_10.pt,NCBIGene:51372,predicate:1,NCBIGene:6202,CHEBI:5781,predicate:16,HP:0002239,0.0
model_10.pt,NCBIGene:25865,predicate:8,NCBIGene:23212,CHEBI:5781,predicate:16,HP:0002239,0.0
model_10.pt,PUBCHEM.COMPOUND:122196132,predicate:0,NCBIGene:7941,CHEBI:5781,predicate:16,HP:0002239,0.0
model_10.pt,NCBIGene:84283,predicate:1,NCBIGene:51458,CHEBI:5781,predicate:16,HP:0002239,0.0
model_10.pt,NCBIGene:84365,predicate:1,NCBIGene:4236,CHEBI:5781,predicate:16,HP:0002239,0.0
model_10.pt,CHEBI:8499,predicate:16,MONDO:0001382,CHEBI:5781,predicate:16,HP:0002239,50.234378814697266
model_10.pt,NCBIGene:850551,predicate:3,NCBIGene:856863,CHEBI:5781,predicate:16,HP:0002239,0.0
model_10.pt,NCBIGene:181271,predicate:3,NCBIGene:190925,CHEBI:5781,predicate:16,HP:0002239,0.0
model_10.pt,NCBIGene:151056,predicate:4,PUBCHEM.COMPOUND:131761197,CHEBI:5781,predicate:16,HP:0002239,0.0
model_10.pt,CHEBI:18152,predicate:9,NCBIGene:54498,CHEBI:5781,predicate:16,HP:0002239,0.0
model_10.pt,NCBIGene:29949,predicate:15,MONDO:0005011,CHEBI:5781,predicate:16,HP:0002239,0.0
model_10.pt,NCBIGene:173731,predicate:19,CHEBI:31823,CHEBI:5781,predicate:16,HP:0002239,0.0
model_10.pt,PUBCHEM.COMPOUND:44176335,predicate:0,NCBIGene:331,CHEBI:5781,predicate:16,HP:0002239,0.0
model_10.pt,PUBCHEM.COMPOUND:49864838,predicate:10,NCBIGene:834,CHEBI:5781,predicate:16,HP:0002239,0.0
model_10.pt,NCBIGene:10221,predicate:8,NCBIGene:22908,CHEBI:5781,predicate:16,HP:0002239,0.0
model_10.pt,CHEBI:46345,predicate:7,NCBIGene:6581,CHEBI:5781,predicate:16,HP:0002239,0.0
model_10.pt,NCBIGene:375035,predicate:3,NCBIGene:80346,CHEBI:5781,predicate:16,HP:0002239,0.0
model_10.pt,MONDO:0012176,predicate:13,HP:0003028,NCBIGene:2195,predicate:6,NCBIGene:4535,0.0
model_10.pt,CHEBI:6809,predicate:9,NCBIGene:8061,NCBIGene:2195,predicate:6,NCBIGene:4535,0.0
model_10.pt,PUBCHEM.COMPOUND:1113514,predicate:0,NCBIGene:946552,NCBIGene:2195,predicate:6,NCBIGene:4535,0.0
model_10.pt,PUBCHEM.COMPOUND:137636752,predicate:0,NCBIGene:3065,NCBIGene:2195,predicate:6,NCBIGene:4535,0.0
model_10.pt,CHEBI:367163,predicate:16,MONDO:0015691,NCBIGene:2195,predicate:6,NCBIGene:4535,0.0
model_10.pt,PUBCHEM.COMPOUND:130200977,predicate:10,NCBIGene:4988,NCBIGene:2195,predicate:6,NCBIGene:4535,0.0
model_10.pt,NCBIGene:78987,predicate:3,NCBIGene:92255,NCBIGene:2195,predicate:6,NCBIGene:4535,0.0
model_10.pt,NCBIGene:6352,predicate:36,NCBIGene:1234,NCBIGene:2195,predicate:6,NCBIGene:4535,0.0
model_10.pt,CHEBI:6443,predicate:7,NCBIGene:8644,NCBIGene:2195,predicate:6,NCBIGene:4535,0.0
model_10.pt,DRUGBANK:DB11158,predicate:12,MONDO:0005147,NCBIGene:2195,predicate:6,NCBIGene:4535,0.0
model_10.pt,CHEBI:5000,predicate:12,MONDO:0001076,NCBIGene:2195,predicate:6,NCBIGene:4535,0.0
model_10.pt,NCBIGene:8089,predicate:3,NCBIGene:26122,NCBIGene:2195,predicate:6,NCBIGene:4535,0.0
model_10.pt,NCBIGene:10400,predicate:4,PUBCHEM.COMPOUND:52924335,NCBIGene:2195,predicate:6,NCBIGene:4535,0.0
model_10.pt,NCBIGene:10618,predicate:3,NCBIGene:54887,NCBIGene:2195,predicate:6,NCBIGene:4535,0.0
model_10.pt,NCBIGene:3308,predicate:15,MONDO:0005559,NCBIGene:2195,predicate:6,NCBIGene:4535,0.0
model_10.pt,CHEBI:17351,predicate:7,NCBIGene:5315,NCBIGene:2195,predicate:6,NCBIGene:4535,0.0
model_10.pt,CHEMBL.COMPOUND:CHEMBL4747062,predicate:0,NCBIGene:23028,NCBIGene:2195,predicate:6,NCBIGene:4535,0.0
model_10.pt,CHEBI:16842,predicate:9,NCBIGene:3557,NCBIGene:2195,predicate:6,NCBIGene:4535,0.0
model_10.pt,NCBIGene:4616,predicate:1,NCBIGene:2034,NCBIGene:2195,predicate:6,NCBIGene:4535,0.0
model_10.pt,NCBIGene:10201,predicate:1,NCBIGene:6154,NCBIGene:2195,predicate:6,NCBIGene:4535,0.0
model_10.pt,NCBIGene:794,predicate:6,NCBIGene:7135,NCBIGene:2195,predicate:6,NCBIGene:4535,9.541765213012695
model_10.pt,NCBIGene:50834,predicate:1,NCBIGene:403277,NCBIGene:2195,predicate:6,NCBIGene:4535,0.0
model_10.pt,CHEBI:3755,predicate:2,MONDO:0007263,NCBIGene:2195,predicate:6,NCBIGene:4535,0.0
model_10.pt,PUBCHEM.COMPOUND:131762323,predicate:5,NCBIGene:5407,NCBIGene:2195,predicate:6,NCBIGene:4535,0.0
model_10.pt,PUBCHEM.COMPOUND:54325967,predicate:0,NCBIGene:5468,NCBIGene:2195,predicate:6,NCBIGene:4535,0.0
model_10.pt,CHEBI:64354,predicate:0,NCBIGene:6559,NCBIGene:2195,predicate:6,NCBIGene:4535,0.0
model_10.pt,CHEBI:44423,predicate:7,NCBIGene:3162,NCBIGene:2195,predicate:6,NCBIGene:4535,0.0
model_10.pt,NCBIGene:113174,predicate:10,NCBIGene:100528017,NCBIGene:2195,predicate:6,NCBIGene:4535,0.0
model_10.pt,NCBIGene:4502,predicate:1,NCBIGene:10912,NCBIGene:2195,predicate:6,NCBIGene:4535,0.0
model_10.pt,NCBIGene:5321,predicate:4,PUBCHEM.COMPOUND:53478731,NCBIGene:2195,predicate:6,NCBIGene:4535,0.0
model_10.pt,CHEBI:3755,predicate:7,NCBIGene:2100,NCBIGene:2195,predicate:6,NCBIGene:4535,0.0
model_10.pt,NCBIGene:51741,predicate:13,HP:0000253,NCBIGene:2195,predicate:6,NCBIGene:4535,0.0
model_10.pt,CHEBI:156122,predicate:5,NCBIGene:23761,NCBIGene:2195,predicate:6,NCBIGene:4535,0.0
model_10.pt,NCBIGene:245865,predicate:3,NCBIGene:194974,NCBIGene:2195,predicate:6,NCBIGene:4535,0.0
model_10.pt,PUBCHEM.COMPOUND:127036977,predicate:0,NCBIGene:135,NCBIGene:2195,predicate:6,NCBIGene:4535,0.0
model_10.pt,PUBCHEM.COMPOUND:44433263,predicate:0,NCBIGene:1576,NCBIGene:2195,predicate:6,NCBIGene:4535,0.0
model_10.pt,CHEBI:16469,predicate:7,NCBIGene:10587,NCBIGene:2195,predicate:6,NCBIGene:4535,0.0
model_10.pt,PUBCHEM.COMPOUND:44314087,predicate:0,NCBIGene:4313,NCBIGene:2195,predicate:6,NCBIGene:4535,0.0
model_10.pt,PUBCHEM.COMPOUND:25093440,predicate:0,NCBIGene:1147,NCBIGene:2195,predicate:6,NCBIGene:4535,0.0
model_10.pt,NCBIGene:20962,predicate:3,NCBIGene:219150,NCBIGene:2195,predicate:6,NCBIGene:4535,0.0
model_10.pt,NCBIGene:23051,predicate:15,MONDO:0005068,NCBIGene:2195,predicate:6,NCBIGene:4535,0.0
model_10.pt,NCBIGene:10565,predicate:6,NCBIGene:284369,NCBIGene:2195,predicate:6,NCBIGene:4535,-13.829254150390625
model_10.pt,PUBCHEM.COMPOUND:59268935,predicate:0,NCBIGene:1137,NCBIGene:2195,predicate:6,NCBIGene:4535,0.0
model_10.pt,NCBIGene:5903,predicate:1,NCBIGene:402569,NCBIGene:2195,predicate:6,NCBIGene:4535,0.0
model_10.pt,PUBCHEM.COMPOUND:57395067,predicate:0,NCBIGene:6531,NCBIGene:2195,predicate:6,NCBIGene:4535,0.0
model_10.pt,NCBIGene:852585,predicate:3,NCBIGene:855469,NCBIGene:2195,predicate:6,NCBIGene:4535,0.0
model_10.pt,NCBIGene:3976,predicate:9,NCBIGene:2526,NCBIGene:2195,predicate:6,NCBIGene:4535,0.0
model_10.pt,NCBIGene:928,predicate:1,NCBIGene:29952,NCBIGene:2195,predicate:6,NCBIGene:4535,0.0
model_10.pt,MONDO:0013171,predicate:13,MONDO:0001071,NCBIGene:2195,predicate:6,NCBIGene:4535,0.0
model_10.pt,NCBIGene:4634,predicate:1,NCBIGene:6445,NCBIGene:2195,predicate:6,NCBIGene:4535,0.0
model_10.pt,CHEBI:18293,predicate:12,HP:0001945,NCBIGene:2195,predicate:6,NCBIGene:4535,0.0
model_10.pt,UNII:5M691HL4BO,predicate:16,HP:0001288,NCBIGene:2195,predicate:6,NCBIGene:4535,0.0
model_10.pt,MONDO:0011122,predicate:10,NCBIGene:2673,NCBIGene:2195,predicate:6,NCBIGene:4535,0.0
model_10.pt,CHEBI:185383,predicate:5,NCBIGene:9514,NCBIGene:2195,predicate:6,NCBIGene:4535,0.0
model_10.pt,NCBIGene:4763,predicate:13,HP:0002857,NCBIGene:2195,predicate:6,NCBIGene:4535,0.0
model_10.pt,CHEBI:6121,predicate:7,NCBIGene:2335,NCBIGene:2195,predicate:6,NCBIGene:4535,0.0
model_10.pt,NCBIGene:4204,predicate:13,HP:0010864,NCBIGene:2195,predicate:6,NCBIGene:4535,0.0
model_10.pt,PUBCHEM.COMPOUND:5702107,predicate:23,NCBIGene:760,NCBIGene:2195,predicate:6,NCBIGene:4535,0.0
model_10.pt,NCBIGene:22976,predicate:9,NCBIGene:9519,NCBIGene:2195,predicate:6,NCBIGene:4535,0.0
model_10.pt,PUBCHEM.COMPOUND:9834864,predicate:14,NCBIGene:1137,NCBIGene:2195,predicate:6,NCBIGene:4535,0.0
model_10.pt,PUBCHEM.COMPOUND:44431492,predicate:10,NCBIGene:1815,NCBIGene:2195,predicate:6,NCBIGene:4535,0.0
model_10.pt,CHEBI:191001,predicate:18,NCBIGene:6422,NCBIGene:2195,predicate:6,NCBIGene:4535,0.0
model_10.pt,PUBCHEM.COMPOUND:25015107,predicate:0,NCBIGene:2260,NCBIGene:2195,predicate:6,NCBIGene:4535,0.0
model_10.pt,PUBCHEM.COMPOUND:131757266,predicate:5,NCBIGene:80168,NCBIGene:2195,predicate:6,NCBIGene:4535,0.0
model_10.pt,NCBIGene:23205,predicate:1,NCBIGene:11283,NCBIGene:2195,predicate:6,NCBIGene:4535,0.0
model_10.pt,NCBIGene:23054,predicate:1,NCBIGene:54617,NCBIGene:2195,predicate:6,NCBIGene:4535,0.0
model_10.pt,NCBIGene:10008,predicate:3,NCBIGene:4751,NCBIGene:2195,predicate:6,NCBIGene:4535,0.0
model_10.pt,NCBIGene:27183,predicate:1,NCBIGene:4904,NCBIGene:2195,predicate:6,NCBIGene:4535,0.0
model_10.pt,NCBIGene:5578,predicate:8,NCBIGene:85377,NCBIGene:2195,predicate:6,NCBIGene:4535,0.0
model_10.pt,NCBIGene:79165,predicate:1,NCBIGene:9704,NCBIGene:2195,predicate:6,NCBIGene:4535,0.0
model_10.pt,NCBIGene:2170,predicate:9,NCBIGene:8611,NCBIGene:2195,predicate:6,NCBIGene:4535,0.0
model_10.pt,NCBIGene:91748,predicate:1,NCBIGene:59345,NCBIGene:2195,predicate:6,NCBIGene:4535,0.0
model_10.pt,PUBCHEM.COMPOUND:155512592,predicate:0,NCBIGene:142,NCBIGene:2195,predicate:6,NCBIGene:4535,0.0
model_10.pt,NCBIGene:5663,predicate:7,NCBIGene:7158,NCBIGene:2195,predicate:6,NCBIGene:4535,0.0
model_10.pt,NCBIGene:4140,predicate:21,NCBIGene:7534,NCBIGene:2195,predicate:6,NCBIGene:4535,0.0
model_10.pt,NCBIGene:2475,predicate:1,NCBIGene:23456,NCBIGene:2195,predicate:6,NCBIGene:4535,0.0
model_10.pt,NCBIGene:3162,predicate:15,MONDO:0000831,NCBIGene:2195,predicate:6,NCBIGene:4535,0.0
model_10.pt,PUBCHEM.COMPOUND:10578760,predicate:0,NCBIGene:29580,NCBIGene:2195,predicate:6,NCBIGene:4535,0.0
model_10.pt,NCBIGene:56893,predicate:9,NCBIGene:7316,NCBIGene:2195,predicate:6,NCBIGene:4535,0.0
model_10.pt,CHEBI:93205,predicate:23,NCBIGene:8743,NCBIGene:2195,predicate:6,NCBIGene:4535,0.0
model_10.pt,NCBIGene:1147,predicate:1,NCBIGene:57162,NCBIGene:2195,predicate:6,NCBIGene:4535,0.0
model_10.pt,PUBCHEM.COMPOUND:137226420,predicate:0,NCBIGene:760,NCBIGene:2195,predicate:6,NCBIGene:4535,0.0
model_10.pt,MONDO:0010691,predicate:13,HP:0007957,NCBIGene:2195,predicate:6,NCBIGene:4535,0.0
model_10.pt,NCBIGene:51372,predicate:1,NCBIGene:6202,NCBIGene:2195,predicate:6,NCBIGene:4535,0.0
model_10.pt,NCBIGene:25865,predicate:8,NCBIGene:23212,NCBIGene:2195,predicate:6,NCBIGene:4535,0.0
model_10.pt,PUBCHEM.COMPOUND:122196132,predicate:0,NCBIGene:7941,NCBIGene:2195,predicate:6,NCBIGene:4535,0.0
model_10.pt,NCBIGene:84283,predicate:1,NCBIGene:51458,NCBIGene:2195,predicate:6,NCBIGene:4535,0.0
model_10.pt,NCBIGene:84365,predicate:1,NCBIGene:4236,NCBIGene:2195,predicate:6,NCBIGene:4535,0.0
model_10.pt,CHEBI:8499,predicate:16,MONDO:0001382,NCBIGene:2195,predicate:6,NCBIGene:4535,0.0
model_10.pt,NCBIGene:850551,predicate:3,NCBIGene:856863,NCBIGene:2195,predicate:6,NCBIGene:4535,0.0
model_10.pt,NCBIGene:181271,predicate:3,NCBIGene:190925,NCBIGene:2195,predicate:6,NCBIGene:4535,0.0
model_10.pt,NCBIGene:151056,predicate:4,PUBCHEM.COMPOUND:131761197,NCBIGene:2195,predicate:6,NCBIGene:4535,0.0
model_10.pt,CHEBI:18152,predicate:9,NCBIGene:54498,NCBIGene:2195,predicate:6,NCBIGene:4535,0.0
model_10.pt,NCBIGene:29949,predicate:15,MONDO:0005011,NCBIGene:2195,predicate:6,NCBIGene:4535,0.0
model_10.pt,NCBIGene:173731,predicate:19,CHEBI:31823,NCBIGene:2195,predicate:6,NCBIGene:4535,0.0
model_10.pt,PUBCHEM.COMPOUND:44176335,predicate:0,NCBIGene:331,NCBIGene:2195,predicate:6,NCBIGene:4535,0.0
model_10.pt,PUBCHEM.COMPOUND:49864838,predicate:10,NCBIGene:834,NCBIGene:2195,predicate:6,NCBIGene:4535,0.0
model_10.pt,NCBIGene:10221,predicate:8,NCBIGene:22908,NCBIGene:2195,predicate:6,NCBIGene:4535,0.0
model_10.pt,CHEBI:46345,predicate:7,NCBIGene:6581,NCBIGene:2195,predicate:6,NCBIGene:4535,0.0
model_10.pt,NCBIGene:375035,predicate:3,NCBIGene:80346,NCBIGene:2195,predicate:6,NCBIGene:4535,0.0
model_10.pt,MONDO:0012176,predicate:13,HP:0003028,NCBIGene:4221,predicate:15,MONDO:0007540,0.0
model_10.pt,CHEBI:6809,predicate:9,NCBIGene:8061,NCBIGene:4221,predicate:15,MONDO:0007540,0.0
model_10.pt,PUBCHEM.COMPOUND:1113514,predicate:0,NCBIGene:946552,NCBIGene:4221,predicate:15,MONDO:0007540,0.0
model_10.pt,PUBCHEM.COMPOUND:137636752,predicate:0,NCBIGene:3065,NCBIGene:4221,predicate:15,MONDO:0007540,0.0
model_10.pt,CHEBI:367163,predicate:16,MONDO:0015691,NCBIGene:4221,predicate:15,MONDO:0007540,0.0
model_10.pt,PUBCHEM.COMPOUND:130200977,predicate:10,NCBIGene:4988,NCBIGene:4221,predicate:15,MONDO:0007540,0.0
model_10.pt,NCBIGene:78987,predicate:3,NCBIGene:92255,NCBIGene:4221,predicate:15,MONDO:0007540,0.0
model_10.pt,NCBIGene:6352,predicate:36,NCBIGene:1234,NCBIGene:4221,predicate:15,MONDO:0007540,0.0
model_10.pt,CHEBI:6443,predicate:7,NCBIGene:8644,NCBIGene:4221,predicate:15,MONDO:0007540,0.0
model_10.pt,DRUGBANK:DB11158,predicate:12,MONDO:0005147,NCBIGene:4221,predicate:15,MONDO:0007540,0.0
model_10.pt,CHEBI:5000,predicate:12,MONDO:0001076,NCBIGene:4221,predicate:15,MONDO:0007540,0.0
model_10.pt,NCBIGene:8089,predicate:3,NCBIGene:26122,NCBIGene:4221,predicate:15,MONDO:0007540,0.0
model_10.pt,NCBIGene:10400,predicate:4,PUBCHEM.COMPOUND:52924335,NCBIGene:4221,predicate:15,MONDO:0007540,0.0
model_10.pt,NCBIGene:10618,predicate:3,NCBIGene:54887,NCBIGene:4221,predicate:15,MONDO:0007540,0.0
model_10.pt,NCBIGene:3308,predicate:15,MONDO:0005559,NCBIGene:4221,predicate:15,MONDO:0007540,5.457698822021484
model_10.pt,CHEBI:17351,predicate:7,NCBIGene:5315,NCBIGene:4221,predicate:15,MONDO:0007540,0.0
model_10.pt,CHEMBL.COMPOUND:CHEMBL4747062,predicate:0,NCBIGene:23028,NCBIGene:4221,predicate:15,MONDO:0007540,0.0
model_10.pt,CHEBI:16842,predicate:9,NCBIGene:3557,NCBIGene:4221,predicate:15,MONDO:0007540,0.0
model_10.pt,NCBIGene:4616,predicate:1,NCBIGene:2034,NCBIGene:4221,predicate:15,MONDO:0007540,0.0
model_10.pt,NCBIGene:10201,predicate:1,NCBIGene:6154,NCBIGene:4221,predicate:15,MONDO:0007540,0.0
model_10.pt,NCBIGene:794,predicate:6,NCBIGene:7135,NCBIGene:4221,predicate:15,MONDO:0007540,0.0
model_10.pt,NCBIGene:50834,predicate:1,NCBIGene:403277,NCBIGene:4221,predicate:15,MONDO:0007540,0.0
model_10.pt,CHEBI:3755,predicate:2,MONDO:0007263,NCBIGene:4221,predicate:15,MONDO:0007540,0.0
model_10.pt,PUBCHEM.COMPOUND:131762323,predicate:5,NCBIGene:5407,NCBIGene:4221,predicate:15,MONDO:0007540,0.0
model_10.pt,PUBCHEM.COMPOUND:54325967,predicate:0,NCBIGene:5468,NCBIGene:4221,predicate:15,MONDO:0007540,0.0
model_10.pt,CHEBI:64354,predicate:0,NCBIGene:6559,NCBIGene:4221,predicate:15,MONDO:0007540,0.0
model_10.pt,CHEBI:44423,predicate:7,NCBIGene:3162,NCBIGene:4221,predicate:15,MONDO:0007540,0.0
model_10.pt,NCBIGene:113174,predicate:10,NCBIGene:100528017,NCBIGene:4221,predicate:15,MONDO:0007540,0.0
model_10.pt,NCBIGene:4502,predicate:1,NCBIGene:10912,NCBIGene:4221,predicate:15,MONDO:0007540,0.0
model_10.pt,NCBIGene:5321,predicate:4,PUBCHEM.COMPOUND:53478731,NCBIGene:4221,predicate:15,MONDO:0007540,0.0
model_10.pt,CHEBI:3755,predicate:7,NCBIGene:2100,NCBIGene:4221,predicate:15,MONDO:0007540,0.0
model_10.pt,NCBIGene:51741,predicate:13,HP:0000253,NCBIGene:4221,predicate:15,MONDO:0007540,0.0
model_10.pt,CHEBI:156122,predicate:5,NCBIGene:23761,NCBIGene:4221,predicate:15,MONDO:0007540,0.0
model_10.pt,NCBIGene:245865,predicate:3,NCBIGene:194974,NCBIGene:4221,predicate:15,MONDO:0007540,0.0
model_10.pt,PUBCHEM.COMPOUND:127036977,predicate:0,NCBIGene:135,NCBIGene:4221,predicate:15,MONDO:0007540,0.0
model_10.pt,PUBCHEM.COMPOUND:44433263,predicate:0,NCBIGene:1576,NCBIGene:4221,predicate:15,MONDO:0007540,0.0
model_10.pt,CHEBI:16469,predicate:7,NCBIGene:10587,NCBIGene:4221,predicate:15,MONDO:0007540,0.0
model_10.pt,PUBCHEM.COMPOUND:44314087,predicate:0,NCBIGene:4313,NCBIGene:4221,predicate:15,MONDO:0007540,0.0
model_10.pt,PUBCHEM.COMPOUND:25093440,predicate:0,NCBIGene:1147,NCBIGene:4221,predicate:15,MONDO:0007540,0.0
model_10.pt,NCBIGene:20962,predicate:3,NCBIGene:219150,NCBIGene:4221,predicate:15,MONDO:0007540,0.0
model_10.pt,NCBIGene:23051,predicate:15,MONDO:0005068,NCBIGene:4221,predicate:15,MONDO:0007540,40.69518280029297
model_10.pt,NCBIGene:10565,predicate:6,NCBIGene:284369,NCBIGene:4221,predicate:15,MONDO:0007540,0.0
model_10.pt,PUBCHEM.COMPOUND:59268935,predicate:0,NCBIGene:1137,NCBIGene:4221,predicate:15,MONDO:0007540,0.0
model_10.pt,NCBIGene:5903,predicate:1,NCBIGene:402569,NCBIGene:4221,predicate:15,MONDO:0007540,0.0
model_10.pt,PUBCHEM.COMPOUND:57395067,predicate:0,NCBIGene:6531,NCBIGene:4221,predicate:15,MONDO:0007540,0.0
model_10.pt,NCBIGene:852585,predicate:3,NCBIGene:855469,NCBIGene:4221,predicate:15,MONDO:0007540,0.0
model_10.pt,NCBIGene:3976,predicate:9,NCBIGene:2526,NCBIGene:4221,predicate:15,MONDO:0007540,0.0
model_10.pt,NCBIGene:928,predicate:1,NCBIGene:29952,NCBIGene:4221,predicate:15,MONDO:0007540,0.0
model_10.pt,MONDO:0013171,predicate:13,MONDO:0001071,NCBIGene:4221,predicate:15,MONDO:0007540,0.0
model_10.pt,NCBIGene:4634,predicate:1,NCBIGene:6445,NCBIGene:4221,predicate:15,MONDO:0007540,0.0
model_10.pt,CHEBI:18293,predicate:12,HP:0001945,NCBIGene:4221,predicate:15,MONDO:0007540,0.0
model_10.pt,UNII:5M691HL4BO,predicate:16,HP:0001288,NCBIGene:4221,predicate:15,MONDO:0007540,0.0
model_10.pt,MONDO:0011122,predicate:10,NCBIGene:2673,NCBIGene:4221,predicate:15,MONDO:0007540,0.0
model_10.pt,CHEBI:185383,predicate:5,NCBIGene:9514,NCBIGene:4221,predicate:15,MONDO:0007540,0.0
model_10.pt,NCBIGene:4763,predicate:13,HP:0002857,NCBIGene:4221,predicate:15,MONDO:0007540,0.0
model_10.pt,CHEBI:6121,predicate:7,NCBIGene:2335,NCBIGene:4221,predicate:15,MONDO:0007540,0.0
model_10.pt,NCBIGene:4204,predicate:13,HP:0010864,NCBIGene:4221,predicate:15,MONDO:0007540,0.0
model_10.pt,PUBCHEM.COMPOUND:5702107,predicate:23,NCBIGene:760,NCBIGene:4221,predicate:15,MONDO:0007540,0.0
model_10.pt,NCBIGene:22976,predicate:9,NCBIGene:9519,NCBIGene:4221,predicate:15,MONDO:0007540,0.0
model_10.pt,PUBCHEM.COMPOUND:9834864,predicate:14,NCBIGene:1137,NCBIGene:4221,predicate:15,MONDO:0007540,0.0
model_10.pt,PUBCHEM.COMPOUND:44431492,predicate:10,NCBIGene:1815,NCBIGene:4221,predicate:15,MONDO:0007540,0.0
model_10.pt,CHEBI:191001,predicate:18,NCBIGene:6422,NCBIGene:4221,predicate:15,MONDO:0007540,0.0
model_10.pt,PUBCHEM.COMPOUND:25015107,predicate:0,NCBIGene:2260,NCBIGene:4221,predicate:15,MONDO:0007540,0.0
model_10.pt,PUBCHEM.COMPOUND:131757266,predicate:5,NCBIGene:80168,NCBIGene:4221,predicate:15,MONDO:0007540,0.0
model_10.pt,NCBIGene:23205,predicate:1,NCBIGene:11283,NCBIGene:4221,predicate:15,MONDO:0007540,0.0
model_10.pt,NCBIGene:23054,predicate:1,NCBIGene:54617,NCBIGene:4221,predicate:15,MONDO:0007540,0.0
model_10.pt,NCBIGene:10008,predicate:3,NCBIGene:4751,NCBIGene:4221,predicate:15,MONDO:0007540,0.0
model_10.pt,NCBIGene:27183,predicate:1,NCBIGene:4904,NCBIGene:4221,predicate:15,MONDO:0007540,0.0
model_10.pt,NCBIGene:5578,predicate:8,NCBIGene:85377,NCBIGene:4221,predicate:15,MONDO:0007540,0.0
model_10.pt,NCBIGene:79165,predicate:1,NCBIGene:9704,NCBIGene:4221,predicate:15,MONDO:0007540,0.0
model_10.pt,NCBIGene:2170,predicate:9,NCBIGene:8611,NCBIGene:4221,predicate:15,MONDO:0007540,0.0
model_10.pt,NCBIGene:91748,predicate:1,NCBIGene:59345,NCBIGene:4221,predicate:15,MONDO:0007540,0.0
model_10.pt,PUBCHEM.COMPOUND:155512592,predicate:0,NCBIGene:142,NCBIGene:4221,predicate:15,MONDO:0007540,0.0
model_10.pt,NCBIGene:5663,predicate:7,NCBIGene:7158,NCBIGene:4221,predicate:15,MONDO:0007540,0.0
model_10.pt,NCBIGene:4140,predicate:21,NCBIGene:7534,NCBIGene:4221,predicate:15,MONDO:0007540,0.0
model_10.pt,NCBIGene:2475,predicate:1,NCBIGene:23456,NCBIGene:4221,predicate:15,MONDO:0007540,0.0
model_10.pt,NCBIGene:3162,predicate:15,MONDO:0000831,NCBIGene:4221,predicate:15,MONDO:0007540,-3.3849594593048096
model_10.pt,PUBCHEM.COMPOUND:10578760,predicate:0,NCBIGene:29580,NCBIGene:4221,predicate:15,MONDO:0007540,0.0
model_10.pt,NCBIGene:56893,predicate:9,NCBIGene:7316,NCBIGene:4221,predicate:15,MONDO:0007540,0.0
model_10.pt,CHEBI:93205,predicate:23,NCBIGene:8743,NCBIGene:4221,predicate:15,MONDO:0007540,0.0
model_10.pt,NCBIGene:1147,predicate:1,NCBIGene:57162,NCBIGene:4221,predicate:15,MONDO:0007540,0.0
model_10.pt,PUBCHEM.COMPOUND:137226420,predicate:0,NCBIGene:760,NCBIGene:4221,predicate:15,MONDO:0007540,0.0
model_10.pt,MONDO:0010691,predicate:13,HP:0007957,NCBIGene:4221,predicate:15,MONDO:0007540,0.0
model_10.pt,NCBIGene:51372,predicate:1,NCBIGene:6202,NCBIGene:4221,predicate:15,MONDO:0007540,0.0
model_10.pt,NCBIGene:25865,predicate:8,NCBIGene:23212,NCBIGene:4221,predicate:15,MONDO:0007540,0.0
model_10.pt,PUBCHEM.COMPOUND:122196132,predicate:0,NCBIGene:7941,NCBIGene:4221,predicate:15,MONDO:0007540,0.0
model_10.pt,NCBIGene:84283,predicate:1,NCBIGene:51458,NCBIGene:4221,predicate:15,MONDO:0007540,0.0
model_10.pt,NCBIGene:84365,predicate:1,NCBIGene:4236,NCBIGene:4221,predicate:15,MONDO:0007540,0.0
model_10.pt,CHEBI:8499,predicate:16,MONDO:0001382,NCBIGene:4221,predicate:15,MONDO:0007540,0.0
model_10.pt,NCBIGene:850551,predicate:3,NCBIGene:856863,NCBIGene:4221,predicate:15,MONDO:0007540,0.0
model_10.pt,NCBIGene:181271,predicate:3,NCBIGene:190925,NCBIGene:4221,predicate:15,MONDO:0007540,0.0
model_10.pt,NCBIGene:151056,predicate:4,PUBCHEM.COMPOUND:131761197,NCBIGene:4221,predicate:15,MONDO:0007540,0.0
model_10.pt,CHEBI:18152,predicate:9,NCBIGene:54498,NCBIGene:4221,predicate:15,MONDO:0007540,0.0
model_10.pt,NCBIGene:29949,predicate:15,MONDO:0005011,NCBIGene:4221,predicate:15,MONDO:0007540,-13.754383087158203
model_10.pt,NCBIGene:173731,predicate:19,CHEBI:31823,NCBIGene:4221,predicate:15,MONDO:0007540,0.0
model_10.pt,PUBCHEM.COMPOUND:44176335,predicate:0,NCBIGene:331,NCBIGene:4221,predicate:15,MONDO:0007540,0.0
model_10.pt,PUBCHEM.COMPOUND:49864838,predicate:10,NCBIGene:834,NCBIGene:4221,predicate:15,MONDO:0007540,0.0
model_10.pt,NCBIGene:10221,predicate:8,NCBIGene:22908,NCBIGene:4221,predicate:15,MONDO:0007540,0.0
model_10.pt,CHEBI:46345,predicate:7,NCBIGene:6581,NCBIGene:4221,predicate:15,MONDO:0007540,0.0
model_10.pt,NCBIGene:375035,predicate:3,NCBIGene:80346,NCBIGene:4221,predicate:15,MONDO:0007540,0.0
model_2.pt,MONDO:0012176,predicate:13,HP:0003028,MONDO:0008538,predicate:13,HP:0003565,-6.747007369995117
model_2.pt,CHEBI:6809,predicate:9,NCBIGene:8061,MONDO:0008538,predicate:13,HP:0003565,0.0
model_2.pt,PUBCHEM.COMPOUND:1113514,predicate:0,NCBIGene:946552,MONDO:0008538,predicate:13,HP:0003565,0.0
model_2.pt,PUBCHEM.COMPOUND:137636752,predicate:0,NCBIGene:3065,MONDO:0008538,predicate:13,HP:0003565,0.0
model_2.pt,CHEBI:367163,predicate:16,MONDO:0015691,MONDO:0008538,predicate:13,HP:0003565,0.0
model_2.pt,PUBCHEM.COMPOUND:130200977,predicate:10,NCBIGene:4988,MONDO:0008538,predicate:13,HP:0003565,0.0
model_2.pt,NCBIGene:78987,predicate:3,NCBIGene:92255,MONDO:0008538,predicate:13,HP:0003565,0.0
model_2.pt,NCBIGene:6352,predicate:36,NCBIGene:1234,MONDO:0008538,predicate:13,HP:0003565,0.0
model_2.pt,CHEBI:6443,predicate:7,NCBIGene:8644,MONDO:0008538,predicate:13,HP:0003565,0.0
model_2.pt,DRUGBANK:DB11158,predicate:12,MONDO:0005147,MONDO:0008538,predicate:13,HP:0003565,0.0
model_2.pt,CHEBI:5000,predicate:12,MONDO:0001076,MONDO:0008538,predicate:13,HP:0003565,0.0
model_2.pt,NCBIGene:8089,predicate:3,NCBIGene:26122,MONDO:0008538,predicate:13,HP:0003565,0.0
model_2.pt,NCBIGene:10400,predicate:4,PUBCHEM.COMPOUND:52924335,MONDO:0008538,predicate:13,HP:0003565,0.0
model_2.pt,NCBIGene:10618,predicate:3,NCBIGene:54887,MONDO:0008538,predicate:13,HP:0003565,0.0
model_2.pt,NCBIGene:3308,predicate:15,MONDO:0005559,MONDO:0008538,predicate:13,HP:0003565,0.0
model_2.pt,CHEBI:17351,predicate:7,NCBIGene:5315,MONDO:0008538,predicate:13,HP:0003565,0.0
model_2.pt,CHEMBL.COMPOUND:CHEMBL4747062,predicate:0,NCBIGene:23028,MONDO:0008538,predicate:13,HP:0003565,0.0
model_2.pt,CHEBI:16842,predicate:9,NCBIGene:3557,MONDO:0008538,predicate:13,HP:0003565,0.0
model_2.pt,NCBIGene:4616,predicate:1,NCBIGene:2034,MONDO:0008538,predicate:13,HP:0003565,0.0
model_2.pt,NCBIGene:10201,predicate:1,NCBIGene:6154,MONDO:0008538,predicate:13,HP:0003565,0.0
model_2.pt,NCBIGene:794,predicate:6,NCBIGene:7135,MONDO:0008538,predicate:13,HP:0003565,0.0
model_2.pt,NCBIGene:50834,predicate:1,NCBIGene:403277,MONDO:0008538,predicate:13,HP:0003565,0.0
model_2.pt,CHEBI:3755,predicate:2,MONDO:0007263,MONDO:0008538,predicate:13,HP:0003565,0.0
model_2.pt,PUBCHEM.COMPOUND:131762323,predicate:5,NCBIGene:5407,MONDO:0008538,predicate:13,HP:0003565,0.0
model_2.pt,PUBCHEM.COMPOUND:54325967,predicate:0,NCBIGene:5468,MONDO:0008538,predicate:13,HP:0003565,0.0
model_2.pt,CHEBI:64354,predicate:0,NCBIGene:6559,MONDO:0008538,predicate:13,HP:0003565,0.0
model_2.pt,CHEBI:44423,predicate:7,NCBIGene:3162,MONDO:0008538,predicate:13,HP:0003565,0.0
model_2.pt,NCBIGene:113174,predicate:10,NCBIGene:100528017,MONDO:0008538,predicate:13,HP:0003565,0.0
model_2.pt,NCBIGene:4502,predicate:1,NCBIGene:10912,MONDO:0008538,predicate:13,HP:0003565,0.0
model_2.pt,NCBIGene:5321,predicate:4,PUBCHEM.COMPOUND:53478731,MONDO:0008538,predicate:13,HP:0003565,0.0
model_2.pt,CHEBI:3755,predicate:7,NCBIGene:2100,MONDO:0008538,predicate:13,HP:0003565,0.0
model_2.pt,NCBIGene:51741,predicate:13,HP:0000253,MONDO:0008538,predicate:13,HP:0003565,-63.043209075927734
model_2.pt,CHEBI:156122,predicate:5,NCBIGene:23761,MONDO:0008538,predicate:13,HP:0003565,0.0
model_2.pt,NCBIGene:245865,predicate:3,NCBIGene:194974,MONDO:0008538,predicate:13,HP:0003565,0.0
model_2.pt,PUBCHEM.COMPOUND:127036977,predicate:0,NCBIGene:135,MONDO:0008538,predicate:13,HP:0003565,0.0
model_2.pt,PUBCHEM.COMPOUND:44433263,predicate:0,NCBIGene:1576,MONDO:0008538,predicate:13,HP:0003565,0.0
model_2.pt,CHEBI:16469,predicate:7,NCBIGene:10587,MONDO:0008538,predicate:13,HP:0003565,0.0
model_2.pt,PUBCHEM.COMPOUND:44314087,predicate:0,NCBIGene:4313,MONDO:0008538,predicate:13,HP:0003565,0.0
model_2.pt,PUBCHEM.COMPOUND:25093440,predicate:0,NCBIGene:1147,MONDO:0008538,predicate:13,HP:0003565,0.0
model_2.pt,NCBIGene:20962,predicate:3,NCBIGene:219150,MONDO:0008538,predicate:13,HP:0003565,0.0
model_2.pt,NCBIGene:23051,predicate:15,MONDO:0005068,MONDO:0008538,predicate:13,HP:0003565,0.0
model_2.pt,NCBIGene:10565,predicate:6,NCBIGene:284369,MONDO:0008538,predicate:13,HP:0003565,0.0
model_2.pt,PUBCHEM.COMPOUND:59268935,predicate:0,NCBIGene:1137,MONDO:0008538,predicate:13,HP:0003565,0.0
model_2.pt,NCBIGene:5903,predicate:1,NCBIGene:402569,MONDO:0008538,predicate:13,HP:0003565,0.0
model_2.pt,PUBCHEM.COMPOUND:57395067,predicate:0,NCBIGene:6531,MONDO:0008538,predicate:13,HP:0003565,0.0
model_2.pt,NCBIGene:852585,predicate:3,NCBIGene:855469,MONDO:0008538,predicate:13,HP:0003565,0.0
model_2.pt,NCBIGene:3976,predicate:9,NCBIGene:2526,MONDO:0008538,predicate:13,HP:0003565,0.0
model_2.pt,NCBIGene:928,predicate:1,NCBIGene:29952,MONDO:0008538,predicate:13,HP:0003565,0.0
model_2.pt,MONDO:0013171,predicate:13,MONDO:0001071,MONDO:0008538,predicate:13,HP:0003565,-4.781445503234863
model_2.pt,NCBIGene:4634,predicate:1,NCBIGene:6445,MONDO:0008538,predicate:13,HP:0003565,0.0
model_2.pt,CHEBI:18293,predicate:12,HP:0001945,MONDO:0008538,predicate:13,HP:0003565,0.0
model_2.pt,UNII:5M691HL4BO,predicate:16,HP:0001288,MONDO:0008538,predicate:13,HP:0003565,0.0
model_2.pt,MONDO:0011122,predicate:10,NCBIGene:2673,MONDO:0008538,predicate:13,HP:0003565,0.0
model_2.pt,CHEBI:185383,predicate:5,NCBIGene:9514,MONDO:0008538,predicate:13,HP:0003565,0.0
model_2.pt,NCBIGene:4763,predicate:13,HP:0002857,MONDO:0008538,predicate:13,HP:0003565,24.327898025512695
model_2.pt,CHEBI:6121,predicate:7,NCBIGene:2335,MONDO:0008538,predicate:13,HP:0003565,0.0
model_2.pt,NCBIGene:4204,predicate:13,HP:0010864,MONDO:0008538,predicate:13,HP:0003565,22.53734016418457
model_2.pt,PUBCHEM.COMPOUND:5702107,predicate:23,NCBIGene:760,MONDO:0008538,predicate:13,HP:0003565,0.0
model_2.pt,NCBIGene:22976,predicate:9,NCBIGene:9519,MONDO:0008538,predicate:13,HP:0003565,0.0
model_2.pt,PUBCHEM.COMPOUND:9834864,predicate:14,NCBIGene:1137,MONDO:0008538,predicate:13,HP:0003565,0.0
model_2.pt,PUBCHEM.COMPOUND:44431492,predicate:10,NCBIGene:1815,MONDO:0008538,predicate:13,HP:0003565,0.0
model_2.pt,CHEBI:191001,predicate:18,NCBIGene:6422,MONDO:0008538,predicate:13,HP:0003565,0.0
model_2.pt,PUBCHEM.COMPOUND:25015107,predicate:0,NCBIGene:2260,MONDO:0008538,predicate:13,HP:0003565,0.0
model_2.pt,PUBCHEM.COMPOUND:131757266,predicate:5,NCBIGene:80168,MONDO:0008538,predicate:13,HP:0003565,0.0
model_2.pt,NCBIGene:23205,predicate:1,NCBIGene:11283,MONDO:0008538,predicate:13,HP:0003565,0.0
model_2.pt,NCBIGene:23054,predicate:1,NCBIGene:54617,MONDO:0008538,predicate:13,HP:0003565,0.0
model_2.pt,NCBIGene:10008,predicate:3,NCBIGene:4751,MONDO:0008538,predicate:13,HP:0003565,0.0
model_2.pt,NCBIGene:27183,predicate:1,NCBIGene:4904,MONDO:0008538,predicate:13,HP:0003565,0.0
model_2.pt,NCBIGene:5578,predicate:8,NCBIGene:85377,MONDO:0008538,predicate:13,HP:0003565,0.0
model_2.pt,NCBIGene:79165,predicate:1,NCBIGene:9704,MONDO:0008538,predicate:13,HP:0003565,0.0
model_2.pt,NCBIGene:2170,predicate:9,NCBIGene:8611,MONDO:0008538,predicate:13,HP:0003565,0.0
model_2.pt,NCBIGene:91748,predicate:1,NCBIGene:59345,MONDO:0008538,predicate:13,HP:0003565,0.0
model_2.pt,PUBCHEM.COMPOUND:155512592,predicate:0,NCBIGene:142,MONDO:0008538,predicate:13,HP:0003565,0.0
model_2.pt,NCBIGene:5663,predicate:7,NCBIGene:7158,MONDO:0008538,predicate:13,HP:0003565,0.0
model_2.pt,NCBIGene:4140,predicate:21,NCBIGene:7534,MONDO:0008538,predicate:13,HP:0003565,0.0
model_2.pt,NCBIGene:2475,predicate:1,NCBIGene:23456,MONDO:0008538,predicate:13,HP:0003565,0.0
model_2.pt,NCBIGene:3162,predicate:15,MONDO:0000831,MONDO:0008538,predicate:13,HP:0003565,0.0
model_2.pt,PUBCHEM.COMPOUND:10578760,predicate:0,NCBIGene:29580,MONDO:0008538,predicate:13,HP:0003565,0.0
model_2.pt,NCBIGene:56893,predicate:9,NCBIGene:7316,MONDO:0008538,predicate:13,HP:0003565,0.0
model_2.pt,CHEBI:93205,predicate:23,NCBIGene:8743,MONDO:0008538,predicate:13,HP:0003565,0.0
model_2.pt,NCBIGene:1147,predicate:1,NCBIGene:57162,MONDO:0008538,predicate:13,HP:0003565,0.0
model_2.pt,PUBCHEM.COMPOUND:137226420,predicate:0,NCBIGene:760,MONDO:0008538,predicate:13,HP:0003565,0.0
model_2.pt,MONDO:0010691,predicate:13,HP:0007957,MONDO:0008538,predicate:13,HP:0003565,1.8878297805786133
model_2.pt,NCBIGene:51372,predicate:1,NCBIGene:6202,MONDO:0008538,predicate:13,HP:0003565,0.0
model_2.pt,NCBIGene:25865,predicate:8,NCBIGene:23212,MONDO:0008538,predicate:13,HP:0003565,0.0
model_2.pt,PUBCHEM.COMPOUND:122196132,predicate:0,NCBIGene:7941,MONDO:0008538,predicate:13,HP:0003565,0.0
model_2.pt,NCBIGene:84283,predicate:1,NCBIGene:51458,MONDO:0008538,predicate:13,HP:0003565,0.0
model_2.pt,NCBIGene:84365,predicate:1,NCBIGene:4236,MONDO:0008538,predicate:13,HP:0003565,0.0
model_2.pt,CHEBI:8499,predicate:16,MONDO:0001382,MONDO:0008538,predicate:13,HP:0003565,0.0
model_2.pt,NCBIGene:850551,predicate:3,NCBIGene:856863,MONDO:0008538,predicate:13,HP:0003565,0.0
model_2.pt,NCBIGene:181271,predicate:3,NCBIGene:190925,MONDO:0008538,predicate:13,HP:0003565,0.0
model_2.pt,NCBIGene:151056,predicate:4,PUBCHEM.COMPOUND:131761197,MONDO:0008538,predicate:13,HP:0003565,0.0
model_2.pt,CHEBI:18152,predicate:9,NCBIGene:54498,MONDO:0008538,predicate:13,HP:0003565,0.0
model_2.pt,NCBIGene:29949,predicate:15,MONDO:0005011,MONDO:0008538,predicate:13,HP:0003565,0.0
model_2.pt,NCBIGene:173731,predicate:19,CHEBI:31823,MONDO:0008538,predicate:13,HP:0003565,0.0
model_2.pt,PUBCHEM.COMPOUND:44176335,predicate:0,NCBIGene:331,MONDO:0008538,predicate:13,HP:0003565,0.0
model_2.pt,PUBCHEM.COMPOUND:49864838,predicate:10,NCBIGene:834,MONDO:0008538,predicate:13,HP:0003565,0.0
model_2.pt,NCBIGene:10221,predicate:8,NCBIGene:22908,MONDO:0008538,predicate:13,HP:0003565,0.0
model_2.pt,CHEBI:46345,predicate:7,NCBIGene:6581,MONDO:0008538,predicate:13,HP:0003565,0.0
model_2.pt,NCBIGene:375035,predicate:3,NCBIGene:80346,MONDO:0008538,predicate:13,HP:0003565,0.0
model_2.pt,MONDO:0012176,predicate:13,HP:0003028,NCBIGene:2297,predicate:1,NCBIGene:2304,0.0
model_2.pt,CHEBI:6809,predicate:9,NCBIGene:8061,NCBIGene:2297,predicate:1,NCBIGene:2304,0.0
model_2.pt,PUBCHEM.COMPOUND:1113514,predicate:0,NCBIGene:946552,NCBIGene:2297,predicate:1,NCBIGene:2304,0.0
model_2.pt,PUBCHEM.COMPOUND:137636752,predicate:0,NCBIGene:3065,NCBIGene:2297,predicate:1,NCBIGene:2304,0.0
model_2.pt,CHEBI:367163,predicate:16,MONDO:0015691,NCBIGene:2297,predicate:1,NCBIGene:2304,0.0
model_2.pt,PUBCHEM.COMPOUND:130200977,predicate:10,NCBIGene:4988,NCBIGene:2297,predicate:1,NCBIGene:2304,0.0
model_2.pt,NCBIGene:78987,predicate:3,NCBIGene:92255,NCBIGene:2297,predicate:1,NCBIGene:2304,0.0
model_2.pt,NCBIGene:6352,predicate:36,NCBIGene:1234,NCBIGene:2297,predicate:1,NCBIGene:2304,0.0
model_2.pt,CHEBI:6443,predicate:7,NCBIGene:8644,NCBIGene:2297,predicate:1,NCBIGene:2304,0.0
model_2.pt,DRUGBANK:DB11158,predicate:12,MONDO:0005147,NCBIGene:2297,predicate:1,NCBIGene:2304,0.0
model_2.pt,CHEBI:5000,predicate:12,MONDO:0001076,NCBIGene:2297,predicate:1,NCBIGene:2304,0.0
model_2.pt,NCBIGene:8089,predicate:3,NCBIGene:26122,NCBIGene:2297,predicate:1,NCBIGene:2304,0.0
model_2.pt,NCBIGene:10400,predicate:4,PUBCHEM.COMPOUND:52924335,NCBIGene:2297,predicate:1,NCBIGene:2304,0.0
model_2.pt,NCBIGene:10618,predicate:3,NCBIGene:54887,NCBIGene:2297,predicate:1,NCBIGene:2304,0.0
model_2.pt,NCBIGene:3308,predicate:15,MONDO:0005559,NCBIGene:2297,predicate:1,NCBIGene:2304,0.0
model_2.pt,CHEBI:17351,predicate:7,NCBIGene:5315,NCBIGene:2297,predicate:1,NCBIGene:2304,0.0
model_2.pt,CHEMBL.COMPOUND:CHEMBL4747062,predicate:0,NCBIGene:23028,NCBIGene:2297,predicate:1,NCBIGene:2304,0.0
model_2.pt,CHEBI:16842,predicate:9,NCBIGene:3557,NCBIGene:2297,predicate:1,NCBIGene:2304,0.0
model_2.pt,NCBIGene:4616,predicate:1,NCBIGene:2034,NCBIGene:2297,predicate:1,NCBIGene:2304,7.5342698097229
model_2.pt,NCBIGene:10201,predicate:1,NCBIGene:6154,NCBIGene:2297,predicate:1,NCBIGene:2304,34.051918029785156
model_2.pt,NCBIGene:794,predicate:6,NCBIGene:7135,NCBIGene:2297,predicate:1,NCBIGene:2304,0.0
model_2.pt,NCBIGene:50834,predicate:1,NCBIGene:403277,NCBIGene:2297,predicate:1,NCBIGene:2304,70.89208984375
model_2.pt,CHEBI:3755,predicate:2,MONDO:0007263,NCBIGene:2297,predicate:1,NCBIGene:2304,0.0
model_2.pt,PUBCHEM.COMPOUND:131762323,predicate:5,NCBIGene:5407,NCBIGene:2297,predicate:1,NCBIGene:2304,0.0
model_2.pt,PUBCHEM.COMPOUND:54325967,predicate:0,NCBIGene:5468,NCBIGene:2297,predicate:1,NCBIGene:2304,0.0
model_2.pt,CHEBI:64354,predicate:0,NCBIGene:6559,NCBIGene:2297,predicate:1,NCBIGene:2304,0.0
model_2.pt,CHEBI:44423,predicate:7,NCBIGene:3162,NCBIGene:2297,predicate:1,NCBIGene:2304,0.0
model_2.pt,NCBIGene:113174,predicate:10,NCBIGene:100528017,NCBIGene:2297,predicate:1,NCBIGene:2304,0.0
model_2.pt,NCBIGene:4502,predicate:1,NCBIGene:10912,NCBIGene:2297,predicate:1,NCBIGene:2304,-35.01435089111328
model_2.pt,NCBIGene:5321,predicate:4,PUBCHEM.COMPOUND:53478731,NCBIGene:2297,predicate:1,NCBIGene:2304,0.0
model_2.pt,CHEBI:3755,predicate:7,NCBIGene:2100,NCBIGene:2297,predicate:1,NCBIGene:2304,0.0
model_2.pt,NCBIGene:51741,predicate:13,HP:0000253,NCBIGene:2297,predicate:1,NCBIGene:2304,0.0
model_2.pt,CHEBI:156122,predicate:5,NCBIGene:23761,NCBIGene:2297,predicate:1,NCBIGene:2304,0.0
model_2.pt,NCBIGene:245865,predicate:3,NCBIGene:194974,NCBIGene:2297,predicate:1,NCBIGene:2304,0.0
model_2.pt,PUBCHEM.COMPOUND:127036977,predicate:0,NCBIGene:135,NCBIGene:2297,predicate:1,NCBIGene:2304,0.0
model_2.pt,PUBCHEM.COMPOUND:44433263,predicate:0,NCBIGene:1576,NCBIGene:2297,predicate:1,NCBIGene:2304,0.0
model_2.pt,CHEBI:16469,predicate:7,NCBIGene:10587,NCBIGene:2297,predicate:1,NCBIGene:2304,0.0
model_2.pt,PUBCHEM.COMPOUND:44314087,predicate:0,NCBIGene:4313,NCBIGene:2297,predicate:1,NCBIGene:2304,0.0
model_2.pt,PUBCHEM.COMPOUND:25093440,predicate:0,NCBIGene:1147,NCBIGene:2297,predicate:1,NCBIGene:2304,0.0
model_2.pt,NCBIGene:20962,predicate:3,NCBIGene:219150,NCBIGene:2297,predicate:1,NCBIGene:2304,0.0
model_2.pt,NCBIGene:23051,predicate:15,MONDO:0005068,NCBIGene:2297,predicate:1,NCBIGene:2304,0.0
model_2.pt,NCBIGene:10565,predicate:6,NCBIGene:284369,NCBIGene:2297,predicate:1,NCBIGene:2304,0.0
model_2.pt,PUBCHEM.COMPOUND:59268935,predicate:0,NCBIGene:1137,NCBIGene:2297,predicate:1,NCBIGene:2304,0.0
model_2.pt,NCBIGene:5903,predicate:1,NCBIGene:402569,NCBIGene:2297,predicate:1,NCBIGene:2304,-36.192752838134766
model_2.pt,PUBCHEM.COMPOUND:57395067,predicate:0,NCBIGene:6531,NCBIGene:2297,predicate:1,NCBIGene:2304,0.0
model_2.pt,NCBIGene:852585,predicate:3,NCBIGene:855469,NCBIGene:2297,predicate:1,NCBIGene:2304,0.0
model_2.pt,NCBIGene:3976,predicate:9,NCBIGene:2526,NCBIGene:2297,predicate:1,NCBIGene:2304,0.0
model_2.pt,NCBIGene:928,predicate:1,NCBIGene:29952,NCBIGene:2297,predicate:1,NCBIGene:2304,55.712310791015625
model_2.pt,MONDO:0013171,predicate:13,MONDO:0001071,NCBIGene:2297,predicate:1,NCBIGene:2304,0.0
model_2.pt,NCBIGene:4634,predicate:1,NCBIGene:6445,NCBIGene:2297,predicate:1,NCBIGene:2304,75.55683898925781
model_2.pt,CHEBI:18293,predicate:12,HP:0001945,NCBIGene:2297,predicate:1,NCBIGene:2304,0.0
model_2.pt,UNII:5M691HL4BO,predicate:16,HP:0001288,NCBIGene:2297,predicate:1,NCBIGene:2304,0.0
model_2.pt,MONDO:0011122,predicate:10,NCBIGene:2673,NCBIGene:2297,predicate:1,NCBIGene:2304,0.0
model_2.pt,CHEBI:185383,predicate:5,NCBIGene:9514,NCBIGene:2297,predicate:1,NCBIGene:2304,0.0
model_2.pt,NCBIGene:4763,predicate:13,HP:0002857,NCBIGene:2297,predicate:1,NCBIGene:2304,0.0
model_2.pt,CHEBI:6121,predicate:7,NCBIGene:2335,NCBIGene:2297,predicate:1,NCBIGene:2304,0.0
model_2.pt,NCBIGene:4204,predicate:13,HP:0010864,NCBIGene:2297,predicate:1,NCBIGene:2304,0.0
model_2.pt,PUBCHEM.COMPOUND:5702107,predicate:23,NCBIGene:760,NCBIGene:2297,predicate:1,NCBIGene:2304,0.0
model_2.pt,NCBIGene:22976,predicate:9,NCBIGene:9519,NCBIGene:2297,predicate:1,NCBIGene:2304,0.0
model_2.pt,PUBCHEM.COMPOUND:9834864,predicate:14,NCBIGene:1137,NCBIGene:2297,predicate:1,NCBIGene:2304,0.0
model_2.pt,PUBCHEM.COMPOUND:44431492,predicate:10,NCBIGene:1815,NCBIGene:2297,predicate:1,NCBIGene:2304,0.0
model_2.pt,CHEBI:191001,predicate:18,NCBIGene:6422,NCBIGene:2297,predicate:1,NCBIGene:2304,0.0
model_2.pt,PUBCHEM.COMPOUND:25015107,predicate:0,NCBIGene:2260,NCBIGene:2297,predicate:1,NCBIGene:2304,0.0
model_2.pt,PUBCHEM.COMPOUND:131757266,predicate:5,NCBIGene:80168,NCBIGene:2297,predicate:1,NCBIGene:2304,0.0
model_2.pt,NCBIGene:23205,predicate:1,NCBIGene:11283,NCBIGene:2297,predicate:1,NCBIGene:2304,-24.636398315429688
model_2.pt,NCBIGene:23054,predicate:1,NCBIGene:54617,NCBIGene:2297,predicate:1,NCBIGene:2304,-88.84001922607422
model_2.pt,NCBIGene:10008,predicate:3,NCBIGene:4751,NCBIGene:2297,predicate:1,NCBIGene:2304,0.0
model_2.pt,NCBIGene:27183,predicate:1,NCBIGene:4904,NCBIGene:2297,predicate:1,NCBIGene:2304,22.988685607910156
model_2.pt,NCBIGene:5578,predicate:8,NCBIGene:85377,NCBIGene:2297,predicate:1,NCBIGene:2304,0.0
model_2.pt,NCBIGene:79165,predicate:1,NCBIGene:9704,NCBIGene:2297,predicate:1,NCBIGene:2304,13.319001197814941
model_2.pt,NCBIGene:2170,predicate:9,NCBIGene:8611,NCBIGene:2297,predicate:1,NCBIGene:2304,0.0
model_2.pt,NCBIGene:91748,predicate:1,NCBIGene:59345,NCBIGene:2297,predicate:1,NCBIGene:2304,-11.588354110717773
model_2.pt,PUBCHEM.COMPOUND:155512592,predicate:0,NCBIGene:142,NCBIGene:2297,predicate:1,NCBIGene:2304,0.0
model_2.pt,NCBIGene:5663,predicate:7,NCBIGene:7158,NCBIGene:2297,predicate:1,NCBIGene:2304,0.0
model_2.pt,NCBIGene:4140,predicate:21,NCBIGene:7534,NCBIGene:2297,predicate:1,NCBIGene:2304,0.0
model_2.pt,NCBIGene:2475,predicate:1,NCBIGene:23456,NCBIGene:2297,predicate:1,NCBIGene:2304,2.619959831237793
model_2.pt,NCBIGene:3162,predicate:15,MONDO:0000831,NCBIGene:2297,predicate:1,NCBIGene:2304,0.0
model_2.pt,PUBCHEM.COMPOUND:10578760,predicate:0,NCBIGene:29580,NCBIGene:2297,predicate:1,NCBIGene:2304,0.0
model_2.pt,NCBIGene:56893,predicate:9,NCBIGene:7316,NCBIGene:2297,predicate:1,NCBIGene:2304,0.0
model_2.pt,CHEBI:93205,predicate:23,NCBIGene:8743,NCBIGene:2297,predicate:1,NCBIGene:2304,0.0
model_2.pt,NCBIGene:1147,predicate:1,NCBIGene:57162,NCBIGene:2297,predicate:1,NCBIGene:2304,-16.7113094329834
model_2.pt,PUBCHEM.COMPOUND:137226420,predicate:0,NCBIGene:760,NCBIGene:2297,predicate:1,NCBIGene:2304,0.0
model_2.pt,MONDO:0010691,predicate:13,HP:0007957,NCBIGene:2297,predicate:1,NCBIGene:2304,0.0
model_2.pt,NCBIGene:51372,predicate:1,NCBIGene:6202,NCBIGene:2297,predicate:1,NCBIGene:2304,45.94694519042969
model_2.pt,NCBIGene:25865,predicate:8,NCBIGene:23212,NCBIGene:2297,predicate:1,NCBIGene:2304,0.0
model_2.pt,PUBCHEM.COMPOUND:122196132,predicate:0,NCBIGene:7941,NCBIGene:2297,predicate:1,NCBIGene:2304,0.0
model_2.pt,NCBIGene:84283,predicate:1,NCBIGene:51458,NCBIGene:2297,predicate:1,NCBIGene:2304,-41.83740234375
model_2.pt,NCBIGene:84365,predicate:1,NCBIGene:4236,NCBIGene:2297,predicate:1,NCBIGene:2304,29.091777801513672
model_2.pt,CHEBI:8499,predicate:16,MONDO:0001382,NCBIGene:2297,predicate:1,NCBIGene:2304,0.0
model_2.pt,NCBIGene:850551,predicate:3,NCBIGene:856863,NCBIGene:2297,predicate:1,NCBIGene:2304,0.0
model_2.pt,NCBIGene:181271,predicate:3,NCBIGene:190925,NCBIGene:2297,predicate:1,NCBIGene:2304,0.0
model_2.pt,NCBIGene:151056,predicate:4,PUBCHEM.COMPOUND:131761197,NCBIGene:2297,predicate:1,NCBIGene:2304,0.0
model_2.pt,CHEBI:18152,predicate:9,NCBIGene:54498,NCBIGene:2297,predicate:1,NCBIGene:2304,0.0
model_2.pt,NCBIGene:29949,predicate:15,MONDO:0005011,NCBIGene:2297,predicate:1,NCBIGene:2304,0.0
model_2.pt,NCBIGene:173731,predicate:19,CHEBI:31823,NCBIGene:2297,predicate:1,NCBIGene:2304,0.0
model_2.pt,PUBCHEM.COMPOUND:44176335,predicate:0,NCBIGene:331,NCBIGene:2297,predicate:1,NCBIGene:2304,0.0
model_2.pt,PUBCHEM.COMPOUND:49864838,predicate:10,NCBIGene:834,NCBIGene:2297,predicate:1,NCBIGene:2304,0.0
model_2.pt,NCBIGene:10221,predicate:8,NCBIGene:22908,NCBIGene:2297,predicate:1,NCBIGene:2304,0.0
model_2.pt,CHEBI:46345,predicate:7,NCBIGene:6581,NCBIGene:2297,predicate:1,NCBIGene:2304,0.0
model_2.pt,NCBIGene:375035,predicate:3,NCBIGene:80346,NCBIGene:2297,predicate:1,NCBIGene:2304,0.0
model_2.pt,MONDO:0012176,predicate:13,HP:0003028,CHEBI:5781,predicate:16,HP:0002239,0.0
model_2.pt,CHEBI:6809,predicate:9,NCBIGene:8061,CHEBI:5781,predicate:16,HP:0002239,0.0
model_2.pt,PUBCHEM.COMPOUND:1113514,predicate:0,NCBIGene:946552,CHEBI:5781,predicate:16,HP:0002239,0.0
model_2.pt,PUBCHEM.COMPOUND:137636752,predicate:0,NCBIGene:3065,CHEBI:5781,predicate:16,HP:0002239,0.0
model_2.pt,CHEBI:367163,predicate:16,MONDO:0015691,CHEBI:5781,predicate:16,HP:0002239,27.936492919921875
model_2.pt,PUBCHEM.COMPOUND:130200977,predicate:10,NCBIGene:4988,CHEBI:5781,predicate:16,HP:0002239,0.0
model_2.pt,NCBIGene:78987,predicate:3,NCBIGene:92255,CHEBI:5781,predicate:16,HP:0002239,0.0
model_2.pt,NCBIGene:6352,predicate:36,NCBIGene:1234,CHEBI:5781,predicate:16,HP:0002239,0.0
model_2.pt,CHEBI:6443,predicate:7,NCBIGene:8644,CHEBI:5781,predicate:16,HP:0002239,0.0
model_2.pt,DRUGBANK:DB11158,predicate:12,MONDO:0005147,CHEBI:5781,predicate:16,HP:0002239,0.0
model_2.pt,CHEBI:5000,predicate:12,MONDO:0001076,CHEBI:5781,predicate:16,HP:0002239,0.0
model_2.pt,NCBIGene:8089,predicate:3,NCBIGene:26122,CHEBI:5781,predicate:16,HP:0002239,0.0
model_2.pt,NCBIGene:10400,predicate:4,PUBCHEM.COMPOUND:52924335,CHEBI:5781,predicate:16,HP:0002239,0.0
model_2.pt,NCBIGene:10618,predicate:3,NCBIGene:54887,CHEBI:5781,predicate:16,HP:0002239,0.0
model_2.pt,NCBIGene:3308,predicate:15,MONDO:0005559,CHEBI:5781,predicate:16,HP:0002239,0.0
model_2.pt,CHEBI:17351,predicate:7,NCBIGene:5315,CHEBI:5781,predicate:16,HP:0002239,0.0
model_2.pt,CHEMBL.COMPOUND:CHEMBL4747062,predicate:0,NCBIGene:23028,CHEBI:5781,predicate:16,HP:0002239,0.0
model_2.pt,CHEBI:16842,predicate:9,NCBIGene:3557,CHEBI:5781,predicate:16,HP:0002239,0.0
model_2.pt,NCBIGene:4616,predicate:1,NCBIGene:2034,CHEBI:5781,predicate:16,HP:0002239,0.0
model_2.pt,NCBIGene:10201,predicate:1,NCBIGene:6154,CHEBI:5781,predicate:16,HP:0002239,0.0
model_2.pt,NCBIGene:794,predicate:6,NCBIGene:7135,CHEBI:5781,predicate:16,HP:0002239,0.0
model_2.pt,NCBIGene:50834,predicate:1,NCBIGene:403277,CHEBI:5781,predicate:16,HP:0002239,0.0
model_2.pt,CHEBI:3755,predicate:2,MONDO:0007263,CHEBI:5781,predicate:16,HP:0002239,0.0
model_2.pt,PUBCHEM.COMPOUND:131762323,predicate:5,NCBIGene:5407,CHEBI:5781,predicate:16,HP:0002239,0.0
model_2.pt,PUBCHEM.COMPOUND:54325967,predicate:0,NCBIGene:5468,CHEBI:5781,predicate:16,HP:0002239,0.0
model_2.pt,CHEBI:64354,predicate:0,NCBIGene:6559,CHEBI:5781,predicate:16,HP:0002239,0.0
model_2.pt,CHEBI:44423,predicate:7,NCBIGene:3162,CHEBI:5781,predicate:16,HP:0002239,0.0
model_2.pt,NCBIGene:113174,predicate:10,NCBIGene:100528017,CHEBI:5781,predicate:16,HP:0002239,0.0
model_2.pt,NCBIGene:4502,predicate:1,NCBIGene:10912,CHEBI:5781,predicate:16,HP:0002239,0.0
model_2.pt,NCBIGene:5321,predicate:4,PUBCHEM.COMPOUND:53478731,CHEBI:5781,predicate:16,HP:0002239,0.0
model_2.pt,CHEBI:3755,predicate:7,NCBIGene:2100,CHEBI:5781,predicate:16,HP:0002239,0.0
model_2.pt,NCBIGene:51741,predicate:13,HP:0000253,CHEBI:5781,predicate:16,HP:0002239,0.0
model_2.pt,CHEBI:156122,predicate:5,NCBIGene:23761,CHEBI:5781,predicate:16,HP:0002239,0.0
model_2.pt,NCBIGene:245865,predicate:3,NCBIGene:194974,CHEBI:5781,predicate:16,HP:0002239,0.0
model_2.pt,PUBCHEM.COMPOUND:127036977,predicate:0,NCBIGene:135,CHEBI:5781,predicate:16,HP:0002239,0.0
model_2.pt,PUBCHEM.COMPOUND:44433263,predicate:0,NCBIGene:1576,CHEBI:5781,predicate:16,HP:0002239,0.0
model_2.pt,CHEBI:16469,predicate:7,NCBIGene:10587,CHEBI:5781,predicate:16,HP:0002239,0.0
model_2.pt,PUBCHEM.COMPOUND:44314087,predicate:0,NCBIGene:4313,CHEBI:5781,predicate:16,HP:0002239,0.0
model_2.pt,PUBCHEM.COMPOUND:25093440,predicate:0,NCBIGene:1147,CHEBI:5781,predicate:16,HP:0002239,0.0
model_2.pt,NCBIGene:20962,predicate:3,NCBIGene:219150,CHEBI:5781,predicate:16,HP:0002239,0.0
model_2.pt,NCBIGene:23051,predicate:15,MONDO:0005068,CHEBI:5781,predicate:16,HP:0002239,0.0
model_2.pt,NCBIGene:10565,predicate:6,NCBIGene:284369,CHEBI:5781,predicate:16,HP:0002239,0.0
model_2.pt,PUBCHEM.COMPOUND:59268935,predicate:0,NCBIGene:1137,CHEBI:5781,predicate:16,HP:0002239,0.0
model_2.pt,NCBIGene:5903,predicate:1,NCBIGene:402569,CHEBI:5781,predicate:16,HP:0002239,0.0
model_2.pt,PUBCHEM.COMPOUND:57395067,predicate:0,NCBIGene:6531,CHEBI:5781,predicate:16,HP:0002239,0.0
model_2.pt,NCBIGene:852585,predicate:3,NCBIGene:855469,CHEBI:5781,predicate:16,HP:0002239,0.0
model_2.pt,NCBIGene:3976,predicate:9,NCBIGene:2526,CHEBI:5781,predicate:16,HP:0002239,0.0
model_2.pt,NCBIGene:928,predicate:1,NCBIGene:29952,CHEBI:5781,predicate:16,HP:0002239,0.0
model_2.pt,MONDO:0013171,predicate:13,MONDO:0001071,CHEBI:5781,predicate:16,HP:0002239,0.0
model_2.pt,NCBIGene:4634,predicate:1,NCBIGene:6445,CHEBI:5781,predicate:16,HP:0002239,0.0
model_2.pt,CHEBI:18293,predicate:12,HP:0001945,CHEBI:5781,predicate:16,HP:0002239,0.0
model_2.pt,UNII:5M691HL4BO,predicate:16,HP:0001288,CHEBI:5781,predicate:16,HP:0002239,43.33305740356445
model_2.pt,MONDO:0011122,predicate:10,NCBIGene:2673,CHEBI:5781,predicate:16,HP:0002239,0.0
model_2.pt,CHEBI:185383,predicate:5,NCBIGene:9514,CHEBI:5781,predicate:16,HP:0002239,0.0
model_2.pt,NCBIGene:4763,predicate:13,HP:0002857,CHEBI:5781,predicate:16,HP:0002239,0.0
model_2.pt,CHEBI:6121,predicate:7,NCBIGene:2335,CHEBI:5781,predicate:16,HP:0002239,0.0
model_2.pt,NCBIGene:4204,predicate:13,HP:0010864,CHEBI:5781,predicate:16,HP:0002239,0.0
model_2.pt,PUBCHEM.COMPOUND:5702107,predicate:23,NCBIGene:760,CHEBI:5781,predicate:16,HP:0002239,0.0
model_2.pt,NCBIGene:22976,predicate:9,NCBIGene:9519,CHEBI:5781,predicate:16,HP:0002239,0.0
model_2.pt,PUBCHEM.COMPOUND:9834864,predicate:14,NCBIGene:1137,CHEBI:5781,predicate:16,HP:0002239,0.0
model_2.pt,PUBCHEM.COMPOUND:44431492,predicate:10,NCBIGene:1815,CHEBI:5781,predicate:16,HP:0002239,0.0
model_2.pt,CHEBI:191001,predicate:18,NCBIGene:6422,CHEBI:5781,predicate:16,HP:0002239,0.0
model_2.pt,PUBCHEM.COMPOUND:25015107,predicate:0,NCBIGene:2260,CHEBI:5781,predicate:16,HP:0002239,0.0
model_2.pt,PUBCHEM.COMPOUND:131757266,predicate:5,NCBIGene:80168,CHEBI:5781,predicate:16,HP:0002239,0.0
model_2.pt,NCBIGene:23205,predicate:1,NCBIGene:11283,CHEBI:5781,predicate:16,HP:0002239,0.0
model_2.pt,NCBIGene:23054,predicate:1,NCBIGene:54617,CHEBI:5781,predicate:16,HP:0002239,0.0
model_2.pt,NCBIGene:10008,predicate:3,NCBIGene:4751,CHEBI:5781,predicate:16,HP:0002239,0.0
model_2.pt,NCBIGene:27183,predicate:1,NCBIGene:4904,CHEBI:5781,predicate:16,HP:0002239,0.0
model_2.pt,NCBIGene:5578,predicate:8,NCBIGene:85377,CHEBI:5781,predicate:16,HP:0002239,0.0
model_2.pt,NCBIGene:79165,predicate:1,NCBIGene:9704,CHEBI:5781,predicate:16,HP:0002239,0.0
model_2.pt,NCBIGene:2170,predicate:9,NCBIGene:8611,CHEBI:5781,predicate:16,HP:0002239,0.0
model_2.pt,NCBIGene:91748,predicate:1,NCBIGene:59345,CHEBI:5781,predicate:16,HP:0002239,0.0
model_2.pt,PUBCHEM.COMPOUND:155512592,predicate:0,NCBIGene:142,CHEBI:5781,predicate:16,HP:0002239,0.0
model_2.pt,NCBIGene:5663,predicate:7,NCBIGene:7158,CHEBI:5781,predicate:16,HP:0002239,0.0
model_2.pt,NCBIGene:4140,predicate:21,NCBIGene:7534,CHEBI:5781,predicate:16,HP:0002239,0.0
model_2.pt,NCBIGene:2475,predicate:1,NCBIGene:23456,CHEBI:5781,predicate:16,HP:0002239,0.0
model_2.pt,NCBIGene:3162,predicate:15,MONDO:0000831,CHEBI:5781,predicate:16,HP:0002239,0.0
model_2.pt,PUBCHEM.COMPOUND:10578760,predicate:0,NCBIGene:29580,CHEBI:5781,predicate:16,HP:0002239,0.0
model_2.pt,NCBIGene:56893,predicate:9,NCBIGene:7316,CHEBI:5781,predicate:16,HP:0002239,0.0
model_2.pt,CHEBI:93205,predicate:23,NCBIGene:8743,CHEBI:5781,predicate:16,HP:0002239,0.0
model_2.pt,NCBIGene:1147,predicate:1,NCBIGene:57162,CHEBI:5781,predicate:16,HP:0002239,0.0
model_2.pt,PUBCHEM.COMPOUND:137226420,predicate:0,NCBIGene:760,CHEBI:5781,predicate:16,HP:0002239,0.0
model_2.pt,MONDO:0010691,predicate:13,HP:0007957,CHEBI:5781,predicate:16,HP:0002239,0.0
model_2.pt,NCBIGene:51372,predicate:1,NCBIGene:6202,CHEBI:5781,predicate:16,HP:0002239,0.0
model_2.pt,NCBIGene:25865,predicate:8,NCBIGene:23212,CHEBI:5781,predicate:16,HP:0002239,0.0
model_2.pt,PUBCHEM.COMPOUND:122196132,predicate:0,NCBIGene:7941,CHEBI:5781,predicate:16,HP:0002239,0.0
model_2.pt,NCBIGene:84283,predicate:1,NCBIGene:51458,CHEBI:5781,predicate:16,HP:0002239,0.0
model_2.pt,NCBIGene:84365,predicate:1,NCBIGene:4236,CHEBI:5781,predicate:16,HP:0002239,0.0
model_2.pt,CHEBI:8499,predicate:16,MONDO:0001382,CHEBI:5781,predicate:16,HP:0002239,73.48480224609375
model_2.pt,NCBIGene:850551,predicate:3,NCBIGene:856863,CHEBI:5781,predicate:16,HP:0002239,0.0
model_2.pt,NCBIGene:181271,predicate:3,NCBIGene:190925,CHEBI:5781,predicate:16,HP:0002239,0.0
model_2.pt,NCBIGene:151056,predicate:4,PUBCHEM.COMPOUND:131761197,CHEBI:5781,predicate:16,HP:0002239,0.0
model_2.pt,CHEBI:18152,predicate:9,NCBIGene:54498,CHEBI:5781,predicate:16,HP:0002239,0.0
model_2.pt,NCBIGene:29949,predicate:15,MONDO:0005011,CHEBI:5781,predicate:16,HP:0002239,0.0
model_2.pt,NCBIGene:173731,predicate:19,CHEBI:31823,CHEBI:5781,predicate:16,HP:0002239,0.0
model_2.pt,PUBCHEM.COMPOUND:44176335,predicate:0,NCBIGene:331,CHEBI:5781,predicate:16,HP:0002239,0.0
model_2.pt,PUBCHEM.COMPOUND:49864838,predicate:10,NCBIGene:834,CHEBI:5781,predicate:16,HP:0002239,0.0
model_2.pt,NCBIGene:10221,predicate:8,NCBIGene:22908,CHEBI:5781,predicate:16,HP:0002239,0.0
model_2.pt,CHEBI:46345,predicate:7,NCBIGene:6581,CHEBI:5781,predicate:16,HP:0002239,0.0
model_2.pt,NCBIGene:375035,predicate:3,NCBIGene:80346,CHEBI:5781,predicate:16,HP:0002239,0.0
model_2.pt,MONDO:0012176,predicate:13,HP:0003028,NCBIGene:2195,predicate:6,NCBIGene:4535,0.0
model_2.pt,CHEBI:6809,predicate:9,NCBIGene:8061,NCBIGene:2195,predicate:6,NCBIGene:4535,0.0
model_2.pt,PUBCHEM.COMPOUND:1113514,predicate:0,NCBIGene:946552,NCBIGene:2195,predicate:6,NCBIGene:4535,0.0
model_2.pt,PUBCHEM.COMPOUND:137636752,predicate:0,NCBIGene:3065,NCBIGene:2195,predicate:6,NCBIGene:4535,0.0
model_2.pt,CHEBI:367163,predicate:16,MONDO:0015691,NCBIGene:2195,predicate:6,NCBIGene:4535,0.0
model_2.pt,PUBCHEM.COMPOUND:130200977,predicate:10,NCBIGene:4988,NCBIGene:2195,predicate:6,NCBIGene:4535,0.0
model_2.pt,NCBIGene:78987,predicate:3,NCBIGene:92255,NCBIGene:2195,predicate:6,NCBIGene:4535,0.0
model_2.pt,NCBIGene:6352,predicate:36,NCBIGene:1234,NCBIGene:2195,predicate:6,NCBIGene:4535,0.0
model_2.pt,CHEBI:6443,predicate:7,NCBIGene:8644,NCBIGene:2195,predicate:6,NCBIGene:4535,0.0
model_2.pt,DRUGBANK:DB11158,predicate:12,MONDO:0005147,NCBIGene:2195,predicate:6,NCBIGene:4535,0.0
model_2.pt,CHEBI:5000,predicate:12,MONDO:0001076,NCBIGene:2195,predicate:6,NCBIGene:4535,0.0
model_2.pt,NCBIGene:8089,predicate:3,NCBIGene:26122,NCBIGene:2195,predicate:6,NCBIGene:4535,0.0
model_2.pt,NCBIGene:10400,predicate:4,PUBCHEM.COMPOUND:52924335,NCBIGene:2195,predicate:6,NCBIGene:4535,0.0
model_2.pt,NCBIGene:10618,predicate:3,NCBIGene:54887,NCBIGene:2195,predicate:6,NCBIGene:4535,0.0
model_2.pt,NCBIGene:3308,predicate:15,MONDO:0005559,NCBIGene:2195,predicate:6,NCBIGene:4535,0.0
model_2.pt,CHEBI:17351,predicate:7,NCBIGene:5315,NCBIGene:2195,predicate:6,NCBIGene:4535,0.0
model_2.pt,CHEMBL.COMPOUND:CHEMBL4747062,predicate:0,NCBIGene:23028,NCBIGene:2195,predicate:6,NCBIGene:4535,0.0
model_2.pt,CHEBI:16842,predicate:9,NCBIGene:3557,NCBIGene:2195,predicate:6,NCBIGene:4535,0.0
model_2.pt,NCBIGene:4616,predicate:1,NCBIGene:2034,NCBIGene:2195,predicate:6,NCBIGene:4535,0.0
model_2.pt,NCBIGene:10201,predicate:1,NCBIGene:6154,NCBIGene:2195,predicate:6,NCBIGene:4535,0.0
model_2.pt,NCBIGene:794,predicate:6,NCBIGene:7135,NCBIGene:2195,predicate:6,NCBIGene:4535,-38.084739685058594
model_2.pt,NCBIGene:50834,predicate:1,NCBIGene:403277,NCBIGene:2195,predicate:6,NCBIGene:4535,0.0
model_2.pt,CHEBI:3755,predicate:2,MONDO:0007263,NCBIGene:2195,predicate:6,NCBIGene:4535,0.0
model_2.pt,PUBCHEM.COMPOUND:131762323,predicate:5,NCBIGene:5407,NCBIGene:2195,predicate:6,NCBIGene:4535,0.0
model_2.pt,PUBCHEM.COMPOUND:54325967,predicate:0,NCBIGene:5468,NCBIGene:2195,predicate:6,NCBIGene:4535,0.0
model_2.pt,CHEBI:64354,predicate:0,NCBIGene:6559,NCBIGene:2195,predicate:6,NCBIGene:4535,0.0
model_2.pt,CHEBI:44423,predicate:7,NCBIGene:3162,NCBIGene:2195,predicate:6,NCBIGene:4535,0.0
model_2.pt,NCBIGene:113174,predicate:10,NCBIGene:100528017,NCBIGene:2195,predicate:6,NCBIGene:4535,0.0
model_2.pt,NCBIGene:4502,predicate:1,NCBIGene:10912,NCBIGene:2195,predicate:6,NCBIGene:4535,0.0
model_2.pt,NCBIGene:5321,predicate:4,PUBCHEM.COMPOUND:53478731,NCBIGene:2195,predicate:6,NCBIGene:4535,0.0
model_2.pt,CHEBI:3755,predicate:7,NCBIGene:2100,NCBIGene:2195,predicate:6,NCBIGene:4535,0.0
model_2.pt,NCBIGene:51741,predicate:13,HP:0000253,NCBIGene:2195,predicate:6,NCBIGene:4535,0.0
model_2.pt,CHEBI:156122,predicate:5,NCBIGene:23761,NCBIGene:2195,predicate:6,NCBIGene:4535,0.0
model_2.pt,NCBIGene:245865,predicate:3,NCBIGene:194974,NCBIGene:2195,predicate:6,NCBIGene:4535,0.0
model_2.pt,PUBCHEM.COMPOUND:127036977,predicate:0,NCBIGene:135,NCBIGene:2195,predicate:6,NCBIGene:4535,0.0
model_2.pt,PUBCHEM.COMPOUND:44433263,predicate:0,NCBIGene:1576,NCBIGene:2195,predicate:6,NCBIGene:4535,0.0
model_2.pt,CHEBI:16469,predicate:7,NCBIGene:10587,NCBIGene:2195,predicate:6,NCBIGene:4535,0.0
model_2.pt,PUBCHEM.COMPOUND:44314087,predicate:0,NCBIGene:4313,NCBIGene:2195,predicate:6,NCBIGene:4535,0.0
model_2.pt,PUBCHEM.COMPOUND:25093440,predicate:0,NCBIGene:1147,NCBIGene:2195,predicate:6,NCBIGene:4535,0.0
model_2.pt,NCBIGene:20962,predicate:3,NCBIGene:219150,NCBIGene:2195,predicate:6,NCBIGene:4535,0.0
model_2.pt,NCBIGene:23051,predicate:15,MONDO:0005068,NCBIGene:2195,predicate:6,NCBIGene:4535,0.0
model_2.pt,NCBIGene:10565,predicate:6,NCBIGene:284369,NCBIGene:2195,predicate:6,NCBIGene:4535,2.835906982421875
model_2.pt,PUBCHEM.COMPOUND:59268935,predicate:0,NCBIGene:1137,NCBIGene:2195,predicate:6,NCBIGene:4535,0.0
model_2.pt,NCBIGene:5903,predicate:1,NCBIGene:402569,NCBIGene:2195,predicate:6,NCBIGene:4535,0.0
model_2.pt,PUBCHEM.COMPOUND:57395067,predicate:0,NCBIGene:6531,NCBIGene:2195,predicate:6,NCBIGene:4535,0.0
model_2.pt,NCBIGene:852585,predicate:3,NCBIGene:855469,NCBIGene:2195,predicate:6,NCBIGene:4535,0.0
model_2.pt,NCBIGene:3976,predicate:9,NCBIGene:2526,NCBIGene:2195,predicate:6,NCBIGene:4535,0.0
model_2.pt,NCBIGene:928,predicate:1,NCBIGene:29952,NCBIGene:2195,predicate:6,NCBIGene:4535,0.0
model_2.pt,MONDO:0013171,predicate:13,MONDO:0001071,NCBIGene:2195,predicate:6,NCBIGene:4535,0.0
model_2.pt,NCBIGene:4634,predicate:1,NCBIGene:6445,NCBIGene:2195,predicate:6,NCBIGene:4535,0.0
model_2.pt,CHEBI:18293,predicate:12,HP:0001945,NCBIGene:2195,predicate:6,NCBIGene:4535,0.0
model_2.pt,UNII:5M691HL4BO,predicate:16,HP:0001288,NCBIGene:2195,predicate:6,NCBIGene:4535,0.0
model_2.pt,MONDO:0011122,predicate:10,NCBIGene:2673,NCBIGene:2195,predicate:6,NCBIGene:4535,0.0
model_2.pt,CHEBI:185383,predicate:5,NCBIGene:9514,NCBIGene:2195,predicate:6,NCBIGene:4535,0.0
model_2.pt,NCBIGene:4763,predicate:13,HP:0002857,NCBIGene:2195,predicate:6,NCBIGene:4535,0.0
model_2.pt,CHEBI:6121,predicate:7,NCBIGene:2335,NCBIGene:2195,predicate:6,NCBIGene:4535,0.0
model_2.pt,NCBIGene:4204,predicate:13,HP:0010864,NCBIGene:2195,predicate:6,NCBIGene:4535,0.0
model_2.pt,PUBCHEM.COMPOUND:5702107,predicate:23,NCBIGene:760,NCBIGene:2195,predicate:6,NCBIGene:4535,0.0
model_2.pt,NCBIGene:22976,predicate:9,NCBIGene:9519,NCBIGene:2195,predicate:6,NCBIGene:4535,0.0
model_2.pt,PUBCHEM.COMPOUND:9834864,predicate:14,NCBIGene:1137,NCBIGene:2195,predicate:6,NCBIGene:4535,0.0
model_2.pt,PUBCHEM.COMPOUND:44431492,predicate:10,NCBIGene:1815,NCBIGene:2195,predicate:6,NCBIGene:4535,0.0
model_2.pt,CHEBI:191001,predicate:18,NCBIGene:6422,NCBIGene:2195,predicate:6,NCBIGene:4535,0.0
model_2.pt,PUBCHEM.COMPOUND:25015107,predicate:0,NCBIGene:2260,NCBIGene:2195,predicate:6,NCBIGene:4535,0.0
model_2.pt,PUBCHEM.COMPOUND:131757266,predicate:5,NCBIGene:80168,NCBIGene:2195,predicate:6,NCBIGene:4535,0.0
model_2.pt,NCBIGene:23205,predicate:1,NCBIGene:11283,NCBIGene:2195,predicate:6,NCBIGene:4535,0.0
model_2.pt,NCBIGene:23054,predicate:1,NCBIGene:54617,NCBIGene:2195,predicate:6,NCBIGene:4535,0.0
model_2.pt,NCBIGene:10008,predicate:3,NCBIGene:4751,NCBIGene:2195,predicate:6,NCBIGene:4535,0.0
model_2.pt,NCBIGene:27183,predicate:1,NCBIGene:4904,NCBIGene:2195,predicate:6,NCBIGene:4535,0.0
model_2.pt,NCBIGene:5578,predicate:8,NCBIGene:85377,NCBIGene:2195,predicate:6,NCBIGene:4535,0.0
model_2.pt,NCBIGene:79165,predicate:1,NCBIGene:9704,NCBIGene:2195,predicate:6,NCBIGene:4535,0.0
model_2.pt,NCBIGene:2170,predicate:9,NCBIGene:8611,NCBIGene:2195,predicate:6,NCBIGene:4535,0.0
model_2.pt,NCBIGene:91748,predicate:1,NCBIGene:59345,NCBIGene:2195,predicate:6,NCBIGene:4535,0.0
model_2.pt,PUBCHEM.COMPOUND:155512592,predicate:0,NCBIGene:142,NCBIGene:2195,predicate:6,NCBIGene:4535,0.0
model_2.pt,NCBIGene:5663,predicate:7,NCBIGene:7158,NCBIGene:2195,predicate:6,NCBIGene:4535,0.0
model_2.pt,NCBIGene:4140,predicate:21,NCBIGene:7534,NCBIGene:2195,predicate:6,NCBIGene:4535,0.0
model_2.pt,NCBIGene:2475,predicate:1,NCBIGene:23456,NCBIGene:2195,predicate:6,NCBIGene:4535,0.0
model_2.pt,NCBIGene:3162,predicate:15,MONDO:0000831,NCBIGene:2195,predicate:6,NCBIGene:4535,0.0
model_2.pt,PUBCHEM.COMPOUND:10578760,predicate:0,NCBIGene:29580,NCBIGene:2195,predicate:6,NCBIGene:4535,0.0
model_2.pt,NCBIGene:56893,predicate:9,NCBIGene:7316,NCBIGene:2195,predicate:6,NCBIGene:4535,0.0
model_2.pt,CHEBI:93205,predicate:23,NCBIGene:8743,NCBIGene:2195,predicate:6,NCBIGene:4535,0.0
model_2.pt,NCBIGene:1147,predicate:1,NCBIGene:57162,NCBIGene:2195,predicate:6,NCBIGene:4535,0.0
model_2.pt,PUBCHEM.COMPOUND:137226420,predicate:0,NCBIGene:760,NCBIGene:2195,predicate:6,NCBIGene:4535,0.0
model_2.pt,MONDO:0010691,predicate:13,HP:0007957,NCBIGene:2195,predicate:6,NCBIGene:4535,0.0
model_2.pt,NCBIGene:51372,predicate:1,NCBIGene:6202,NCBIGene:2195,predicate:6,NCBIGene:4535,0.0
model_2.pt,NCBIGene:25865,predicate:8,NCBIGene:23212,NCBIGene:2195,predicate:6,NCBIGene:4535,0.0
model_2.pt,PUBCHEM.COMPOUND:122196132,predicate:0,NCBIGene:7941,NCBIGene:2195,predicate:6,NCBIGene:4535,0.0
model_2.pt,NCBIGene:84283,predicate:1,NCBIGene:51458,NCBIGene:2195,predicate:6,NCBIGene:4535,0.0
model_2.pt,NCBIGene:84365,predicate:1,NCBIGene:4236,NCBIGene:2195,predicate:6,NCBIGene:4535,0.0
model_2.pt,CHEBI:8499,predicate:16,MONDO:0001382,NCBIGene:2195,predicate:6,NCBIGene:4535,0.0
model_2.pt,NCBIGene:850551,predicate:3,NCBIGene:856863,NCBIGene:2195,predicate:6,NCBIGene:4535,0.0
model_2.pt,NCBIGene:181271,predicate:3,NCBIGene:190925,NCBIGene:2195,predicate:6,NCBIGene:4535,0.0
model_2.pt,NCBIGene:151056,predicate:4,PUBCHEM.COMPOUND:131761197,NCBIGene:2195,predicate:6,NCBIGene:4535,0.0
model_2.pt,CHEBI:18152,predicate:9,NCBIGene:54498,NCBIGene:2195,predicate:6,NCBIGene:4535,0.0
model_2.pt,NCBIGene:29949,predicate:15,MONDO:0005011,NCBIGene:2195,predicate:6,NCBIGene:4535,0.0
model_2.pt,NCBIGene:173731,predicate:19,CHEBI:31823,NCBIGene:2195,predicate:6,NCBIGene:4535,0.0
model_2.pt,PUBCHEM.COMPOUND:44176335,predicate:0,NCBIGene:331,NCBIGene:2195,predicate:6,NCBIGene:4535,0.0
model_2.pt,PUBCHEM.COMPOUND:49864838,predicate:10,NCBIGene:834,NCBIGene:2195,predicate:6,NCBIGene:4535,0.0
model_2.pt,NCBIGene:10221,predicate:8,NCBIGene:22908,NCBIGene:2195,predicate:6,NCBIGene:4535,0.0
model_2.pt,CHEBI:46345,predicate:7,NCBIGene:6581,NCBIGene:2195,predicate:6,NCBIGene:4535,0.0
model_2.pt,NCBIGene:375035,predicate:3,NCBIGene:80346,NCBIGene:2195,predicate:6,NCBIGene:4535,0.0
model_2.pt,MONDO:0012176,predicate:13,HP:0003028,NCBIGene:4221,predicate:15,MONDO:0007540,0.0
model_2.pt,CHEBI:6809,predicate:9,NCBIGene:8061,NCBIGene:4221,predicate:15,MONDO:0007540,0.0
model_2.pt,PUBCHEM.COMPOUND:1113514,predicate:0,NCBIGene:946552,NCBIGene:4221,predicate:15,MONDO:0007540,0.0
model_2.pt,PUBCHEM.COMPOUND:137636752,predicate:0,NCBIGene:3065,NCBIGene:4221,predicate:15,MONDO:0007540,0.0
model_2.pt,CHEBI:367163,predicate:16,MONDO:0015691,NCBIGene:4221,predicate:15,MONDO:0007540,0.0
model_2.pt,PUBCHEM.COMPOUND:130200977,predicate:10,NCBIGene:4988,NCBIGene:4221,predicate:15,MONDO:0007540,0.0
model_2.pt,NCBIGene:78987,predicate:3,NCBIGene:92255,NCBIGene:4221,predicate:15,MONDO:0007540,0.0
model_2.pt,NCBIGene:6352,predicate:36,NCBIGene:1234,NCBIGene:4221,predicate:15,MONDO:0007540,0.0
model_2.pt,CHEBI:6443,predicate:7,NCBIGene:8644,NCBIGene:4221,predicate:15,MONDO:0007540,0.0
model_2.pt,DRUGBANK:DB11158,predicate:12,MONDO:0005147,NCBIGene:4221,predicate:15,MONDO:0007540,0.0
model_2.pt,CHEBI:5000,predicate:12,MONDO:0001076,NCBIGene:4221,predicate:15,MONDO:0007540,0.0
model_2.pt,NCBIGene:8089,predicate:3,NCBIGene:26122,NCBIGene:4221,predicate:15,MONDO:0007540,0.0
model_2.pt,NCBIGene:10400,predicate:4,PUBCHEM.COMPOUND:52924335,NCBIGene:4221,predicate:15,MONDO:0007540,0.0
model_2.pt,NCBIGene:10618,predicate:3,NCBIGene:54887,NCBIGene:4221,predicate:15,MONDO:0007540,0.0
model_2.pt,NCBIGene:3308,predicate:15,MONDO:0005559,NCBIGene:4221,predicate:15,MONDO:0007540,-37.042510986328125
model_2.pt,CHEBI:17351,predicate:7,NCBIGene:5315,NCBIGene:4221,predicate:15,MONDO:0007540,0.0
model_2.pt,CHEMBL.COMPOUND:CHEMBL4747062,predicate:0,NCBIGene:23028,NCBIGene:4221,predicate:15,MONDO:0007540,0.0
model_2.pt,CHEBI:16842,predicate:9,NCBIGene:3557,NCBIGene:4221,predicate:15,MONDO:0007540,0.0
model_2.pt,NCBIGene:4616,predicate:1,NCBIGene:2034,NCBIGene:4221,predicate:15,MONDO:0007540,0.0
model_2.pt,NCBIGene:10201,predicate:1,NCBIGene:6154,NCBIGene:4221,predicate:15,MONDO:0007540,0.0
model_2.pt,NCBIGene:794,predicate:6,NCBIGene:7135,NCBIGene:4221,predicate:15,MONDO:0007540,0.0
model_2.pt,NCBIGene:50834,predicate:1,NCBIGene:403277,NCBIGene:4221,predicate:15,MONDO:0007540,0.0
model_2.pt,CHEBI:3755,predicate:2,MONDO:0007263,NCBIGene:4221,predicate:15,MONDO:0007540,0.0
model_2.pt,PUBCHEM.COMPOUND:131762323,predicate:5,NCBIGene:5407,NCBIGene:4221,predicate:15,MONDO:0007540,0.0
model_2.pt,PUBCHEM.COMPOUND:54325967,predicate:0,NCBIGene:5468,NCBIGene:4221,predicate:15,MONDO:0007540,0.0
model_2.pt,CHEBI:64354,predicate:0,NCBIGene:6559,NCBIGene:4221,predicate:15,MONDO:0007540,0.0
model_2.pt,CHEBI:44423,predicate:7,NCBIGene:3162,NCBIGene:4221,predicate:15,MONDO:0007540,0.0
model_2.pt,NCBIGene:113174,predicate:10,NCBIGene:100528017,NCBIGene:4221,predicate:15,MONDO:0007540,0.0
model_2.pt,NCBIGene:4502,predicate:1,NCBIGene:10912,NCBIGene:4221,predicate:15,MONDO:0007540,0.0
model_2.pt,NCBIGene:5321,predicate:4,PUBCHEM.COMPOUND:53478731,NCBIGene:4221,predicate:15,MONDO:0007540,0.0
model_2.pt,CHEBI:3755,predicate:7,NCBIGene:2100,NCBIGene:4221,predicate:15,MONDO:0007540,0.0
model_2.pt,NCBIGene:51741,predicate:13,HP:0000253,NCBIGene:4221,predicate:15,MONDO:0007540,0.0
model_2.pt,CHEBI:156122,predicate:5,NCBIGene:23761,NCBIGene:4221,predicate:15,MONDO:0007540,0.0
model_2.pt,NCBIGene:245865,predicate:3,NCBIGene:194974,NCBIGene:4221,predicate:15,MONDO:0007540,0.0
model_2.pt,PUBCHEM.COMPOUND:127036977,predicate:0,NCBIGene:135,NCBIGene:4221,predicate:15,MONDO:0007540,0.0
model_2.pt,PUBCHEM.COMPOUND:44433263,predicate:0,NCBIGene:1576,NCBIGene:4221,predicate:15,MONDO:0007540,0.0
model_2.pt,CHEBI:16469,predicate:7,NCBIGene:10587,NCBIGene:4221,predicate:15,MONDO:0007540,0.0
model_2.pt,PUBCHEM.COMPOUND:44314087,predicate:0,NCBIGene:4313,NCBIGene:4221,predicate:15,MONDO:0007540,0.0
model_2.pt,PUBCHEM.COMPOUND:25093440,predicate:0,NCBIGene:1147,NCBIGene:4221,predicate:15,MONDO:0007540,0.0
model_2.pt,NCBIGene:20962,predicate:3,NCBIGene:219150,NCBIGene:4221,predicate:15,MONDO:0007540,0.0
model_2.pt,NCBIGene:23051,predicate:15,MONDO:0005068,NCBIGene:4221,predicate:15,MONDO:0007540,23.98276710510254
model_2.pt,NCBIGene:10565,predicate:6,NCBIGene:284369,NCBIGene:4221,predicate:15,MONDO:0007540,0.0
model_2.pt,PUBCHEM.COMPOUND:59268935,predicate:0,NCBIGene:1137,NCBIGene:4221,predicate:15,MONDO:0007540,0.0
model_2.pt,NCBIGene:5903,predicate:1,NCBIGene:402569,NCBIGene:4221,predicate:15,MONDO:0007540,0.0
model_2.pt,PUBCHEM.COMPOUND:57395067,predicate:0,NCBIGene:6531,NCBIGene:4221,predicate:15,MONDO:0007540,0.0
model_2.pt,NCBIGene:852585,predicate:3,NCBIGene:855469,NCBIGene:4221,predicate:15,MONDO:0007540,0.0
model_2.pt,NCBIGene:3976,predicate:9,NCBIGene:2526,NCBIGene:4221,predicate:15,MONDO:0007540,0.0
model_2.pt,NCBIGene:928,predicate:1,NCBIGene:29952,NCBIGene:4221,predicate:15,MONDO:0007540,0.0
model_2.pt,MONDO:0013171,predicate:13,MONDO:0001071,NCBIGene:4221,predicate:15,MONDO:0007540,0.0
model_2.pt,NCBIGene:4634,predicate:1,NCBIGene:6445,NCBIGene:4221,predicate:15,MONDO:0007540,0.0
model_2.pt,CHEBI:18293,predicate:12,HP:0001945,NCBIGene:4221,predicate:15,MONDO:0007540,0.0
model_2.pt,UNII:5M691HL4BO,predicate:16,HP:0001288,NCBIGene:4221,predicate:15,MONDO:0007540,0.0
model_2.pt,MONDO:0011122,predicate:10,NCBIGene:2673,NCBIGene:4221,predicate:15,MONDO:0007540,0.0
model_2.pt,CHEBI:185383,predicate:5,NCBIGene:9514,NCBIGene:4221,predicate:15,MONDO:0007540,0.0
model_2.pt,NCBIGene:4763,predicate:13,HP:0002857,NCBIGene:4221,predicate:15,MONDO:0007540,0.0
model_2.pt,CHEBI:6121,predicate:7,NCBIGene:2335,NCBIGene:4221,predicate:15,MONDO:0007540,0.0
model_2.pt,NCBIGene:4204,predicate:13,HP:0010864,NCBIGene:4221,predicate:15,MONDO:0007540,0.0
model_2.pt,PUBCHEM.COMPOUND:5702107,predicate:23,NCBIGene:760,NCBIGene:4221,predicate:15,MONDO:0007540,0.0
model_2.pt,NCBIGene:22976,predicate:9,NCBIGene:9519,NCBIGene:4221,predicate:15,MONDO:0007540,0.0
model_2.pt,PUBCHEM.COMPOUND:9834864,predicate:14,NCBIGene:1137,NCBIGene:4221,predicate:15,MONDO:0007540,0.0
model_2.pt,PUBCHEM.COMPOUND:44431492,predicate:10,NCBIGene:1815,NCBIGene:4221,predicate:15,MONDO:0007540,0.0
model_2.pt,CHEBI:191001,predicate:18,NCBIGene:6422,NCBIGene:4221,predicate:15,MONDO:0007540,0.0
model_2.pt,PUBCHEM.COMPOUND:25015107,predicate:0,NCBIGene:2260,NCBIGene:4221,predicate:15,MONDO:0007540,0.0
model_2.pt,PUBCHEM.COMPOUND:131757266,predicate:5,NCBIGene:80168,NCBIGene:4221,predicate:15,MONDO:0007540,0.0
model_2.pt,NCBIGene:23205,predicate:1,NCBIGene:11283,NCBIGene:4221,predicate:15,MONDO:0007540,0.0
model_2.pt,NCBIGene:23054,predicate:1,NCBIGene:54617,NCBIGene:4221,predicate:15,MONDO:0007540,0.0
model_2.pt,NCBIGene:10008,predicate:3,NCBIGene:4751,NCBIGene:4221,predicate:15,MONDO:0007540,0.0
model_2.pt,NCBIGene:27183,predicate:1,NCBIGene:4904,NCBIGene:4221,predicate:15,MONDO:0007540,0.0
model_2.pt,NCBIGene:5578,predicate:8,NCBIGene:85377,NCBIGene:4221,predicate:15,MONDO:0007540,0.0
model_2.pt,NCBIGene:79165,predicate:1,NCBIGene:9704,NCBIGene:4221,predicate:15,MONDO:0007540,0.0
model_2.pt,NCBIGene:2170,predicate:9,NCBIGene:8611,NCBIGene:4221,predicate:15,MONDO:0007540,0.0
model_2.pt,NCBIGene:91748,predicate:1,NCBIGene:59345,NCBIGene:4221,predicate:15,MONDO:0007540,0.0
model_2.pt,PUBCHEM.COMPOUND:155512592,predicate:0,NCBIGene:142,NCBIGene:4221,predicate:15,MONDO:0007540,0.0
model_2.pt,NCBIGene:5663,predicate:7,NCBIGene:7158,NCBIGene:4221,predicate:15,MONDO:0007540,0.0
model_2.pt,NCBIGene:4140,predicate:21,NCBIGene:7534,NCBIGene:4221,predicate:15,MONDO:0007540,0.0
model_2.pt,NCBIGene:2475,predicate:1,NCBIGene:23456,NCBIGene:4221,predicate:15,MONDO:0007540,0.0
model_2.pt,NCBIGene:3162,predicate:15,MONDO:0000831,NCBIGene:4221,predicate:15,MONDO:0007540,-19.2518367767334
model_2.pt,PUBCHEM.COMPOUND:10578760,predicate:0,NCBIGene:29580,NCBIGene:4221,predicate:15,MONDO:0007540,0.0
model_2.pt,NCBIGene:56893,predicate:9,NCBIGene:7316,NCBIGene:4221,predicate:15,MONDO:0007540,0.0
model_2.pt,CHEBI:93205,predicate:23,NCBIGene:8743,NCBIGene:4221,predicate:15,MONDO:0007540,0.0
model_2.pt,NCBIGene:1147,predicate:1,NCBIGene:57162,NCBIGene:4221,predicate:15,MONDO:0007540,0.0
model_2.pt,PUBCHEM.COMPOUND:137226420,predicate:0,NCBIGene:760,NCBIGene:4221,predicate:15,MONDO:0007540,0.0
model_2.pt,MONDO:0010691,predicate:13,HP:0007957,NCBIGene:4221,predicate:15,MONDO:0007540,0.0
model_2.pt,NCBIGene:51372,predicate:1,NCBIGene:6202,NCBIGene:4221,predicate:15,MONDO:0007540,0.0
model_2.pt,NCBIGene:25865,predicate:8,NCBIGene:23212,NCBIGene:4221,predicate:15,MONDO:0007540,0.0
model_2.pt,PUBCHEM.COMPOUND:122196132,predicate:0,NCBIGene:7941,NCBIGene:4221,predicate:15,MONDO:0007540,0.0
model_2.pt,NCBIGene:84283,predicate:1,NCBIGene:51458,NCBIGene:4221,predicate:15,MONDO:0007540,0.0
model_2.pt,NCBIGene:84365,predicate:1,NCBIGene:4236,NCBIGene:4221,predicate:15,MONDO:0007540,0.0
model_2.pt,CHEBI:8499,predicate:16,MONDO:0001382,NCBIGene:4221,predicate:15,MONDO:0007540,0.0
model_2.pt,NCBIGene:850551,predicate:3,NCBIGene:856863,NCBIGene:4221,predicate:15,MONDO:0007540,0.0
model_2.pt,NCBIGene:181271,predicate:3,NCBIGene:190925,NCBIGene:4221,predicate:15,MONDO:0007540,0.0
model_2.pt,NCBIGene:151056,predicate:4,PUBCHEM.COMPOUND:131761197,NCBIGene:4221,predicate:15,MONDO:0007540,0.0
model_2.pt,CHEBI:18152,predicate:9,NCBIGene:54498,NCBIGene:4221,predicate:15,MONDO:0007540,0.0
model_2.pt,NCBIGene:29949,predicate:15,MONDO:0005011,NCBIGene:4221,predicate:15,MONDO:0007540,23.11823081970215
model_2.pt,NCBIGene:173731,predicate:19,CHEBI:31823,NCBIGene:4221,predicate:15,MONDO:0007540,0.0
model_2.pt,PUBCHEM.COMPOUND:44176335,predicate:0,NCBIGene:331,NCBIGene:4221,predicate:15,MONDO:0007540,0.0
model_2.pt,PUBCHEM.COMPOUND:49864838,predicate:10,NCBIGene:834,NCBIGene:4221,predicate:15,MONDO:0007540,0.0
model_2.pt,NCBIGene:10221,predicate:8,NCBIGene:22908,NCBIGene:4221,predicate:15,MONDO:0007540,0.0
model_2.pt,CHEBI:46345,predicate:7,NCBIGene:6581,NCBIGene:4221,predicate:15,MONDO:0007540,0.0
model_2.pt,NCBIGene:375035,predicate:3,NCBIGene:80346,NCBIGene:4221,predicate:15,MONDO:0007540,0.0
model_26.pt,MONDO:0012176,predicate:13,HP:0003028,MONDO:0008538,predicate:13,HP:0003565,41.59832000732422
model_26.pt,CHEBI:6809,predicate:9,NCBIGene:8061,MONDO:0008538,predicate:13,HP:0003565,0.0
model_26.pt,PUBCHEM.COMPOUND:1113514,predicate:0,NCBIGene:946552,MONDO:0008538,predicate:13,HP:0003565,0.0
model_26.pt,PUBCHEM.COMPOUND:137636752,predicate:0,NCBIGene:3065,MONDO:0008538,predicate:13,HP:0003565,0.0
model_26.pt,CHEBI:367163,predicate:16,MONDO:0015691,MONDO:0008538,predicate:13,HP:0003565,0.0
model_26.pt,PUBCHEM.COMPOUND:130200977,predicate:10,NCBIGene:4988,MONDO:0008538,predicate:13,HP:0003565,0.0
model_26.pt,NCBIGene:78987,predicate:3,NCBIGene:92255,MONDO:0008538,predicate:13,HP:0003565,0.0
model_26.pt,NCBIGene:6352,predicate:36,NCBIGene:1234,MONDO:0008538,predicate:13,HP:0003565,0.0
model_26.pt,CHEBI:6443,predicate:7,NCBIGene:8644,MONDO:0008538,predicate:13,HP:0003565,0.0
model_26.pt,DRUGBANK:DB11158,predicate:12,MONDO:0005147,MONDO:0008538,predicate:13,HP:0003565,0.0
model_26.pt,CHEBI:5000,predicate:12,MONDO:0001076,MONDO:0008538,predicate:13,HP:0003565,0.0
model_26.pt,NCBIGene:8089,predicate:3,NCBIGene:26122,MONDO:0008538,predicate:13,HP:0003565,0.0
model_26.pt,NCBIGene:10400,predicate:4,PUBCHEM.COMPOUND:52924335,MONDO:0008538,predicate:13,HP:0003565,0.0
model_26.pt,NCBIGene:10618,predicate:3,NCBIGene:54887,MONDO:0008538,predicate:13,HP:0003565,0.0
model_26.pt,NCBIGene:3308,predicate:15,MONDO:0005559,MONDO:0008538,predicate:13,HP:0003565,0.0
model_26.pt,CHEBI:17351,predicate:7,NCBIGene:5315,MONDO:0008538,predicate:13,HP:0003565,0.0
model_26.pt,CHEMBL.COMPOUND:CHEMBL4747062,predicate:0,NCBIGene:23028,MONDO:0008538,predicate:13,HP:0003565,0.0
model_26.pt,CHEBI:16842,predicate:9,NCBIGene:3557,MONDO:0008538,predicate:13,HP:0003565,0.0
model_26.pt,NCBIGene:4616,predicate:1,NCBIGene:2034,MONDO:0008538,predicate:13,HP:0003565,0.0
model_26.pt,NCBIGene:10201,predicate:1,NCBIGene:6154,MONDO:0008538,predicate:13,HP:0003565,0.0
model_26.pt,NCBIGene:794,predicate:6,NCBIGene:7135,MONDO:0008538,predicate:13,HP:0003565,0.0
model_26.pt,NCBIGene:50834,predicate:1,NCBIGene:403277,MONDO:0008538,predicate:13,HP:0003565,0.0
model_26.pt,CHEBI:3755,predicate:2,MONDO:0007263,MONDO:0008538,predicate:13,HP:0003565,0.0
model_26.pt,PUBCHEM.COMPOUND:131762323,predicate:5,NCBIGene:5407,MONDO:0008538,predicate:13,HP:0003565,0.0
model_26.pt,PUBCHEM.COMPOUND:54325967,predicate:0,NCBIGene:5468,MONDO:0008538,predicate:13,HP:0003565,0.0
model_26.pt,CHEBI:64354,predicate:0,NCBIGene:6559,MONDO:0008538,predicate:13,HP:0003565,0.0
model_26.pt,CHEBI:44423,predicate:7,NCBIGene:3162,MONDO:0008538,predicate:13,HP:0003565,0.0
model_26.pt,NCBIGene:113174,predicate:10,NCBIGene:100528017,MONDO:0008538,predicate:13,HP:0003565,0.0
model_26.pt,NCBIGene:4502,predicate:1,NCBIGene:10912,MONDO:0008538,predicate:13,HP:0003565,0.0
model_26.pt,NCBIGene:5321,predicate:4,PUBCHEM.COMPOUND:53478731,MONDO:0008538,predicate:13,HP:0003565,0.0
model_26.pt,CHEBI:3755,predicate:7,NCBIGene:2100,MONDO:0008538,predicate:13,HP:0003565,0.0
model_26.pt,NCBIGene:51741,predicate:13,HP:0000253,MONDO:0008538,predicate:13,HP:0003565,-25.15155029296875
model_26.pt,CHEBI:156122,predicate:5,NCBIGene:23761,MONDO:0008538,predicate:13,HP:0003565,0.0
model_26.pt,NCBIGene:245865,predicate:3,NCBIGene:194974,MONDO:0008538,predicate:13,HP:0003565,0.0
model_26.pt,PUBCHEM.COMPOUND:127036977,predicate:0,NCBIGene:135,MONDO:0008538,predicate:13,HP:0003565,0.0
model_26.pt,PUBCHEM.COMPOUND:44433263,predicate:0,NCBIGene:1576,MONDO:0008538,predicate:13,HP:0003565,0.0
model_26.pt,CHEBI:16469,predicate:7,NCBIGene:10587,MONDO:0008538,predicate:13,HP:0003565,0.0
model_26.pt,PUBCHEM.COMPOUND:44314087,predicate:0,NCBIGene:4313,MONDO:0008538,predicate:13,HP:0003565,0.0
model_26.pt,PUBCHEM.COMPOUND:25093440,predicate:0,NCBIGene:1147,MONDO:0008538,predicate:13,HP:0003565,0.0
model_26.pt,NCBIGene:20962,predicate:3,NCBIGene:219150,MONDO:0008538,predicate:13,HP:0003565,0.0
model_26.pt,NCBIGene:23051,predicate:15,MONDO:0005068,MONDO:0008538,predicate:13,HP:0003565,0.0
model_26.pt,NCBIGene:10565,predicate:6,NCBIGene:284369,MONDO:0008538,predicate:13,HP:0003565,0.0
model_26.pt,PUBCHEM.COMPOUND:59268935,predicate:0,NCBIGene:1137,MONDO:0008538,predicate:13,HP:0003565,0.0
model_26.pt,NCBIGene:5903,predicate:1,NCBIGene:402569,MONDO:0008538,predicate:13,HP:0003565,0.0
model_26.pt,PUBCHEM.COMPOUND:57395067,predicate:0,NCBIGene:6531,MONDO:0008538,predicate:13,HP:0003565,0.0
model_26.pt,NCBIGene:852585,predicate:3,NCBIGene:855469,MONDO:0008538,predicate:13,HP:0003565,0.0
model_26.pt,NCBIGene:3976,predicate:9,NCBIGene:2526,MONDO:0008538,predicate:13,HP:0003565,0.0
model_26.pt,NCBIGene:928,predicate:1,NCBIGene:29952,MONDO:0008538,predicate:13,HP:0003565,0.0
model_26.pt,MONDO:0013171,predicate:13,MONDO:0001071,MONDO:0008538,predicate:13,HP:0003565,-102.04679870605469
model_26.pt,NCBIGene:4634,predicate:1,NCBIGene:6445,MONDO:0008538,predicate:13,HP:0003565,0.0
model_26.pt,CHEBI:18293,predicate:12,HP:0001945,MONDO:0008538,predicate:13,HP:0003565,0.0
model_26.pt,UNII:5M691HL4BO,predicate:16,HP:0001288,MONDO:0008538,predicate:13,HP:0003565,0.0
model_26.pt,MONDO:0011122,predicate:10,NCBIGene:2673,MONDO:0008538,predicate:13,HP:0003565,0.0
model_26.pt,CHEBI:185383,predicate:5,NCBIGene:9514,MONDO:0008538,predicate:13,HP:0003565,0.0
model_26.pt,NCBIGene:4763,predicate:13,HP:0002857,MONDO:0008538,predicate:13,HP:0003565,60.86838912963867
model_26.pt,CHEBI:6121,predicate:7,NCBIGene:2335,MONDO:0008538,predicate:13,HP:0003565,0.0
model_26.pt,NCBIGene:4204,predicate:13,HP:0010864,MONDO:0008538,predicate:13,HP:0003565,-56.3906135559082
model_26.pt,PUBCHEM.COMPOUND:5702107,predicate:23,NCBIGene:760,MONDO:0008538,predicate:13,HP:0003565,0.0
model_26.pt,NCBIGene:22976,predicate:9,NCBIGene:9519,MONDO:0008538,predicate:13,HP:0003565,0.0
model_26.pt,PUBCHEM.COMPOUND:9834864,predicate:14,NCBIGene:1137,MONDO:0008538,predicate:13,HP:0003565,0.0
model_26.pt,PUBCHEM.COMPOUND:44431492,predicate:10,NCBIGene:1815,MONDO:0008538,predicate:13,HP:0003565,0.0
model_26.pt,CHEBI:191001,predicate:18,NCBIGene:6422,MONDO:0008538,predicate:13,HP:0003565,0.0
model_26.pt,PUBCHEM.COMPOUND:25015107,predicate:0,NCBIGene:2260,MONDO:0008538,predicate:13,HP:0003565,0.0
model_26.pt,PUBCHEM.COMPOUND:131757266,predicate:5,NCBIGene:80168,MONDO:0008538,predicate:13,HP:0003565,0.0
model_26.pt,NCBIGene:23205,predicate:1,NCBIGene:11283,MONDO:0008538,predicate:13,HP:0003565,0.0
model_26.pt,NCBIGene:23054,predicate:1,NCBIGene:54617,MONDO:0008538,predicate:13,HP:0003565,0.0
model_26.pt,NCBIGene:10008,predicate:3,NCBIGene:4751,MONDO:0008538,predicate:13,HP:0003565,0.0
model_26.pt,NCBIGene:27183,predicate:1,NCBIGene:4904,MONDO:0008538,predicate:13,HP:0003565,0.0
model_26.pt,NCBIGene:5578,predicate:8,NCBIGene:85377,MONDO:0008538,predicate:13,HP:0003565,0.0
model_26.pt,NCBIGene:79165,predicate:1,NCBIGene:9704,MONDO:0008538,predicate:13,HP:0003565,0.0
model_26.pt,NCBIGene:2170,predicate:9,NCBIGene:8611,MONDO:0008538,predicate:13,HP:0003565,0.0
model_26.pt,NCBIGene:91748,predicate:1,NCBIGene:59345,MONDO:0008538,predicate:13,HP:0003565,0.0
model_26.pt,PUBCHEM.COMPOUND:155512592,predicate:0,NCBIGene:142,MONDO:0008538,predicate:13,HP:0003565,0.0
model_26.pt,NCBIGene:5663,predicate:7,NCBIGene:7158,MONDO:0008538,predicate:13,HP:0003565,0.0
model_26.pt,NCBIGene:4140,predicate:21,NCBIGene:7534,MONDO:0008538,predicate:13,HP:0003565,0.0
model_26.pt,NCBIGene:2475,predicate:1,NCBIGene:23456,MONDO:0008538,predicate:13,HP:0003565,0.0
model_26.pt,NCBIGene:3162,predicate:15,MONDO:0000831,MONDO:0008538,predicate:13,HP:0003565,0.0
model_26.pt,PUBCHEM.COMPOUND:10578760,predicate:0,NCBIGene:29580,MONDO:0008538,predicate:13,HP:0003565,0.0
model_26.pt,NCBIGene:56893,predicate:9,NCBIGene:7316,MONDO:0008538,predicate:13,HP:0003565,0.0
model_26.pt,CHEBI:93205,predicate:23,NCBIGene:8743,MONDO:0008538,predicate:13,HP:0003565,0.0
model_26.pt,NCBIGene:1147,predicate:1,NCBIGene:57162,MONDO:0008538,predicate:13,HP:0003565,0.0
model_26.pt,PUBCHEM.COMPOUND:137226420,predicate:0,NCBIGene:760,MONDO:0008538,predicate:13,HP:0003565,0.0
model_26.pt,MONDO:0010691,predicate:13,HP:0007957,MONDO:0008538,predicate:13,HP:0003565,-65.36503601074219
model_26.pt,NCBIGene:51372,predicate:1,NCBIGene:6202,MONDO:0008538,predicate:13,HP:0003565,0.0
model_26.pt,NCBIGene:25865,predicate:8,NCBIGene:23212,MONDO:0008538,predicate:13,HP:0003565,0.0
model_26.pt,PUBCHEM.COMPOUND:122196132,predicate:0,NCBIGene:7941,MONDO:0008538,predicate:13,HP:0003565,0.0
model_26.pt,NCBIGene:84283,predicate:1,NCBIGene:51458,MONDO:0008538,predicate:13,HP:0003565,0.0
model_26.pt,NCBIGene:84365,predicate:1,NCBIGene:4236,MONDO:0008538,predicate:13,HP:0003565,0.0
model_26.pt,CHEBI:8499,predicate:16,MONDO:0001382,MONDO:0008538,predicate:13,HP:0003565,0.0
model_26.pt,NCBIGene:850551,predicate:3,NCBIGene:856863,MONDO:0008538,predicate:13,HP:0003565,0.0
model_26.pt,NCBIGene:181271,predicate:3,NCBIGene:190925,MONDO:0008538,predicate:13,HP:0003565,0.0
model_26.pt,NCBIGene:151056,predicate:4,PUBCHEM.COMPOUND:131761197,MONDO:0008538,predicate:13,HP:0003565,0.0
model_26.pt,CHEBI:18152,predicate:9,NCBIGene:54498,MONDO:0008538,predicate:13,HP:0003565,0.0
model_26.pt,NCBIGene:29949,predicate:15,MONDO:0005011,MONDO:0008538,predicate:13,HP:0003565,0.0
model_26.pt,NCBIGene:173731,predicate:19,CHEBI:31823,MONDO:0008538,predicate:13,HP:0003565,0.0
model_26.pt,PUBCHEM.COMPOUND:44176335,predicate:0,NCBIGene:331,MONDO:0008538,predicate:13,HP:0003565,0.0
model_26.pt,PUBCHEM.COMPOUND:49864838,predicate:10,NCBIGene:834,MONDO:0008538,predicate:13,HP:0003565,0.0
model_26.pt,NCBIGene:10221,predicate:8,NCBIGene:22908,MONDO:0008538,predicate:13,HP:0003565,0.0
model_26.pt,CHEBI:46345,predicate:7,NCBIGene:6581,MONDO:0008538,predicate:13,HP:0003565,0.0
model_26.pt,NCBIGene:375035,predicate:3,NCBIGene:80346,MONDO:0008538,predicate:13,HP:0003565,0.0
model_26.pt,MONDO:0012176,predicate:13,HP:0003028,NCBIGene:2297,predicate:1,NCBIGene:2304,0.0
model_26.pt,CHEBI:6809,predicate:9,NCBIGene:8061,NCBIGene:2297,predicate:1,NCBIGene:2304,0.0
model_26.pt,PUBCHEM.COMPOUND:1113514,predicate:0,NCBIGene:946552,NCBIGene:2297,predicate:1,NCBIGene:2304,0.0
model_26.pt,PUBCHEM.COMPOUND:137636752,predicate:0,NCBIGene:3065,NCBIGene:2297,predicate:1,NCBIGene:2304,0.0
model_26.pt,CHEBI:367163,predicate:16,MONDO:0015691,NCBIGene:2297,predicate:1,NCBIGene:2304,0.0
model_26.pt,PUBCHEM.COMPOUND:130200977,predicate:10,NCBIGene:4988,NCBIGene:2297,predicate:1,NCBIGene:2304,0.0
model_26.pt,NCBIGene:78987,predicate:3,NCBIGene:92255,NCBIGene:2297,predicate:1,NCBIGene:2304,0.0
model_26.pt,NCBIGene:6352,predicate:36,NCBIGene:1234,NCBIGene:2297,predicate:1,NCBIGene:2304,0.0
model_26.pt,CHEBI:6443,predicate:7,NCBIGene:8644,NCBIGene:2297,predicate:1,NCBIGene:2304,0.0
model_26.pt,DRUGBANK:DB11158,predicate:12,MONDO:0005147,NCBIGene:2297,predicate:1,NCBIGene:2304,0.0
model_26.pt,CHEBI:5000,predicate:12,MONDO:0001076,NCBIGene:2297,predicate:1,NCBIGene:2304,0.0
model_26.pt,NCBIGene:8089,predicate:3,NCBIGene:26122,NCBIGene:2297,predicate:1,NCBIGene:2304,0.0
model_26.pt,NCBIGene:10400,predicate:4,PUBCHEM.COMPOUND:52924335,NCBIGene:2297,predicate:1,NCBIGene:2304,0.0
model_26.pt,NCBIGene:10618,predicate:3,NCBIGene:54887,NCBIGene:2297,predicate:1,NCBIGene:2304,0.0
model_26.pt,NCBIGene:3308,predicate:15,MONDO:0005559,NCBIGene:2297,predicate:1,NCBIGene:2304,0.0
model_26.pt,CHEBI:17351,predicate:7,NCBIGene:5315,NCBIGene:2297,predicate:1,NCBIGene:2304,0.0
model_26.pt,CHEMBL.COMPOUND:CHEMBL4747062,predicate:0,NCBIGene:23028,NCBIGene:2297,predicate:1,NCBIGene:2304,0.0
model_26.pt,CHEBI:16842,predicate:9,NCBIGene:3557,NCBIGene:2297,predicate:1,NCBIGene:2304,0.0
model_26.pt,NCBIGene:4616,predicate:1,NCBIGene:2034,NCBIGene:2297,predicate:1,NCBIGene:2304,-1.041534423828125
model_26.pt,NCBIGene:10201,predicate:1,NCBIGene:6154,NCBIGene:2297,predicate:1,NCBIGene:2304,5.891887664794922
model_26.pt,NCBIGene:794,predicate:6,NCBIGene:7135,NCBIGene:2297,predicate:1,NCBIGene:2304,0.0
model_26.pt,NCBIGene:50834,predicate:1,NCBIGene:403277,NCBIGene:2297,predicate:1,NCBIGene:2304,-13.360273361206055
model_26.pt,CHEBI:3755,predicate:2,MONDO:0007263,NCBIGene:2297,predicate:1,NCBIGene:2304,0.0
model_26.pt,PUBCHEM.COMPOUND:131762323,predicate:5,NCBIGene:5407,NCBIGene:2297,predicate:1,NCBIGene:2304,0.0
model_26.pt,PUBCHEM.COMPOUND:54325967,predicate:0,NCBIGene:5468,NCBIGene:2297,predicate:1,NCBIGene:2304,0.0
model_26.pt,CHEBI:64354,predicate:0,NCBIGene:6559,NCBIGene:2297,predicate:1,NCBIGene:2304,0.0
model_26.pt,CHEBI:44423,predicate:7,NCBIGene:3162,NCBIGene:2297,predicate:1,NCBIGene:2304,0.0
model_26.pt,NCBIGene:113174,predicate:10,NCBIGene:100528017,NCBIGene:2297,predicate:1,NCBIGene:2304,0.0
model_26.pt,NCBIGene:4502,predicate:1,NCBIGene:10912,NCBIGene:2297,predicate:1,NCBIGene:2304,83.36027526855469
model_26.pt,NCBIGene:5321,predicate:4,PUBCHEM.COMPOUND:53478731,NCBIGene:2297,predicate:1,NCBIGene:2304,0.0
model_26.pt,CHEBI:3755,predicate:7,NCBIGene:2100,NCBIGene:2297,predicate:1,NCBIGene:2304,0.0
model_26.pt,NCBIGene:51741,predicate:13,HP:0000253,NCBIGene:2297,predicate:1,NCBIGene:2304,0.0
model_26.pt,CHEBI:156122,predicate:5,NCBIGene:23761,NCBIGene:2297,predicate:1,NCBIGene:2304,0.0
model_26.pt,NCBIGene:245865,predicate:3,NCBIGene:194974,NCBIGene:2297,predicate:1,NCBIGene:2304,0.0
model_26.pt,PUBCHEM.COMPOUND:127036977,predicate:0,NCBIGene:135,NCBIGene:2297,predicate:1,NCBIGene:2304,0.0
model_26.pt,PUBCHEM.COMPOUND:44433263,predicate:0,NCBIGene:1576,NCBIGene:2297,predicate:1,NCBIGene:2304,0.0
model_26.pt,CHEBI:16469,predicate:7,NCBIGene:10587,NCBIGene:2297,predicate:1,NCBIGene:2304,0.0
model_26.pt,PUBCHEM.COMPOUND:44314087,predicate:0,NCBIGene:4313,NCBIGene:2297,predicate:1,NCBIGene:2304,0.0
model_26.pt,PUBCHEM.COMPOUND:25093440,predicate:0,NCBIGene:1147,NCBIGene:2297,predicate:1,NCBIGene:2304,0.0
model_26.pt,NCBIGene:20962,predicate:3,NCBIGene:219150,NCBIGene:2297,predicate:1,NCBIGene:2304,0.0
model_26.pt,NCBIGene:23051,predicate:15,MONDO:0005068,NCBIGene:2297,predicate:1,NCBIGene:2304,0.0
model_26.pt,NCBIGene:10565,predicate:6,NCBIGene:284369,NCBIGene:2297,predicate:1,NCBIGene:2304,0.0
model_26.pt,PUBCHEM.COMPOUND:59268935,predicate:0,NCBIGene:1137,NCBIGene:2297,predicate:1,NCBIGene:2304,0.0
model_26.pt,NCBIGene:5903,predicate:1,NCBIGene:402569,NCBIGene:2297,predicate:1,NCBIGene:2304,60.961727142333984
model_26.pt,PUBCHEM.COMPOUND:57395067,predicate:0,NCBIGene:6531,NCBIGene:2297,predicate:1,NCBIGene:2304,0.0
model_26.pt,NCBIGene:852585,predicate:3,NCBIGene:855469,NCBIGene:2297,predicate:1,NCBIGene:2304,0.0
model_26.pt,NCBIGene:3976,predicate:9,NCBIGene:2526,NCBIGene:2297,predicate:1,NCBIGene:2304,0.0
model_26.pt,NCBIGene:928,predicate:1,NCBIGene:29952,NCBIGene:2297,predicate:1,NCBIGene:2304,-88.18869018554688
model_26.pt,MONDO:0013171,predicate:13,MONDO:0001071,NCBIGene:2297,predicate:1,NCBIGene:2304,0.0
model_26.pt,NCBIGene:4634,predicate:1,NCBIGene:6445,NCBIGene:2297,predicate:1,NCBIGene:2304,36.01473617553711
model_26.pt,CHEBI:18293,predicate:12,HP:0001945,NCBIGene:2297,predicate:1,NCBIGene:2304,0.0
model_26.pt,UNII:5M691HL4BO,predicate:16,HP:0001288,NCBIGene:2297,predicate:1,NCBIGene:2304,0.0
model_26.pt,MONDO:0011122,predicate:10,NCBIGene:2673,NCBIGene:2297,predicate:1,NCBIGene:2304,0.0
model_26.pt,CHEBI:185383,predicate:5,NCBIGene:9514,NCBIGene:2297,predicate:1,NCBIGene:2304,0.0
model_26.pt,NCBIGene:4763,predicate:13,HP:0002857,NCBIGene:2297,predicate:1,NCBIGene:2304,0.0
model_26.pt,CHEBI:6121,predicate:7,NCBIGene:2335,NCBIGene:2297,predicate:1,NCBIGene:2304,0.0
model_26.pt,NCBIGene:4204,predicate:13,HP:0010864,NCBIGene:2297,predicate:1,NCBIGene:2304,0.0
model_26.pt,PUBCHEM.COMPOUND:5702107,predicate:23,NCBIGene:760,NCBIGene:2297,predicate:1,NCBIGene:2304,0.0
model_26.pt,NCBIGene:22976,predicate:9,NCBIGene:9519,NCBIGene:2297,predicate:1,NCBIGene:2304,0.0
model_26.pt,PUBCHEM.COMPOUND:9834864,predicate:14,NCBIGene:1137,NCBIGene:2297,predicate:1,NCBIGene:2304,0.0
model_26.pt,PUBCHEM.COMPOUND:44431492,predicate:10,NCBIGene:1815,NCBIGene:2297,predicate:1,NCBIGene:2304,0.0
model_26.pt,CHEBI:191001,predicate:18,NCBIGene:6422,NCBIGene:2297,predicate:1,NCBIGene:2304,0.0
model_26.pt,PUBCHEM.COMPOUND:25015107,predicate:0,NCBIGene:2260,NCBIGene:2297,predicate:1,NCBIGene:2304,0.0
model_26.pt,PUBCHEM.COMPOUND:131757266,predicate:5,NCBIGene:80168,NCBIGene:2297,predicate:1,NCBIGene:2304,0.0
model_26.pt,NCBIGene:23205,predicate:1,NCBIGene:11283,NCBIGene:2297,predicate:1,NCBIGene:2304,-42.72102737426758
model_26.pt,NCBIGene:23054,predicate:1,NCBIGene:54617,NCBIGene:2297,predicate:1,NCBIGene:2304,20.25460433959961
model_26.pt,NCBIGene:10008,predicate:3,NCBIGene:4751,NCBIGene:2297,predicate:1,NCBIGene:2304,0.0
model_26.pt,NCBIGene:27183,predicate:1,NCBIGene:4904,NCBIGene:2297,predicate:1,NCBIGene:2304,1.1171951293945312
model_26.pt,NCBIGene:5578,predicate:8,NCBIGene:85377,NCBIGene:2297,predicate:1,NCBIGene:2304,0.0
model_26.pt,NCBIGene:79165,predicate:1,NCBIGene:9704,NCBIGene:2297,predicate:1,NCBIGene:2304,27.147937774658203
model_26.pt,NCBIGene:2170,predicate:9,NCBIGene:8611,NCBIGene:2297,predicate:1,NCBIGene:2304,0.0
model_26.pt,NCBIGene:91748,predicate:1,NCBIGene:59345,NCBIGene:2297,predicate:1,NCBIGene:2304,-69.20738220214844
model_26.pt,PUBCHEM.COMPOUND:155512592,predicate:0,NCBIGene:142,NCBIGene:2297,predicate:1,NCBIGene:2304,0.0
model_26.pt,NCBIGene:5663,predicate:7,NCBIGene:7158,NCBIGene:2297,predicate:1,NCBIGene:2304,0.0
model_26.pt,NCBIGene:4140,predicate:21,NCBIGene:7534,NCBIGene:2297,predicate:1,NCBIGene:2304,0.0
model_26.pt,NCBIGene:2475,predicate:1,NCBIGene:23456,NCBIGene:2297,predicate:1,NCBIGene:2304,-49.60630798339844
model_26.pt,NCBIGene:3162,predicate:15,MONDO:0000831,NCBIGene:2297,predicate:1,NCBIGene:2304,0.0
model_26.pt,PUBCHEM.COMPOUND:10578760,predicate:0,NCBIGene:29580,NCBIGene:2297,predicate:1,NCBIGene:2304,0.0
model_26.pt,NCBIGene:56893,predicate:9,NCBIGene:7316,NCBIGene:2297,predicate:1,NCBIGene:2304,0.0
model_26.pt,CHEBI:93205,predicate:23,NCBIGene:8743,NCBIGene:2297,predicate:1,NCBIGene:2304,0.0
model_26.pt,NCBIGene:1147,predicate:1,NCBIGene:57162,NCBIGene:2297,predicate:1,NCBIGene:2304,23.420108795166016
model_26.pt,PUBCHEM.COMPOUND:137226420,predicate:0,NCBIGene:760,NCBIGene:2297,predicate:1,NCBIGene:2304,0.0
model_26.pt,MONDO:0010691,predicate:13,HP:0007957,NCBIGene:2297,predicate:1,NCBIGene:2304,0.0
model_26.pt,NCBIGene:51372,predicate:1,NCBIGene:6202,NCBIGene:2297,predicate:1,NCBIGene:2304,-61.09077072143555
model_26.pt,NCBIGene:25865,predicate:8,NCBIGene:23212,NCBIGene:2297,predicate:1,NCBIGene:2304,0.0
model_26.pt,PUBCHEM.COMPOUND:122196132,predicate:0,NCBIGene:7941,NCBIGene:2297,predicate:1,NCBIGene:2304,0.0
model_26.pt,NCBIGene:84283,predicate:1,NCBIGene:51458,NCBIGene:2297,predicate:1,NCBIGene:2304,-28.96565055847168
model_26.pt,NCBIGene:84365,predicate:1,NCBIGene:4236,NCBIGene:2297,predicate:1,NCBIGene:2304,28.915868759155273
model_26.pt,CHEBI:8499,predicate:16,MONDO:0001382,NCBIGene:2297,predicate:1,NCBIGene:2304,0.0
model_26.pt,NCBIGene:850551,predicate:3,NCBIGene:856863,NCBIGene:2297,predicate:1,NCBIGene:2304,0.0
model_26.pt,NCBIGene:181271,predicate:3,NCBIGene:190925,NCBIGene:2297,predicate:1,NCBIGene:2304,0.0
model_26.pt,NCBIGene:151056,predicate:4,PUBCHEM.COMPOUND:131761197,NCBIGene:2297,predicate:1,NCBIGene:2304,0.0
model_26.pt,CHEBI:18152,predicate:9,NCBIGene:54498,NCBIGene:2297,predicate:1,NCBIGene:2304,0.0
model_26.pt,NCBIGene:29949,predicate:15,MONDO:0005011,NCBIGene:2297,predicate:1,NCBIGene:2304,0.0
model_26.pt,NCBIGene:173731,predicate:19,CHEBI:31823,NCBIGene:2297,predicate:1,NCBIGene:2304,0.0
model_26.pt,PUBCHEM.COMPOUND:44176335,predicate:0,NCBIGene:331,NCBIGene:2297,predicate:1,NCBIGene:2304,0.0
model_26.pt,PUBCHEM.COMPOUND:49864838,predicate:10,NCBIGene:834,NCBIGene:2297,predicate:1,NCBIGene:2304,0.0
model_26.pt,NCBIGene:10221,predicate:8,NCBIGene:22908,NCBIGene:2297,predicate:1,NCBIGene:2304,0.0
model_26.pt,CHEBI:46345,predicate:7,NCBIGene:6581,NCBIGene:2297,predicate:1,NCBIGene:2304,0.0
model_26.pt,NCBIGene:375035,predicate:3,NCBIGene:80346,NCBIGene:2297,predicate:1,NCBIGene:2304,0.0
model_26.pt,MONDO:0012176,predicate:13,HP:0003028,CHEBI:5781,predicate:16,HP:0002239,0.0
model_26.pt,CHEBI:6809,predicate:9,NCBIGene:8061,CHEBI:5781,predicate:16,HP:0002239,0.0
model_26.pt,PUBCHEM.COMPOUND:1113514,predicate:0,NCBIGene:946552,CHEBI:5781,predicate:16,HP:0002239,0.0
model_26.pt,PUBCHEM.COMPOUND:137636752,predicate:0,NCBIGene:3065,CHEBI:5781,predicate:16,HP:0002239,0.0
model_26.pt,CHEBI:367163,predicate:16,MONDO:0015691,CHEBI:5781,predicate:16,HP:0002239,15.260684967041016
model_26.pt,PUBCHEM.COMPOUND:130200977,predicate:10,NCBIGene:4988,CHEBI:5781,predicate:16,HP:0002239,0.0
model_26.pt,NCBIGene:78987,predicate:3,NCBIGene:92255,CHEBI:5781,predicate:16,HP:0002239,0.0
model_26.pt,NCBIGene:6352,predicate:36,NCBIGene:1234,CHEBI:5781,predicate:16,HP:0002239,0.0
model_26.pt,CHEBI:6443,predicate:7,NCBIGene:8644,CHEBI:5781,predicate:16,HP:0002239,0.0
model_26.pt,DRUGBANK:DB11158,predicate:12,MONDO:0005147,CHEBI:5781,predicate:16,HP:0002239,0.0
model_26.pt,CHEBI:5000,predicate:12,MONDO:0001076,CHEBI:5781,predicate:16,HP:0002239,0.0
model_26.pt,NCBIGene:8089,predicate:3,NCBIGene:26122,CHEBI:5781,predicate:16,HP:0002239,0.0
model_26.pt,NCBIGene:10400,predicate:4,PUBCHEM.COMPOUND:52924335,CHEBI:5781,predicate:16,HP:0002239,0.0
model_26.pt,NCBIGene:10618,predicate:3,NCBIGene:54887,CHEBI:5781,predicate:16,HP:0002239,0.0
model_26.pt,NCBIGene:3308,predicate:15,MONDO:0005559,CHEBI:5781,predicate:16,HP:0002239,0.0
model_26.pt,CHEBI:17351,predicate:7,NCBIGene:5315,CHEBI:5781,predicate:16,HP:0002239,0.0
model_26.pt,CHEMBL.COMPOUND:CHEMBL4747062,predicate:0,NCBIGene:23028,CHEBI:5781,predicate:16,HP:0002239,0.0
model_26.pt,CHEBI:16842,predicate:9,NCBIGene:3557,CHEBI:5781,predicate:16,HP:0002239,0.0
model_26.pt,NCBIGene:4616,predicate:1,NCBIGene:2034,CHEBI:5781,predicate:16,HP:0002239,0.0
model_26.pt,NCBIGene:10201,predicate:1,NCBIGene:6154,CHEBI:5781,predicate:16,HP:0002239,0.0
model_26.pt,NCBIGene:794,predicate:6,NCBIGene:7135,CHEBI:5781,predicate:16,HP:0002239,0.0
model_26.pt,NCBIGene:50834,predicate:1,NCBIGene:403277,CHEBI:5781,predicate:16,HP:0002239,0.0
model_26.pt,CHEBI:3755,predicate:2,MONDO:0007263,CHEBI:5781,predicate:16,HP:0002239,0.0
model_26.pt,PUBCHEM.COMPOUND:131762323,predicate:5,NCBIGene:5407,CHEBI:5781,predicate:16,HP:0002239,0.0
model_26.pt,PUBCHEM.COMPOUND:54325967,predicate:0,NCBIGene:5468,CHEBI:5781,predicate:16,HP:0002239,0.0
model_26.pt,CHEBI:64354,predicate:0,NCBIGene:6559,CHEBI:5781,predicate:16,HP:0002239,0.0
model_26.pt,CHEBI:44423,predicate:7,NCBIGene:3162,CHEBI:5781,predicate:16,HP:0002239,0.0
model_26.pt,NCBIGene:113174,predicate:10,NCBIGene:100528017,CHEBI:5781,predicate:16,HP:0002239,0.0
model_26.pt,NCBIGene:4502,predicate:1,NCBIGene:10912,CHEBI:5781,predicate:16,HP:0002239,0.0
model_26.pt,NCBIGene:5321,predicate:4,PUBCHEM.COMPOUND:53478731,CHEBI:5781,predicate:16,HP:0002239,0.0
model_26.pt,CHEBI:3755,predicate:7,NCBIGene:2100,CHEBI:5781,predicate:16,HP:0002239,0.0
model_26.pt,NCBIGene:51741,predicate:13,HP:0000253,CHEBI:5781,predicate:16,HP:0002239,0.0
model_26.pt,CHEBI:156122,predicate:5,NCBIGene:23761,CHEBI:5781,predicate:16,HP:0002239,0.0
model_26.pt,NCBIGene:245865,predicate:3,NCBIGene:194974,CHEBI:5781,predicate:16,HP:0002239,0.0
model_26.pt,PUBCHEM.COMPOUND:127036977,predicate:0,NCBIGene:135,CHEBI:5781,predicate:16,HP:0002239,0.0
model_26.pt,PUBCHEM.COMPOUND:44433263,predicate:0,NCBIGene:1576,CHEBI:5781,predicate:16,HP:0002239,0.0
model_26.pt,CHEBI:16469,predicate:7,NCBIGene:10587,CHEBI:5781,predicate:16,HP:0002239,0.0
model_26.pt,PUBCHEM.COMPOUND:44314087,predicate:0,NCBIGene:4313,CHEBI:5781,predicate:16,HP:0002239,0.0
model_26.pt,PUBCHEM.COMPOUND:25093440,predicate:0,NCBIGene:1147,CHEBI:5781,predicate:16,HP:0002239,0.0
model_26.pt,NCBIGene:20962,predicate:3,NCBIGene:219150,CHEBI:5781,predicate:16,HP:0002239,0.0
model_26.pt,NCBIGene:23051,predicate:15,MONDO:0005068,CHEBI:5781,predicate:16,HP:0002239,0.0
model_26.pt,NCBIGene:10565,predicate:6,NCBIGene:284369,CHEBI:5781,predicate:16,HP:0002239,0.0
model_26.pt,PUBCHEM.COMPOUND:59268935,predicate:0,NCBIGene:1137,CHEBI:5781,predicate:16,HP:0002239,0.0
model_26.pt,NCBIGene:5903,predicate:1,NCBIGene:402569,CHEBI:5781,predicate:16,HP:0002239,0.0
model_26.pt,PUBCHEM.COMPOUND:57395067,predicate:0,NCBIGene:6531,CHEBI:5781,predicate:16,HP:0002239,0.0
model_26.pt,NCBIGene:852585,predicate:3,NCBIGene:855469,CHEBI:5781,predicate:16,HP:0002239,0.0
model_26.pt,NCBIGene:3976,predicate:9,NCBIGene:2526,CHEBI:5781,predicate:16,HP:0002239,0.0
model_26.pt,NCBIGene:928,predicate:1,NCBIGene:29952,CHEBI:5781,predicate:16,HP:0002239,0.0
model_26.pt,MONDO:0013171,predicate:13,MONDO:0001071,CHEBI:5781,predicate:16,HP:0002239,0.0
model_26.pt,NCBIGene:4634,predicate:1,NCBIGene:6445,CHEBI:5781,predicate:16,HP:0002239,0.0
model_26.pt,CHEBI:18293,predicate:12,HP:0001945,CHEBI:5781,predicate:16,HP:0002239,0.0
model_26.pt,UNII:5M691HL4BO,predicate:16,HP:0001288,CHEBI:5781,predicate:16,HP:0002239,-15.245939254760742
model_26.pt,MONDO:0011122,predicate:10,NCBIGene:2673,CHEBI:5781,predicate:16,HP:0002239,0.0
model_26.pt,CHEBI:185383,predicate:5,NCBIGene:9514,CHEBI:5781,predicate:16,HP:0002239,0.0
model_26.pt,NCBIGene:4763,predicate:13,HP:0002857,CHEBI:5781,predicate:16,HP:0002239,0.0
model_26.pt,CHEBI:6121,predicate:7,NCBIGene:2335,CHEBI:5781,predicate:16,HP:0002239,0.0
model_26.pt,NCBIGene:4204,predicate:13,HP:0010864,CHEBI:5781,predicate:16,HP:0002239,0.0
model_26.pt,PUBCHEM.COMPOUND:5702107,predicate:23,NCBIGene:760,CHEBI:5781,predicate:16,HP:0002239,0.0
model_26.pt,NCBIGene:22976,predicate:9,NCBIGene:9519,CHEBI:5781,predicate:16,HP:0002239,0.0
model_26.pt,PUBCHEM.COMPOUND:9834864,predicate:14,NCBIGene:1137,CHEBI:5781,predicate:16,HP:0002239,0.0
model_26.pt,PUBCHEM.COMPOUND:44431492,predicate:10,NCBIGene:1815,CHEBI:5781,predicate:16,HP:0002239,0.0
model_26.pt,CHEBI:191001,predicate:18,NCBIGene:6422,CHEBI:5781,predicate:16,HP:0002239,0.0
model_26.pt,PUBCHEM.COMPOUND:25015107,predicate:0,NCBIGene:2260,CHEBI:5781,predicate:16,HP:0002239,0.0
model_26.pt,PUBCHEM.COMPOUND:131757266,predicate:5,NCBIGene:80168,CHEBI:5781,predicate:16,HP:0002239,0.0
model_26.pt,NCBIGene:23205,predicate:1,NCBIGene:11283,CHEBI:5781,predicate:16,HP:0002239,0.0
model_26.pt,NCBIGene:23054,predicate:1,NCBIGene:54617,CHEBI:5781,predicate:16,HP:0002239,0.0
model_26.pt,NCBIGene:10008,predicate:3,NCBIGene:4751,CHEBI:5781,predicate:16,HP:0002239,0.0
model_26.pt,NCBIGene:27183,predicate:1,NCBIGene:4904,CHEBI:5781,predicate:16,HP:0002239,0.0
model_26.pt,NCBIGene:5578,predicate:8,NCBIGene:85377,CHEBI:5781,predicate:16,HP:0002239,0.0
model_26.pt,NCBIGene:79165,predicate:1,NCBIGene:9704,CHEBI:5781,predicate:16,HP:0002239,0.0
model_26.pt,NCBIGene:2170,predicate:9,NCBIGene:8611,CHEBI:5781,predicate:16,HP:0002239,0.0
model_26.pt,NCBIGene:91748,predicate:1,NCBIGene:59345,CHEBI:5781,predicate:16,HP:0002239,0.0
model_26.pt,PUBCHEM.COMPOUND:155512592,predicate:0,NCBIGene:142,CHEBI:5781,predicate:16,HP:0002239,0.0
model_26.pt,NCBIGene:5663,predicate:7,NCBIGene:7158,CHEBI:5781,predicate:16,HP:0002239,0.0
model_26.pt,NCBIGene:4140,predicate:21,NCBIGene:7534,CHEBI:5781,predicate:16,HP:0002239,0.0
model_26.pt,NCBIGene:2475,predicate:1,NCBIGene:23456,CHEBI:5781,predicate:16,HP:0002239,0.0
model_26.pt,NCBIGene:3162,predicate:15,MONDO:0000831,CHEBI:5781,predicate:16,HP:0002239,0.0
model_26.pt,PUBCHEM.COMPOUND:10578760,predicate:0,NCBIGene:29580,CHEBI:5781,predicate:16,HP:0002239,0.0
model_26.pt,NCBIGene:56893,predicate:9,NCBIGene:7316,CHEBI:5781,predicate:16,HP:0002239,0.0
model_26.pt,CHEBI:93205,predicate:23,NCBIGene:8743,CHEBI:5781,predicate:16,HP:0002239,0.0
model_26.pt,NCBIGene:1147,predicate:1,NCBIGene:57162,CHEBI:5781,predicate:16,HP:0002239,0.0
model_26.pt,PUBCHEM.COMPOUND:137226420,predicate:0,NCBIGene:760,CHEBI:5781,predicate:16,HP:0002239,0.0
model_26.pt,MONDO:0010691,predicate:13,HP:0007957,CHEBI:5781,predicate:16,HP:0002239,0.0
model_26.pt,NCBIGene:51372,predicate:1,NCBIGene:6202,CHEBI:5781,predicate:16,HP:0002239,0.0
model_26.pt,NCBIGene:25865,predicate:8,NCBIGene:23212,CHEBI:5781,predicate:16,HP:0002239,0.0
model_26.pt,PUBCHEM.COMPOUND:122196132,predicate:0,NCBIGene:7941,CHEBI:5781,predicate:16,HP:0002239,0.0
model_26.pt,NCBIGene:84283,predicate:1,NCBIGene:51458,CHEBI:5781,predicate:16,HP:0002239,0.0
model_26.pt,NCBIGene:84365,predicate:1,NCBIGene:4236,CHEBI:5781,predicate:16,HP:0002239,0.0
model_26.pt,CHEBI:8499,predicate:16,MONDO:0001382,CHEBI:5781,predicate:16,HP:0002239,-37.77448272705078
model_26.pt,NCBIGene:850551,predicate:3,NCBIGene:856863,CHEBI:5781,predicate:16,HP:0002239,0.0
model_26.pt,NCBIGene:181271,predicate:3,NCBIGene:190925,CHEBI:5781,predicate:16,HP:0002239,0.0
model_26.pt,NCBIGene:151056,predicate:4,PUBCHEM.COMPOUND:131761197,CHEBI:5781,predicate:16,HP:0002239,0.0
model_26.pt,CHEBI:18152,predicate:9,NCBIGene:54498,CHEBI:5781,predicate:16,HP:0002239,0.0
model_26.pt,NCBIGene:29949,predicate:15,MONDO:0005011,CHEBI:5781,predicate:16,HP:0002239,0.0
model_26.pt,NCBIGene:173731,predicate:19,CHEBI:31823,CHEBI:5781,predicate:16,HP:0002239,0.0
model_26.pt,PUBCHEM.COMPOUND:44176335,predicate:0,NCBIGene:331,CHEBI:5781,predicate:16,HP:0002239,0.0
model_26.pt,PUBCHEM.COMPOUND:49864838,predicate:10,NCBIGene:834,CHEBI:5781,predicate:16,HP:0002239,0.0
model_26.pt,NCBIGene:10221,predicate:8,NCBIGene:22908,CHEBI:5781,predicate:16,HP:0002239,0.0
model_26.pt,CHEBI:46345,predicate:7,NCBIGene:6581,CHEBI:5781,predicate:16,HP:0002239,0.0
model_26.pt,NCBIGene:375035,predicate:3,NCBIGene:80346,CHEBI:5781,predicate:16,HP:0002239,0.0
model_26.pt,MONDO:0012176,predicate:13,HP:0003028,NCBIGene:2195,predicate:6,NCBIGene:4535,0.0
model_26.pt,CHEBI:6809,predicate:9,NCBIGene:8061,NCBIGene:2195,predicate:6,NCBIGene:4535,0.0
model_26.pt,PUBCHEM.COMPOUND:1113514,predicate:0,NCBIGene:946552,NCBIGene:2195,predicate:6,NCBIGene:4535,0.0
model_26.pt,PUBCHEM.COMPOUND:137636752,predicate:0,NCBIGene:3065,NCBIGene:2195,predicate:6,NCBIGene:4535,0.0
model_26.pt,CHEBI:367163,predicate:16,MONDO:0015691,NCBIGene:2195,predicate:6,NCBIGene:4535,0.0
model_26.pt,PUBCHEM.COMPOUND:130200977,predicate:10,NCBIGene:4988,NCBIGene:2195,predicate:6,NCBIGene:4535,0.0
model_26.pt,NCBIGene:78987,predicate:3,NCBIGene:92255,NCBIGene:2195,predicate:6,NCBIGene:4535,0.0
model_26.pt,NCBIGene:6352,predicate:36,NCBIGene:1234,NCBIGene:2195,predicate:6,NCBIGene:4535,0.0
model_26.pt,CHEBI:6443,predicate:7,NCBIGene:8644,NCBIGene:2195,predicate:6,NCBIGene:4535,0.0
model_26.pt,DRUGBANK:DB11158,predicate:12,MONDO:0005147,NCBIGene:2195,predicate:6,NCBIGene:4535,0.0
model_26.pt,CHEBI:5000,predicate:12,MONDO:0001076,NCBIGene:2195,predicate:6,NCBIGene:4535,0.0
model_26.pt,NCBIGene:8089,predicate:3,NCBIGene:26122,NCBIGene:2195,predicate:6,NCBIGene:4535,0.0
model_26.pt,NCBIGene:10400,predicate:4,PUBCHEM.COMPOUND:52924335,NCBIGene:2195,predicate:6,NCBIGene:4535,0.0
model_26.pt,NCBIGene:10618,predicate:3,NCBIGene:54887,NCBIGene:2195,predicate:6,NCBIGene:4535,0.0
model_26.pt,NCBIGene:3308,predicate:15,MONDO:0005559,NCBIGene:2195,predicate:6,NCBIGene:4535,0.0
model_26.pt,CHEBI:17351,predicate:7,NCBIGene:5315,NCBIGene:2195,predicate:6,NCBIGene:4535,0.0
model_26.pt,CHEMBL.COMPOUND:CHEMBL4747062,predicate:0,NCBIGene:23028,NCBIGene:2195,predicate:6,NCBIGene:4535,0.0
model_26.pt,CHEBI:16842,predicate:9,NCBIGene:3557,NCBIGene:2195,predicate:6,NCBIGene:4535,0.0
model_26.pt,NCBIGene:4616,predicate:1,NCBIGene:2034,NCBIGene:2195,predicate:6,NCBIGene:4535,0.0
model_26.pt,NCBIGene:10201,predicate:1,NCBIGene:6154,NCBIGene:2195,predicate:6,NCBIGene:4535,0.0
model_26.pt,NCBIGene:794,predicate:6,NCBIGene:7135,NCBIGene:2195,predicate:6,NCBIGene:4535,-11.695194244384766
model_26.pt,NCBIGene:50834,predicate:1,NCBIGene:403277,NCBIGene:2195,predicate:6,NCBIGene:4535,0.0
model_26.pt,CHEBI:3755,predicate:2,MONDO:0007263,NCBIGene:2195,predicate:6,NCBIGene:4535,0.0
model_26.pt,PUBCHEM.COMPOUND:131762323,predicate:5,NCBIGene:5407,NCBIGene:2195,predicate:6,NCBIGene:4535,0.0
model_26.pt,PUBCHEM.COMPOUND:54325967,predicate:0,NCBIGene:5468,NCBIGene:2195,predicate:6,NCBIGene:4535,0.0
model_26.pt,CHEBI:64354,predicate:0,NCBIGene:6559,NCBIGene:2195,predicate:6,NCBIGene:4535,0.0
model_26.pt,CHEBI:44423,predicate:7,NCBIGene:3162,NCBIGene:2195,predicate:6,NCBIGene:4535,0.0
model_26.pt,NCBIGene:113174,predicate:10,NCBIGene:100528017,NCBIGene:2195,predicate:6,NCBIGene:4535,0.0
model_26.pt,NCBIGene:4502,predicate:1,NCBIGene:10912,NCBIGene:2195,predicate:6,NCBIGene:4535,0.0
model_26.pt,NCBIGene:5321,predicate:4,PUBCHEM.COMPOUND:53478731,NCBIGene:2195,predicate:6,NCBIGene:4535,0.0
model_26.pt,CHEBI:3755,predicate:7,NCBIGene:2100,NCBIGene:2195,predicate:6,NCBIGene:4535,0.0
model_26.pt,NCBIGene:51741,predicate:13,HP:0000253,NCBIGene:2195,predicate:6,NCBIGene:4535,0.0
model_26.pt,CHEBI:156122,predicate:5,NCBIGene:23761,NCBIGene:2195,predicate:6,NCBIGene:4535,0.0
model_26.pt,NCBIGene:245865,predicate:3,NCBIGene:194974,NCBIGene:2195,predicate:6,NCBIGene:4535,0.0
model_26.pt,PUBCHEM.COMPOUND:127036977,predicate:0,NCBIGene:135,NCBIGene:2195,predicate:6,NCBIGene:4535,0.0
model_26.pt,PUBCHEM.COMPOUND:44433263,predicate:0,NCBIGene:1576,NCBIGene:2195,predicate:6,NCBIGene:4535,0.0
model_26.pt,CHEBI:16469,predicate:7,NCBIGene:10587,NCBIGene:2195,predicate:6,NCBIGene:4535,0.0
model_26.pt,PUBCHEM.COMPOUND:44314087,predicate:0,NCBIGene:4313,NCBIGene:2195,predicate:6,NCBIGene:4535,0.0
model_26.pt,PUBCHEM.COMPOUND:25093440,predicate:0,NCBIGene:1147,NCBIGene:2195,predicate:6,NCBIGene:4535,0.0
model_26.pt,NCBIGene:20962,predicate:3,NCBIGene:219150,NCBIGene:2195,predicate:6,NCBIGene:4535,0.0
model_26.pt,NCBIGene:23051,predicate:15,MONDO:0005068,NCBIGene:2195,predicate:6,NCBIGene:4535,0.0
model_26.pt,NCBIGene:10565,predicate:6,NCBIGene:284369,NCBIGene:2195,predicate:6,NCBIGene:4535,-30.541521072387695
model_26.pt,PUBCHEM.COMPOUND:59268935,predicate:0,NCBIGene:1137,NCBIGene:2195,predicate:6,NCBIGene:4535,0.0
model_26.pt,NCBIGene:5903,predicate:1,NCBIGene:402569,NCBIGene:2195,predicate:6,NCBIGene:4535,0.0
model_26.pt,PUBCHEM.COMPOUND:57395067,predicate:0,NCBIGene:6531,NCBIGene:2195,predicate:6,NCBIGene:4535,0.0
model_26.pt,NCBIGene:852585,predicate:3,NCBIGene:855469,NCBIGene:2195,predicate:6,NCBIGene:4535,0.0
model_26.pt,NCBIGene:3976,predicate:9,NCBIGene:2526,NCBIGene:2195,predicate:6,NCBIGene:4535,0.0
model_26.pt,NCBIGene:928,predicate:1,NCBIGene:29952,NCBIGene:2195,predicate:6,NCBIGene:4535,0.0
model_26.pt,MONDO:0013171,predicate:13,MONDO:0001071,NCBIGene:2195,predicate:6,NCBIGene:4535,0.0
model_26.pt,NCBIGene:4634,predicate:1,NCBIGene:6445,NCBIGene:2195,predicate:6,NCBIGene:4535,0.0
model_26.pt,CHEBI:18293,predicate:12,HP:0001945,NCBIGene:2195,predicate:6,NCBIGene:4535,0.0
model_26.pt,UNII:5M691HL4BO,predicate:16,HP:0001288,NCBIGene:2195,predicate:6,NCBIGene:4535,0.0
model_26.pt,MONDO:0011122,predicate:10,NCBIGene:2673,NCBIGene:2195,predicate:6,NCBIGene:4535,0.0
model_26.pt,CHEBI:185383,predicate:5,NCBIGene:9514,NCBIGene:2195,predicate:6,NCBIGene:4535,0.0
model_26.pt,NCBIGene:4763,predicate:13,HP:0002857,NCBIGene:2195,predicate:6,NCBIGene:4535,0.0
model_26.pt,CHEBI:6121,predicate:7,NCBIGene:2335,NCBIGene:2195,predicate:6,NCBIGene:4535,0.0
model_26.pt,NCBIGene:4204,predicate:13,HP:0010864,NCBIGene:2195,predicate:6,NCBIGene:4535,0.0
model_26.pt,PUBCHEM.COMPOUND:5702107,predicate:23,NCBIGene:760,NCBIGene:2195,predicate:6,NCBIGene:4535,0.0
model_26.pt,NCBIGene:22976,predicate:9,NCBIGene:9519,NCBIGene:2195,predicate:6,NCBIGene:4535,0.0
model_26.pt,PUBCHEM.COMPOUND:9834864,predicate:14,NCBIGene:1137,NCBIGene:2195,predicate:6,NCBIGene:4535,0.0
model_26.pt,PUBCHEM.COMPOUND:44431492,predicate:10,NCBIGene:1815,NCBIGene:2195,predicate:6,NCBIGene:4535,0.0
model_26.pt,CHEBI:191001,predicate:18,NCBIGene:6422,NCBIGene:2195,predicate:6,NCBIGene:4535,0.0
model_26.pt,PUBCHEM.COMPOUND:25015107,predicate:0,NCBIGene:2260,NCBIGene:2195,predicate:6,NCBIGene:4535,0.0
model_26.pt,PUBCHEM.COMPOUND:131757266,predicate:5,NCBIGene:80168,NCBIGene:2195,predicate:6,NCBIGene:4535,0.0
model_26.pt,NCBIGene:23205,predicate:1,NCBIGene:11283,NCBIGene:2195,predicate:6,NCBIGene:4535,0.0
model_26.pt,NCBIGene:23054,predicate:1,NCBIGene:54617,NCBIGene:2195,predicate:6,NCBIGene:4535,0.0
model_26.pt,NCBIGene:10008,predicate:3,NCBIGene:4751,NCBIGene:2195,predicate:6,NCBIGene:4535,0.0
model_26.pt,NCBIGene:27183,predicate:1,NCBIGene:4904,NCBIGene:2195,predicate:6,NCBIGene:4535,0.0
model_26.pt,NCBIGene:5578,predicate:8,NCBIGene:85377,NCBIGene:2195,predicate:6,NCBIGene:4535,0.0
model_26.pt,NCBIGene:79165,predicate:1,NCBIGene:9704,NCBIGene:2195,predicate:6,NCBIGene:4535,0.0
model_26.pt,NCBIGene:2170,predicate:9,NCBIGene:8611,NCBIGene:2195,predicate:6,NCBIGene:4535,0.0
model_26.pt,NCBIGene:91748,predicate:1,NCBIGene:59345,NCBIGene:2195,predicate:6,NCBIGene:4535,0.0
model_26.pt,PUBCHEM.COMPOUND:155512592,predicate:0,NCBIGene:142,NCBIGene:2195,predicate:6,NCBIGene:4535,0.0
model_26.pt,NCBIGene:5663,predicate:7,NCBIGene:7158,NCBIGene:2195,predicate:6,NCBIGene:4535,0.0
model_26.pt,NCBIGene:4140,predicate:21,NCBIGene:7534,NCBIGene:2195,predicate:6,NCBIGene:4535,0.0
model_26.pt,NCBIGene:2475,predicate:1,NCBIGene:23456,NCBIGene:2195,predicate:6,NCBIGene:4535,0.0
model_26.pt,NCBIGene:3162,predicate:15,MONDO:0000831,NCBIGene:2195,predicate:6,NCBIGene:4535,0.0
model_26.pt,PUBCHEM.COMPOUND:10578760,predicate:0,NCBIGene:29580,NCBIGene:2195,predicate:6,NCBIGene:4535,0.0
model_26.pt,NCBIGene:56893,predicate:9,NCBIGene:7316,NCBIGene:2195,predicate:6,NCBIGene:4535,0.0
model_26.pt,CHEBI:93205,predicate:23,NCBIGene:8743,NCBIGene:2195,predicate:6,NCBIGene:4535,0.0
model_26.pt,NCBIGene:1147,predicate:1,NCBIGene:57162,NCBIGene:2195,predicate:6,NCBIGene:4535,0.0
model_26.pt,PUBCHEM.COMPOUND:137226420,predicate:0,NCBIGene:760,NCBIGene:2195,predicate:6,NCBIGene:4535,0.0
model_26.pt,MONDO:0010691,predicate:13,HP:0007957,NCBIGene:2195,predicate:6,NCBIGene:4535,0.0
model_26.pt,NCBIGene:51372,predicate:1,NCBIGene:6202,NCBIGene:2195,predicate:6,NCBIGene:4535,0.0
model_26.pt,NCBIGene:25865,predicate:8,NCBIGene:23212,NCBIGene:2195,predicate:6,NCBIGene:4535,0.0
model_26.pt,PUBCHEM.COMPOUND:122196132,predicate:0,NCBIGene:7941,NCBIGene:2195,predicate:6,NCBIGene:4535,0.0
model_26.pt,NCBIGene:84283,predicate:1,NCBIGene:51458,NCBIGene:2195,predicate:6,NCBIGene:4535,0.0
model_26.pt,NCBIGene:84365,predicate:1,NCBIGene:4236,NCBIGene:2195,predicate:6,NCBIGene:4535,0.0
model_26.pt,CHEBI:8499,predicate:16,MONDO:0001382,NCBIGene:2195,predicate:6,NCBIGene:4535,0.0
model_26.pt,NCBIGene:850551,predicate:3,NCBIGene:856863,NCBIGene:2195,predicate:6,NCBIGene:4535,0.0
model_26.pt,NCBIGene:181271,predicate:3,NCBIGene:190925,NCBIGene:2195,predicate:6,NCBIGene:4535,0.0
model_26.pt,NCBIGene:151056,predicate:4,PUBCHEM.COMPOUND:131761197,NCBIGene:2195,predicate:6,NCBIGene:4535,0.0
model_26.pt,CHEBI:18152,predicate:9,NCBIGene:54498,NCBIGene:2195,predicate:6,NCBIGene:4535,0.0
model_26.pt,NCBIGene:29949,predicate:15,MONDO:0005011,NCBIGene:2195,predicate:6,NCBIGene:4535,0.0
model_26.pt,NCBIGene:173731,predicate:19,CHEBI:31823,NCBIGene:2195,predicate:6,NCBIGene:4535,0.0
model_26.pt,PUBCHEM.COMPOUND:44176335,predicate:0,NCBIGene:331,NCBIGene:2195,predicate:6,NCBIGene:4535,0.0
model_26.pt,PUBCHEM.COMPOUND:49864838,predicate:10,NCBIGene:834,NCBIGene:2195,predicate:6,NCBIGene:4535,0.0
model_26.pt,NCBIGene:10221,predicate:8,NCBIGene:22908,NCBIGene:2195,predicate:6,NCBIGene:4535,0.0
model_26.pt,CHEBI:46345,predicate:7,NCBIGene:6581,NCBIGene:2195,predicate:6,NCBIGene:4535,0.0
model_26.pt,NCBIGene:375035,predicate:3,NCBIGene:80346,NCBIGene:2195,predicate:6,NCBIGene:4535,0.0
model_26.pt,MONDO:0012176,predicate:13,HP:0003028,NCBIGene:4221,predicate:15,MONDO:0007540,0.0
model_26.pt,CHEBI:6809,predicate:9,NCBIGene:8061,NCBIGene:4221,predicate:15,MONDO:0007540,0.0
model_26.pt,PUBCHEM.COMPOUND:1113514,predicate:0,NCBIGene:946552,NCBIGene:4221,predicate:15,MONDO:0007540,0.0
model_26.pt,PUBCHEM.COMPOUND:137636752,predicate:0,NCBIGene:3065,NCBIGene:4221,predicate:15,MONDO:0007540,0.0
model_26.pt,CHEBI:367163,predicate:16,MONDO:0015691,NCBIGene:4221,predicate:15,MONDO:0007540,0.0
model_26.pt,PUBCHEM.COMPOUND:130200977,predicate:10,NCBIGene:4988,NCBIGene:4221,predicate:15,MONDO:0007540,0.0
model_26.pt,NCBIGene:78987,predicate:3,NCBIGene:92255,NCBIGene:4221,predicate:15,MONDO:0007540,0.0
model_26.pt,NCBIGene:6352,predicate:36,NCBIGene:1234,NCBIGene:4221,predicate:15,MONDO:0007540,0.0
model_26.pt,CHEBI:6443,predicate:7,NCBIGene:8644,NCBIGene:4221,predicate:15,MONDO:0007540,0.0
model_26.pt,DRUGBANK:DB11158,predicate:12,MONDO:0005147,NCBIGene:4221,predicate:15,MONDO:0007540,0.0
model_26.pt,CHEBI:5000,predicate:12,MONDO:0001076,NCBIGene:4221,predicate:15,MONDO:0007540,0.0
model_26.pt,NCBIGene:8089,predicate:3,NCBIGene:26122,NCBIGene:4221,predicate:15,MONDO:0007540,0.0
model_26.pt,NCBIGene:10400,predicate:4,PUBCHEM.COMPOUND:52924335,NCBIGene:4221,predicate:15,MONDO:0007540,0.0
model_26.pt,NCBIGene:10618,predicate:3,NCBIGene:54887,NCBIGene:4221,predicate:15,MONDO:0007540,0.0
model_26.pt,NCBIGene:3308,predicate:15,MONDO:0005559,NCBIGene:4221,predicate:15,MONDO:0007540,-55.39103698730469
model_26.pt,CHEBI:17351,predicate:7,NCBIGene:5315,NCBIGene:4221,predicate:15,MONDO:0007540,0.0
model_26.pt,CHEMBL.COMPOUND:CHEMBL4747062,predicate:0,NCBIGene:23028,NCBIGene:4221,predicate:15,MONDO:0007540,0.0
model_26.pt,CHEBI:16842,predicate:9,NCBIGene:3557,NCBIGene:4221,predicate:15,MONDO:0007540,0.0
model_26.pt,NCBIGene:4616,predicate:1,NCBIGene:2034,NCBIGene:4221,predicate:15,MONDO:0007540,0.0
model_26.pt,NCBIGene:10201,predicate:1,NCBIGene:6154,NCBIGene:4221,predicate:15,MONDO:0007540,0.0
model_26.pt,NCBIGene:794,predicate:6,NCBIGene:7135,NCBIGene:4221,predicate:15,MONDO:0007540,0.0
model_26.pt,NCBIGene:50834,predicate:1,NCBIGene:403277,NCBIGene:4221,predicate:15,MONDO:0007540,0.0
model_26.pt,CHEBI:3755,predicate:2,MONDO:0007263,NCBIGene:4221,predicate:15,MONDO:0007540,0.0
model_26.pt,PUBCHEM.COMPOUND:131762323,predicate:5,NCBIGene:5407,NCBIGene:4221,predicate:15,MONDO:0007540,0.0
model_26.pt,PUBCHEM.COMPOUND:54325967,predicate:0,NCBIGene:5468,NCBIGene:4221,predicate:15,MONDO:0007540,0.0
model_26.pt,CHEBI:64354,predicate:0,NCBIGene:6559,NCBIGene:4221,predicate:15,MONDO:0007540,0.0
model_26.pt,CHEBI:44423,predicate:7,NCBIGene:3162,NCBIGene:4221,predicate:15,MONDO:0007540,0.0
model_26.pt,NCBIGene:113174,predicate:10,NCBIGene:100528017,NCBIGene:4221,predicate:15,MONDO:0007540,0.0
model_26.pt,NCBIGene:4502,predicate:1,NCBIGene:10912,NCBIGene:4221,predicate:15,MONDO:0007540,0.0
model_26.pt,NCBIGene:5321,predicate:4,PUBCHEM.COMPOUND:53478731,NCBIGene:4221,predicate:15,MONDO:0007540,0.0
model_26.pt,CHEBI:3755,predicate:7,NCBIGene:2100,NCBIGene:4221,predicate:15,MONDO:0007540,0.0
model_26.pt,NCBIGene:51741,predicate:13,HP:0000253,NCBIGene:4221,predicate:15,MONDO:0007540,0.0
model_26.pt,CHEBI:156122,predicate:5,NCBIGene:23761,NCBIGene:4221,predicate:15,MONDO:0007540,0.0
model_26.pt,NCBIGene:245865,predicate:3,NCBIGene:194974,NCBIGene:4221,predicate:15,MONDO:0007540,0.0
model_26.pt,PUBCHEM.COMPOUND:127036977,predicate:0,NCBIGene:135,NCBIGene:4221,predicate:15,MONDO:0007540,0.0
model_26.pt,PUBCHEM.COMPOUND:44433263,predicate:0,NCBIGene:1576,NCBIGene:4221,predicate:15,MONDO:0007540,0.0
model_26.pt,CHEBI:16469,predicate:7,NCBIGene:10587,NCBIGene:4221,predicate:15,MONDO:0007540,0.0
model_26.pt,PUBCHEM.COMPOUND:44314087,predicate:0,NCBIGene:4313,NCBIGene:4221,predicate:15,MONDO:0007540,0.0
model_26.pt,PUBCHEM.COMPOUND:25093440,predicate:0,NCBIGene:1147,NCBIGene:4221,predicate:15,MONDO:0007540,0.0
model_26.pt,NCBIGene:20962,predicate:3,NCBIGene:219150,NCBIGene:4221,predicate:15,MONDO:0007540,0.0
model_26.pt,NCBIGene:23051,predicate:15,MONDO:0005068,NCBIGene:4221,predicate:15,MONDO:0007540,39.50827407836914
model_26.pt,NCBIGene:10565,predicate:6,NCBIGene:284369,NCBIGene:4221,predicate:15,MONDO:0007540,0.0
model_26.pt,PUBCHEM.COMPOUND:59268935,predicate:0,NCBIGene:1137,NCBIGene:4221,predicate:15,MONDO:0007540,0.0
model_26.pt,NCBIGene:5903,predicate:1,NCBIGene:402569,NCBIGene:4221,predicate:15,MONDO:0007540,0.0
model_26.pt,PUBCHEM.COMPOUND:57395067,predicate:0,NCBIGene:6531,NCBIGene:4221,predicate:15,MONDO:0007540,0.0
model_26.pt,NCBIGene:852585,predicate:3,NCBIGene:855469,NCBIGene:4221,predicate:15,MONDO:0007540,0.0
model_26.pt,NCBIGene:3976,predicate:9,NCBIGene:2526,NCBIGene:4221,predicate:15,MONDO:0007540,0.0
model_26.pt,NCBIGene:928,predicate:1,NCBIGene:29952,NCBIGene:4221,predicate:15,MONDO:0007540,0.0
model_26.pt,MONDO:0013171,predicate:13,MONDO:0001071,NCBIGene:4221,predicate:15,MONDO:0007540,0.0
model_26.pt,NCBIGene:4634,predicate:1,NCBIGene:6445,NCBIGene:4221,predicate:15,MONDO:0007540,0.0
model_26.pt,CHEBI:18293,predicate:12,HP:0001945,NCBIGene:4221,predicate:15,MONDO:0007540,0.0
model_26.pt,UNII:5M691HL4BO,predicate:16,HP:0001288,NCBIGene:4221,predicate:15,MONDO:0007540,0.0
model_26.pt,MONDO:0011122,predicate:10,NCBIGene:2673,NCBIGene:4221,predicate:15,MONDO:0007540,0.0
model_26.pt,CHEBI:185383,predicate:5,NCBIGene:9514,NCBIGene:4221,predicate:15,MONDO:0007540,0.0
model_26.pt,NCBIGene:4763,predicate:13,HP:0002857,NCBIGene:4221,predicate:15,MONDO:0007540,0.0
model_26.pt,CHEBI:6121,predicate:7,NCBIGene:2335,NCBIGene:4221,predicate:15,MONDO:0007540,0.0
model_26.pt,NCBIGene:4204,predicate:13,HP:0010864,NCBIGene:4221,predicate:15,MONDO:0007540,0.0
model_26.pt,PUBCHEM.COMPOUND:5702107,predicate:23,NCBIGene:760,NCBIGene:4221,predicate:15,MONDO:0007540,0.0
model_26.pt,NCBIGene:22976,predicate:9,NCBIGene:9519,NCBIGene:4221,predicate:15,MONDO:0007540,0.0
model_26.pt,PUBCHEM.COMPOUND:9834864,predicate:14,NCBIGene:1137,NCBIGene:4221,predicate:15,MONDO:0007540,0.0
model_26.pt,PUBCHEM.COMPOUND:44431492,predicate:10,NCBIGene:1815,NCBIGene:4221,predicate:15,MONDO:0007540,0.0
model_26.pt,CHEBI:191001,predicate:18,NCBIGene:6422,NCBIGene:4221,predicate:15,MONDO:0007540,0.0
model_26.pt,PUBCHEM.COMPOUND:25015107,predicate:0,NCBIGene:2260,NCBIGene:4221,predicate:15,MONDO:0007540,0.0
model_26.pt,PUBCHEM.COMPOUND:131757266,predicate:5,NCBIGene:80168,NCBIGene:4221,predicate:15,MONDO:0007540,0.0
model_26.pt,NCBIGene:23205,predicate:1,NCBIGene:11283,NCBIGene:4221,predicate:15,MONDO:0007540,0.0
model_26.pt,NCBIGene:23054,predicate:1,NCBIGene:54617,NCBIGene:4221,predicate:15,MONDO:0007540,0.0
model_26.pt,NCBIGene:10008,predicate:3,NCBIGene:4751,NCBIGene:4221,predicate:15,MONDO:0007540,0.0
model_26.pt,NCBIGene:27183,predicate:1,NCBIGene:4904,NCBIGene:4221,predicate:15,MONDO:0007540,0.0
model_26.pt,NCBIGene:5578,predicate:8,NCBIGene:85377,NCBIGene:4221,predicate:15,MONDO:0007540,0.0
model_26.pt,NCBIGene:79165,predicate:1,NCBIGene:9704,NCBIGene:4221,predicate:15,MONDO:0007540,0.0
model_26.pt,NCBIGene:2170,predicate:9,NCBIGene:8611,NCBIGene:4221,predicate:15,MONDO:0007540,0.0
model_26.pt,NCBIGene:91748,predicate:1,NCBIGene:59345,NCBIGene:4221,predicate:15,MONDO:0007540,0.0
model_26.pt,PUBCHEM.COMPOUND:155512592,predicate:0,NCBIGene:142,NCBIGene:4221,predicate:15,MONDO:0007540,0.0
model_26.pt,NCBIGene:5663,predicate:7,NCBIGene:7158,NCBIGene:4221,predicate:15,MONDO:0007540,0.0
model_26.pt,NCBIGene:4140,predicate:21,NCBIGene:7534,NCBIGene:4221,predicate:15,MONDO:0007540,0.0
model_26.pt,NCBIGene:2475,predicate:1,NCBIGene:23456,NCBIGene:4221,predicate:15,MONDO:0007540,0.0
model_26.pt,NCBIGene:3162,predicate:15,MONDO:0000831,NCBIGene:4221,predicate:15,MONDO:0007540,17.249523162841797
model_26.pt,PUBCHEM.COMPOUND:10578760,predicate:0,NCBIGene:29580,NCBIGene:4221,predicate:15,MONDO:0007540,0.0
model_26.pt,NCBIGene:56893,predicate:9,NCBIGene:7316,NCBIGene:4221,predicate:15,MONDO:0007540,0.0
model_26.pt,CHEBI:93205,predicate:23,NCBIGene:8743,NCBIGene:4221,predicate:15,MONDO:0007540,0.0
model_26.pt,NCBIGene:1147,predicate:1,NCBIGene:57162,NCBIGene:4221,predicate:15,MONDO:0007540,0.0
model_26.pt,PUBCHEM.COMPOUND:137226420,predicate:0,NCBIGene:760,NCBIGene:4221,predicate:15,MONDO:0007540,0.0
model_26.pt,MONDO:0010691,predicate:13,HP:0007957,NCBIGene:4221,predicate:15,MONDO:0007540,0.0
model_26.pt,NCBIGene:51372,predicate:1,NCBIGene:6202,NCBIGene:4221,predicate:15,MONDO:0007540,0.0
model_26.pt,NCBIGene:25865,predicate:8,NCBIGene:23212,NCBIGene:4221,predicate:15,MONDO:0007540,0.0
model_26.pt,PUBCHEM.COMPOUND:122196132,predicate:0,NCBIGene:7941,NCBIGene:4221,predicate:15,MONDO:0007540,0.0
model_26.pt,NCBIGene:84283,predicate:1,NCBIGene:51458,NCBIGene:4221,predicate:15,MONDO:0007540,0.0
model_26.pt,NCBIGene:84365,predicate:1,NCBIGene:4236,NCBIGene:4221,predicate:15,MONDO:0007540,0.0
model_26.pt,CHEBI:8499,predicate:16,MONDO:0001382,NCBIGene:4221,predicate:15,MONDO:0007540,0.0
model_26.pt,NCBIGene:850551,predicate:3,NCBIGene:856863,NCBIGene:4221,predicate:15,MONDO:0007540,0.0
model_26.pt,NCBIGene:181271,predicate:3,NCBIGene:190925,NCBIGene:4221,predicate:15,MONDO:0007540,0.0
model_26.pt,NCBIGene:151056,predicate:4,PUBCHEM.COMPOUND:131761197,NCBIGene:4221,predicate:15,MONDO:0007540,0.0
model_26.pt,CHEBI:18152,predicate:9,NCBIGene:54498,NCBIGene:4221,predicate:15,MONDO:0007540,0.0
model_26.pt,NCBIGene:29949,predicate:15,MONDO:0005011,NCBIGene:4221,predicate:15,MONDO:0007540,61.012630462646484
model_26.pt,NCBIGene:173731,predicate:19,CHEBI:31823,NCBIGene:4221,predicate:15,MONDO:0007540,0.0
model_26.pt,PUBCHEM.COMPOUND:44176335,predicate:0,NCBIGene:331,NCBIGene:4221,predicate:15,MONDO:0007540,0.0
model_26.pt,PUBCHEM.COMPOUND:49864838,predicate:10,NCBIGene:834,NCBIGene:4221,predicate:15,MONDO:0007540,0.0
model_26.pt,NCBIGene:10221,predicate:8,NCBIGene:22908,NCBIGene:4221,predicate:15,MONDO:0007540,0.0
model_26.pt,CHEBI:46345,predicate:7,NCBIGene:6581,NCBIGene:4221,predicate:15,MONDO:0007540,0.0
model_26.pt,NCBIGene:375035,predicate:3,NCBIGene:80346,NCBIGene:4221,predicate:15,MONDO:0007540,0.0
model_10.pt,MONDO:0012176,predicate:13,HP:0003028,NCBIGene:51552,predicate:1,NCBIGene:58533,0.0
model_10.pt,CHEBI:6809,predicate:9,NCBIGene:8061,NCBIGene:51552,predicate:1,NCBIGene:58533,0.0
model_10.pt,PUBCHEM.COMPOUND:1113514,predicate:0,NCBIGene:946552,NCBIGene:51552,predicate:1,NCBIGene:58533,0.0
model_10.pt,PUBCHEM.COMPOUND:137636752,predicate:0,NCBIGene:3065,NCBIGene:51552,predicate:1,NCBIGene:58533,0.0
model_10.pt,CHEBI:367163,predicate:16,MONDO:0015691,NCBIGene:51552,predicate:1,NCBIGene:58533,0.0
model_10.pt,PUBCHEM.COMPOUND:130200977,predicate:10,NCBIGene:4988,NCBIGene:51552,predicate:1,NCBIGene:58533,0.0
model_10.pt,NCBIGene:78987,predicate:3,NCBIGene:92255,NCBIGene:51552,predicate:1,NCBIGene:58533,0.0
model_10.pt,NCBIGene:6352,predicate:36,NCBIGene:1234,NCBIGene:51552,predicate:1,NCBIGene:58533,0.0
model_10.pt,CHEBI:6443,predicate:7,NCBIGene:8644,NCBIGene:51552,predicate:1,NCBIGene:58533,0.0
model_10.pt,DRUGBANK:DB11158,predicate:12,MONDO:0005147,NCBIGene:51552,predicate:1,NCBIGene:58533,0.0
model_10.pt,CHEBI:5000,predicate:12,MONDO:0001076,NCBIGene:51552,predicate:1,NCBIGene:58533,0.0
model_10.pt,NCBIGene:8089,predicate:3,NCBIGene:26122,NCBIGene:51552,predicate:1,NCBIGene:58533,0.0
model_10.pt,NCBIGene:10400,predicate:4,PUBCHEM.COMPOUND:52924335,NCBIGene:51552,predicate:1,NCBIGene:58533,0.0
model_10.pt,NCBIGene:10618,predicate:3,NCBIGene:54887,NCBIGene:51552,predicate:1,NCBIGene:58533,0.0
model_10.pt,NCBIGene:3308,predicate:15,MONDO:0005559,NCBIGene:51552,predicate:1,NCBIGene:58533,0.0
model_10.pt,CHEBI:17351,predicate:7,NCBIGene:5315,NCBIGene:51552,predicate:1,NCBIGene:58533,0.0
model_10.pt,CHEMBL.COMPOUND:CHEMBL4747062,predicate:0,NCBIGene:23028,NCBIGene:51552,predicate:1,NCBIGene:58533,0.0
model_10.pt,CHEBI:16842,predicate:9,NCBIGene:3557,NCBIGene:51552,predicate:1,NCBIGene:58533,0.0
model_10.pt,NCBIGene:4616,predicate:1,NCBIGene:2034,NCBIGene:51552,predicate:1,NCBIGene:58533,-6.433810234069824
model_10.pt,NCBIGene:10201,predicate:1,NCBIGene:6154,NCBIGene:51552,predicate:1,NCBIGene:58533,17.403038024902344
model_10.pt,NCBIGene:794,predicate:6,NCBIGene:7135,NCBIGene:51552,predicate:1,NCBIGene:58533,0.0
model_10.pt,NCBIGene:50834,predicate:1,NCBIGene:403277,NCBIGene:51552,predicate:1,NCBIGene:58533,8.729180335998535
model_10.pt,CHEBI:3755,predicate:2,MONDO:0007263,NCBIGene:51552,predicate:1,NCBIGene:58533,0.0
model_10.pt,PUBCHEM.COMPOUND:131762323,predicate:5,NCBIGene:5407,NCBIGene:51552,predicate:1,NCBIGene:58533,0.0
model_10.pt,PUBCHEM.COMPOUND:54325967,predicate:0,NCBIGene:5468,NCBIGene:51552,predicate:1,NCBIGene:58533,0.0
model_10.pt,CHEBI:64354,predicate:0,NCBIGene:6559,NCBIGene:51552,predicate:1,NCBIGene:58533,0.0
model_10.pt,CHEBI:44423,predicate:7,NCBIGene:3162,NCBIGene:51552,predicate:1,NCBIGene:58533,0.0
model_10.pt,NCBIGene:113174,predicate:10,NCBIGene:100528017,NCBIGene:51552,predicate:1,NCBIGene:58533,0.0
model_10.pt,NCBIGene:4502,predicate:1,NCBIGene:10912,NCBIGene:51552,predicate:1,NCBIGene:58533,-28.564590454101562
model_10.pt,NCBIGene:5321,predicate:4,PUBCHEM.COMPOUND:53478731,NCBIGene:51552,predicate:1,NCBIGene:58533,0.0
model_10.pt,CHEBI:3755,predicate:7,NCBIGene:2100,NCBIGene:51552,predicate:1,NCBIGene:58533,0.0
model_10.pt,NCBIGene:51741,predicate:13,HP:0000253,NCBIGene:51552,predicate:1,NCBIGene:58533,0.0
model_10.pt,CHEBI:156122,predicate:5,NCBIGene:23761,NCBIGene:51552,predicate:1,NCBIGene:58533,0.0
model_10.pt,NCBIGene:245865,predicate:3,NCBIGene:194974,NCBIGene:51552,predicate:1,NCBIGene:58533,0.0
model_10.pt,PUBCHEM.COMPOUND:127036977,predicate:0,NCBIGene:135,NCBIGene:51552,predicate:1,NCBIGene:58533,0.0
model_10.pt,PUBCHEM.COMPOUND:44433263,predicate:0,NCBIGene:1576,NCBIGene:51552,predicate:1,NCBIGene:58533,0.0
model_10.pt,CHEBI:16469,predicate:7,NCBIGene:10587,NCBIGene:51552,predicate:1,NCBIGene:58533,0.0
model_10.pt,PUBCHEM.COMPOUND:44314087,predicate:0,NCBIGene:4313,NCBIGene:51552,predicate:1,NCBIGene:58533,0.0
model_10.pt,PUBCHEM.COMPOUND:25093440,predicate:0,NCBIGene:1147,NCBIGene:51552,predicate:1,NCBIGene:58533,0.0
model_10.pt,NCBIGene:20962,predicate:3,NCBIGene:219150,NCBIGene:51552,predicate:1,NCBIGene:58533,0.0
model_10.pt,NCBIGene:23051,predicate:15,MONDO:0005068,NCBIGene:51552,predicate:1,NCBIGene:58533,0.0
model_10.pt,NCBIGene:10565,predicate:6,NCBIGene:284369,NCBIGene:51552,predicate:1,NCBIGene:58533,0.0
model_10.pt,PUBCHEM.COMPOUND:59268935,predicate:0,NCBIGene:1137,NCBIGene:51552,predicate:1,NCBIGene:58533,0.0
model_10.pt,NCBIGene:5903,predicate:1,NCBIGene:402569,NCBIGene:51552,predicate:1,NCBIGene:58533,-20.17888069152832
model_10.pt,PUBCHEM.COMPOUND:57395067,predicate:0,NCBIGene:6531,NCBIGene:51552,predicate:1,NCBIGene:58533,0.0
model_10.pt,NCBIGene:852585,predicate:3,NCBIGene:855469,NCBIGene:51552,predicate:1,NCBIGene:58533,0.0
model_10.pt,NCBIGene:3976,predicate:9,NCBIGene:2526,NCBIGene:51552,predicate:1,NCBIGene:58533,0.0
model_10.pt,NCBIGene:928,predicate:1,NCBIGene:29952,NCBIGene:51552,predicate:1,NCBIGene:58533,64.8664779663086
model_10.pt,MONDO:0013171,predicate:13,MONDO:0001071,NCBIGene:51552,predicate:1,NCBIGene:58533,0.0
model_10.pt,NCBIGene:4634,predicate:1,NCBIGene:6445,NCBIGene:51552,predicate:1,NCBIGene:58533,79.12579345703125
model_10.pt,CHEBI:18293,predicate:12,HP:0001945,NCBIGene:51552,predicate:1,NCBIGene:58533,0.0
model_10.pt,UNII:5M691HL4BO,predicate:16,HP:0001288,NCBIGene:51552,predicate:1,NCBIGene:58533,0.0
model_10.pt,MONDO:0011122,predicate:10,NCBIGene:2673,NCBIGene:51552,predicate:1,NCBIGene:58533,0.0
model_10.pt,CHEBI:185383,predicate:5,NCBIGene:9514,NCBIGene:51552,predicate:1,NCBIGene:58533,0.0
model_10.pt,NCBIGene:4763,predicate:13,HP:0002857,NCBIGene:51552,predicate:1,NCBIGene:58533,0.0
model_10.pt,CHEBI:6121,predicate:7,NCBIGene:2335,NCBIGene:51552,predicate:1,NCBIGene:58533,0.0
model_10.pt,NCBIGene:4204,predicate:13,HP:0010864,NCBIGene:51552,predicate:1,NCBIGene:58533,0.0
model_10.pt,PUBCHEM.COMPOUND:5702107,predicate:23,NCBIGene:760,NCBIGene:51552,predicate:1,NCBIGene:58533,0.0
model_10.pt,NCBIGene:22976,predicate:9,NCBIGene:9519,NCBIGene:51552,predicate:1,NCBIGene:58533,0.0
model_10.pt,PUBCHEM.COMPOUND:9834864,predicate:14,NCBIGene:1137,NCBIGene:51552,predicate:1,NCBIGene:58533,0.0
model_10.pt,PUBCHEM.COMPOUND:44431492,predicate:10,NCBIGene:1815,NCBIGene:51552,predicate:1,NCBIGene:58533,0.0
model_10.pt,CHEBI:191001,predicate:18,NCBIGene:6422,NCBIGene:51552,predicate:1,NCBIGene:58533,0.0
model_10.pt,PUBCHEM.COMPOUND:25015107,predicate:0,NCBIGene:2260,NCBIGene:51552,predicate:1,NCBIGene:58533,0.0
model_10.pt,PUBCHEM.COMPOUND:131757266,predicate:5,NCBIGene:80168,NCBIGene:51552,predicate:1,NCBIGene:58533,0.0
model_10.pt,NCBIGene:23205,predicate:1,NCBIGene:11283,NCBIGene:51552,predicate:1,NCBIGene:58533,-65.79158020019531
model_10.pt,NCBIGene:23054,predicate:1,NCBIGene:54617,NCBIGene:51552,predicate:1,NCBIGene:58533,-31.00248146057129
model_10.pt,NCBIGene:10008,predicate:3,NCBIGene:4751,NCBIGene:51552,predicate:1,NCBIGene:58533,0.0
model_10.pt,NCBIGene:27183,predicate:1,NCBIGene:4904,NCBIGene:51552,predicate:1,NCBIGene:58533,-10.215608596801758
model_10.pt,NCBIGene:5578,predicate:8,NCBIGene:85377,NCBIGene:51552,predicate:1,NCBIGene:58533,0.0
model_10.pt,NCBIGene:79165,predicate:1,NCBIGene:9704,NCBIGene:51552,predicate:1,NCBIGene:58533,17.430084228515625
model_10.pt,NCBIGene:2170,predicate:9,NCBIGene:8611,NCBIGene:51552,predicate:1,NCBIGene:58533,0.0
model_10.pt,NCBIGene:91748,predicate:1,NCBIGene:59345,NCBIGene:51552,predicate:1,NCBIGene:58533,-24.183727264404297
model_10.pt,PUBCHEM.COMPOUND:155512592,predicate:0,NCBIGene:142,NCBIGene:51552,predicate:1,NCBIGene:58533,0.0
model_10.pt,NCBIGene:5663,predicate:7,NCBIGene:7158,NCBIGene:51552,predicate:1,NCBIGene:58533,0.0
model_10.pt,NCBIGene:4140,predicate:21,NCBIGene:7534,NCBIGene:51552,predicate:1,NCBIGene:58533,0.0
model_10.pt,NCBIGene:2475,predicate:1,NCBIGene:23456,NCBIGene:51552,predicate:1,NCBIGene:58533,-59.29277801513672
model_10.pt,NCBIGene:3162,predicate:15,MONDO:0000831,NCBIGene:51552,predicate:1,NCBIGene:58533,0.0
model_10.pt,PUBCHEM.COMPOUND:10578760,predicate:0,NCBIGene:29580,NCBIGene:51552,predicate:1,NCBIGene:58533,0.0
model_10.pt,NCBIGene:56893,predicate:9,NCBIGene:7316,NCBIGene:51552,predicate:1,NCBIGene:58533,0.0
model_10.pt,CHEBI:93205,predicate:23,NCBIGene:8743,NCBIGene:51552,predicate:1,NCBIGene:58533,0.0
model_10.pt,NCBIGene:1147,predicate:1,NCBIGene:57162,NCBIGene:51552,predicate:1,NCBIGene:58533,-33.0224609375
model_10.pt,PUBCHEM.COMPOUND:137226420,predicate:0,NCBIGene:760,NCBIGene:51552,predicate:1,NCBIGene:58533,0.0
model_10.pt,MONDO:0010691,predicate:13,HP:0007957,NCBIGene:51552,predicate:1,NCBIGene:58533,0.0
model_10.pt,NCBIGene:51372,predicate:1,NCBIGene:6202,NCBIGene:51552,predicate:1,NCBIGene:58533,41.741920471191406
model_10.pt,NCBIGene:25865,predicate:8,NCBIGene:23212,NCBIGene:51552,predicate:1,NCBIGene:58533,0.0
model_10.pt,PUBCHEM.COMPOUND:122196132,predicate:0,NCBIGene:7941,NCBIGene:51552,predicate:1,NCBIGene:58533,0.0
model_10.pt,NCBIGene:84283,predicate:1,NCBIGene:51458,NCBIGene:51552,predicate:1,NCBIGene:58533,108.56088256835938
model_10.pt,NCBIGene:84365,predicate:1,NCBIGene:4236,NCBIGene:51552,predicate:1,NCBIGene:58533,13.391416549682617
model_10.pt,CHEBI:8499,predicate:16,MONDO:0001382,NCBIGene:51552,predicate:1,NCBIGene:58533,0.0
model_10.pt,NCBIGene:850551,predicate:3,NCBIGene:856863,NCBIGene:51552,predicate:1,NCBIGene:58533,0.0
model_10.pt,NCBIGene:181271,predicate:3,NCBIGene:190925,NCBIGene:51552,predicate:1,NCBIGene:58533,0.0
model_10.pt,NCBIGene:151056,predicate:4,PUBCHEM.COMPOUND:131761197,NCBIGene:51552,predicate:1,NCBIGene:58533,0.0
model_10.pt,CHEBI:18152,predicate:9,NCBIGene:54498,NCBIGene:51552,predicate:1,NCBIGene:58533,0.0
model_10.pt,NCBIGene:29949,predicate:15,MONDO:0005011,NCBIGene:51552,predicate:1,NCBIGene:58533,0.0
model_10.pt,NCBIGene:173731,predicate:19,CHEBI:31823,NCBIGene:51552,predicate:1,NCBIGene:58533,0.0
model_10.pt,PUBCHEM.COMPOUND:44176335,predicate:0,NCBIGene:331,NCBIGene:51552,predicate:1,NCBIGene:58533,0.0
model_10.pt,PUBCHEM.COMPOUND:49864838,predicate:10,NCBIGene:834,NCBIGene:51552,predicate:1,NCBIGene:58533,0.0
model_10.pt,NCBIGene:10221,predicate:8,NCBIGene:22908,NCBIGene:51552,predicate:1,NCBIGene:58533,0.0
model_10.pt,CHEBI:46345,predicate:7,NCBIGene:6581,NCBIGene:51552,predicate:1,NCBIGene:58533,0.0
model_10.pt,NCBIGene:375035,predicate:3,NCBIGene:80346,NCBIGene:51552,predicate:1,NCBIGene:58533,0.0
model_10.pt,MONDO:0012176,predicate:13,HP:0003028,NCBIGene:64425,predicate:3,NCBIGene:81610,0.0
model_10.pt,CHEBI:6809,predicate:9,NCBIGene:8061,NCBIGene:64425,predicate:3,NCBIGene:81610,0.0
model_10.pt,PUBCHEM.COMPOUND:1113514,predicate:0,NCBIGene:946552,NCBIGene:64425,predicate:3,NCBIGene:81610,0.0
model_10.pt,PUBCHEM.COMPOUND:137636752,predicate:0,NCBIGene:3065,NCBIGene:64425,predicate:3,NCBIGene:81610,0.0
model_10.pt,CHEBI:367163,predicate:16,MONDO:0015691,NCBIGene:64425,predicate:3,NCBIGene:81610,0.0
model_10.pt,PUBCHEM.COMPOUND:130200977,predicate:10,NCBIGene:4988,NCBIGene:64425,predicate:3,NCBIGene:81610,0.0
model_10.pt,NCBIGene:78987,predicate:3,NCBIGene:92255,NCBIGene:64425,predicate:3,NCBIGene:81610,61.602386474609375
model_10.pt,NCBIGene:6352,predicate:36,NCBIGene:1234,NCBIGene:64425,predicate:3,NCBIGene:81610,0.0
model_10.pt,CHEBI:6443,predicate:7,NCBIGene:8644,NCBIGene:64425,predicate:3,NCBIGene:81610,0.0
model_10.pt,DRUGBANK:DB11158,predicate:12,MONDO:0005147,NCBIGene:64425,predicate:3,NCBIGene:81610,0.0
model_10.pt,CHEBI:5000,predicate:12,MONDO:0001076,NCBIGene:64425,predicate:3,NCBIGene:81610,0.0
model_10.pt,NCBIGene:8089,predicate:3,NCBIGene:26122,NCBIGene:64425,predicate:3,NCBIGene:81610,-52.152015686035156
model_10.pt,NCBIGene:10400,predicate:4,PUBCHEM.COMPOUND:52924335,NCBIGene:64425,predicate:3,NCBIGene:81610,0.0
model_10.pt,NCBIGene:10618,predicate:3,NCBIGene:54887,NCBIGene:64425,predicate:3,NCBIGene:81610,11.858402252197266
model_10.pt,NCBIGene:3308,predicate:15,MONDO:0005559,NCBIGene:64425,predicate:3,NCBIGene:81610,0.0
model_10.pt,CHEBI:17351,predicate:7,NCBIGene:5315,NCBIGene:64425,predicate:3,NCBIGene:81610,0.0
model_10.pt,CHEMBL.COMPOUND:CHEMBL4747062,predicate:0,NCBIGene:23028,NCBIGene:64425,predicate:3,NCBIGene:81610,0.0
model_10.pt,CHEBI:16842,predicate:9,NCBIGene:3557,NCBIGene:64425,predicate:3,NCBIGene:81610,0.0
model_10.pt,NCBIGene:4616,predicate:1,NCBIGene:2034,NCBIGene:64425,predicate:3,NCBIGene:81610,0.0
model_10.pt,NCBIGene:10201,predicate:1,NCBIGene:6154,NCBIGene:64425,predicate:3,NCBIGene:81610,0.0
model_10.pt,NCBIGene:794,predicate:6,NCBIGene:7135,NCBIGene:64425,predicate:3,NCBIGene:81610,0.0
model_10.pt,NCBIGene:50834,predicate:1,NCBIGene:403277,NCBIGene:64425,predicate:3,NCBIGene:81610,0.0
model_10.pt,CHEBI:3755,predicate:2,MONDO:0007263,NCBIGene:64425,predicate:3,NCBIGene:81610,0.0
model_10.pt,PUBCHEM.COMPOUND:131762323,predicate:5,NCBIGene:5407,NCBIGene:64425,predicate:3,NCBIGene:81610,0.0
model_10.pt,PUBCHEM.COMPOUND:54325967,predicate:0,NCBIGene:5468,NCBIGene:64425,predicate:3,NCBIGene:81610,0.0
model_10.pt,CHEBI:64354,predicate:0,NCBIGene:6559,NCBIGene:64425,predicate:3,NCBIGene:81610,0.0
model_10.pt,CHEBI:44423,predicate:7,NCBIGene:3162,NCBIGene:64425,predicate:3,NCBIGene:81610,0.0
model_10.pt,NCBIGene:113174,predicate:10,NCBIGene:100528017,NCBIGene:64425,predicate:3,NCBIGene:81610,0.0
model_10.pt,NCBIGene:4502,predicate:1,NCBIGene:10912,NCBIGene:64425,predicate:3,NCBIGene:81610,0.0
model_10.pt,NCBIGene:5321,predicate:4,PUBCHEM.COMPOUND:53478731,NCBIGene:64425,predicate:3,NCBIGene:81610,0.0
model_10.pt,CHEBI:3755,predicate:7,NCBIGene:2100,NCBIGene:64425,predicate:3,NCBIGene:81610,0.0
model_10.pt,NCBIGene:51741,predicate:13,HP:0000253,NCBIGene:64425,predicate:3,NCBIGene:81610,0.0
model_10.pt,CHEBI:156122,predicate:5,NCBIGene:23761,NCBIGene:64425,predicate:3,NCBIGene:81610,0.0
model_10.pt,NCBIGene:245865,predicate:3,NCBIGene:194974,NCBIGene:64425,predicate:3,NCBIGene:81610,84.89729309082031
model_10.pt,PUBCHEM.COMPOUND:127036977,predicate:0,NCBIGene:135,NCBIGene:64425,predicate:3,NCBIGene:81610,0.0
model_10.pt,PUBCHEM.COMPOUND:44433263,predicate:0,NCBIGene:1576,NCBIGene:64425,predicate:3,NCBIGene:81610,0.0
model_10.pt,CHEBI:16469,predicate:7,NCBIGene:10587,NCBIGene:64425,predicate:3,NCBIGene:81610,0.0
model_10.pt,PUBCHEM.COMPOUND:44314087,predicate:0,NCBIGene:4313,NCBIGene:64425,predicate:3,NCBIGene:81610,0.0
model_10.pt,PUBCHEM.COMPOUND:25093440,predicate:0,NCBIGene:1147,NCBIGene:64425,predicate:3,NCBIGene:81610,0.0
model_10.pt,NCBIGene:20962,predicate:3,NCBIGene:219150,NCBIGene:64425,predicate:3,NCBIGene:81610,43.24647521972656
model_10.pt,NCBIGene:23051,predicate:15,MONDO:0005068,NCBIGene:64425,predicate:3,NCBIGene:81610,0.0
model_10.pt,NCBIGene:10565,predicate:6,NCBIGene:284369,NCBIGene:64425,predicate:3,NCBIGene:81610,0.0
model_10.pt,PUBCHEM.COMPOUND:59268935,predicate:0,NCBIGene:1137,NCBIGene:64425,predicate:3,NCBIGene:81610,0.0
model_10.pt,NCBIGene:5903,predicate:1,NCBIGene:402569,NCBIGene:64425,predicate:3,NCBIGene:81610,0.0
model_10.pt,PUBCHEM.COMPOUND:57395067,predicate:0,NCBIGene:6531,NCBIGene:64425,predicate:3,NCBIGene:81610,0.0
model_10.pt,NCBIGene:852585,predicate:3,NCBIGene:855469,NCBIGene:64425,predicate:3,NCBIGene:81610,-6.273106575012207
model_10.pt,NCBIGene:3976,predicate:9,NCBIGene:2526,NCBIGene:64425,predicate:3,NCBIGene:81610,0.0
model_10.pt,NCBIGene:928,predicate:1,NCBIGene:29952,NCBIGene:64425,predicate:3,NCBIGene:81610,0.0
model_10.pt,MONDO:0013171,predicate:13,MONDO:0001071,NCBIGene:64425,predicate:3,NCBIGene:81610,0.0
model_10.pt,NCBIGene:4634,predicate:1,NCBIGene:6445,NCBIGene:64425,predicate:3,NCBIGene:81610,0.0
model_10.pt,CHEBI:18293,predicate:12,HP:0001945,NCBIGene:64425,predicate:3,NCBIGene:81610,0.0
model_10.pt,UNII:5M691HL4BO,predicate:16,HP:0001288,NCBIGene:64425,predicate:3,NCBIGene:81610,0.0
model_10.pt,MONDO:0011122,predicate:10,NCBIGene:2673,NCBIGene:64425,predicate:3,NCBIGene:81610,0.0
model_10.pt,CHEBI:185383,predicate:5,NCBIGene:9514,NCBIGene:64425,predicate:3,NCBIGene:81610,0.0
model_10.pt,NCBIGene:4763,predicate:13,HP:0002857,NCBIGene:64425,predicate:3,NCBIGene:81610,0.0
model_10.pt,CHEBI:6121,predicate:7,NCBIGene:2335,NCBIGene:64425,predicate:3,NCBIGene:81610,0.0
model_10.pt,NCBIGene:4204,predicate:13,HP:0010864,NCBIGene:64425,predicate:3,NCBIGene:81610,0.0
model_10.pt,PUBCHEM.COMPOUND:5702107,predicate:23,NCBIGene:760,NCBIGene:64425,predicate:3,NCBIGene:81610,0.0
model_10.pt,NCBIGene:22976,predicate:9,NCBIGene:9519,NCBIGene:64425,predicate:3,NCBIGene:81610,0.0
model_10.pt,PUBCHEM.COMPOUND:9834864,predicate:14,NCBIGene:1137,NCBIGene:64425,predicate:3,NCBIGene:81610,0.0
model_10.pt,PUBCHEM.COMPOUND:44431492,predicate:10,NCBIGene:1815,NCBIGene:64425,predicate:3,NCBIGene:81610,0.0
model_10.pt,CHEBI:191001,predicate:18,NCBIGene:6422,NCBIGene:64425,predicate:3,NCBIGene:81610,0.0
model_10.pt,PUBCHEM.COMPOUND:25015107,predicate:0,NCBIGene:2260,NCBIGene:64425,predicate:3,NCBIGene:81610,0.0
model_10.pt,PUBCHEM.COMPOUND:131757266,predicate:5,NCBIGene:80168,NCBIGene:64425,predicate:3,NCBIGene:81610,0.0
model_10.pt,NCBIGene:23205,predicate:1,NCBIGene:11283,NCBIGene:64425,predicate:3,NCBIGene:81610,0.0
model_10.pt,NCBIGene:23054,predicate:1,NCBIGene:54617,NCBIGene:64425,predicate:3,NCBIGene:81610,0.0
model_10.pt,NCBIGene:10008,predicate:3,NCBIGene:4751,NCBIGene:64425,predicate:3,NCBIGene:81610,20.810325622558594
model_10.pt,NCBIGene:27183,predicate:1,NCBIGene:4904,NCBIGene:64425,predicate:3,NCBIGene:81610,0.0
model_10.pt,NCBIGene:5578,predicate:8,NCBIGene:85377,NCBIGene:64425,predicate:3,NCBIGene:81610,0.0
model_10.pt,NCBIGene:79165,predicate:1,NCBIGene:9704,NCBIGene:64425,predicate:3,NCBIGene:81610,0.0
model_10.pt,NCBIGene:2170,predicate:9,NCBIGene:8611,NCBIGene:64425,predicate:3,NCBIGene:81610,0.0
model_10.pt,NCBIGene:91748,predicate:1,NCBIGene:59345,NCBIGene:64425,predicate:3,NCBIGene:81610,0.0
model_10.pt,PUBCHEM.COMPOUND:155512592,predicate:0,NCBIGene:142,NCBIGene:64425,predicate:3,NCBIGene:81610,0.0
model_10.pt,NCBIGene:5663,predicate:7,NCBIGene:7158,NCBIGene:64425,predicate:3,NCBIGene:81610,0.0
model_10.pt,NCBIGene:4140,predicate:21,NCBIGene:7534,NCBIGene:64425,predicate:3,NCBIGene:81610,0.0
model_10.pt,NCBIGene:2475,predicate:1,NCBIGene:23456,NCBIGene:64425,predicate:3,NCBIGene:81610,0.0
model_10.pt,NCBIGene:3162,predicate:15,MONDO:0000831,NCBIGene:64425,predicate:3,NCBIGene:81610,0.0
model_10.pt,PUBCHEM.COMPOUND:10578760,predicate:0,NCBIGene:29580,NCBIGene:64425,predicate:3,NCBIGene:81610,0.0
model_10.pt,NCBIGene:56893,predicate:9,NCBIGene:7316,NCBIGene:64425,predicate:3,NCBIGene:81610,0.0
model_10.pt,CHEBI:93205,predicate:23,NCBIGene:8743,NCBIGene:64425,predicate:3,NCBIGene:81610,0.0
model_10.pt,NCBIGene:1147,predicate:1,NCBIGene:57162,NCBIGene:64425,predicate:3,NCBIGene:81610,0.0
model_10.pt,PUBCHEM.COMPOUND:137226420,predicate:0,NCBIGene:760,NCBIGene:64425,predicate:3,NCBIGene:81610,0.0
model_10.pt,MONDO:0010691,predicate:13,HP:0007957,NCBIGene:64425,predicate:3,NCBIGene:81610,0.0
model_10.pt,NCBIGene:51372,predicate:1,NCBIGene:6202,NCBIGene:64425,predicate:3,NCBIGene:81610,0.0
model_10.pt,NCBIGene:25865,predicate:8,NCBIGene:23212,NCBIGene:64425,predicate:3,NCBIGene:81610,0.0
model_10.pt,PUBCHEM.COMPOUND:122196132,predicate:0,NCBIGene:7941,NCBIGene:64425,predicate:3,NCBIGene:81610,0.0
model_10.pt,NCBIGene:84283,predicate:1,NCBIGene:51458,NCBIGene:64425,predicate:3,NCBIGene:81610,0.0
model_10.pt,NCBIGene:84365,predicate:1,NCBIGene:4236,NCBIGene:64425,predicate:3,NCBIGene:81610,0.0
model_10.pt,CHEBI:8499,predicate:16,MONDO:0001382,NCBIGene:64425,predicate:3,NCBIGene:81610,0.0
model_10.pt,NCBIGene:850551,predicate:3,NCBIGene:856863,NCBIGene:64425,predicate:3,NCBIGene:81610,-19.176525115966797
model_10.pt,NCBIGene:181271,predicate:3,NCBIGene:190925,NCBIGene:64425,predicate:3,NCBIGene:81610,29.77542495727539
model_10.pt,NCBIGene:151056,predicate:4,PUBCHEM.COMPOUND:131761197,NCBIGene:64425,predicate:3,NCBIGene:81610,0.0
model_10.pt,CHEBI:18152,predicate:9,NCBIGene:54498,NCBIGene:64425,predicate:3,NCBIGene:81610,0.0
model_10.pt,NCBIGene:29949,predicate:15,MONDO:0005011,NCBIGene:64425,predicate:3,NCBIGene:81610,0.0
model_10.pt,NCBIGene:173731,predicate:19,CHEBI:31823,NCBIGene:64425,predicate:3,NCBIGene:81610,0.0
model_10.pt,PUBCHEM.COMPOUND:44176335,predicate:0,NCBIGene:331,NCBIGene:64425,predicate:3,NCBIGene:81610,0.0
model_10.pt,PUBCHEM.COMPOUND:49864838,predicate:10,NCBIGene:834,NCBIGene:64425,predicate:3,NCBIGene:81610,0.0
model_10.pt,NCBIGene:10221,predicate:8,NCBIGene:22908,NCBIGene:64425,predicate:3,NCBIGene:81610,0.0
model_10.pt,CHEBI:46345,predicate:7,NCBIGene:6581,NCBIGene:64425,predicate:3,NCBIGene:81610,0.0
model_10.pt,NCBIGene:375035,predicate:3,NCBIGene:80346,NCBIGene:64425,predicate:3,NCBIGene:81610,-66.12879943847656
model_10.pt,MONDO:0012176,predicate:13,HP:0003028,NCBIGene:1345,predicate:1,NCBIGene:28972,0.0
model_10.pt,CHEBI:6809,predicate:9,NCBIGene:8061,NCBIGene:1345,predicate:1,NCBIGene:28972,0.0
model_10.pt,PUBCHEM.COMPOUND:1113514,predicate:0,NCBIGene:946552,NCBIGene:1345,predicate:1,NCBIGene:28972,0.0
model_10.pt,PUBCHEM.COMPOUND:137636752,predicate:0,NCBIGene:3065,NCBIGene:1345,predicate:1,NCBIGene:28972,0.0
model_10.pt,CHEBI:367163,predicate:16,MONDO:0015691,NCBIGene:1345,predicate:1,NCBIGene:28972,0.0
model_10.pt,PUBCHEM.COMPOUND:130200977,predicate:10,NCBIGene:4988,NCBIGene:1345,predicate:1,NCBIGene:28972,0.0
model_10.pt,NCBIGene:78987,predicate:3,NCBIGene:92255,NCBIGene:1345,predicate:1,NCBIGene:28972,0.0
model_10.pt,NCBIGene:6352,predicate:36,NCBIGene:1234,NCBIGene:1345,predicate:1,NCBIGene:28972,0.0
model_10.pt,CHEBI:6443,predicate:7,NCBIGene:8644,NCBIGene:1345,predicate:1,NCBIGene:28972,0.0
model_10.pt,DRUGBANK:DB11158,predicate:12,MONDO:0005147,NCBIGene:1345,predicate:1,NCBIGene:28972,0.0
model_10.pt,CHEBI:5000,predicate:12,MONDO:0001076,NCBIGene:1345,predicate:1,NCBIGene:28972,0.0
model_10.pt,NCBIGene:8089,predicate:3,NCBIGene:26122,NCBIGene:1345,predicate:1,NCBIGene:28972,0.0
model_10.pt,NCBIGene:10400,predicate:4,PUBCHEM.COMPOUND:52924335,NCBIGene:1345,predicate:1,NCBIGene:28972,0.0
model_10.pt,NCBIGene:10618,predicate:3,NCBIGene:54887,NCBIGene:1345,predicate:1,NCBIGene:28972,0.0
model_10.pt,NCBIGene:3308,predicate:15,MONDO:0005559,NCBIGene:1345,predicate:1,NCBIGene:28972,0.0
model_10.pt,CHEBI:17351,predicate:7,NCBIGene:5315,NCBIGene:1345,predicate:1,NCBIGene:28972,0.0
model_10.pt,CHEMBL.COMPOUND:CHEMBL4747062,predicate:0,NCBIGene:23028,NCBIGene:1345,predicate:1,NCBIGene:28972,0.0
model_10.pt,CHEBI:16842,predicate:9,NCBIGene:3557,NCBIGene:1345,predicate:1,NCBIGene:28972,0.0
model_10.pt,NCBIGene:4616,predicate:1,NCBIGene:2034,NCBIGene:1345,predicate:1,NCBIGene:28972,18.323505401611328
model_10.pt,NCBIGene:10201,predicate:1,NCBIGene:6154,NCBIGene:1345,predicate:1,NCBIGene:28972,-70.12193298339844
model_10.pt,NCBIGene:794,predicate:6,NCBIGene:7135,NCBIGene:1345,predicate:1,NCBIGene:28972,0.0
model_10.pt,NCBIGene:50834,predicate:1,NCBIGene:403277,NCBIGene:1345,predicate:1,NCBIGene:28972,27.53424835205078
model_10.pt,CHEBI:3755,predicate:2,MONDO:0007263,NCBIGene:1345,predicate:1,NCBIGene:28972,0.0
model_10.pt,PUBCHEM.COMPOUND:131762323,predicate:5,NCBIGene:5407,NCBIGene:1345,predicate:1,NCBIGene:28972,0.0
model_10.pt,PUBCHEM.COMPOUND:54325967,predicate:0,NCBIGene:5468,NCBIGene:1345,predicate:1,NCBIGene:28972,0.0
model_10.pt,CHEBI:64354,predicate:0,NCBIGene:6559,NCBIGene:1345,predicate:1,NCBIGene:28972,0.0
model_10.pt,CHEBI:44423,predicate:7,NCBIGene:3162,NCBIGene:1345,predicate:1,NCBIGene:28972,0.0
model_10.pt,NCBIGene:113174,predicate:10,NCBIGene:100528017,NCBIGene:1345,predicate:1,NCBIGene:28972,0.0
model_10.pt,NCBIGene:4502,predicate:1,NCBIGene:10912,NCBIGene:1345,predicate:1,NCBIGene:28972,-10.318321228027344
model_10.pt,NCBIGene:5321,predicate:4,PUBCHEM.COMPOUND:53478731,NCBIGene:1345,predicate:1,NCBIGene:28972,0.0
model_10.pt,CHEBI:3755,predicate:7,NCBIGene:2100,NCBIGene:1345,predicate:1,NCBIGene:28972,0.0
model_10.pt,NCBIGene:51741,predicate:13,HP:0000253,NCBIGene:1345,predicate:1,NCBIGene:28972,0.0
model_10.pt,CHEBI:156122,predicate:5,NCBIGene:23761,NCBIGene:1345,predicate:1,NCBIGene:28972,0.0
model_10.pt,NCBIGene:245865,predicate:3,NCBIGene:194974,NCBIGene:1345,predicate:1,NCBIGene:28972,0.0
model_10.pt,PUBCHEM.COMPOUND:127036977,predicate:0,NCBIGene:135,NCBIGene:1345,predicate:1,NCBIGene:28972,0.0
model_10.pt,PUBCHEM.COMPOUND:44433263,predicate:0,NCBIGene:1576,NCBIGene:1345,predicate:1,NCBIGene:28972,0.0
model_10.pt,CHEBI:16469,predicate:7,NCBIGene:10587,NCBIGene:1345,predicate:1,NCBIGene:28972,0.0
model_10.pt,PUBCHEM.COMPOUND:44314087,predicate:0,NCBIGene:4313,NCBIGene:1345,predicate:1,NCBIGene:28972,0.0
model_10.pt,PUBCHEM.COMPOUND:25093440,predicate:0,NCBIGene:1147,NCBIGene:1345,predicate:1,NCBIGene:28972,0.0
model_10.pt,NCBIGene:20962,predicate:3,NCBIGene:219150,NCBIGene:1345,predicate:1,NCBIGene:28972,0.0
model_10.pt,NCBIGene:23051,predicate:15,MONDO:0005068,NCBIGene:1345,predicate:1,NCBIGene:28972,0.0
model_10.pt,NCBIGene:10565,predicate:6,NCBIGene:284369,NCBIGene:1345,predicate:1,NCBIGene:28972,0.0
model_10.pt,PUBCHEM.COMPOUND:59268935,predicate:0,NCBIGene:1137,NCBIGene:1345,predicate:1,NCBIGene:28972,0.0
model_10.pt,NCBIGene:5903,predicate:1,NCBIGene:402569,NCBIGene:1345,predicate:1,NCBIGene:28972,-1.5208377838134766
model_10.pt,PUBCHEM.COMPOUND:57395067,predicate:0,NCBIGene:6531,NCBIGene:1345,predicate:1,NCBIGene:28972,0.0
model_10.pt,NCBIGene:852585,predicate:3,NCBIGene:855469,NCBIGene:1345,predicate:1,NCBIGene:28972,0.0
model_10.pt,NCBIGene:3976,predicate:9,NCBIGene:2526,NCBIGene:1345,predicate:1,NCBIGene:28972,0.0
model_10.pt,NCBIGene:928,predicate:1,NCBIGene:29952,NCBIGene:1345,predicate:1,NCBIGene:28972,-25.221099853515625
model_10.pt,MONDO:0013171,predicate:13,MONDO:0001071,NCBIGene:1345,predicate:1,NCBIGene:28972,0.0
model_10.pt,NCBIGene:4634,predicate:1,NCBIGene:6445,NCBIGene:1345,predicate:1,NCBIGene:28972,6.584709167480469
model_10.pt,CHEBI:18293,predicate:12,HP:0001945,NCBIGene:1345,predicate:1,NCBIGene:28972,0.0
model_10.pt,UNII:5M691HL4BO,predicate:16,HP:0001288,NCBIGene:1345,predicate:1,NCBIGene:28972,0.0
model_10.pt,MONDO:0011122,predicate:10,NCBIGene:2673,NCBIGene:1345,predicate:1,NCBIGene:28972,0.0
model_10.pt,CHEBI:185383,predicate:5,NCBIGene:9514,NCBIGene:1345,predicate:1,NCBIGene:28972,0.0
model_10.pt,NCBIGene:4763,predicate:13,HP:0002857,NCBIGene:1345,predicate:1,NCBIGene:28972,0.0
model_10.pt,CHEBI:6121,predicate:7,NCBIGene:2335,NCBIGene:1345,predicate:1,NCBIGene:28972,0.0
model_10.pt,NCBIGene:4204,predicate:13,HP:0010864,NCBIGene:1345,predicate:1,NCBIGene:28972,0.0
model_10.pt,PUBCHEM.COMPOUND:5702107,predicate:23,NCBIGene:760,NCBIGene:1345,predicate:1,NCBIGene:28972,0.0
model_10.pt,NCBIGene:22976,predicate:9,NCBIGene:9519,NCBIGene:1345,predicate:1,NCBIGene:28972,0.0
model_10.pt,PUBCHEM.COMPOUND:9834864,predicate:14,NCBIGene:1137,NCBIGene:1345,predicate:1,NCBIGene:28972,0.0
model_10.pt,PUBCHEM.COMPOUND:44431492,predicate:10,NCBIGene:1815,NCBIGene:1345,predicate:1,NCBIGene:28972,0.0
model_10.pt,CHEBI:191001,predicate:18,NCBIGene:6422,NCBIGene:1345,predicate:1,NCBIGene:28972,0.0
model_10.pt,PUBCHEM.COMPOUND:25015107,predicate:0,NCBIGene:2260,NCBIGene:1345,predicate:1,NCBIGene:28972,0.0
model_10.pt,PUBCHEM.COMPOUND:131757266,predicate:5,NCBIGene:80168,NCBIGene:1345,predicate:1,NCBIGene:28972,0.0
model_10.pt,NCBIGene:23205,predicate:1,NCBIGene:11283,NCBIGene:1345,predicate:1,NCBIGene:28972,13.119766235351562
model_10.pt,NCBIGene:23054,predicate:1,NCBIGene:54617,NCBIGene:1345,predicate:1,NCBIGene:28972,-57.571964263916016
model_10.pt,NCBIGene:10008,predicate:3,NCBIGene:4751,NCBIGene:1345,predicate:1,NCBIGene:28972,0.0
model_10.pt,NCBIGene:27183,predicate:1,NCBIGene:4904,NCBIGene:1345,predicate:1,NCBIGene:28972,-111.7651138305664
model_10.pt,NCBIGene:5578,predicate:8,NCBIGene:85377,NCBIGene:1345,predicate:1,NCBIGene:28972,0.0
model_10.pt,NCBIGene:79165,predicate:1,NCBIGene:9704,NCBIGene:1345,predicate:1,NCBIGene:28972,-51.83559036254883
model_10.pt,NCBIGene:2170,predicate:9,NCBIGene:8611,NCBIGene:1345,predicate:1,NCBIGene:28972,0.0
model_10.pt,NCBIGene:91748,predicate:1,NCBIGene:59345,NCBIGene:1345,predicate:1,NCBIGene:28972,-8.38551139831543
model_10.pt,PUBCHEM.COMPOUND:155512592,predicate:0,NCBIGene:142,NCBIGene:1345,predicate:1,NCBIGene:28972,0.0
model_10.pt,NCBIGene:5663,predicate:7,NCBIGene:7158,NCBIGene:1345,predicate:1,NCBIGene:28972,0.0
model_10.pt,NCBIGene:4140,predicate:21,NCBIGene:7534,NCBIGene:1345,predicate:1,NCBIGene:28972,0.0
model_10.pt,NCBIGene:2475,predicate:1,NCBIGene:23456,NCBIGene:1345,predicate:1,NCBIGene:28972,51.501895904541016
model_10.pt,NCBIGene:3162,predicate:15,MONDO:0000831,NCBIGene:1345,predicate:1,NCBIGene:28972,0.0
model_10.pt,PUBCHEM.COMPOUND:10578760,predicate:0,NCBIGene:29580,NCBIGene:1345,predicate:1,NCBIGene:28972,0.0
model_10.pt,NCBIGene:56893,predicate:9,NCBIGene:7316,NCBIGene:1345,predicate:1,NCBIGene:28972,0.0
model_10.pt,CHEBI:93205,predicate:23,NCBIGene:8743,NCBIGene:1345,predicate:1,NCBIGene:28972,0.0
model_10.pt,NCBIGene:1147,predicate:1,NCBIGene:57162,NCBIGene:1345,predicate:1,NCBIGene:28972,-53.59604263305664
model_10.pt,PUBCHEM.COMPOUND:137226420,predicate:0,NCBIGene:760,NCBIGene:1345,predicate:1,NCBIGene:28972,0.0
model_10.pt,MONDO:0010691,predicate:13,HP:0007957,NCBIGene:1345,predicate:1,NCBIGene:28972,0.0
model_10.pt,NCBIGene:51372,predicate:1,NCBIGene:6202,NCBIGene:1345,predicate:1,NCBIGene:28972,-26.893613815307617
model_10.pt,NCBIGene:25865,predicate:8,NCBIGene:23212,NCBIGene:1345,predicate:1,NCBIGene:28972,0.0
model_10.pt,PUBCHEM.COMPOUND:122196132,predicate:0,NCBIGene:7941,NCBIGene:1345,predicate:1,NCBIGene:28972,0.0
model_10.pt,NCBIGene:84283,predicate:1,NCBIGene:51458,NCBIGene:1345,predicate:1,NCBIGene:28972,1.6453094482421875
model_10.pt,NCBIGene:84365,predicate:1,NCBIGene:4236,NCBIGene:1345,predicate:1,NCBIGene:28972,-36.17054748535156
model_10.pt,CHEBI:8499,predicate:16,MONDO:0001382,NCBIGene:1345,predicate:1,NCBIGene:28972,0.0
model_10.pt,NCBIGene:850551,predicate:3,NCBIGene:856863,NCBIGene:1345,predicate:1,NCBIGene:28972,0.0
model_10.pt,NCBIGene:181271,predicate:3,NCBIGene:190925,NCBIGene:1345,predicate:1,NCBIGene:28972,0.0
model_10.pt,NCBIGene:151056,predicate:4,PUBCHEM.COMPOUND:131761197,NCBIGene:1345,predicate:1,NCBIGene:28972,0.0
model_10.pt,CHEBI:18152,predicate:9,NCBIGene:54498,NCBIGene:1345,predicate:1,NCBIGene:28972,0.0
model_10.pt,NCBIGene:29949,predicate:15,MONDO:0005011,NCBIGene:1345,predicate:1,NCBIGene:28972,0.0
model_10.pt,NCBIGene:173731,predicate:19,CHEBI:31823,NCBIGene:1345,predicate:1,NCBIGene:28972,0.0
model_10.pt,PUBCHEM.COMPOUND:44176335,predicate:0,NCBIGene:331,NCBIGene:1345,predicate:1,NCBIGene:28972,0.0
model_10.pt,PUBCHEM.COMPOUND:49864838,predicate:10,NCBIGene:834,NCBIGene:1345,predicate:1,NCBIGene:28972,0.0
model_10.pt,NCBIGene:10221,predicate:8,NCBIGene:22908,NCBIGene:1345,predicate:1,NCBIGene:28972,0.0
model_10.pt,CHEBI:46345,predicate:7,NCBIGene:6581,NCBIGene:1345,predicate:1,NCBIGene:28972,0.0
model_10.pt,NCBIGene:375035,predicate:3,NCBIGene:80346,NCBIGene:1345,predicate:1,NCBIGene:28972,0.0
model_10.pt,MONDO:0012176,predicate:13,HP:0003028,NCBIGene:38726,predicate:37,CHEBI:5063,0.0
model_10.pt,CHEBI:6809,predicate:9,NCBIGene:8061,NCBIGene:38726,predicate:37,CHEBI:5063,0.0
model_10.pt,PUBCHEM.COMPOUND:1113514,predicate:0,NCBIGene:946552,NCBIGene:38726,predicate:37,CHEBI:5063,0.0
model_10.pt,PUBCHEM.COMPOUND:137636752,predicate:0,NCBIGene:3065,NCBIGene:38726,predicate:37,CHEBI:5063,0.0
model_10.pt,CHEBI:367163,predicate:16,MONDO:0015691,NCBIGene:38726,predicate:37,CHEBI:5063,0.0
model_10.pt,PUBCHEM.COMPOUND:130200977,predicate:10,NCBIGene:4988,NCBIGene:38726,predicate:37,CHEBI:5063,0.0
model_10.pt,NCBIGene:78987,predicate:3,NCBIGene:92255,NCBIGene:38726,predicate:37,CHEBI:5063,0.0
model_10.pt,NCBIGene:6352,predicate:36,NCBIGene:1234,NCBIGene:38726,predicate:37,CHEBI:5063,0.0
model_10.pt,CHEBI:6443,predicate:7,NCBIGene:8644,NCBIGene:38726,predicate:37,CHEBI:5063,0.0
model_10.pt,DRUGBANK:DB11158,predicate:12,MONDO:0005147,NCBIGene:38726,predicate:37,CHEBI:5063,0.0
model_10.pt,CHEBI:5000,predicate:12,MONDO:0001076,NCBIGene:38726,predicate:37,CHEBI:5063,0.0
model_10.pt,NCBIGene:8089,predicate:3,NCBIGene:26122,NCBIGene:38726,predicate:37,CHEBI:5063,0.0
model_10.pt,NCBIGene:10400,predicate:4,PUBCHEM.COMPOUND:52924335,NCBIGene:38726,predicate:37,CHEBI:5063,0.0
model_10.pt,NCBIGene:10618,predicate:3,NCBIGene:54887,NCBIGene:38726,predicate:37,CHEBI:5063,0.0
model_10.pt,NCBIGene:3308,predicate:15,MONDO:0005559,NCBIGene:38726,predicate:37,CHEBI:5063,0.0
model_10.pt,CHEBI:17351,predicate:7,NCBIGene:5315,NCBIGene:38726,predicate:37,CHEBI:5063,0.0
model_10.pt,CHEMBL.COMPOUND:CHEMBL4747062,predicate:0,NCBIGene:23028,NCBIGene:38726,predicate:37,CHEBI:5063,0.0
model_10.pt,CHEBI:16842,predicate:9,NCBIGene:3557,NCBIGene:38726,predicate:37,CHEBI:5063,0.0
model_10.pt,NCBIGene:4616,predicate:1,NCBIGene:2034,NCBIGene:38726,predicate:37,CHEBI:5063,0.0
model_10.pt,NCBIGene:10201,predicate:1,NCBIGene:6154,NCBIGene:38726,predicate:37,CHEBI:5063,0.0
model_10.pt,NCBIGene:794,predicate:6,NCBIGene:7135,NCBIGene:38726,predicate:37,CHEBI:5063,0.0
model_10.pt,NCBIGene:50834,predicate:1,NCBIGene:403277,NCBIGene:38726,predicate:37,CHEBI:5063,0.0
model_10.pt,CHEBI:3755,predicate:2,MONDO:0007263,NCBIGene:38726,predicate:37,CHEBI:5063,0.0
model_10.pt,PUBCHEM.COMPOUND:131762323,predicate:5,NCBIGene:5407,NCBIGene:38726,predicate:37,CHEBI:5063,0.0
model_10.pt,PUBCHEM.COMPOUND:54325967,predicate:0,NCBIGene:5468,NCBIGene:38726,predicate:37,CHEBI:5063,0.0
model_10.pt,CHEBI:64354,predicate:0,NCBIGene:6559,NCBIGene:38726,predicate:37,CHEBI:5063,0.0
model_10.pt,CHEBI:44423,predicate:7,NCBIGene:3162,NCBIGene:38726,predicate:37,CHEBI:5063,0.0
model_10.pt,NCBIGene:113174,predicate:10,NCBIGene:100528017,NCBIGene:38726,predicate:37,CHEBI:5063,0.0
model_10.pt,NCBIGene:4502,predicate:1,NCBIGene:10912,NCBIGene:38726,predicate:37,CHEBI:5063,0.0
model_10.pt,NCBIGene:5321,predicate:4,PUBCHEM.COMPOUND:53478731,NCBIGene:38726,predicate:37,CHEBI:5063,0.0
model_10.pt,CHEBI:3755,predicate:7,NCBIGene:2100,NCBIGene:38726,predicate:37,CHEBI:5063,0.0
model_10.pt,NCBIGene:51741,predicate:13,HP:0000253,NCBIGene:38726,predicate:37,CHEBI:5063,0.0
model_10.pt,CHEBI:156122,predicate:5,NCBIGene:23761,NCBIGene:38726,predicate:37,CHEBI:5063,0.0
model_10.pt,NCBIGene:245865,predicate:3,NCBIGene:194974,NCBIGene:38726,predicate:37,CHEBI:5063,0.0
model_10.pt,PUBCHEM.COMPOUND:127036977,predicate:0,NCBIGene:135,NCBIGene:38726,predicate:37,CHEBI:5063,0.0
model_10.pt,PUBCHEM.COMPOUND:44433263,predicate:0,NCBIGene:1576,NCBIGene:38726,predicate:37,CHEBI:5063,0.0
model_10.pt,CHEBI:16469,predicate:7,NCBIGene:10587,NCBIGene:38726,predicate:37,CHEBI:5063,0.0
model_10.pt,PUBCHEM.COMPOUND:44314087,predicate:0,NCBIGene:4313,NCBIGene:38726,predicate:37,CHEBI:5063,0.0
model_10.pt,PUBCHEM.COMPOUND:25093440,predicate:0,NCBIGene:1147,NCBIGene:38726,predicate:37,CHEBI:5063,0.0
model_10.pt,NCBIGene:20962,predicate:3,NCBIGene:219150,NCBIGene:38726,predicate:37,CHEBI:5063,0.0
model_10.pt,NCBIGene:23051,predicate:15,MONDO:0005068,NCBIGene:38726,predicate:37,CHEBI:5063,0.0
model_10.pt,NCBIGene:10565,predicate:6,NCBIGene:284369,NCBIGene:38726,predicate:37,CHEBI:5063,0.0
model_10.pt,PUBCHEM.COMPOUND:59268935,predicate:0,NCBIGene:1137,NCBIGene:38726,predicate:37,CHEBI:5063,0.0
model_10.pt,NCBIGene:5903,predicate:1,NCBIGene:402569,NCBIGene:38726,predicate:37,CHEBI:5063,0.0
model_10.pt,PUBCHEM.COMPOUND:57395067,predicate:0,NCBIGene:6531,NCBIGene:38726,predicate:37,CHEBI:5063,0.0
model_10.pt,NCBIGene:852585,predicate:3,NCBIGene:855469,NCBIGene:38726,predicate:37,CHEBI:5063,0.0
model_10.pt,NCBIGene:3976,predicate:9,NCBIGene:2526,NCBIGene:38726,predicate:37,CHEBI:5063,0.0
model_10.pt,NCBIGene:928,predicate:1,NCBIGene:29952,NCBIGene:38726,predicate:37,CHEBI:5063,0.0
model_10.pt,MONDO:0013171,predicate:13,MONDO:0001071,NCBIGene:38726,predicate:37,CHEBI:5063,0.0
model_10.pt,NCBIGene:4634,predicate:1,NCBIGene:6445,NCBIGene:38726,predicate:37,CHEBI:5063,0.0
model_10.pt,CHEBI:18293,predicate:12,HP:0001945,NCBIGene:38726,predicate:37,CHEBI:5063,0.0
model_10.pt,UNII:5M691HL4BO,predicate:16,HP:0001288,NCBIGene:38726,predicate:37,CHEBI:5063,0.0
model_10.pt,MONDO:0011122,predicate:10,NCBIGene:2673,NCBIGene:38726,predicate:37,CHEBI:5063,0.0
model_10.pt,CHEBI:185383,predicate:5,NCBIGene:9514,NCBIGene:38726,predicate:37,CHEBI:5063,0.0
model_10.pt,NCBIGene:4763,predicate:13,HP:0002857,NCBIGene:38726,predicate:37,CHEBI:5063,0.0
model_10.pt,CHEBI:6121,predicate:7,NCBIGene:2335,NCBIGene:38726,predicate:37,CHEBI:5063,0.0
model_10.pt,NCBIGene:4204,predicate:13,HP:0010864,NCBIGene:38726,predicate:37,CHEBI:5063,0.0
model_10.pt,PUBCHEM.COMPOUND:5702107,predicate:23,NCBIGene:760,NCBIGene:38726,predicate:37,CHEBI:5063,0.0
model_10.pt,NCBIGene:22976,predicate:9,NCBIGene:9519,NCBIGene:38726,predicate:37,CHEBI:5063,0.0
model_10.pt,PUBCHEM.COMPOUND:9834864,predicate:14,NCBIGene:1137,NCBIGene:38726,predicate:37,CHEBI:5063,0.0
model_10.pt,PUBCHEM.COMPOUND:44431492,predicate:10,NCBIGene:1815,NCBIGene:38726,predicate:37,CHEBI:5063,0.0
model_10.pt,CHEBI:191001,predicate:18,NCBIGene:6422,NCBIGene:38726,predicate:37,CHEBI:5063,0.0
model_10.pt,PUBCHEM.COMPOUND:25015107,predicate:0,NCBIGene:2260,NCBIGene:38726,predicate:37,CHEBI:5063,0.0
model_10.pt,PUBCHEM.COMPOUND:131757266,predicate:5,NCBIGene:80168,NCBIGene:38726,predicate:37,CHEBI:5063,0.0
model_10.pt,NCBIGene:23205,predicate:1,NCBIGene:11283,NCBIGene:38726,predicate:37,CHEBI:5063,0.0
model_10.pt,NCBIGene:23054,predicate:1,NCBIGene:54617,NCBIGene:38726,predicate:37,CHEBI:5063,0.0
model_10.pt,NCBIGene:10008,predicate:3,NCBIGene:4751,NCBIGene:38726,predicate:37,CHEBI:5063,0.0
model_10.pt,NCBIGene:27183,predicate:1,NCBIGene:4904,NCBIGene:38726,predicate:37,CHEBI:5063,0.0
model_10.pt,NCBIGene:5578,predicate:8,NCBIGene:85377,NCBIGene:38726,predicate:37,CHEBI:5063,0.0
model_10.pt,NCBIGene:79165,predicate:1,NCBIGene:9704,NCBIGene:38726,predicate:37,CHEBI:5063,0.0
model_10.pt,NCBIGene:2170,predicate:9,NCBIGene:8611,NCBIGene:38726,predicate:37,CHEBI:5063,0.0
model_10.pt,NCBIGene:91748,predicate:1,NCBIGene:59345,NCBIGene:38726,predicate:37,CHEBI:5063,0.0
model_10.pt,PUBCHEM.COMPOUND:155512592,predicate:0,NCBIGene:142,NCBIGene:38726,predicate:37,CHEBI:5063,0.0
model_10.pt,NCBIGene:5663,predicate:7,NCBIGene:7158,NCBIGene:38726,predicate:37,CHEBI:5063,0.0
model_10.pt,NCBIGene:4140,predicate:21,NCBIGene:7534,NCBIGene:38726,predicate:37,CHEBI:5063,0.0
model_10.pt,NCBIGene:2475,predicate:1,NCBIGene:23456,NCBIGene:38726,predicate:37,CHEBI:5063,0.0
model_10.pt,NCBIGene:3162,predicate:15,MONDO:0000831,NCBIGene:38726,predicate:37,CHEBI:5063,0.0
model_10.pt,PUBCHEM.COMPOUND:10578760,predicate:0,NCBIGene:29580,NCBIGene:38726,predicate:37,CHEBI:5063,0.0
model_10.pt,NCBIGene:56893,predicate:9,NCBIGene:7316,NCBIGene:38726,predicate:37,CHEBI:5063,0.0
model_10.pt,CHEBI:93205,predicate:23,NCBIGene:8743,NCBIGene:38726,predicate:37,CHEBI:5063,0.0
model_10.pt,NCBIGene:1147,predicate:1,NCBIGene:57162,NCBIGene:38726,predicate:37,CHEBI:5063,0.0
model_10.pt,PUBCHEM.COMPOUND:137226420,predicate:0,NCBIGene:760,NCBIGene:38726,predicate:37,CHEBI:5063,0.0
model_10.pt,MONDO:0010691,predicate:13,HP:0007957,NCBIGene:38726,predicate:37,CHEBI:5063,0.0
model_10.pt,NCBIGene:51372,predicate:1,NCBIGene:6202,NCBIGene:38726,predicate:37,CHEBI:5063,0.0
model_10.pt,NCBIGene:25865,predicate:8,NCBIGene:23212,NCBIGene:38726,predicate:37,CHEBI:5063,0.0
model_10.pt,PUBCHEM.COMPOUND:122196132,predicate:0,NCBIGene:7941,NCBIGene:38726,predicate:37,CHEBI:5063,0.0
model_10.pt,NCBIGene:84283,predicate:1,NCBIGene:51458,NCBIGene:38726,predicate:37,CHEBI:5063,0.0
model_10.pt,NCBIGene:84365,predicate:1,NCBIGene:4236,NCBIGene:38726,predicate:37,CHEBI:5063,0.0
model_10.pt,CHEBI:8499,predicate:16,MONDO:0001382,NCBIGene:38726,predicate:37,CHEBI:5063,0.0
model_10.pt,NCBIGene:850551,predicate:3,NCBIGene:856863,NCBIGene:38726,predicate:37,CHEBI:5063,0.0
model_10.pt,NCBIGene:181271,predicate:3,NCBIGene:190925,NCBIGene:38726,predicate:37,CHEBI:5063,0.0
model_10.pt,NCBIGene:151056,predicate:4,PUBCHEM.COMPOUND:131761197,NCBIGene:38726,predicate:37,CHEBI:5063,0.0
model_10.pt,CHEBI:18152,predicate:9,NCBIGene:54498,NCBIGene:38726,predicate:37,CHEBI:5063,0.0
model_10.pt,NCBIGene:29949,predicate:15,MONDO:0005011,NCBIGene:38726,predicate:37,CHEBI:5063,0.0
model_10.pt,NCBIGene:173731,predicate:19,CHEBI:31823,NCBIGene:38726,predicate:37,CHEBI:5063,0.0
model_10.pt,PUBCHEM.COMPOUND:44176335,predicate:0,NCBIGene:331,NCBIGene:38726,predicate:37,CHEBI:5063,0.0
model_10.pt,PUBCHEM.COMPOUND:49864838,predicate:10,NCBIGene:834,NCBIGene:38726,predicate:37,CHEBI:5063,0.0
model_10.pt,NCBIGene:10221,predicate:8,NCBIGene:22908,NCBIGene:38726,predicate:37,CHEBI:5063,0.0
model_10.pt,CHEBI:46345,predicate:7,NCBIGene:6581,NCBIGene:38726,predicate:37,CHEBI:5063,0.0
model_10.pt,NCBIGene:375035,predicate:3,NCBIGene:80346,NCBIGene:38726,predicate:37,CHEBI:5063,0.0
model_10.pt,MONDO:0012176,predicate:13,HP:0003028,CHEBI:16714,predicate:11,UMLS:C0233472,0.0
model_10.pt,CHEBI:6809,predicate:9,NCBIGene:8061,CHEBI:16714,predicate:11,UMLS:C0233472,0.0
model_10.pt,PUBCHEM.COMPOUND:1113514,predicate:0,NCBIGene:946552,CHEBI:16714,predicate:11,UMLS:C0233472,0.0
model_10.pt,PUBCHEM.COMPOUND:137636752,predicate:0,NCBIGene:3065,CHEBI:16714,predicate:11,UMLS:C0233472,0.0
model_10.pt,CHEBI:367163,predicate:16,MONDO:0015691,CHEBI:16714,predicate:11,UMLS:C0233472,0.0
model_10.pt,PUBCHEM.COMPOUND:130200977,predicate:10,NCBIGene:4988,CHEBI:16714,predicate:11,UMLS:C0233472,0.0
model_10.pt,NCBIGene:78987,predicate:3,NCBIGene:92255,CHEBI:16714,predicate:11,UMLS:C0233472,0.0
model_10.pt,NCBIGene:6352,predicate:36,NCBIGene:1234,CHEBI:16714,predicate:11,UMLS:C0233472,0.0
model_10.pt,CHEBI:6443,predicate:7,NCBIGene:8644,CHEBI:16714,predicate:11,UMLS:C0233472,0.0
model_10.pt,DRUGBANK:DB11158,predicate:12,MONDO:0005147,CHEBI:16714,predicate:11,UMLS:C0233472,0.0
model_10.pt,CHEBI:5000,predicate:12,MONDO:0001076,CHEBI:16714,predicate:11,UMLS:C0233472,0.0
model_10.pt,NCBIGene:8089,predicate:3,NCBIGene:26122,CHEBI:16714,predicate:11,UMLS:C0233472,0.0
model_10.pt,NCBIGene:10400,predicate:4,PUBCHEM.COMPOUND:52924335,CHEBI:16714,predicate:11,UMLS:C0233472,0.0
model_10.pt,NCBIGene:10618,predicate:3,NCBIGene:54887,CHEBI:16714,predicate:11,UMLS:C0233472,0.0
model_10.pt,NCBIGene:3308,predicate:15,MONDO:0005559,CHEBI:16714,predicate:11,UMLS:C0233472,0.0
model_10.pt,CHEBI:17351,predicate:7,NCBIGene:5315,CHEBI:16714,predicate:11,UMLS:C0233472,0.0
model_10.pt,CHEMBL.COMPOUND:CHEMBL4747062,predicate:0,NCBIGene:23028,CHEBI:16714,predicate:11,UMLS:C0233472,0.0
model_10.pt,CHEBI:16842,predicate:9,NCBIGene:3557,CHEBI:16714,predicate:11,UMLS:C0233472,0.0
model_10.pt,NCBIGene:4616,predicate:1,NCBIGene:2034,CHEBI:16714,predicate:11,UMLS:C0233472,0.0
model_10.pt,NCBIGene:10201,predicate:1,NCBIGene:6154,CHEBI:16714,predicate:11,UMLS:C0233472,0.0
model_10.pt,NCBIGene:794,predicate:6,NCBIGene:7135,CHEBI:16714,predicate:11,UMLS:C0233472,0.0
model_10.pt,NCBIGene:50834,predicate:1,NCBIGene:403277,CHEBI:16714,predicate:11,UMLS:C0233472,0.0
model_10.pt,CHEBI:3755,predicate:2,MONDO:0007263,CHEBI:16714,predicate:11,UMLS:C0233472,0.0
model_10.pt,PUBCHEM.COMPOUND:131762323,predicate:5,NCBIGene:5407,CHEBI:16714,predicate:11,UMLS:C0233472,0.0
model_10.pt,PUBCHEM.COMPOUND:54325967,predicate:0,NCBIGene:5468,CHEBI:16714,predicate:11,UMLS:C0233472,0.0
model_10.pt,CHEBI:64354,predicate:0,NCBIGene:6559,CHEBI:16714,predicate:11,UMLS:C0233472,0.0
model_10.pt,CHEBI:44423,predicate:7,NCBIGene:3162,CHEBI:16714,predicate:11,UMLS:C0233472,0.0
model_10.pt,NCBIGene:113174,predicate:10,NCBIGene:100528017,CHEBI:16714,predicate:11,UMLS:C0233472,0.0
model_10.pt,NCBIGene:4502,predicate:1,NCBIGene:10912,CHEBI:16714,predicate:11,UMLS:C0233472,0.0
model_10.pt,NCBIGene:5321,predicate:4,PUBCHEM.COMPOUND:53478731,CHEBI:16714,predicate:11,UMLS:C0233472,0.0
model_10.pt,CHEBI:3755,predicate:7,NCBIGene:2100,CHEBI:16714,predicate:11,UMLS:C0233472,0.0
model_10.pt,NCBIGene:51741,predicate:13,HP:0000253,CHEBI:16714,predicate:11,UMLS:C0233472,0.0
model_10.pt,CHEBI:156122,predicate:5,NCBIGene:23761,CHEBI:16714,predicate:11,UMLS:C0233472,0.0
model_10.pt,NCBIGene:245865,predicate:3,NCBIGene:194974,CHEBI:16714,predicate:11,UMLS:C0233472,0.0
model_10.pt,PUBCHEM.COMPOUND:127036977,predicate:0,NCBIGene:135,CHEBI:16714,predicate:11,UMLS:C0233472,0.0
model_10.pt,PUBCHEM.COMPOUND:44433263,predicate:0,NCBIGene:1576,CHEBI:16714,predicate:11,UMLS:C0233472,0.0
model_10.pt,CHEBI:16469,predicate:7,NCBIGene:10587,CHEBI:16714,predicate:11,UMLS:C0233472,0.0
model_10.pt,PUBCHEM.COMPOUND:44314087,predicate:0,NCBIGene:4313,CHEBI:16714,predicate:11,UMLS:C0233472,0.0
model_10.pt,PUBCHEM.COMPOUND:25093440,predicate:0,NCBIGene:1147,CHEBI:16714,predicate:11,UMLS:C0233472,0.0
model_10.pt,NCBIGene:20962,predicate:3,NCBIGene:219150,CHEBI:16714,predicate:11,UMLS:C0233472,0.0
model_10.pt,NCBIGene:23051,predicate:15,MONDO:0005068,CHEBI:16714,predicate:11,UMLS:C0233472,0.0
model_10.pt,NCBIGene:10565,predicate:6,NCBIGene:284369,CHEBI:16714,predicate:11,UMLS:C0233472,0.0
model_10.pt,PUBCHEM.COMPOUND:59268935,predicate:0,NCBIGene:1137,CHEBI:16714,predicate:11,UMLS:C0233472,0.0
model_10.pt,NCBIGene:5903,predicate:1,NCBIGene:402569,CHEBI:16714,predicate:11,UMLS:C0233472,0.0
model_10.pt,PUBCHEM.COMPOUND:57395067,predicate:0,NCBIGene:6531,CHEBI:16714,predicate:11,UMLS:C0233472,0.0
model_10.pt,NCBIGene:852585,predicate:3,NCBIGene:855469,CHEBI:16714,predicate:11,UMLS:C0233472,0.0
model_10.pt,NCBIGene:3976,predicate:9,NCBIGene:2526,CHEBI:16714,predicate:11,UMLS:C0233472,0.0
model_10.pt,NCBIGene:928,predicate:1,NCBIGene:29952,CHEBI:16714,predicate:11,UMLS:C0233472,0.0
model_10.pt,MONDO:0013171,predicate:13,MONDO:0001071,CHEBI:16714,predicate:11,UMLS:C0233472,0.0
model_10.pt,NCBIGene:4634,predicate:1,NCBIGene:6445,CHEBI:16714,predicate:11,UMLS:C0233472,0.0
model_10.pt,CHEBI:18293,predicate:12,HP:0001945,CHEBI:16714,predicate:11,UMLS:C0233472,0.0
model_10.pt,UNII:5M691HL4BO,predicate:16,HP:0001288,CHEBI:16714,predicate:11,UMLS:C0233472,0.0
model_10.pt,MONDO:0011122,predicate:10,NCBIGene:2673,CHEBI:16714,predicate:11,UMLS:C0233472,0.0
model_10.pt,CHEBI:185383,predicate:5,NCBIGene:9514,CHEBI:16714,predicate:11,UMLS:C0233472,0.0
model_10.pt,NCBIGene:4763,predicate:13,HP:0002857,CHEBI:16714,predicate:11,UMLS:C0233472,0.0
model_10.pt,CHEBI:6121,predicate:7,NCBIGene:2335,CHEBI:16714,predicate:11,UMLS:C0233472,0.0
model_10.pt,NCBIGene:4204,predicate:13,HP:0010864,CHEBI:16714,predicate:11,UMLS:C0233472,0.0
model_10.pt,PUBCHEM.COMPOUND:5702107,predicate:23,NCBIGene:760,CHEBI:16714,predicate:11,UMLS:C0233472,0.0
model_10.pt,NCBIGene:22976,predicate:9,NCBIGene:9519,CHEBI:16714,predicate:11,UMLS:C0233472,0.0
model_10.pt,PUBCHEM.COMPOUND:9834864,predicate:14,NCBIGene:1137,CHEBI:16714,predicate:11,UMLS:C0233472,0.0
model_10.pt,PUBCHEM.COMPOUND:44431492,predicate:10,NCBIGene:1815,CHEBI:16714,predicate:11,UMLS:C0233472,0.0
model_10.pt,CHEBI:191001,predicate:18,NCBIGene:6422,CHEBI:16714,predicate:11,UMLS:C0233472,0.0
model_10.pt,PUBCHEM.COMPOUND:25015107,predicate:0,NCBIGene:2260,CHEBI:16714,predicate:11,UMLS:C0233472,0.0
model_10.pt,PUBCHEM.COMPOUND:131757266,predicate:5,NCBIGene:80168,CHEBI:16714,predicate:11,UMLS:C0233472,0.0
model_10.pt,NCBIGene:23205,predicate:1,NCBIGene:11283,CHEBI:16714,predicate:11,UMLS:C0233472,0.0
model_10.pt,NCBIGene:23054,predicate:1,NCBIGene:54617,CHEBI:16714,predicate:11,UMLS:C0233472,0.0
model_10.pt,NCBIGene:10008,predicate:3,NCBIGene:4751,CHEBI:16714,predicate:11,UMLS:C0233472,0.0
model_10.pt,NCBIGene:27183,predicate:1,NCBIGene:4904,CHEBI:16714,predicate:11,UMLS:C0233472,0.0
model_10.pt,NCBIGene:5578,predicate:8,NCBIGene:85377,CHEBI:16714,predicate:11,UMLS:C0233472,0.0
model_10.pt,NCBIGene:79165,predicate:1,NCBIGene:9704,CHEBI:16714,predicate:11,UMLS:C0233472,0.0
model_10.pt,NCBIGene:2170,predicate:9,NCBIGene:8611,CHEBI:16714,predicate:11,UMLS:C0233472,0.0
model_10.pt,NCBIGene:91748,predicate:1,NCBIGene:59345,CHEBI:16714,predicate:11,UMLS:C0233472,0.0
model_10.pt,PUBCHEM.COMPOUND:155512592,predicate:0,NCBIGene:142,CHEBI:16714,predicate:11,UMLS:C0233472,0.0
model_10.pt,NCBIGene:5663,predicate:7,NCBIGene:7158,CHEBI:16714,predicate:11,UMLS:C0233472,0.0
model_10.pt,NCBIGene:4140,predicate:21,NCBIGene:7534,CHEBI:16714,predicate:11,UMLS:C0233472,0.0
model_10.pt,NCBIGene:2475,predicate:1,NCBIGene:23456,CHEBI:16714,predicate:11,UMLS:C0233472,0.0
model_10.pt,NCBIGene:3162,predicate:15,MONDO:0000831,CHEBI:16714,predicate:11,UMLS:C0233472,0.0
model_10.pt,PUBCHEM.COMPOUND:10578760,predicate:0,NCBIGene:29580,CHEBI:16714,predicate:11,UMLS:C0233472,0.0
model_10.pt,NCBIGene:56893,predicate:9,NCBIGene:7316,CHEBI:16714,predicate:11,UMLS:C0233472,0.0
model_10.pt,CHEBI:93205,predicate:23,NCBIGene:8743,CHEBI:16714,predicate:11,UMLS:C0233472,0.0
model_10.pt,NCBIGene:1147,predicate:1,NCBIGene:57162,CHEBI:16714,predicate:11,UMLS:C0233472,0.0
model_10.pt,PUBCHEM.COMPOUND:137226420,predicate:0,NCBIGene:760,CHEBI:16714,predicate:11,UMLS:C0233472,0.0
model_10.pt,MONDO:0010691,predicate:13,HP:0007957,CHEBI:16714,predicate:11,UMLS:C0233472,0.0
model_10.pt,NCBIGene:51372,predicate:1,NCBIGene:6202,CHEBI:16714,predicate:11,UMLS:C0233472,0.0
model_10.pt,NCBIGene:25865,predicate:8,NCBIGene:23212,CHEBI:16714,predicate:11,UMLS:C0233472,0.0
model_10.pt,PUBCHEM.COMPOUND:122196132,predicate:0,NCBIGene:7941,CHEBI:16714,predicate:11,UMLS:C0233472,0.0
model_10.pt,NCBIGene:84283,predicate:1,NCBIGene:51458,CHEBI:16714,predicate:11,UMLS:C0233472,0.0
model_10.pt,NCBIGene:84365,predicate:1,NCBIGene:4236,CHEBI:16714,predicate:11,UMLS:C0233472,0.0
model_10.pt,CHEBI:8499,predicate:16,MONDO:0001382,CHEBI:16714,predicate:11,UMLS:C0233472,0.0
model_10.pt,NCBIGene:850551,predicate:3,NCBIGene:856863,CHEBI:16714,predicate:11,UMLS:C0233472,0.0
model_10.pt,NCBIGene:181271,predicate:3,NCBIGene:190925,CHEBI:16714,predicate:11,UMLS:C0233472,0.0
model_10.pt,NCBIGene:151056,predicate:4,PUBCHEM.COMPOUND:131761197,CHEBI:16714,predicate:11,UMLS:C0233472,0.0
model_10.pt,CHEBI:18152,predicate:9,NCBIGene:54498,CHEBI:16714,predicate:11,UMLS:C0233472,0.0
model_10.pt,NCBIGene:29949,predicate:15,MONDO:0005011,CHEBI:16714,predicate:11,UMLS:C0233472,0.0
model_10.pt,NCBIGene:173731,predicate:19,CHEBI:31823,CHEBI:16714,predicate:11,UMLS:C0233472,0.0
model_10.pt,PUBCHEM.COMPOUND:44176335,predicate:0,NCBIGene:331,CHEBI:16714,predicate:11,UMLS:C0233472,0.0
model_10.pt,PUBCHEM.COMPOUND:49864838,predicate:10,NCBIGene:834,CHEBI:16714,predicate:11,UMLS:C0233472,0.0
model_10.pt,NCBIGene:10221,predicate:8,NCBIGene:22908,CHEBI:16714,predicate:11,UMLS:C0233472,0.0
model_10.pt,CHEBI:46345,predicate:7,NCBIGene:6581,CHEBI:16714,predicate:11,UMLS:C0233472,0.0
model_10.pt,NCBIGene:375035,predicate:3,NCBIGene:80346,CHEBI:16714,predicate:11,UMLS:C0233472,0.0
model_2.pt,MONDO:0012176,predicate:13,HP:0003028,NCBIGene:51552,predicate:1,NCBIGene:58533,0.0
model_2.pt,CHEBI:6809,predicate:9,NCBIGene:8061,NCBIGene:51552,predicate:1,NCBIGene:58533,0.0
model_2.pt,PUBCHEM.COMPOUND:1113514,predicate:0,NCBIGene:946552,NCBIGene:51552,predicate:1,NCBIGene:58533,0.0
model_2.pt,PUBCHEM.COMPOUND:137636752,predicate:0,NCBIGene:3065,NCBIGene:51552,predicate:1,NCBIGene:58533,0.0
model_2.pt,CHEBI:367163,predicate:16,MONDO:0015691,NCBIGene:51552,predicate:1,NCBIGene:58533,0.0
model_2.pt,PUBCHEM.COMPOUND:130200977,predicate:10,NCBIGene:4988,NCBIGene:51552,predicate:1,NCBIGene:58533,0.0
model_2.pt,NCBIGene:78987,predicate:3,NCBIGene:92255,NCBIGene:51552,predicate:1,NCBIGene:58533,0.0
model_2.pt,NCBIGene:6352,predicate:36,NCBIGene:1234,NCBIGene:51552,predicate:1,NCBIGene:58533,0.0
model_2.pt,CHEBI:6443,predicate:7,NCBIGene:8644,NCBIGene:51552,predicate:1,NCBIGene:58533,0.0
model_2.pt,DRUGBANK:DB11158,predicate:12,MONDO:0005147,NCBIGene:51552,predicate:1,NCBIGene:58533,0.0
model_2.pt,CHEBI:5000,predicate:12,MONDO:0001076,NCBIGene:51552,predicate:1,NCBIGene:58533,0.0
model_2.pt,NCBIGene:8089,predicate:3,NCBIGene:26122,NCBIGene:51552,predicate:1,NCBIGene:58533,0.0
model_2.pt,NCBIGene:10400,predicate:4,PUBCHEM.COMPOUND:52924335,NCBIGene:51552,predicate:1,NCBIGene:58533,0.0
model_2.pt,NCBIGene:10618,predicate:3,NCBIGene:54887,NCBIGene:51552,predicate:1,NCBIGene:58533,0.0
model_2.pt,NCBIGene:3308,predicate:15,MONDO:0005559,NCBIGene:51552,predicate:1,NCBIGene:58533,0.0
model_2.pt,CHEBI:17351,predicate:7,NCBIGene:5315,NCBIGene:51552,predicate:1,NCBIGene:58533,0.0
model_2.pt,CHEMBL.COMPOUND:CHEMBL4747062,predicate:0,NCBIGene:23028,NCBIGene:51552,predicate:1,NCBIGene:58533,0.0
model_2.pt,CHEBI:16842,predicate:9,NCBIGene:3557,NCBIGene:51552,predicate:1,NCBIGene:58533,0.0
model_2.pt,NCBIGene:4616,predicate:1,NCBIGene:2034,NCBIGene:51552,predicate:1,NCBIGene:58533,31.82592010498047
model_2.pt,NCBIGene:10201,predicate:1,NCBIGene:6154,NCBIGene:51552,predicate:1,NCBIGene:58533,15.153158187866211
model_2.pt,NCBIGene:794,predicate:6,NCBIGene:7135,NCBIGene:51552,predicate:1,NCBIGene:58533,0.0
model_2.pt,NCBIGene:50834,predicate:1,NCBIGene:403277,NCBIGene:51552,predicate:1,NCBIGene:58533,6.593278884887695
model_2.pt,CHEBI:3755,predicate:2,MONDO:0007263,NCBIGene:51552,predicate:1,NCBIGene:58533,0.0
model_2.pt,PUBCHEM.COMPOUND:131762323,predicate:5,NCBIGene:5407,NCBIGene:51552,predicate:1,NCBIGene:58533,0.0
model_2.pt,PUBCHEM.COMPOUND:54325967,predicate:0,NCBIGene:5468,NCBIGene:51552,predicate:1,NCBIGene:58533,0.0
model_2.pt,CHEBI:64354,predicate:0,NCBIGene:6559,NCBIGene:51552,predicate:1,NCBIGene:58533,0.0
model_2.pt,CHEBI:44423,predicate:7,NCBIGene:3162,NCBIGene:51552,predicate:1,NCBIGene:58533,0.0
model_2.pt,NCBIGene:113174,predicate:10,NCBIGene:100528017,NCBIGene:51552,predicate:1,NCBIGene:58533,0.0
model_2.pt,NCBIGene:4502,predicate:1,NCBIGene:10912,NCBIGene:51552,predicate:1,NCBIGene:58533,10.768756866455078
model_2.pt,NCBIGene:5321,predicate:4,PUBCHEM.COMPOUND:53478731,NCBIGene:51552,predicate:1,NCBIGene:58533,0.0
model_2.pt,CHEBI:3755,predicate:7,NCBIGene:2100,NCBIGene:51552,predicate:1,NCBIGene:58533,0.0
model_2.pt,NCBIGene:51741,predicate:13,HP:0000253,NCBIGene:51552,predicate:1,NCBIGene:58533,0.0
model_2.pt,CHEBI:156122,predicate:5,NCBIGene:23761,NCBIGene:51552,predicate:1,NCBIGene:58533,0.0
model_2.pt,NCBIGene:245865,predicate:3,NCBIGene:194974,NCBIGene:51552,predicate:1,NCBIGene:58533,0.0
model_2.pt,PUBCHEM.COMPOUND:127036977,predicate:0,NCBIGene:135,NCBIGene:51552,predicate:1,NCBIGene:58533,0.0
model_2.pt,PUBCHEM.COMPOUND:44433263,predicate:0,NCBIGene:1576,NCBIGene:51552,predicate:1,NCBIGene:58533,0.0
model_2.pt,CHEBI:16469,predicate:7,NCBIGene:10587,NCBIGene:51552,predicate:1,NCBIGene:58533,0.0
model_2.pt,PUBCHEM.COMPOUND:44314087,predicate:0,NCBIGene:4313,NCBIGene:51552,predicate:1,NCBIGene:58533,0.0
model_2.pt,PUBCHEM.COMPOUND:25093440,predicate:0,NCBIGene:1147,NCBIGene:51552,predicate:1,NCBIGene:58533,0.0
model_2.pt,NCBIGene:20962,predicate:3,NCBIGene:219150,NCBIGene:51552,predicate:1,NCBIGene:58533,0.0
model_2.pt,NCBIGene:23051,predicate:15,MONDO:0005068,NCBIGene:51552,predicate:1,NCBIGene:58533,0.0
model_2.pt,NCBIGene:10565,predicate:6,NCBIGene:284369,NCBIGene:51552,predicate:1,NCBIGene:58533,0.0
model_2.pt,PUBCHEM.COMPOUND:59268935,predicate:0,NCBIGene:1137,NCBIGene:51552,predicate:1,NCBIGene:58533,0.0
model_2.pt,NCBIGene:5903,predicate:1,NCBIGene:402569,NCBIGene:51552,predicate:1,NCBIGene:58533,48.38938903808594
model_2.pt,PUBCHEM.COMPOUND:57395067,predicate:0,NCBIGene:6531,NCBIGene:51552,predicate:1,NCBIGene:58533,0.0
model_2.pt,NCBIGene:852585,predicate:3,NCBIGene:855469,NCBIGene:51552,predicate:1,NCBIGene:58533,0.0
model_2.pt,NCBIGene:3976,predicate:9,NCBIGene:2526,NCBIGene:51552,predicate:1,NCBIGene:58533,0.0
model_2.pt,NCBIGene:928,predicate:1,NCBIGene:29952,NCBIGene:51552,predicate:1,NCBIGene:58533,32.12797546386719
model_2.pt,MONDO:0013171,predicate:13,MONDO:0001071,NCBIGene:51552,predicate:1,NCBIGene:58533,0.0
model_2.pt,NCBIGene:4634,predicate:1,NCBIGene:6445,NCBIGene:51552,predicate:1,NCBIGene:58533,-60.88343048095703
model_2.pt,CHEBI:18293,predicate:12,HP:0001945,NCBIGene:51552,predicate:1,NCBIGene:58533,0.0
model_2.pt,UNII:5M691HL4BO,predicate:16,HP:0001288,NCBIGene:51552,predicate:1,NCBIGene:58533,0.0
model_2.pt,MONDO:0011122,predicate:10,NCBIGene:2673,NCBIGene:51552,predicate:1,NCBIGene:58533,0.0
model_2.pt,CHEBI:185383,predicate:5,NCBIGene:9514,NCBIGene:51552,predicate:1,NCBIGene:58533,0.0
model_2.pt,NCBIGene:4763,predicate:13,HP:0002857,NCBIGene:51552,predicate:1,NCBIGene:58533,0.0
model_2.pt,CHEBI:6121,predicate:7,NCBIGene:2335,NCBIGene:51552,predicate:1,NCBIGene:58533,0.0
model_2.pt,NCBIGene:4204,predicate:13,HP:0010864,NCBIGene:51552,predicate:1,NCBIGene:58533,0.0
model_2.pt,PUBCHEM.COMPOUND:5702107,predicate:23,NCBIGene:760,NCBIGene:51552,predicate:1,NCBIGene:58533,0.0
model_2.pt,NCBIGene:22976,predicate:9,NCBIGene:9519,NCBIGene:51552,predicate:1,NCBIGene:58533,0.0
model_2.pt,PUBCHEM.COMPOUND:9834864,predicate:14,NCBIGene:1137,NCBIGene:51552,predicate:1,NCBIGene:58533,0.0
model_2.pt,PUBCHEM.COMPOUND:44431492,predicate:10,NCBIGene:1815,NCBIGene:51552,predicate:1,NCBIGene:58533,0.0
model_2.pt,CHEBI:191001,predicate:18,NCBIGene:6422,NCBIGene:51552,predicate:1,NCBIGene:58533,0.0
model_2.pt,PUBCHEM.COMPOUND:25015107,predicate:0,NCBIGene:2260,NCBIGene:51552,predicate:1,NCBIGene:58533,0.0
model_2.pt,PUBCHEM.COMPOUND:131757266,predicate:5,NCBIGene:80168,NCBIGene:51552,predicate:1,NCBIGene:58533,0.0
model_2.pt,NCBIGene:23205,predicate:1,NCBIGene:11283,NCBIGene:51552,predicate:1,NCBIGene:58533,11.500166893005371
model_2.pt,NCBIGene:23054,predicate:1,NCBIGene:54617,NCBIGene:51552,predicate:1,NCBIGene:58533,19.465545654296875
model_2.pt,NCBIGene:10008,predicate:3,NCBIGene:4751,NCBIGene:51552,predicate:1,NCBIGene:58533,0.0
model_2.pt,NCBIGene:27183,predicate:1,NCBIGene:4904,NCBIGene:51552,predicate:1,NCBIGene:58533,-28.186763763427734
model_2.pt,NCBIGene:5578,predicate:8,NCBIGene:85377,NCBIGene:51552,predicate:1,NCBIGene:58533,0.0
model_2.pt,NCBIGene:79165,predicate:1,NCBIGene:9704,NCBIGene:51552,predicate:1,NCBIGene:58533,73.66529083251953
model_2.pt,NCBIGene:2170,predicate:9,NCBIGene:8611,NCBIGene:51552,predicate:1,NCBIGene:58533,0.0
model_2.pt,NCBIGene:91748,predicate:1,NCBIGene:59345,NCBIGene:51552,predicate:1,NCBIGene:58533,30.441404342651367
model_2.pt,PUBCHEM.COMPOUND:155512592,predicate:0,NCBIGene:142,NCBIGene:51552,predicate:1,NCBIGene:58533,0.0
model_2.pt,NCBIGene:5663,predicate:7,NCBIGene:7158,NCBIGene:51552,predicate:1,NCBIGene:58533,0.0
model_2.pt,NCBIGene:4140,predicate:21,NCBIGene:7534,NCBIGene:51552,predicate:1,NCBIGene:58533,0.0
model_2.pt,NCBIGene:2475,predicate:1,NCBIGene:23456,NCBIGene:51552,predicate:1,NCBIGene:58533,88.46876525878906
model_2.pt,NCBIGene:3162,predicate:15,MONDO:0000831,NCBIGene:51552,predicate:1,NCBIGene:58533,0.0
model_2.pt,PUBCHEM.COMPOUND:10578760,predicate:0,NCBIGene:29580,NCBIGene:51552,predicate:1,NCBIGene:58533,0.0
model_2.pt,NCBIGene:56893,predicate:9,NCBIGene:7316,NCBIGene:51552,predicate:1,NCBIGene:58533,0.0
model_2.pt,CHEBI:93205,predicate:23,NCBIGene:8743,NCBIGene:51552,predicate:1,NCBIGene:58533,0.0
model_2.pt,NCBIGene:1147,predicate:1,NCBIGene:57162,NCBIGene:51552,predicate:1,NCBIGene:58533,22.624557495117188
model_2.pt,PUBCHEM.COMPOUND:137226420,predicate:0,NCBIGene:760,NCBIGene:51552,predicate:1,NCBIGene:58533,0.0
model_2.pt,MONDO:0010691,predicate:13,HP:0007957,NCBIGene:51552,predicate:1,NCBIGene:58533,0.0
model_2.pt,NCBIGene:51372,predicate:1,NCBIGene:6202,NCBIGene:51552,predicate:1,NCBIGene:58533,40.69206237792969
model_2.pt,NCBIGene:25865,predicate:8,NCBIGene:23212,NCBIGene:51552,predicate:1,NCBIGene:58533,0.0
model_2.pt,PUBCHEM.COMPOUND:122196132,predicate:0,NCBIGene:7941,NCBIGene:51552,predicate:1,NCBIGene:58533,0.0
model_2.pt,NCBIGene:84283,predicate:1,NCBIGene:51458,NCBIGene:51552,predicate:1,NCBIGene:58533,-41.402984619140625
model_2.pt,NCBIGene:84365,predicate:1,NCBIGene:4236,NCBIGene:51552,predicate:1,NCBIGene:58533,54.55587387084961
model_2.pt,CHEBI:8499,predicate:16,MONDO:0001382,NCBIGene:51552,predicate:1,NCBIGene:58533,0.0
model_2.pt,NCBIGene:850551,predicate:3,NCBIGene:856863,NCBIGene:51552,predicate:1,NCBIGene:58533,0.0
model_2.pt,NCBIGene:181271,predicate:3,NCBIGene:190925,NCBIGene:51552,predicate:1,NCBIGene:58533,0.0
model_2.pt,NCBIGene:151056,predicate:4,PUBCHEM.COMPOUND:131761197,NCBIGene:51552,predicate:1,NCBIGene:58533,0.0
model_2.pt,CHEBI:18152,predicate:9,NCBIGene:54498,NCBIGene:51552,predicate:1,NCBIGene:58533,0.0
model_2.pt,NCBIGene:29949,predicate:15,MONDO:0005011,NCBIGene:51552,predicate:1,NCBIGene:58533,0.0
model_2.pt,NCBIGene:173731,predicate:19,CHEBI:31823,NCBIGene:51552,predicate:1,NCBIGene:58533,0.0
model_2.pt,PUBCHEM.COMPOUND:44176335,predicate:0,NCBIGene:331,NCBIGene:51552,predicate:1,NCBIGene:58533,0.0
model_2.pt,PUBCHEM.COMPOUND:49864838,predicate:10,NCBIGene:834,NCBIGene:51552,predicate:1,NCBIGene:58533,0.0
model_2.pt,NCBIGene:10221,predicate:8,NCBIGene:22908,NCBIGene:51552,predicate:1,NCBIGene:58533,0.0
model_2.pt,CHEBI:46345,predicate:7,NCBIGene:6581,NCBIGene:51552,predicate:1,NCBIGene:58533,0.0
model_2.pt,NCBIGene:375035,predicate:3,NCBIGene:80346,NCBIGene:51552,predicate:1,NCBIGene:58533,0.0
model_2.pt,MONDO:0012176,predicate:13,HP:0003028,NCBIGene:64425,predicate:3,NCBIGene:81610,0.0
model_2.pt,CHEBI:6809,predicate:9,NCBIGene:8061,NCBIGene:64425,predicate:3,NCBIGene:81610,0.0
model_2.pt,PUBCHEM.COMPOUND:1113514,predicate:0,NCBIGene:946552,NCBIGene:64425,predicate:3,NCBIGene:81610,0.0
model_2.pt,PUBCHEM.COMPOUND:137636752,predicate:0,NCBIGene:3065,NCBIGene:64425,predicate:3,NCBIGene:81610,0.0
model_2.pt,CHEBI:367163,predicate:16,MONDO:0015691,NCBIGene:64425,predicate:3,NCBIGene:81610,0.0
model_2.pt,PUBCHEM.COMPOUND:130200977,predicate:10,NCBIGene:4988,NCBIGene:64425,predicate:3,NCBIGene:81610,0.0
model_2.pt,NCBIGene:78987,predicate:3,NCBIGene:92255,NCBIGene:64425,predicate:3,NCBIGene:81610,-27.9749698638916
model_2.pt,NCBIGene:6352,predicate:36,NCBIGene:1234,NCBIGene:64425,predicate:3,NCBIGene:81610,0.0
model_2.pt,CHEBI:6443,predicate:7,NCBIGene:8644,NCBIGene:64425,predicate:3,NCBIGene:81610,0.0
model_2.pt,DRUGBANK:DB11158,predicate:12,MONDO:0005147,NCBIGene:64425,predicate:3,NCBIGene:81610,0.0
model_2.pt,CHEBI:5000,predicate:12,MONDO:0001076,NCBIGene:64425,predicate:3,NCBIGene:81610,0.0
model_2.pt,NCBIGene:8089,predicate:3,NCBIGene:26122,NCBIGene:64425,predicate:3,NCBIGene:81610,0.13053131103515625
model_2.pt,NCBIGene:10400,predicate:4,PUBCHEM.COMPOUND:52924335,NCBIGene:64425,predicate:3,NCBIGene:81610,0.0
model_2.pt,NCBIGene:10618,predicate:3,NCBIGene:54887,NCBIGene:64425,predicate:3,NCBIGene:81610,-2.907012939453125
model_2.pt,NCBIGene:3308,predicate:15,MONDO:0005559,NCBIGene:64425,predicate:3,NCBIGene:81610,0.0
model_2.pt,CHEBI:17351,predicate:7,NCBIGene:5315,NCBIGene:64425,predicate:3,NCBIGene:81610,0.0
model_2.pt,CHEMBL.COMPOUND:CHEMBL4747062,predicate:0,NCBIGene:23028,NCBIGene:64425,predicate:3,NCBIGene:81610,0.0
model_2.pt,CHEBI:16842,predicate:9,NCBIGene:3557,NCBIGene:64425,predicate:3,NCBIGene:81610,0.0
model_2.pt,NCBIGene:4616,predicate:1,NCBIGene:2034,NCBIGene:64425,predicate:3,NCBIGene:81610,0.0
model_2.pt,NCBIGene:10201,predicate:1,NCBIGene:6154,NCBIGene:64425,predicate:3,NCBIGene:81610,0.0
model_2.pt,NCBIGene:794,predicate:6,NCBIGene:7135,NCBIGene:64425,predicate:3,NCBIGene:81610,0.0
model_2.pt,NCBIGene:50834,predicate:1,NCBIGene:403277,NCBIGene:64425,predicate:3,NCBIGene:81610,0.0
model_2.pt,CHEBI:3755,predicate:2,MONDO:0007263,NCBIGene:64425,predicate:3,NCBIGene:81610,0.0
model_2.pt,PUBCHEM.COMPOUND:131762323,predicate:5,NCBIGene:5407,NCBIGene:64425,predicate:3,NCBIGene:81610,0.0
model_2.pt,PUBCHEM.COMPOUND:54325967,predicate:0,NCBIGene:5468,NCBIGene:64425,predicate:3,NCBIGene:81610,0.0
model_2.pt,CHEBI:64354,predicate:0,NCBIGene:6559,NCBIGene:64425,predicate:3,NCBIGene:81610,0.0
model_2.pt,CHEBI:44423,predicate:7,NCBIGene:3162,NCBIGene:64425,predicate:3,NCBIGene:81610,0.0
model_2.pt,NCBIGene:113174,predicate:10,NCBIGene:100528017,NCBIGene:64425,predicate:3,NCBIGene:81610,0.0
model_2.pt,NCBIGene:4502,predicate:1,NCBIGene:10912,NCBIGene:64425,predicate:3,NCBIGene:81610,0.0
model_2.pt,NCBIGene:5321,predicate:4,PUBCHEM.COMPOUND:53478731,NCBIGene:64425,predicate:3,NCBIGene:81610,0.0
model_2.pt,CHEBI:3755,predicate:7,NCBIGene:2100,NCBIGene:64425,predicate:3,NCBIGene:81610,0.0
model_2.pt,NCBIGene:51741,predicate:13,HP:0000253,NCBIGene:64425,predicate:3,NCBIGene:81610,0.0
model_2.pt,CHEBI:156122,predicate:5,NCBIGene:23761,NCBIGene:64425,predicate:3,NCBIGene:81610,0.0
model_2.pt,NCBIGene:245865,predicate:3,NCBIGene:194974,NCBIGene:64425,predicate:3,NCBIGene:81610,-47.068328857421875
model_2.pt,PUBCHEM.COMPOUND:127036977,predicate:0,NCBIGene:135,NCBIGene:64425,predicate:3,NCBIGene:81610,0.0
model_2.pt,PUBCHEM.COMPOUND:44433263,predicate:0,NCBIGene:1576,NCBIGene:64425,predicate:3,NCBIGene:81610,0.0
model_2.pt,CHEBI:16469,predicate:7,NCBIGene:10587,NCBIGene:64425,predicate:3,NCBIGene:81610,0.0
model_2.pt,PUBCHEM.COMPOUND:44314087,predicate:0,NCBIGene:4313,NCBIGene:64425,predicate:3,NCBIGene:81610,0.0
model_2.pt,PUBCHEM.COMPOUND:25093440,predicate:0,NCBIGene:1147,NCBIGene:64425,predicate:3,NCBIGene:81610,0.0
model_2.pt,NCBIGene:20962,predicate:3,NCBIGene:219150,NCBIGene:64425,predicate:3,NCBIGene:81610,-35.436546325683594
model_2.pt,NCBIGene:23051,predicate:15,MONDO:0005068,NCBIGene:64425,predicate:3,NCBIGene:81610,0.0
model_2.pt,NCBIGene:10565,predicate:6,NCBIGene:284369,NCBIGene:64425,predicate:3,NCBIGene:81610,0.0
model_2.pt,PUBCHEM.COMPOUND:59268935,predicate:0,NCBIGene:1137,NCBIGene:64425,predicate:3,NCBIGene:81610,0.0
model_2.pt,NCBIGene:5903,predicate:1,NCBIGene:402569,NCBIGene:64425,predicate:3,NCBIGene:81610,0.0
model_2.pt,PUBCHEM.COMPOUND:57395067,predicate:0,NCBIGene:6531,NCBIGene:64425,predicate:3,NCBIGene:81610,0.0
model_2.pt,NCBIGene:852585,predicate:3,NCBIGene:855469,NCBIGene:64425,predicate:3,NCBIGene:81610,-64.82756042480469
model_2.pt,NCBIGene:3976,predicate:9,NCBIGene:2526,NCBIGene:64425,predicate:3,NCBIGene:81610,0.0
model_2.pt,NCBIGene:928,predicate:1,NCBIGene:29952,NCBIGene:64425,predicate:3,NCBIGene:81610,0.0
model_2.pt,MONDO:0013171,predicate:13,MONDO:0001071,NCBIGene:64425,predicate:3,NCBIGene:81610,0.0
model_2.pt,NCBIGene:4634,predicate:1,NCBIGene:6445,NCBIGene:64425,predicate:3,NCBIGene:81610,0.0
model_2.pt,CHEBI:18293,predicate:12,HP:0001945,NCBIGene:64425,predicate:3,NCBIGene:81610,0.0
model_2.pt,UNII:5M691HL4BO,predicate:16,HP:0001288,NCBIGene:64425,predicate:3,NCBIGene:81610,0.0
model_2.pt,MONDO:0011122,predicate:10,NCBIGene:2673,NCBIGene:64425,predicate:3,NCBIGene:81610,0.0
model_2.pt,CHEBI:185383,predicate:5,NCBIGene:9514,NCBIGene:64425,predicate:3,NCBIGene:81610,0.0
model_2.pt,NCBIGene:4763,predicate:13,HP:0002857,NCBIGene:64425,predicate:3,NCBIGene:81610,0.0
model_2.pt,CHEBI:6121,predicate:7,NCBIGene:2335,NCBIGene:64425,predicate:3,NCBIGene:81610,0.0
model_2.pt,NCBIGene:4204,predicate:13,HP:0010864,NCBIGene:64425,predicate:3,NCBIGene:81610,0.0
model_2.pt,PUBCHEM.COMPOUND:5702107,predicate:23,NCBIGene:760,NCBIGene:64425,predicate:3,NCBIGene:81610,0.0
model_2.pt,NCBIGene:22976,predicate:9,NCBIGene:9519,NCBIGene:64425,predicate:3,NCBIGene:81610,0.0
model_2.pt,PUBCHEM.COMPOUND:9834864,predicate:14,NCBIGene:1137,NCBIGene:64425,predicate:3,NCBIGene:81610,0.0
model_2.pt,PUBCHEM.COMPOUND:44431492,predicate:10,NCBIGene:1815,NCBIGene:64425,predicate:3,NCBIGene:81610,0.0
model_2.pt,CHEBI:191001,predicate:18,NCBIGene:6422,NCBIGene:64425,predicate:3,NCBIGene:81610,0.0
model_2.pt,PUBCHEM.COMPOUND:25015107,predicate:0,NCBIGene:2260,NCBIGene:64425,predicate:3,NCBIGene:81610,0.0
model_2.pt,PUBCHEM.COMPOUND:131757266,predicate:5,NCBIGene:80168,NCBIGene:64425,predicate:3,NCBIGene:81610,0.0
model_2.pt,NCBIGene:23205,predicate:1,NCBIGene:11283,NCBIGene:64425,predicate:3,NCBIGene:81610,0.0
model_2.pt,NCBIGene:23054,predicate:1,NCBIGene:54617,NCBIGene:64425,predicate:3,NCBIGene:81610,0.0
model_2.pt,NCBIGene:10008,predicate:3,NCBIGene:4751,NCBIGene:64425,predicate:3,NCBIGene:81610,81.0777359008789
model_2.pt,NCBIGene:27183,predicate:1,NCBIGene:4904,NCBIGene:64425,predicate:3,NCBIGene:81610,0.0
model_2.pt,NCBIGene:5578,predicate:8,NCBIGene:85377,NCBIGene:64425,predicate:3,NCBIGene:81610,0.0
model_2.pt,NCBIGene:79165,predicate:1,NCBIGene:9704,NCBIGene:64425,predicate:3,NCBIGene:81610,0.0
model_2.pt,NCBIGene:2170,predicate:9,NCBIGene:8611,NCBIGene:64425,predicate:3,NCBIGene:81610,0.0
model_2.pt,NCBIGene:91748,predicate:1,NCBIGene:59345,NCBIGene:64425,predicate:3,NCBIGene:81610,0.0
model_2.pt,PUBCHEM.COMPOUND:155512592,predicate:0,NCBIGene:142,NCBIGene:64425,predicate:3,NCBIGene:81610,0.0
model_2.pt,NCBIGene:5663,predicate:7,NCBIGene:7158,NCBIGene:64425,predicate:3,NCBIGene:81610,0.0
model_2.pt,NCBIGene:4140,predicate:21,NCBIGene:7534,NCBIGene:64425,predicate:3,NCBIGene:81610,0.0
model_2.pt,NCBIGene:2475,predicate:1,NCBIGene:23456,NCBIGene:64425,predicate:3,NCBIGene:81610,0.0
model_2.pt,NCBIGene:3162,predicate:15,MONDO:0000831,NCBIGene:64425,predicate:3,NCBIGene:81610,0.0
model_2.pt,PUBCHEM.COMPOUND:10578760,predicate:0,NCBIGene:29580,NCBIGene:64425,predicate:3,NCBIGene:81610,0.0
model_2.pt,NCBIGene:56893,predicate:9,NCBIGene:7316,NCBIGene:64425,predicate:3,NCBIGene:81610,0.0
model_2.pt,CHEBI:93205,predicate:23,NCBIGene:8743,NCBIGene:64425,predicate:3,NCBIGene:81610,0.0
model_2.pt,NCBIGene:1147,predicate:1,NCBIGene:57162,NCBIGene:64425,predicate:3,NCBIGene:81610,0.0
model_2.pt,PUBCHEM.COMPOUND:137226420,predicate:0,NCBIGene:760,NCBIGene:64425,predicate:3,NCBIGene:81610,0.0
model_2.pt,MONDO:0010691,predicate:13,HP:0007957,NCBIGene:64425,predicate:3,NCBIGene:81610,0.0
model_2.pt,NCBIGene:51372,predicate:1,NCBIGene:6202,NCBIGene:64425,predicate:3,NCBIGene:81610,0.0
model_2.pt,NCBIGene:25865,predicate:8,NCBIGene:23212,NCBIGene:64425,predicate:3,NCBIGene:81610,0.0
model_2.pt,PUBCHEM.COMPOUND:122196132,predicate:0,NCBIGene:7941,NCBIGene:64425,predicate:3,NCBIGene:81610,0.0
model_2.pt,NCBIGene:84283,predicate:1,NCBIGene:51458,NCBIGene:64425,predicate:3,NCBIGene:81610,0.0
model_2.pt,NCBIGene:84365,predicate:1,NCBIGene:4236,NCBIGene:64425,predicate:3,NCBIGene:81610,0.0
model_2.pt,CHEBI:8499,predicate:16,MONDO:0001382,NCBIGene:64425,predicate:3,NCBIGene:81610,0.0
model_2.pt,NCBIGene:850551,predicate:3,NCBIGene:856863,NCBIGene:64425,predicate:3,NCBIGene:81610,6.3601226806640625
model_2.pt,NCBIGene:181271,predicate:3,NCBIGene:190925,NCBIGene:64425,predicate:3,NCBIGene:81610,-40.20710754394531
model_2.pt,NCBIGene:151056,predicate:4,PUBCHEM.COMPOUND:131761197,NCBIGene:64425,predicate:3,NCBIGene:81610,0.0
model_2.pt,CHEBI:18152,predicate:9,NCBIGene:54498,NCBIGene:64425,predicate:3,NCBIGene:81610,0.0
model_2.pt,NCBIGene:29949,predicate:15,MONDO:0005011,NCBIGene:64425,predicate:3,NCBIGene:81610,0.0
model_2.pt,NCBIGene:173731,predicate:19,CHEBI:31823,NCBIGene:64425,predicate:3,NCBIGene:81610,0.0
model_2.pt,PUBCHEM.COMPOUND:44176335,predicate:0,NCBIGene:331,NCBIGene:64425,predicate:3,NCBIGene:81610,0.0
model_2.pt,PUBCHEM.COMPOUND:49864838,predicate:10,NCBIGene:834,NCBIGene:64425,predicate:3,NCBIGene:81610,0.0
model_2.pt,NCBIGene:10221,predicate:8,NCBIGene:22908,NCBIGene:64425,predicate:3,NCBIGene:81610,0.0
model_2.pt,CHEBI:46345,predicate:7,NCBIGene:6581,NCBIGene:64425,predicate:3,NCBIGene:81610,0.0
model_2.pt,NCBIGene:375035,predicate:3,NCBIGene:80346,NCBIGene:64425,predicate:3,NCBIGene:81610,-26.647762298583984
model_2.pt,MONDO:0012176,predicate:13,HP:0003028,NCBIGene:1345,predicate:1,NCBIGene:28972,0.0
model_2.pt,CHEBI:6809,predicate:9,NCBIGene:8061,NCBIGene:1345,predicate:1,NCBIGene:28972,0.0
model_2.pt,PUBCHEM.COMPOUND:1113514,predicate:0,NCBIGene:946552,NCBIGene:1345,predicate:1,NCBIGene:28972,0.0
model_2.pt,PUBCHEM.COMPOUND:137636752,predicate:0,NCBIGene:3065,NCBIGene:1345,predicate:1,NCBIGene:28972,0.0
model_2.pt,CHEBI:367163,predicate:16,MONDO:0015691,NCBIGene:1345,predicate:1,NCBIGene:28972,0.0
model_2.pt,PUBCHEM.COMPOUND:130200977,predicate:10,NCBIGene:4988,NCBIGene:1345,predicate:1,NCBIGene:28972,0.0
model_2.pt,NCBIGene:78987,predicate:3,NCBIGene:92255,NCBIGene:1345,predicate:1,NCBIGene:28972,0.0
model_2.pt,NCBIGene:6352,predicate:36,NCBIGene:1234,NCBIGene:1345,predicate:1,NCBIGene:28972,0.0
model_2.pt,CHEBI:6443,predicate:7,NCBIGene:8644,NCBIGene:1345,predicate:1,NCBIGene:28972,0.0
model_2.pt,DRUGBANK:DB11158,predicate:12,MONDO:0005147,NCBIGene:1345,predicate:1,NCBIGene:28972,0.0
model_2.pt,CHEBI:5000,predicate:12,MONDO:0001076,NCBIGene:1345,predicate:1,NCBIGene:28972,0.0
model_2.pt,NCBIGene:8089,predicate:3,NCBIGene:26122,NCBIGene:1345,predicate:1,NCBIGene:28972,0.0
model_2.pt,NCBIGene:10400,predicate:4,PUBCHEM.COMPOUND:52924335,NCBIGene:1345,predicate:1,NCBIGene:28972,0.0
model_2.pt,NCBIGene:10618,predicate:3,NCBIGene:54887,NCBIGene:1345,predicate:1,NCBIGene:28972,0.0
model_2.pt,NCBIGene:3308,predicate:15,MONDO:0005559,NCBIGene:1345,predicate:1,NCBIGene:28972,0.0
model_2.pt,CHEBI:17351,predicate:7,NCBIGene:5315,NCBIGene:1345,predicate:1,NCBIGene:28972,0.0
model_2.pt,CHEMBL.COMPOUND:CHEMBL4747062,predicate:0,NCBIGene:23028,NCBIGene:1345,predicate:1,NCBIGene:28972,0.0
model_2.pt,CHEBI:16842,predicate:9,NCBIGene:3557,NCBIGene:1345,predicate:1,NCBIGene:28972,0.0
model_2.pt,NCBIGene:4616,predicate:1,NCBIGene:2034,NCBIGene:1345,predicate:1,NCBIGene:28972,61.77450180053711
model_2.pt,NCBIGene:10201,predicate:1,NCBIGene:6154,NCBIGene:1345,predicate:1,NCBIGene:28972,-9.777578353881836
model_2.pt,NCBIGene:794,predicate:6,NCBIGene:7135,NCBIGene:1345,predicate:1,NCBIGene:28972,0.0
model_2.pt,NCBIGene:50834,predicate:1,NCBIGene:403277,NCBIGene:1345,predicate:1,NCBIGene:28972,-39.631004333496094
model_2.pt,CHEBI:3755,predicate:2,MONDO:0007263,NCBIGene:1345,predicate:1,NCBIGene:28972,0.0
model_2.pt,PUBCHEM.COMPOUND:131762323,predicate:5,NCBIGene:5407,NCBIGene:1345,predicate:1,NCBIGene:28972,0.0
model_2.pt,PUBCHEM.COMPOUND:54325967,predicate:0,NCBIGene:5468,NCBIGene:1345,predicate:1,NCBIGene:28972,0.0
model_2.pt,CHEBI:64354,predicate:0,NCBIGene:6559,NCBIGene:1345,predicate:1,NCBIGene:28972,0.0
model_2.pt,CHEBI:44423,predicate:7,NCBIGene:3162,NCBIGene:1345,predicate:1,NCBIGene:28972,0.0
model_2.pt,NCBIGene:113174,predicate:10,NCBIGene:100528017,NCBIGene:1345,predicate:1,NCBIGene:28972,0.0
model_2.pt,NCBIGene:4502,predicate:1,NCBIGene:10912,NCBIGene:1345,predicate:1,NCBIGene:28972,12.822921752929688
model_2.pt,NCBIGene:5321,predicate:4,PUBCHEM.COMPOUND:53478731,NCBIGene:1345,predicate:1,NCBIGene:28972,0.0
model_2.pt,CHEBI:3755,predicate:7,NCBIGene:2100,NCBIGene:1345,predicate:1,NCBIGene:28972,0.0
model_2.pt,NCBIGene:51741,predicate:13,HP:0000253,NCBIGene:1345,predicate:1,NCBIGene:28972,0.0
model_2.pt,CHEBI:156122,predicate:5,NCBIGene:23761,NCBIGene:1345,predicate:1,NCBIGene:28972,0.0
model_2.pt,NCBIGene:245865,predicate:3,NCBIGene:194974,NCBIGene:1345,predicate:1,NCBIGene:28972,0.0
model_2.pt,PUBCHEM.COMPOUND:127036977,predicate:0,NCBIGene:135,NCBIGene:1345,predicate:1,NCBIGene:28972,0.0
model_2.pt,PUBCHEM.COMPOUND:44433263,predicate:0,NCBIGene:1576,NCBIGene:1345,predicate:1,NCBIGene:28972,0.0
model_2.pt,CHEBI:16469,predicate:7,NCBIGene:10587,NCBIGene:1345,predicate:1,NCBIGene:28972,0.0
model_2.pt,PUBCHEM.COMPOUND:44314087,predicate:0,NCBIGene:4313,NCBIGene:1345,predicate:1,NCBIGene:28972,0.0
model_2.pt,PUBCHEM.COMPOUND:25093440,predicate:0,NCBIGene:1147,NCBIGene:1345,predicate:1,NCBIGene:28972,0.0
model_2.pt,NCBIGene:20962,predicate:3,NCBIGene:219150,NCBIGene:1345,predicate:1,NCBIGene:28972,0.0
model_2.pt,NCBIGene:23051,predicate:15,MONDO:0005068,NCBIGene:1345,predicate:1,NCBIGene:28972,0.0
model_2.pt,NCBIGene:10565,predicate:6,NCBIGene:284369,NCBIGene:1345,predicate:1,NCBIGene:28972,0.0
model_2.pt,PUBCHEM.COMPOUND:59268935,predicate:0,NCBIGene:1137,NCBIGene:1345,predicate:1,NCBIGene:28972,0.0
model_2.pt,NCBIGene:5903,predicate:1,NCBIGene:402569,NCBIGene:1345,predicate:1,NCBIGene:28972,27.354257583618164
model_2.pt,PUBCHEM.COMPOUND:57395067,predicate:0,NCBIGene:6531,NCBIGene:1345,predicate:1,NCBIGene:28972,0.0
model_2.pt,NCBIGene:852585,predicate:3,NCBIGene:855469,NCBIGene:1345,predicate:1,NCBIGene:28972,0.0
model_2.pt,NCBIGene:3976,predicate:9,NCBIGene:2526,NCBIGene:1345,predicate:1,NCBIGene:28972,0.0
model_2.pt,NCBIGene:928,predicate:1,NCBIGene:29952,NCBIGene:1345,predicate:1,NCBIGene:28972,58.357112884521484
model_2.pt,MONDO:0013171,predicate:13,MONDO:0001071,NCBIGene:1345,predicate:1,NCBIGene:28972,0.0
model_2.pt,NCBIGene:4634,predicate:1,NCBIGene:6445,NCBIGene:1345,predicate:1,NCBIGene:28972,-18.295394897460938
model_2.pt,CHEBI:18293,predicate:12,HP:0001945,NCBIGene:1345,predicate:1,NCBIGene:28972,0.0
model_2.pt,UNII:5M691HL4BO,predicate:16,HP:0001288,NCBIGene:1345,predicate:1,NCBIGene:28972,0.0
model_2.pt,MONDO:0011122,predicate:10,NCBIGene:2673,NCBIGene:1345,predicate:1,NCBIGene:28972,0.0
model_2.pt,CHEBI:185383,predicate:5,NCBIGene:9514,NCBIGene:1345,predicate:1,NCBIGene:28972,0.0
model_2.pt,NCBIGene:4763,predicate:13,HP:0002857,NCBIGene:1345,predicate:1,NCBIGene:28972,0.0
model_2.pt,CHEBI:6121,predicate:7,NCBIGene:2335,NCBIGene:1345,predicate:1,NCBIGene:28972,0.0
model_2.pt,NCBIGene:4204,predicate:13,HP:0010864,NCBIGene:1345,predicate:1,NCBIGene:28972,0.0
model_2.pt,PUBCHEM.COMPOUND:5702107,predicate:23,NCBIGene:760,NCBIGene:1345,predicate:1,NCBIGene:28972,0.0
model_2.pt,NCBIGene:22976,predicate:9,NCBIGene:9519,NCBIGene:1345,predicate:1,NCBIGene:28972,0.0
model_2.pt,PUBCHEM.COMPOUND:9834864,predicate:14,NCBIGene:1137,NCBIGene:1345,predicate:1,NCBIGene:28972,0.0
model_2.pt,PUBCHEM.COMPOUND:44431492,predicate:10,NCBIGene:1815,NCBIGene:1345,predicate:1,NCBIGene:28972,0.0
model_2.pt,CHEBI:191001,predicate:18,NCBIGene:6422,NCBIGene:1345,predicate:1,NCBIGene:28972,0.0
model_2.pt,PUBCHEM.COMPOUND:25015107,predicate:0,NCBIGene:2260,NCBIGene:1345,predicate:1,NCBIGene:28972,0.0
model_2.pt,PUBCHEM.COMPOUND:131757266,predicate:5,NCBIGene:80168,NCBIGene:1345,predicate:1,NCBIGene:28972,0.0
model_2.pt,NCBIGene:23205,predicate:1,NCBIGene:11283,NCBIGene:1345,predicate:1,NCBIGene:28972,55.38744354248047
model_2.pt,NCBIGene:23054,predicate:1,NCBIGene:54617,NCBIGene:1345,predicate:1,NCBIGene:28972,50.7978630065918
model_2.pt,NCBIGene:10008,predicate:3,NCBIGene:4751,NCBIGene:1345,predicate:1,NCBIGene:28972,0.0
model_2.pt,NCBIGene:27183,predicate:1,NCBIGene:4904,NCBIGene:1345,predicate:1,NCBIGene:28972,-10.8729829788208
model_2.pt,NCBIGene:5578,predicate:8,NCBIGene:85377,NCBIGene:1345,predicate:1,NCBIGene:28972,0.0
model_2.pt,NCBIGene:79165,predicate:1,NCBIGene:9704,NCBIGene:1345,predicate:1,NCBIGene:28972,14.921924591064453
model_2.pt,NCBIGene:2170,predicate:9,NCBIGene:8611,NCBIGene:1345,predicate:1,NCBIGene:28972,0.0
model_2.pt,NCBIGene:91748,predicate:1,NCBIGene:59345,NCBIGene:1345,predicate:1,NCBIGene:28972,-97.11368560791016
model_2.pt,PUBCHEM.COMPOUND:155512592,predicate:0,NCBIGene:142,NCBIGene:1345,predicate:1,NCBIGene:28972,0.0
model_2.pt,NCBIGene:5663,predicate:7,NCBIGene:7158,NCBIGene:1345,predicate:1,NCBIGene:28972,0.0
model_2.pt,NCBIGene:4140,predicate:21,NCBIGene:7534,NCBIGene:1345,predicate:1,NCBIGene:28972,0.0
model_2.pt,NCBIGene:2475,predicate:1,NCBIGene:23456,NCBIGene:1345,predicate:1,NCBIGene:28972,-49.29782485961914
model_2.pt,NCBIGene:3162,predicate:15,MONDO:0000831,NCBIGene:1345,predicate:1,NCBIGene:28972,0.0
model_2.pt,PUBCHEM.COMPOUND:10578760,predicate:0,NCBIGene:29580,NCBIGene:1345,predicate:1,NCBIGene:28972,0.0
model_2.pt,NCBIGene:56893,predicate:9,NCBIGene:7316,NCBIGene:1345,predicate:1,NCBIGene:28972,0.0
model_2.pt,CHEBI:93205,predicate:23,NCBIGene:8743,NCBIGene:1345,predicate:1,NCBIGene:28972,0.0
model_2.pt,NCBIGene:1147,predicate:1,NCBIGene:57162,NCBIGene:1345,predicate:1,NCBIGene:28972,-0.6701908111572266
model_2.pt,PUBCHEM.COMPOUND:137226420,predicate:0,NCBIGene:760,NCBIGene:1345,predicate:1,NCBIGene:28972,0.0
model_2.pt,MONDO:0010691,predicate:13,HP:0007957,NCBIGene:1345,predicate:1,NCBIGene:28972,0.0
model_2.pt,NCBIGene:51372,predicate:1,NCBIGene:6202,NCBIGene:1345,predicate:1,NCBIGene:28972,58.42316436767578
model_2.pt,NCBIGene:25865,predicate:8,NCBIGene:23212,NCBIGene:1345,predicate:1,NCBIGene:28972,0.0
model_2.pt,PUBCHEM.COMPOUND:122196132,predicate:0,NCBIGene:7941,NCBIGene:1345,predicate:1,NCBIGene:28972,0.0
model_2.pt,NCBIGene:84283,predicate:1,NCBIGene:51458,NCBIGene:1345,predicate:1,NCBIGene:28972,16.420276641845703
model_2.pt,NCBIGene:84365,predicate:1,NCBIGene:4236,NCBIGene:1345,predicate:1,NCBIGene:28972,-42.006439208984375
model_2.pt,CHEBI:8499,predicate:16,MONDO:0001382,NCBIGene:1345,predicate:1,NCBIGene:28972,0.0
model_2.pt,NCBIGene:850551,predicate:3,NCBIGene:856863,NCBIGene:1345,predicate:1,NCBIGene:28972,0.0
model_2.pt,NCBIGene:181271,predicate:3,NCBIGene:190925,NCBIGene:1345,predicate:1,NCBIGene:28972,0.0
model_2.pt,NCBIGene:151056,predicate:4,PUBCHEM.COMPOUND:131761197,NCBIGene:1345,predicate:1,NCBIGene:28972,0.0
model_2.pt,CHEBI:18152,predicate:9,NCBIGene:54498,NCBIGene:1345,predicate:1,NCBIGene:28972,0.0
model_2.pt,NCBIGene:29949,predicate:15,MONDO:0005011,NCBIGene:1345,predicate:1,NCBIGene:28972,0.0
model_2.pt,NCBIGene:173731,predicate:19,CHEBI:31823,NCBIGene:1345,predicate:1,NCBIGene:28972,0.0
model_2.pt,PUBCHEM.COMPOUND:44176335,predicate:0,NCBIGene:331,NCBIGene:1345,predicate:1,NCBIGene:28972,0.0
model_2.pt,PUBCHEM.COMPOUND:49864838,predicate:10,NCBIGene:834,NCBIGene:1345,predicate:1,NCBIGene:28972,0.0
model_2.pt,NCBIGene:10221,predicate:8,NCBIGene:22908,NCBIGene:1345,predicate:1,NCBIGene:28972,0.0
model_2.pt,CHEBI:46345,predicate:7,NCBIGene:6581,NCBIGene:1345,predicate:1,NCBIGene:28972,0.0
model_2.pt,NCBIGene:375035,predicate:3,NCBIGene:80346,NCBIGene:1345,predicate:1,NCBIGene:28972,0.0
model_2.pt,MONDO:0012176,predicate:13,HP:0003028,NCBIGene:38726,predicate:37,CHEBI:5063,0.0
model_2.pt,CHEBI:6809,predicate:9,NCBIGene:8061,NCBIGene:38726,predicate:37,CHEBI:5063,0.0
model_2.pt,PUBCHEM.COMPOUND:1113514,predicate:0,NCBIGene:946552,NCBIGene:38726,predicate:37,CHEBI:5063,0.0
model_2.pt,PUBCHEM.COMPOUND:137636752,predicate:0,NCBIGene:3065,NCBIGene:38726,predicate:37,CHEBI:5063,0.0
model_2.pt,CHEBI:367163,predicate:16,MONDO:0015691,NCBIGene:38726,predicate:37,CHEBI:5063,0.0
model_2.pt,PUBCHEM.COMPOUND:130200977,predicate:10,NCBIGene:4988,NCBIGene:38726,predicate:37,CHEBI:5063,0.0
model_2.pt,NCBIGene:78987,predicate:3,NCBIGene:92255,NCBIGene:38726,predicate:37,CHEBI:5063,0.0
model_2.pt,NCBIGene:6352,predicate:36,NCBIGene:1234,NCBIGene:38726,predicate:37,CHEBI:5063,0.0
model_2.pt,CHEBI:6443,predicate:7,NCBIGene:8644,NCBIGene:38726,predicate:37,CHEBI:5063,0.0
model_2.pt,DRUGBANK:DB11158,predicate:12,MONDO:0005147,NCBIGene:38726,predicate:37,CHEBI:5063,0.0
model_2.pt,CHEBI:5000,predicate:12,MONDO:0001076,NCBIGene:38726,predicate:37,CHEBI:5063,0.0
model_2.pt,NCBIGene:8089,predicate:3,NCBIGene:26122,NCBIGene:38726,predicate:37,CHEBI:5063,0.0
model_2.pt,NCBIGene:10400,predicate:4,PUBCHEM.COMPOUND:52924335,NCBIGene:38726,predicate:37,CHEBI:5063,0.0
model_2.pt,NCBIGene:10618,predicate:3,NCBIGene:54887,NCBIGene:38726,predicate:37,CHEBI:5063,0.0
model_2.pt,NCBIGene:3308,predicate:15,MONDO:0005559,NCBIGene:38726,predicate:37,CHEBI:5063,0.0
model_2.pt,CHEBI:17351,predicate:7,NCBIGene:5315,NCBIGene:38726,predicate:37,CHEBI:5063,0.0
model_2.pt,CHEMBL.COMPOUND:CHEMBL4747062,predicate:0,NCBIGene:23028,NCBIGene:38726,predicate:37,CHEBI:5063,0.0
model_2.pt,CHEBI:16842,predicate:9,NCBIGene:3557,NCBIGene:38726,predicate:37,CHEBI:5063,0.0
model_2.pt,NCBIGene:4616,predicate:1,NCBIGene:2034,NCBIGene:38726,predicate:37,CHEBI:5063,0.0
model_2.pt,NCBIGene:10201,predicate:1,NCBIGene:6154,NCBIGene:38726,predicate:37,CHEBI:5063,0.0
model_2.pt,NCBIGene:794,predicate:6,NCBIGene:7135,NCBIGene:38726,predicate:37,CHEBI:5063,0.0
model_2.pt,NCBIGene:50834,predicate:1,NCBIGene:403277,NCBIGene:38726,predicate:37,CHEBI:5063,0.0
model_2.pt,CHEBI:3755,predicate:2,MONDO:0007263,NCBIGene:38726,predicate:37,CHEBI:5063,0.0
model_2.pt,PUBCHEM.COMPOUND:131762323,predicate:5,NCBIGene:5407,NCBIGene:38726,predicate:37,CHEBI:5063,0.0
model_2.pt,PUBCHEM.COMPOUND:54325967,predicate:0,NCBIGene:5468,NCBIGene:38726,predicate:37,CHEBI:5063,0.0
model_2.pt,CHEBI:64354,predicate:0,NCBIGene:6559,NCBIGene:38726,predicate:37,CHEBI:5063,0.0
model_2.pt,CHEBI:44423,predicate:7,NCBIGene:3162,NCBIGene:38726,predicate:37,CHEBI:5063,0.0
model_2.pt,NCBIGene:113174,predicate:10,NCBIGene:100528017,NCBIGene:38726,predicate:37,CHEBI:5063,0.0
model_2.pt,NCBIGene:4502,predicate:1,NCBIGene:10912,NCBIGene:38726,predicate:37,CHEBI:5063,0.0
model_2.pt,NCBIGene:5321,predicate:4,PUBCHEM.COMPOUND:53478731,NCBIGene:38726,predicate:37,CHEBI:5063,0.0
model_2.pt,CHEBI:3755,predicate:7,NCBIGene:2100,NCBIGene:38726,predicate:37,CHEBI:5063,0.0
model_2.pt,NCBIGene:51741,predicate:13,HP:0000253,NCBIGene:38726,predicate:37,CHEBI:5063,0.0
model_2.pt,CHEBI:156122,predicate:5,NCBIGene:23761,NCBIGene:38726,predicate:37,CHEBI:5063,0.0
model_2.pt,NCBIGene:245865,predicate:3,NCBIGene:194974,NCBIGene:38726,predicate:37,CHEBI:5063,0.0
model_2.pt,PUBCHEM.COMPOUND:127036977,predicate:0,NCBIGene:135,NCBIGene:38726,predicate:37,CHEBI:5063,0.0
model_2.pt,PUBCHEM.COMPOUND:44433263,predicate:0,NCBIGene:1576,NCBIGene:38726,predicate:37,CHEBI:5063,0.0
model_2.pt,CHEBI:16469,predicate:7,NCBIGene:10587,NCBIGene:38726,predicate:37,CHEBI:5063,0.0
model_2.pt,PUBCHEM.COMPOUND:44314087,predicate:0,NCBIGene:4313,NCBIGene:38726,predicate:37,CHEBI:5063,0.0
model_2.pt,PUBCHEM.COMPOUND:25093440,predicate:0,NCBIGene:1147,NCBIGene:38726,predicate:37,CHEBI:5063,0.0
model_2.pt,NCBIGene:20962,predicate:3,NCBIGene:219150,NCBIGene:38726,predicate:37,CHEBI:5063,0.0
model_2.pt,NCBIGene:23051,predicate:15,MONDO:0005068,NCBIGene:38726,predicate:37,CHEBI:5063,0.0
model_2.pt,NCBIGene:10565,predicate:6,NCBIGene:284369,NCBIGene:38726,predicate:37,CHEBI:5063,0.0
model_2.pt,PUBCHEM.COMPOUND:59268935,predicate:0,NCBIGene:1137,NCBIGene:38726,predicate:37,CHEBI:5063,0.0
model_2.pt,NCBIGene:5903,predicate:1,NCBIGene:402569,NCBIGene:38726,predicate:37,CHEBI:5063,0.0
model_2.pt,PUBCHEM.COMPOUND:57395067,predicate:0,NCBIGene:6531,NCBIGene:38726,predicate:37,CHEBI:5063,0.0
model_2.pt,NCBIGene:852585,predicate:3,NCBIGene:855469,NCBIGene:38726,predicate:37,CHEBI:5063,0.0
model_2.pt,NCBIGene:3976,predicate:9,NCBIGene:2526,NCBIGene:38726,predicate:37,CHEBI:5063,0.0
model_2.pt,NCBIGene:928,predicate:1,NCBIGene:29952,NCBIGene:38726,predicate:37,CHEBI:5063,0.0
model_2.pt,MONDO:0013171,predicate:13,MONDO:0001071,NCBIGene:38726,predicate:37,CHEBI:5063,0.0
model_2.pt,NCBIGene:4634,predicate:1,NCBIGene:6445,NCBIGene:38726,predicate:37,CHEBI:5063,0.0
model_2.pt,CHEBI:18293,predicate:12,HP:0001945,NCBIGene:38726,predicate:37,CHEBI:5063,0.0
model_2.pt,UNII:5M691HL4BO,predicate:16,HP:0001288,NCBIGene:38726,predicate:37,CHEBI:5063,0.0
model_2.pt,MONDO:0011122,predicate:10,NCBIGene:2673,NCBIGene:38726,predicate:37,CHEBI:5063,0.0
model_2.pt,CHEBI:185383,predicate:5,NCBIGene:9514,NCBIGene:38726,predicate:37,CHEBI:5063,0.0
model_2.pt,NCBIGene:4763,predicate:13,HP:0002857,NCBIGene:38726,predicate:37,CHEBI:5063,0.0
model_2.pt,CHEBI:6121,predicate:7,NCBIGene:2335,NCBIGene:38726,predicate:37,CHEBI:5063,0.0
model_2.pt,NCBIGene:4204,predicate:13,HP:0010864,NCBIGene:38726,predicate:37,CHEBI:5063,0.0
model_2.pt,PUBCHEM.COMPOUND:5702107,predicate:23,NCBIGene:760,NCBIGene:38726,predicate:37,CHEBI:5063,0.0
model_2.pt,NCBIGene:22976,predicate:9,NCBIGene:9519,NCBIGene:38726,predicate:37,CHEBI:5063,0.0
model_2.pt,PUBCHEM.COMPOUND:9834864,predicate:14,NCBIGene:1137,NCBIGene:38726,predicate:37,CHEBI:5063,0.0
model_2.pt,PUBCHEM.COMPOUND:44431492,predicate:10,NCBIGene:1815,NCBIGene:38726,predicate:37,CHEBI:5063,0.0
model_2.pt,CHEBI:191001,predicate:18,NCBIGene:6422,NCBIGene:38726,predicate:37,CHEBI:5063,0.0
model_2.pt,PUBCHEM.COMPOUND:25015107,predicate:0,NCBIGene:2260,NCBIGene:38726,predicate:37,CHEBI:5063,0.0
model_2.pt,PUBCHEM.COMPOUND:131757266,predicate:5,NCBIGene:80168,NCBIGene:38726,predicate:37,CHEBI:5063,0.0
model_2.pt,NCBIGene:23205,predicate:1,NCBIGene:11283,NCBIGene:38726,predicate:37,CHEBI:5063,0.0
model_2.pt,NCBIGene:23054,predicate:1,NCBIGene:54617,NCBIGene:38726,predicate:37,CHEBI:5063,0.0
model_2.pt,NCBIGene:10008,predicate:3,NCBIGene:4751,NCBIGene:38726,predicate:37,CHEBI:5063,0.0
model_2.pt,NCBIGene:27183,predicate:1,NCBIGene:4904,NCBIGene:38726,predicate:37,CHEBI:5063,0.0
model_2.pt,NCBIGene:5578,predicate:8,NCBIGene:85377,NCBIGene:38726,predicate:37,CHEBI:5063,0.0
model_2.pt,NCBIGene:79165,predicate:1,NCBIGene:9704,NCBIGene:38726,predicate:37,CHEBI:5063,0.0
model_2.pt,NCBIGene:2170,predicate:9,NCBIGene:8611,NCBIGene:38726,predicate:37,CHEBI:5063,0.0
model_2.pt,NCBIGene:91748,predicate:1,NCBIGene:59345,NCBIGene:38726,predicate:37,CHEBI:5063,0.0
model_2.pt,PUBCHEM.COMPOUND:155512592,predicate:0,NCBIGene:142,NCBIGene:38726,predicate:37,CHEBI:5063,0.0
model_2.pt,NCBIGene:5663,predicate:7,NCBIGene:7158,NCBIGene:38726,predicate:37,CHEBI:5063,0.0
model_2.pt,NCBIGene:4140,predicate:21,NCBIGene:7534,NCBIGene:38726,predicate:37,CHEBI:5063,0.0
model_2.pt,NCBIGene:2475,predicate:1,NCBIGene:23456,NCBIGene:38726,predicate:37,CHEBI:5063,0.0
model_2.pt,NCBIGene:3162,predicate:15,MONDO:0000831,NCBIGene:38726,predicate:37,CHEBI:5063,0.0
model_2.pt,PUBCHEM.COMPOUND:10578760,predicate:0,NCBIGene:29580,NCBIGene:38726,predicate:37,CHEBI:5063,0.0
model_2.pt,NCBIGene:56893,predicate:9,NCBIGene:7316,NCBIGene:38726,predicate:37,CHEBI:5063,0.0
model_2.pt,CHEBI:93205,predicate:23,NCBIGene:8743,NCBIGene:38726,predicate:37,CHEBI:5063,0.0
model_2.pt,NCBIGene:1147,predicate:1,NCBIGene:57162,NCBIGene:38726,predicate:37,CHEBI:5063,0.0
model_2.pt,PUBCHEM.COMPOUND:137226420,predicate:0,NCBIGene:760,NCBIGene:38726,predicate:37,CHEBI:5063,0.0
model_2.pt,MONDO:0010691,predicate:13,HP:0007957,NCBIGene:38726,predicate:37,CHEBI:5063,0.0
model_2.pt,NCBIGene:51372,predicate:1,NCBIGene:6202,NCBIGene:38726,predicate:37,CHEBI:5063,0.0
model_2.pt,NCBIGene:25865,predicate:8,NCBIGene:23212,NCBIGene:38726,predicate:37,CHEBI:5063,0.0
model_2.pt,PUBCHEM.COMPOUND:122196132,predicate:0,NCBIGene:7941,NCBIGene:38726,predicate:37,CHEBI:5063,0.0
model_2.pt,NCBIGene:84283,predicate:1,NCBIGene:51458,NCBIGene:38726,predicate:37,CHEBI:5063,0.0
model_2.pt,NCBIGene:84365,predicate:1,NCBIGene:4236,NCBIGene:38726,predicate:37,CHEBI:5063,0.0
model_2.pt,CHEBI:8499,predicate:16,MONDO:0001382,NCBIGene:38726,predicate:37,CHEBI:5063,0.0
model_2.pt,NCBIGene:850551,predicate:3,NCBIGene:856863,NCBIGene:38726,predicate:37,CHEBI:5063,0.0
model_2.pt,NCBIGene:181271,predicate:3,NCBIGene:190925,NCBIGene:38726,predicate:37,CHEBI:5063,0.0
model_2.pt,NCBIGene:151056,predicate:4,PUBCHEM.COMPOUND:131761197,NCBIGene:38726,predicate:37,CHEBI:5063,0.0
model_2.pt,CHEBI:18152,predicate:9,NCBIGene:54498,NCBIGene:38726,predicate:37,CHEBI:5063,0.0
model_2.pt,NCBIGene:29949,predicate:15,MONDO:0005011,NCBIGene:38726,predicate:37,CHEBI:5063,0.0
model_2.pt,NCBIGene:173731,predicate:19,CHEBI:31823,NCBIGene:38726,predicate:37,CHEBI:5063,0.0
model_2.pt,PUBCHEM.COMPOUND:44176335,predicate:0,NCBIGene:331,NCBIGene:38726,predicate:37,CHEBI:5063,0.0
model_2.pt,PUBCHEM.COMPOUND:49864838,predicate:10,NCBIGene:834,NCBIGene:38726,predicate:37,CHEBI:5063,0.0
model_2.pt,NCBIGene:10221,predicate:8,NCBIGene:22908,NCBIGene:38726,predicate:37,CHEBI:5063,0.0
model_2.pt,CHEBI:46345,predicate:7,NCBIGene:6581,NCBIGene:38726,predicate:37,CHEBI:5063,0.0
model_2.pt,NCBIGene:375035,predicate:3,NCBIGene:80346,NCBIGene:38726,predicate:37,CHEBI:5063,0.0
model_2.pt,MONDO:0012176,predicate:13,HP:0003028,CHEBI:16714,predicate:11,UMLS:C0233472,0.0
model_2.pt,CHEBI:6809,predicate:9,NCBIGene:8061,CHEBI:16714,predicate:11,UMLS:C0233472,0.0
model_2.pt,PUBCHEM.COMPOUND:1113514,predicate:0,NCBIGene:946552,CHEBI:16714,predicate:11,UMLS:C0233472,0.0
model_2.pt,PUBCHEM.COMPOUND:137636752,predicate:0,NCBIGene:3065,CHEBI:16714,predicate:11,UMLS:C0233472,0.0
model_2.pt,CHEBI:367163,predicate:16,MONDO:0015691,CHEBI:16714,predicate:11,UMLS:C0233472,0.0
model_2.pt,PUBCHEM.COMPOUND:130200977,predicate:10,NCBIGene:4988,CHEBI:16714,predicate:11,UMLS:C0233472,0.0
model_2.pt,NCBIGene:78987,predicate:3,NCBIGene:92255,CHEBI:16714,predicate:11,UMLS:C0233472,0.0
model_2.pt,NCBIGene:6352,predicate:36,NCBIGene:1234,CHEBI:16714,predicate:11,UMLS:C0233472,0.0
model_2.pt,CHEBI:6443,predicate:7,NCBIGene:8644,CHEBI:16714,predicate:11,UMLS:C0233472,0.0
model_2.pt,DRUGBANK:DB11158,predicate:12,MONDO:0005147,CHEBI:16714,predicate:11,UMLS:C0233472,0.0
model_2.pt,CHEBI:5000,predicate:12,MONDO:0001076,CHEBI:16714,predicate:11,UMLS:C0233472,0.0
model_2.pt,NCBIGene:8089,predicate:3,NCBIGene:26122,CHEBI:16714,predicate:11,UMLS:C0233472,0.0
model_2.pt,NCBIGene:10400,predicate:4,PUBCHEM.COMPOUND:52924335,CHEBI:16714,predicate:11,UMLS:C0233472,0.0
model_2.pt,NCBIGene:10618,predicate:3,NCBIGene:54887,CHEBI:16714,predicate:11,UMLS:C0233472,0.0
model_2.pt,NCBIGene:3308,predicate:15,MONDO:0005559,CHEBI:16714,predicate:11,UMLS:C0233472,0.0
model_2.pt,CHEBI:17351,predicate:7,NCBIGene:5315,CHEBI:16714,predicate:11,UMLS:C0233472,0.0
model_2.pt,CHEMBL.COMPOUND:CHEMBL4747062,predicate:0,NCBIGene:23028,CHEBI:16714,predicate:11,UMLS:C0233472,0.0
model_2.pt,CHEBI:16842,predicate:9,NCBIGene:3557,CHEBI:16714,predicate:11,UMLS:C0233472,0.0
model_2.pt,NCBIGene:4616,predicate:1,NCBIGene:2034,CHEBI:16714,predicate:11,UMLS:C0233472,0.0
model_2.pt,NCBIGene:10201,predicate:1,NCBIGene:6154,CHEBI:16714,predicate:11,UMLS:C0233472,0.0
model_2.pt,NCBIGene:794,predicate:6,NCBIGene:7135,CHEBI:16714,predicate:11,UMLS:C0233472,0.0
model_2.pt,NCBIGene:50834,predicate:1,NCBIGene:403277,CHEBI:16714,predicate:11,UMLS:C0233472,0.0
model_2.pt,CHEBI:3755,predicate:2,MONDO:0007263,CHEBI:16714,predicate:11,UMLS:C0233472,0.0
model_2.pt,PUBCHEM.COMPOUND:131762323,predicate:5,NCBIGene:5407,CHEBI:16714,predicate:11,UMLS:C0233472,0.0
model_2.pt,PUBCHEM.COMPOUND:54325967,predicate:0,NCBIGene:5468,CHEBI:16714,predicate:11,UMLS:C0233472,0.0
model_2.pt,CHEBI:64354,predicate:0,NCBIGene:6559,CHEBI:16714,predicate:11,UMLS:C0233472,0.0
model_2.pt,CHEBI:44423,predicate:7,NCBIGene:3162,CHEBI:16714,predicate:11,UMLS:C0233472,0.0
model_2.pt,NCBIGene:113174,predicate:10,NCBIGene:100528017,CHEBI:16714,predicate:11,UMLS:C0233472,0.0
model_2.pt,NCBIGene:4502,predicate:1,NCBIGene:10912,CHEBI:16714,predicate:11,UMLS:C0233472,0.0
model_2.pt,NCBIGene:5321,predicate:4,PUBCHEM.COMPOUND:53478731,CHEBI:16714,predicate:11,UMLS:C0233472,0.0
model_2.pt,CHEBI:3755,predicate:7,NCBIGene:2100,CHEBI:16714,predicate:11,UMLS:C0233472,0.0
model_2.pt,NCBIGene:51741,predicate:13,HP:0000253,CHEBI:16714,predicate:11,UMLS:C0233472,0.0
model_2.pt,CHEBI:156122,predicate:5,NCBIGene:23761,CHEBI:16714,predicate:11,UMLS:C0233472,0.0
model_2.pt,NCBIGene:245865,predicate:3,NCBIGene:194974,CHEBI:16714,predicate:11,UMLS:C0233472,0.0
model_2.pt,PUBCHEM.COMPOUND:127036977,predicate:0,NCBIGene:135,CHEBI:16714,predicate:11,UMLS:C0233472,0.0
model_2.pt,PUBCHEM.COMPOUND:44433263,predicate:0,NCBIGene:1576,CHEBI:16714,predicate:11,UMLS:C0233472,0.0
model_2.pt,CHEBI:16469,predicate:7,NCBIGene:10587,CHEBI:16714,predicate:11,UMLS:C0233472,0.0
model_2.pt,PUBCHEM.COMPOUND:44314087,predicate:0,NCBIGene:4313,CHEBI:16714,predicate:11,UMLS:C0233472,0.0
model_2.pt,PUBCHEM.COMPOUND:25093440,predicate:0,NCBIGene:1147,CHEBI:16714,predicate:11,UMLS:C0233472,0.0
model_2.pt,NCBIGene:20962,predicate:3,NCBIGene:219150,CHEBI:16714,predicate:11,UMLS:C0233472,0.0
model_2.pt,NCBIGene:23051,predicate:15,MONDO:0005068,CHEBI:16714,predicate:11,UMLS:C0233472,0.0
model_2.pt,NCBIGene:10565,predicate:6,NCBIGene:284369,CHEBI:16714,predicate:11,UMLS:C0233472,0.0
model_2.pt,PUBCHEM.COMPOUND:59268935,predicate:0,NCBIGene:1137,CHEBI:16714,predicate:11,UMLS:C0233472,0.0
model_2.pt,NCBIGene:5903,predicate:1,NCBIGene:402569,CHEBI:16714,predicate:11,UMLS:C0233472,0.0
model_2.pt,PUBCHEM.COMPOUND:57395067,predicate:0,NCBIGene:6531,CHEBI:16714,predicate:11,UMLS:C0233472,0.0
model_2.pt,NCBIGene:852585,predicate:3,NCBIGene:855469,CHEBI:16714,predicate:11,UMLS:C0233472,0.0
model_2.pt,NCBIGene:3976,predicate:9,NCBIGene:2526,CHEBI:16714,predicate:11,UMLS:C0233472,0.0
model_2.pt,NCBIGene:928,predicate:1,NCBIGene:29952,CHEBI:16714,predicate:11,UMLS:C0233472,0.0
model_2.pt,MONDO:0013171,predicate:13,MONDO:0001071,CHEBI:16714,predicate:11,UMLS:C0233472,0.0
model_2.pt,NCBIGene:4634,predicate:1,NCBIGene:6445,CHEBI:16714,predicate:11,UMLS:C0233472,0.0
model_2.pt,CHEBI:18293,predicate:12,HP:0001945,CHEBI:16714,predicate:11,UMLS:C0233472,0.0
model_2.pt,UNII:5M691HL4BO,predicate:16,HP:0001288,CHEBI:16714,predicate:11,UMLS:C0233472,0.0
model_2.pt,MONDO:0011122,predicate:10,NCBIGene:2673,CHEBI:16714,predicate:11,UMLS:C0233472,0.0
model_2.pt,CHEBI:185383,predicate:5,NCBIGene:9514,CHEBI:16714,predicate:11,UMLS:C0233472,0.0
model_2.pt,NCBIGene:4763,predicate:13,HP:0002857,CHEBI:16714,predicate:11,UMLS:C0233472,0.0
model_2.pt,CHEBI:6121,predicate:7,NCBIGene:2335,CHEBI:16714,predicate:11,UMLS:C0233472,0.0
model_2.pt,NCBIGene:4204,predicate:13,HP:0010864,CHEBI:16714,predicate:11,UMLS:C0233472,0.0
model_2.pt,PUBCHEM.COMPOUND:5702107,predicate:23,NCBIGene:760,CHEBI:16714,predicate:11,UMLS:C0233472,0.0
model_2.pt,NCBIGene:22976,predicate:9,NCBIGene:9519,CHEBI:16714,predicate:11,UMLS:C0233472,0.0
model_2.pt,PUBCHEM.COMPOUND:9834864,predicate:14,NCBIGene:1137,CHEBI:16714,predicate:11,UMLS:C0233472,0.0
model_2.pt,PUBCHEM.COMPOUND:44431492,predicate:10,NCBIGene:1815,CHEBI:16714,predicate:11,UMLS:C0233472,0.0
model_2.pt,CHEBI:191001,predicate:18,NCBIGene:6422,CHEBI:16714,predicate:11,UMLS:C0233472,0.0
model_2.pt,PUBCHEM.COMPOUND:25015107,predicate:0,NCBIGene:2260,CHEBI:16714,predicate:11,UMLS:C0233472,0.0
model_2.pt,PUBCHEM.COMPOUND:131757266,predicate:5,NCBIGene:80168,CHEBI:16714,predicate:11,UMLS:C0233472,0.0
model_2.pt,NCBIGene:23205,predicate:1,NCBIGene:11283,CHEBI:16714,predicate:11,UMLS:C0233472,0.0
model_2.pt,NCBIGene:23054,predicate:1,NCBIGene:54617,CHEBI:16714,predicate:11,UMLS:C0233472,0.0
model_2.pt,NCBIGene:10008,predicate:3,NCBIGene:4751,CHEBI:16714,predicate:11,UMLS:C0233472,0.0
model_2.pt,NCBIGene:27183,predicate:1,NCBIGene:4904,CHEBI:16714,predicate:11,UMLS:C0233472,0.0
model_2.pt,NCBIGene:5578,predicate:8,NCBIGene:85377,CHEBI:16714,predicate:11,UMLS:C0233472,0.0
model_2.pt,NCBIGene:79165,predicate:1,NCBIGene:9704,CHEBI:16714,predicate:11,UMLS:C0233472,0.0
model_2.pt,NCBIGene:2170,predicate:9,NCBIGene:8611,CHEBI:16714,predicate:11,UMLS:C0233472,0.0
model_2.pt,NCBIGene:91748,predicate:1,NCBIGene:59345,CHEBI:16714,predicate:11,UMLS:C0233472,0.0
model_2.pt,PUBCHEM.COMPOUND:155512592,predicate:0,NCBIGene:142,CHEBI:16714,predicate:11,UMLS:C0233472,0.0
model_2.pt,NCBIGene:5663,predicate:7,NCBIGene:7158,CHEBI:16714,predicate:11,UMLS:C0233472,0.0
model_2.pt,NCBIGene:4140,predicate:21,NCBIGene:7534,CHEBI:16714,predicate:11,UMLS:C0233472,0.0
model_2.pt,NCBIGene:2475,predicate:1,NCBIGene:23456,CHEBI:16714,predicate:11,UMLS:C0233472,0.0
model_2.pt,NCBIGene:3162,predicate:15,MONDO:0000831,CHEBI:16714,predicate:11,UMLS:C0233472,0.0
model_2.pt,PUBCHEM.COMPOUND:10578760,predicate:0,NCBIGene:29580,CHEBI:16714,predicate:11,UMLS:C0233472,0.0
model_2.pt,NCBIGene:56893,predicate:9,NCBIGene:7316,CHEBI:16714,predicate:11,UMLS:C0233472,0.0
model_2.pt,CHEBI:93205,predicate:23,NCBIGene:8743,CHEBI:16714,predicate:11,UMLS:C0233472,0.0
model_2.pt,NCBIGene:1147,predicate:1,NCBIGene:57162,CHEBI:16714,predicate:11,UMLS:C0233472,0.0
model_2.pt,PUBCHEM.COMPOUND:137226420,predicate:0,NCBIGene:760,CHEBI:16714,predicate:11,UMLS:C0233472,0.0
model_2.pt,MONDO:0010691,predicate:13,HP:0007957,CHEBI:16714,predicate:11,UMLS:C0233472,0.0
model_2.pt,NCBIGene:51372,predicate:1,NCBIGene:6202,CHEBI:16714,predicate:11,UMLS:C0233472,0.0
model_2.pt,NCBIGene:25865,predicate:8,NCBIGene:23212,CHEBI:16714,predicate:11,UMLS:C0233472,0.0
model_2.pt,PUBCHEM.COMPOUND:122196132,predicate:0,NCBIGene:7941,CHEBI:16714,predicate:11,UMLS:C0233472,0.0
model_2.pt,NCBIGene:84283,predicate:1,NCBIGene:51458,CHEBI:16714,predicate:11,UMLS:C0233472,0.0
model_2.pt,NCBIGene:84365,predicate:1,NCBIGene:4236,CHEBI:16714,predicate:11,UMLS:C0233472,0.0
model_2.pt,CHEBI:8499,predicate:16,MONDO:0001382,CHEBI:16714,predicate:11,UMLS:C0233472,0.0
model_2.pt,NCBIGene:850551,predicate:3,NCBIGene:856863,CHEBI:16714,predicate:11,UMLS:C0233472,0.0
model_2.pt,NCBIGene:181271,predicate:3,NCBIGene:190925,CHEBI:16714,predicate:11,UMLS:C0233472,0.0
model_2.pt,NCBIGene:151056,predicate:4,PUBCHEM.COMPOUND:131761197,CHEBI:16714,predicate:11,UMLS:C0233472,0.0
model_2.pt,CHEBI:18152,predicate:9,NCBIGene:54498,CHEBI:16714,predicate:11,UMLS:C0233472,0.0
model_2.pt,NCBIGene:29949,predicate:15,MONDO:0005011,CHEBI:16714,predicate:11,UMLS:C0233472,0.0
model_2.pt,NCBIGene:173731,predicate:19,CHEBI:31823,CHEBI:16714,predicate:11,UMLS:C0233472,0.0
model_2.pt,PUBCHEM.COMPOUND:44176335,predicate:0,NCBIGene:331,CHEBI:16714,predicate:11,UMLS:C0233472,0.0
model_2.pt,PUBCHEM.COMPOUND:49864838,predicate:10,NCBIGene:834,CHEBI:16714,predicate:11,UMLS:C0233472,0.0
model_2.pt,NCBIGene:10221,predicate:8,NCBIGene:22908,CHEBI:16714,predicate:11,UMLS:C0233472,0.0
model_2.pt,CHEBI:46345,predicate:7,NCBIGene:6581,CHEBI:16714,predicate:11,UMLS:C0233472,0.0
model_2.pt,NCBIGene:375035,predicate:3,NCBIGene:80346,CHEBI:16714,predicate:11,UMLS:C0233472,0.0
model_26.pt,MONDO:0012176,predicate:13,HP:0003028,NCBIGene:51552,predicate:1,NCBIGene:58533,0.0
model_26.pt,CHEBI:6809,predicate:9,NCBIGene:8061,NCBIGene:51552,predicate:1,NCBIGene:58533,0.0
model_26.pt,PUBCHEM.COMPOUND:1113514,predicate:0,NCBIGene:946552,NCBIGene:51552,predicate:1,NCBIGene:58533,0.0
model_26.pt,PUBCHEM.COMPOUND:137636752,predicate:0,NCBIGene:3065,NCBIGene:51552,predicate:1,NCBIGene:58533,0.0
model_26.pt,CHEBI:367163,predicate:16,MONDO:0015691,NCBIGene:51552,predicate:1,NCBIGene:58533,0.0
model_26.pt,PUBCHEM.COMPOUND:130200977,predicate:10,NCBIGene:4988,NCBIGene:51552,predicate:1,NCBIGene:58533,0.0
model_26.pt,NCBIGene:78987,predicate:3,NCBIGene:92255,NCBIGene:51552,predicate:1,NCBIGene:58533,0.0
model_26.pt,NCBIGene:6352,predicate:36,NCBIGene:1234,NCBIGene:51552,predicate:1,NCBIGene:58533,0.0
model_26.pt,CHEBI:6443,predicate:7,NCBIGene:8644,NCBIGene:51552,predicate:1,NCBIGene:58533,0.0
model_26.pt,DRUGBANK:DB11158,predicate:12,MONDO:0005147,NCBIGene:51552,predicate:1,NCBIGene:58533,0.0
model_26.pt,CHEBI:5000,predicate:12,MONDO:0001076,NCBIGene:51552,predicate:1,NCBIGene:58533,0.0
model_26.pt,NCBIGene:8089,predicate:3,NCBIGene:26122,NCBIGene:51552,predicate:1,NCBIGene:58533,0.0
model_26.pt,NCBIGene:10400,predicate:4,PUBCHEM.COMPOUND:52924335,NCBIGene:51552,predicate:1,NCBIGene:58533,0.0
model_26.pt,NCBIGene:10618,predicate:3,NCBIGene:54887,NCBIGene:51552,predicate:1,NCBIGene:58533,0.0
model_26.pt,NCBIGene:3308,predicate:15,MONDO:0005559,NCBIGene:51552,predicate:1,NCBIGene:58533,0.0
model_26.pt,CHEBI:17351,predicate:7,NCBIGene:5315,NCBIGene:51552,predicate:1,NCBIGene:58533,0.0
model_26.pt,CHEMBL.COMPOUND:CHEMBL4747062,predicate:0,NCBIGene:23028,NCBIGene:51552,predicate:1,NCBIGene:58533,0.0
model_26.pt,CHEBI:16842,predicate:9,NCBIGene:3557,NCBIGene:51552,predicate:1,NCBIGene:58533,0.0
model_26.pt,NCBIGene:4616,predicate:1,NCBIGene:2034,NCBIGene:51552,predicate:1,NCBIGene:58533,19.64794158935547
model_26.pt,NCBIGene:10201,predicate:1,NCBIGene:6154,NCBIGene:51552,predicate:1,NCBIGene:58533,-41.91133499145508
model_26.pt,NCBIGene:794,predicate:6,NCBIGene:7135,NCBIGene:51552,predicate:1,NCBIGene:58533,0.0
model_26.pt,NCBIGene:50834,predicate:1,NCBIGene:403277,NCBIGene:51552,predicate:1,NCBIGene:58533,-14.064813613891602
model_26.pt,CHEBI:3755,predicate:2,MONDO:0007263,NCBIGene:51552,predicate:1,NCBIGene:58533,0.0
model_26.pt,PUBCHEM.COMPOUND:131762323,predicate:5,NCBIGene:5407,NCBIGene:51552,predicate:1,NCBIGene:58533,0.0
model_26.pt,PUBCHEM.COMPOUND:54325967,predicate:0,NCBIGene:5468,NCBIGene:51552,predicate:1,NCBIGene:58533,0.0
model_26.pt,CHEBI:64354,predicate:0,NCBIGene:6559,NCBIGene:51552,predicate:1,NCBIGene:58533,0.0
model_26.pt,CHEBI:44423,predicate:7,NCBIGene:3162,NCBIGene:51552,predicate:1,NCBIGene:58533,0.0
model_26.pt,NCBIGene:113174,predicate:10,NCBIGene:100528017,NCBIGene:51552,predicate:1,NCBIGene:58533,0.0
model_26.pt,NCBIGene:4502,predicate:1,NCBIGene:10912,NCBIGene:51552,predicate:1,NCBIGene:58533,32.51853942871094
model_26.pt,NCBIGene:5321,predicate:4,PUBCHEM.COMPOUND:53478731,NCBIGene:51552,predicate:1,NCBIGene:58533,0.0
model_26.pt,CHEBI:3755,predicate:7,NCBIGene:2100,NCBIGene:51552,predicate:1,NCBIGene:58533,0.0
model_26.pt,NCBIGene:51741,predicate:13,HP:0000253,NCBIGene:51552,predicate:1,NCBIGene:58533,0.0
model_26.pt,CHEBI:156122,predicate:5,NCBIGene:23761,NCBIGene:51552,predicate:1,NCBIGene:58533,0.0
model_26.pt,NCBIGene:245865,predicate:3,NCBIGene:194974,NCBIGene:51552,predicate:1,NCBIGene:58533,0.0
model_26.pt,PUBCHEM.COMPOUND:127036977,predicate:0,NCBIGene:135,NCBIGene:51552,predicate:1,NCBIGene:58533,0.0
model_26.pt,PUBCHEM.COMPOUND:44433263,predicate:0,NCBIGene:1576,NCBIGene:51552,predicate:1,NCBIGene:58533,0.0
model_26.pt,CHEBI:16469,predicate:7,NCBIGene:10587,NCBIGene:51552,predicate:1,NCBIGene:58533,0.0
model_26.pt,PUBCHEM.COMPOUND:44314087,predicate:0,NCBIGene:4313,NCBIGene:51552,predicate:1,NCBIGene:58533,0.0
model_26.pt,PUBCHEM.COMPOUND:25093440,predicate:0,NCBIGene:1147,NCBIGene:51552,predicate:1,NCBIGene:58533,0.0
model_26.pt,NCBIGene:20962,predicate:3,NCBIGene:219150,NCBIGene:51552,predicate:1,NCBIGene:58533,0.0
model_26.pt,NCBIGene:23051,predicate:15,MONDO:0005068,NCBIGene:51552,predicate:1,NCBIGene:58533,0.0
model_26.pt,NCBIGene:10565,predicate:6,NCBIGene:284369,NCBIGene:51552,predicate:1,NCBIGene:58533,0.0
model_26.pt,PUBCHEM.COMPOUND:59268935,predicate:0,NCBIGene:1137,NCBIGene:51552,predicate:1,NCBIGene:58533,0.0
model_26.pt,NCBIGene:5903,predicate:1,NCBIGene:402569,NCBIGene:51552,predicate:1,NCBIGene:58533,6.911911964416504
model_26.pt,PUBCHEM.COMPOUND:57395067,predicate:0,NCBIGene:6531,NCBIGene:51552,predicate:1,NCBIGene:58533,0.0
model_26.pt,NCBIGene:852585,predicate:3,NCBIGene:855469,NCBIGene:51552,predicate:1,NCBIGene:58533,0.0
model_26.pt,NCBIGene:3976,predicate:9,NCBIGene:2526,NCBIGene:51552,predicate:1,NCBIGene:58533,0.0
model_26.pt,NCBIGene:928,predicate:1,NCBIGene:29952,NCBIGene:51552,predicate:1,NCBIGene:58533,25.52432632446289
model_26.pt,MONDO:0013171,predicate:13,MONDO:0001071,NCBIGene:51552,predicate:1,NCBIGene:58533,0.0
model_26.pt,NCBIGene:4634,predicate:1,NCBIGene:6445,NCBIGene:51552,predicate:1,NCBIGene:58533,15.926336288452148
model_26.pt,CHEBI:18293,predicate:12,HP:0001945,NCBIGene:51552,predicate:1,NCBIGene:58533,0.0
model_26.pt,UNII:5M691HL4BO,predicate:16,HP:0001288,NCBIGene:51552,predicate:1,NCBIGene:58533,0.0
model_26.pt,MONDO:0011122,predicate:10,NCBIGene:2673,NCBIGene:51552,predicate:1,NCBIGene:58533,0.0
model_26.pt,CHEBI:185383,predicate:5,NCBIGene:9514,NCBIGene:51552,predicate:1,NCBIGene:58533,0.0
model_26.pt,NCBIGene:4763,predicate:13,HP:0002857,NCBIGene:51552,predicate:1,NCBIGene:58533,0.0
model_26.pt,CHEBI:6121,predicate:7,NCBIGene:2335,NCBIGene:51552,predicate:1,NCBIGene:58533,0.0
model_26.pt,NCBIGene:4204,predicate:13,HP:0010864,NCBIGene:51552,predicate:1,NCBIGene:58533,0.0
model_26.pt,PUBCHEM.COMPOUND:5702107,predicate:23,NCBIGene:760,NCBIGene:51552,predicate:1,NCBIGene:58533,0.0
model_26.pt,NCBIGene:22976,predicate:9,NCBIGene:9519,NCBIGene:51552,predicate:1,NCBIGene:58533,0.0
model_26.pt,PUBCHEM.COMPOUND:9834864,predicate:14,NCBIGene:1137,NCBIGene:51552,predicate:1,NCBIGene:58533,0.0
model_26.pt,PUBCHEM.COMPOUND:44431492,predicate:10,NCBIGene:1815,NCBIGene:51552,predicate:1,NCBIGene:58533,0.0
model_26.pt,CHEBI:191001,predicate:18,NCBIGene:6422,NCBIGene:51552,predicate:1,NCBIGene:58533,0.0
model_26.pt,PUBCHEM.COMPOUND:25015107,predicate:0,NCBIGene:2260,NCBIGene:51552,predicate:1,NCBIGene:58533,0.0
model_26.pt,PUBCHEM.COMPOUND:131757266,predicate:5,NCBIGene:80168,NCBIGene:51552,predicate:1,NCBIGene:58533,0.0
model_26.pt,NCBIGene:23205,predicate:1,NCBIGene:11283,NCBIGene:51552,predicate:1,NCBIGene:58533,-41.72419738769531
model_26.pt,NCBIGene:23054,predicate:1,NCBIGene:54617,NCBIGene:51552,predicate:1,NCBIGene:58533,98.87117767333984
model_26.pt,NCBIGene:10008,predicate:3,NCBIGene:4751,NCBIGene:51552,predicate:1,NCBIGene:58533,0.0
model_26.pt,NCBIGene:27183,predicate:1,NCBIGene:4904,NCBIGene:51552,predicate:1,NCBIGene:58533,44.7894172668457
model_26.pt,NCBIGene:5578,predicate:8,NCBIGene:85377,NCBIGene:51552,predicate:1,NCBIGene:58533,0.0
model_26.pt,NCBIGene:79165,predicate:1,NCBIGene:9704,NCBIGene:51552,predicate:1,NCBIGene:58533,2.9863624572753906
model_26.pt,NCBIGene:2170,predicate:9,NCBIGene:8611,NCBIGene:51552,predicate:1,NCBIGene:58533,0.0
model_26.pt,NCBIGene:91748,predicate:1,NCBIGene:59345,NCBIGene:51552,predicate:1,NCBIGene:58533,-40.63995361328125
model_26.pt,PUBCHEM.COMPOUND:155512592,predicate:0,NCBIGene:142,NCBIGene:51552,predicate:1,NCBIGene:58533,0.0
model_26.pt,NCBIGene:5663,predicate:7,NCBIGene:7158,NCBIGene:51552,predicate:1,NCBIGene:58533,0.0
model_26.pt,NCBIGene:4140,predicate:21,NCBIGene:7534,NCBIGene:51552,predicate:1,NCBIGene:58533,0.0
model_26.pt,NCBIGene:2475,predicate:1,NCBIGene:23456,NCBIGene:51552,predicate:1,NCBIGene:58533,-61.60347366333008
model_26.pt,NCBIGene:3162,predicate:15,MONDO:0000831,NCBIGene:51552,predicate:1,NCBIGene:58533,0.0
model_26.pt,PUBCHEM.COMPOUND:10578760,predicate:0,NCBIGene:29580,NCBIGene:51552,predicate:1,NCBIGene:58533,0.0
model_26.pt,NCBIGene:56893,predicate:9,NCBIGene:7316,NCBIGene:51552,predicate:1,NCBIGene:58533,0.0
model_26.pt,CHEBI:93205,predicate:23,NCBIGene:8743,NCBIGene:51552,predicate:1,NCBIGene:58533,0.0
model_26.pt,NCBIGene:1147,predicate:1,NCBIGene:57162,NCBIGene:51552,predicate:1,NCBIGene:58533,-52.875083923339844
model_26.pt,PUBCHEM.COMPOUND:137226420,predicate:0,NCBIGene:760,NCBIGene:51552,predicate:1,NCBIGene:58533,0.0
model_26.pt,MONDO:0010691,predicate:13,HP:0007957,NCBIGene:51552,predicate:1,NCBIGene:58533,0.0
model_26.pt,NCBIGene:51372,predicate:1,NCBIGene:6202,NCBIGene:51552,predicate:1,NCBIGene:58533,11.63667106628418
model_26.pt,NCBIGene:25865,predicate:8,NCBIGene:23212,NCBIGene:51552,predicate:1,NCBIGene:58533,0.0
model_26.pt,PUBCHEM.COMPOUND:122196132,predicate:0,NCBIGene:7941,NCBIGene:51552,predicate:1,NCBIGene:58533,0.0
model_26.pt,NCBIGene:84283,predicate:1,NCBIGene:51458,NCBIGene:51552,predicate:1,NCBIGene:58533,54.34300231933594
model_26.pt,NCBIGene:84365,predicate:1,NCBIGene:4236,NCBIGene:51552,predicate:1,NCBIGene:58533,3.966488838195801
model_26.pt,CHEBI:8499,predicate:16,MONDO:0001382,NCBIGene:51552,predicate:1,NCBIGene:58533,0.0
model_26.pt,NCBIGene:850551,predicate:3,NCBIGene:856863,NCBIGene:51552,predicate:1,NCBIGene:58533,0.0
model_26.pt,NCBIGene:181271,predicate:3,NCBIGene:190925,NCBIGene:51552,predicate:1,NCBIGene:58533,0.0
model_26.pt,NCBIGene:151056,predicate:4,PUBCHEM.COMPOUND:131761197,NCBIGene:51552,predicate:1,NCBIGene:58533,0.0
model_26.pt,CHEBI:18152,predicate:9,NCBIGene:54498,NCBIGene:51552,predicate:1,NCBIGene:58533,0.0
model_26.pt,NCBIGene:29949,predicate:15,MONDO:0005011,NCBIGene:51552,predicate:1,NCBIGene:58533,0.0
model_26.pt,NCBIGene:173731,predicate:19,CHEBI:31823,NCBIGene:51552,predicate:1,NCBIGene:58533,0.0
model_26.pt,PUBCHEM.COMPOUND:44176335,predicate:0,NCBIGene:331,NCBIGene:51552,predicate:1,NCBIGene:58533,0.0
model_26.pt,PUBCHEM.COMPOUND:49864838,predicate:10,NCBIGene:834,NCBIGene:51552,predicate:1,NCBIGene:58533,0.0
model_26.pt,NCBIGene:10221,predicate:8,NCBIGene:22908,NCBIGene:51552,predicate:1,NCBIGene:58533,0.0
model_26.pt,CHEBI:46345,predicate:7,NCBIGene:6581,NCBIGene:51552,predicate:1,NCBIGene:58533,0.0
model_26.pt,NCBIGene:375035,predicate:3,NCBIGene:80346,NCBIGene:51552,predicate:1,NCBIGene:58533,0.0
model_26.pt,MONDO:0012176,predicate:13,HP:0003028,NCBIGene:64425,predicate:3,NCBIGene:81610,0.0
model_26.pt,CHEBI:6809,predicate:9,NCBIGene:8061,NCBIGene:64425,predicate:3,NCBIGene:81610,0.0
model_26.pt,PUBCHEM.COMPOUND:1113514,predicate:0,NCBIGene:946552,NCBIGene:64425,predicate:3,NCBIGene:81610,0.0
model_26.pt,PUBCHEM.COMPOUND:137636752,predicate:0,NCBIGene:3065,NCBIGene:64425,predicate:3,NCBIGene:81610,0.0
model_26.pt,CHEBI:367163,predicate:16,MONDO:0015691,NCBIGene:64425,predicate:3,NCBIGene:81610,0.0
model_26.pt,PUBCHEM.COMPOUND:130200977,predicate:10,NCBIGene:4988,NCBIGene:64425,predicate:3,NCBIGene:81610,0.0
model_26.pt,NCBIGene:78987,predicate:3,NCBIGene:92255,NCBIGene:64425,predicate:3,NCBIGene:81610,-5.792815208435059
model_26.pt,NCBIGene:6352,predicate:36,NCBIGene:1234,NCBIGene:64425,predicate:3,NCBIGene:81610,0.0
model_26.pt,CHEBI:6443,predicate:7,NCBIGene:8644,NCBIGene:64425,predicate:3,NCBIGene:81610,0.0
model_26.pt,DRUGBANK:DB11158,predicate:12,MONDO:0005147,NCBIGene:64425,predicate:3,NCBIGene:81610,0.0
model_26.pt,CHEBI:5000,predicate:12,MONDO:0001076,NCBIGene:64425,predicate:3,NCBIGene:81610,0.0
model_26.pt,NCBIGene:8089,predicate:3,NCBIGene:26122,NCBIGene:64425,predicate:3,NCBIGene:81610,-30.825374603271484
model_26.pt,NCBIGene:10400,predicate:4,PUBCHEM.COMPOUND:52924335,NCBIGene:64425,predicate:3,NCBIGene:81610,0.0
model_26.pt,NCBIGene:10618,predicate:3,NCBIGene:54887,NCBIGene:64425,predicate:3,NCBIGene:81610,0.4112548828125
model_26.pt,NCBIGene:3308,predicate:15,MONDO:0005559,NCBIGene:64425,predicate:3,NCBIGene:81610,0.0
model_26.pt,CHEBI:17351,predicate:7,NCBIGene:5315,NCBIGene:64425,predicate:3,NCBIGene:81610,0.0
model_26.pt,CHEMBL.COMPOUND:CHEMBL4747062,predicate:0,NCBIGene:23028,NCBIGene:64425,predicate:3,NCBIGene:81610,0.0
model_26.pt,CHEBI:16842,predicate:9,NCBIGene:3557,NCBIGene:64425,predicate:3,NCBIGene:81610,0.0
model_26.pt,NCBIGene:4616,predicate:1,NCBIGene:2034,NCBIGene:64425,predicate:3,NCBIGene:81610,0.0
model_26.pt,NCBIGene:10201,predicate:1,NCBIGene:6154,NCBIGene:64425,predicate:3,NCBIGene:81610,0.0
model_26.pt,NCBIGene:794,predicate:6,NCBIGene:7135,NCBIGene:64425,predicate:3,NCBIGene:81610,0.0
model_26.pt,NCBIGene:50834,predicate:1,NCBIGene:403277,NCBIGene:64425,predicate:3,NCBIGene:81610,0.0
model_26.pt,CHEBI:3755,predicate:2,MONDO:0007263,NCBIGene:64425,predicate:3,NCBIGene:81610,0.0
model_26.pt,PUBCHEM.COMPOUND:131762323,predicate:5,NCBIGene:5407,NCBIGene:64425,predicate:3,NCBIGene:81610,0.0
model_26.pt,PUBCHEM.COMPOUND:54325967,predicate:0,NCBIGene:5468,NCBIGene:64425,predicate:3,NCBIGene:81610,0.0
model_26.pt,CHEBI:64354,predicate:0,NCBIGene:6559,NCBIGene:64425,predicate:3,NCBIGene:81610,0.0
model_26.pt,CHEBI:44423,predicate:7,NCBIGene:3162,NCBIGene:64425,predicate:3,NCBIGene:81610,0.0
model_26.pt,NCBIGene:113174,predicate:10,NCBIGene:100528017,NCBIGene:64425,predicate:3,NCBIGene:81610,0.0
model_26.pt,NCBIGene:4502,predicate:1,NCBIGene:10912,NCBIGene:64425,predicate:3,NCBIGene:81610,0.0
model_26.pt,NCBIGene:5321,predicate:4,PUBCHEM.COMPOUND:53478731,NCBIGene:64425,predicate:3,NCBIGene:81610,0.0
model_26.pt,CHEBI:3755,predicate:7,NCBIGene:2100,NCBIGene:64425,predicate:3,NCBIGene:81610,0.0
model_26.pt,NCBIGene:51741,predicate:13,HP:0000253,NCBIGene:64425,predicate:3,NCBIGene:81610,0.0
model_26.pt,CHEBI:156122,predicate:5,NCBIGene:23761,NCBIGene:64425,predicate:3,NCBIGene:81610,0.0
model_26.pt,NCBIGene:245865,predicate:3,NCBIGene:194974,NCBIGene:64425,predicate:3,NCBIGene:81610,5.122367858886719
model_26.pt,PUBCHEM.COMPOUND:127036977,predicate:0,NCBIGene:135,NCBIGene:64425,predicate:3,NCBIGene:81610,0.0
model_26.pt,PUBCHEM.COMPOUND:44433263,predicate:0,NCBIGene:1576,NCBIGene:64425,predicate:3,NCBIGene:81610,0.0
model_26.pt,CHEBI:16469,predicate:7,NCBIGene:10587,NCBIGene:64425,predicate:3,NCBIGene:81610,0.0
model_26.pt,PUBCHEM.COMPOUND:44314087,predicate:0,NCBIGene:4313,NCBIGene:64425,predicate:3,NCBIGene:81610,0.0
model_26.pt,PUBCHEM.COMPOUND:25093440,predicate:0,NCBIGene:1147,NCBIGene:64425,predicate:3,NCBIGene:81610,0.0
model_26.pt,NCBIGene:20962,predicate:3,NCBIGene:219150,NCBIGene:64425,predicate:3,NCBIGene:81610,4.576541900634766
model_26.pt,NCBIGene:23051,predicate:15,MONDO:0005068,NCBIGene:64425,predicate:3,NCBIGene:81610,0.0
model_26.pt,NCBIGene:10565,predicate:6,NCBIGene:284369,NCBIGene:64425,predicate:3,NCBIGene:81610,0.0
model_26.pt,PUBCHEM.COMPOUND:59268935,predicate:0,NCBIGene:1137,NCBIGene:64425,predicate:3,NCBIGene:81610,0.0
model_26.pt,NCBIGene:5903,predicate:1,NCBIGene:402569,NCBIGene:64425,predicate:3,NCBIGene:81610,0.0
model_26.pt,PUBCHEM.COMPOUND:57395067,predicate:0,NCBIGene:6531,NCBIGene:64425,predicate:3,NCBIGene:81610,0.0
model_26.pt,NCBIGene:852585,predicate:3,NCBIGene:855469,NCBIGene:64425,predicate:3,NCBIGene:81610,0.6834068298339844
model_26.pt,NCBIGene:3976,predicate:9,NCBIGene:2526,NCBIGene:64425,predicate:3,NCBIGene:81610,0.0
model_26.pt,NCBIGene:928,predicate:1,NCBIGene:29952,NCBIGene:64425,predicate:3,NCBIGene:81610,0.0
model_26.pt,MONDO:0013171,predicate:13,MONDO:0001071,NCBIGene:64425,predicate:3,NCBIGene:81610,0.0
model_26.pt,NCBIGene:4634,predicate:1,NCBIGene:6445,NCBIGene:64425,predicate:3,NCBIGene:81610,0.0
model_26.pt,CHEBI:18293,predicate:12,HP:0001945,NCBIGene:64425,predicate:3,NCBIGene:81610,0.0
model_26.pt,UNII:5M691HL4BO,predicate:16,HP:0001288,NCBIGene:64425,predicate:3,NCBIGene:81610,0.0
model_26.pt,MONDO:0011122,predicate:10,NCBIGene:2673,NCBIGene:64425,predicate:3,NCBIGene:81610,0.0
model_26.pt,CHEBI:185383,predicate:5,NCBIGene:9514,NCBIGene:64425,predicate:3,NCBIGene:81610,0.0
model_26.pt,NCBIGene:4763,predicate:13,HP:0002857,NCBIGene:64425,predicate:3,NCBIGene:81610,0.0
model_26.pt,CHEBI:6121,predicate:7,NCBIGene:2335,NCBIGene:64425,predicate:3,NCBIGene:81610,0.0
model_26.pt,NCBIGene:4204,predicate:13,HP:0010864,NCBIGene:64425,predicate:3,NCBIGene:81610,0.0
model_26.pt,PUBCHEM.COMPOUND:5702107,predicate:23,NCBIGene:760,NCBIGene:64425,predicate:3,NCBIGene:81610,0.0
model_26.pt,NCBIGene:22976,predicate:9,NCBIGene:9519,NCBIGene:64425,predicate:3,NCBIGene:81610,0.0
model_26.pt,PUBCHEM.COMPOUND:9834864,predicate:14,NCBIGene:1137,NCBIGene:64425,predicate:3,NCBIGene:81610,0.0
model_26.pt,PUBCHEM.COMPOUND:44431492,predicate:10,NCBIGene:1815,NCBIGene:64425,predicate:3,NCBIGene:81610,0.0
model_26.pt,CHEBI:191001,predicate:18,NCBIGene:6422,NCBIGene:64425,predicate:3,NCBIGene:81610,0.0
model_26.pt,PUBCHEM.COMPOUND:25015107,predicate:0,NCBIGene:2260,NCBIGene:64425,predicate:3,NCBIGene:81610,0.0
model_26.pt,PUBCHEM.COMPOUND:131757266,predicate:5,NCBIGene:80168,NCBIGene:64425,predicate:3,NCBIGene:81610,0.0
model_26.pt,NCBIGene:23205,predicate:1,NCBIGene:11283,NCBIGene:64425,predicate:3,NCBIGene:81610,0.0
model_26.pt,NCBIGene:23054,predicate:1,NCBIGene:54617,NCBIGene:64425,predicate:3,NCBIGene:81610,0.0
model_26.pt,NCBIGene:10008,predicate:3,NCBIGene:4751,NCBIGene:64425,predicate:3,NCBIGene:81610,18.401866912841797
model_26.pt,NCBIGene:27183,predicate:1,NCBIGene:4904,NCBIGene:64425,predicate:3,NCBIGene:81610,0.0
model_26.pt,NCBIGene:5578,predicate:8,NCBIGene:85377,NCBIGene:64425,predicate:3,NCBIGene:81610,0.0
model_26.pt,NCBIGene:79165,predicate:1,NCBIGene:9704,NCBIGene:64425,predicate:3,NCBIGene:81610,0.0
model_26.pt,NCBIGene:2170,predicate:9,NCBIGene:8611,NCBIGene:64425,predicate:3,NCBIGene:81610,0.0
model_26.pt,NCBIGene:91748,predicate:1,NCBIGene:59345,NCBIGene:64425,predicate:3,NCBIGene:81610,0.0
model_26.pt,PUBCHEM.COMPOUND:155512592,predicate:0,NCBIGene:142,NCBIGene:64425,predicate:3,NCBIGene:81610,0.0
model_26.pt,NCBIGene:5663,predicate:7,NCBIGene:7158,NCBIGene:64425,predicate:3,NCBIGene:81610,0.0
model_26.pt,NCBIGene:4140,predicate:21,NCBIGene:7534,NCBIGene:64425,predicate:3,NCBIGene:81610,0.0
model_26.pt,NCBIGene:2475,predicate:1,NCBIGene:23456,NCBIGene:64425,predicate:3,NCBIGene:81610,0.0
model_26.pt,NCBIGene:3162,predicate:15,MONDO:0000831,NCBIGene:64425,predicate:3,NCBIGene:81610,0.0
model_26.pt,PUBCHEM.COMPOUND:10578760,predicate:0,NCBIGene:29580,NCBIGene:64425,predicate:3,NCBIGene:81610,0.0
model_26.pt,NCBIGene:56893,predicate:9,NCBIGene:7316,NCBIGene:64425,predicate:3,NCBIGene:81610,0.0
model_26.pt,CHEBI:93205,predicate:23,NCBIGene:8743,NCBIGene:64425,predicate:3,NCBIGene:81610,0.0
model_26.pt,NCBIGene:1147,predicate:1,NCBIGene:57162,NCBIGene:64425,predicate:3,NCBIGene:81610,0.0
model_26.pt,PUBCHEM.COMPOUND:137226420,predicate:0,NCBIGene:760,NCBIGene:64425,predicate:3,NCBIGene:81610,0.0
model_26.pt,MONDO:0010691,predicate:13,HP:0007957,NCBIGene:64425,predicate:3,NCBIGene:81610,0.0
model_26.pt,NCBIGene:51372,predicate:1,NCBIGene:6202,NCBIGene:64425,predicate:3,NCBIGene:81610,0.0
model_26.pt,NCBIGene:25865,predicate:8,NCBIGene:23212,NCBIGene:64425,predicate:3,NCBIGene:81610,0.0
model_26.pt,PUBCHEM.COMPOUND:122196132,predicate:0,NCBIGene:7941,NCBIGene:64425,predicate:3,NCBIGene:81610,0.0
model_26.pt,NCBIGene:84283,predicate:1,NCBIGene:51458,NCBIGene:64425,predicate:3,NCBIGene:81610,0.0
model_26.pt,NCBIGene:84365,predicate:1,NCBIGene:4236,NCBIGene:64425,predicate:3,NCBIGene:81610,0.0
model_26.pt,CHEBI:8499,predicate:16,MONDO:0001382,NCBIGene:64425,predicate:3,NCBIGene:81610,0.0
model_26.pt,NCBIGene:850551,predicate:3,NCBIGene:856863,NCBIGene:64425,predicate:3,NCBIGene:81610,-34.84439468383789
model_26.pt,NCBIGene:181271,predicate:3,NCBIGene:190925,NCBIGene:64425,predicate:3,NCBIGene:81610,34.84185791015625
model_26.pt,NCBIGene:151056,predicate:4,PUBCHEM.COMPOUND:131761197,NCBIGene:64425,predicate:3,NCBIGene:81610,0.0
model_26.pt,CHEBI:18152,predicate:9,NCBIGene:54498,NCBIGene:64425,predicate:3,NCBIGene:81610,0.0
model_26.pt,NCBIGene:29949,predicate:15,MONDO:0005011,NCBIGene:64425,predicate:3,NCBIGene:81610,0.0
model_26.pt,NCBIGene:173731,predicate:19,CHEBI:31823,NCBIGene:64425,predicate:3,NCBIGene:81610,0.0
model_26.pt,PUBCHEM.COMPOUND:44176335,predicate:0,NCBIGene:331,NCBIGene:64425,predicate:3,NCBIGene:81610,0.0
model_26.pt,PUBCHEM.COMPOUND:49864838,predicate:10,NCBIGene:834,NCBIGene:64425,predicate:3,NCBIGene:81610,0.0
model_26.pt,NCBIGene:10221,predicate:8,NCBIGene:22908,NCBIGene:64425,predicate:3,NCBIGene:81610,0.0
model_26.pt,CHEBI:46345,predicate:7,NCBIGene:6581,NCBIGene:64425,predicate:3,NCBIGene:81610,0.0
model_26.pt,NCBIGene:375035,predicate:3,NCBIGene:80346,NCBIGene:64425,predicate:3,NCBIGene:81610,-61.53363037109375
model_26.pt,MONDO:0012176,predicate:13,HP:0003028,NCBIGene:1345,predicate:1,NCBIGene:28972,0.0
model_26.pt,CHEBI:6809,predicate:9,NCBIGene:8061,NCBIGene:1345,predicate:1,NCBIGene:28972,0.0
model_26.pt,PUBCHEM.COMPOUND:1113514,predicate:0,NCBIGene:946552,NCBIGene:1345,predicate:1,NCBIGene:28972,0.0
model_26.pt,PUBCHEM.COMPOUND:137636752,predicate:0,NCBIGene:3065,NCBIGene:1345,predicate:1,NCBIGene:28972,0.0
model_26.pt,CHEBI:367163,predicate:16,MONDO:0015691,NCBIGene:1345,predicate:1,NCBIGene:28972,0.0
model_26.pt,PUBCHEM.COMPOUND:130200977,predicate:10,NCBIGene:4988,NCBIGene:1345,predicate:1,NCBIGene:28972,0.0
model_26.pt,NCBIGene:78987,predicate:3,NCBIGene:92255,NCBIGene:1345,predicate:1,NCBIGene:28972,0.0
model_26.pt,NCBIGene:6352,predicate:36,NCBIGene:1234,NCBIGene:1345,predicate:1,NCBIGene:28972,0.0
model_26.pt,CHEBI:6443,predicate:7,NCBIGene:8644,NCBIGene:1345,predicate:1,NCBIGene:28972,0.0
model_26.pt,DRUGBANK:DB11158,predicate:12,MONDO:0005147,NCBIGene:1345,predicate:1,NCBIGene:28972,0.0
model_26.pt,CHEBI:5000,predicate:12,MONDO:0001076,NCBIGene:1345,predicate:1,NCBIGene:28972,0.0
model_26.pt,NCBIGene:8089,predicate:3,NCBIGene:26122,NCBIGene:1345,predicate:1,NCBIGene:28972,0.0
model_26.pt,NCBIGene:10400,predicate:4,PUBCHEM.COMPOUND:52924335,NCBIGene:1345,predicate:1,NCBIGene:28972,0.0
model_26.pt,NCBIGene:10618,predicate:3,NCBIGene:54887,NCBIGene:1345,predicate:1,NCBIGene:28972,0.0
model_26.pt,NCBIGene:3308,predicate:15,MONDO:0005559,NCBIGene:1345,predicate:1,NCBIGene:28972,0.0
model_26.pt,CHEBI:17351,predicate:7,NCBIGene:5315,NCBIGene:1345,predicate:1,NCBIGene:28972,0.0
model_26.pt,CHEMBL.COMPOUND:CHEMBL4747062,predicate:0,NCBIGene:23028,NCBIGene:1345,predicate:1,NCBIGene:28972,0.0
model_26.pt,CHEBI:16842,predicate:9,NCBIGene:3557,NCBIGene:1345,predicate:1,NCBIGene:28972,0.0
model_26.pt,NCBIGene:4616,predicate:1,NCBIGene:2034,NCBIGene:1345,predicate:1,NCBIGene:28972,31.711997985839844
model_26.pt,NCBIGene:10201,predicate:1,NCBIGene:6154,NCBIGene:1345,predicate:1,NCBIGene:28972,-70.14582824707031
model_26.pt,NCBIGene:794,predicate:6,NCBIGene:7135,NCBIGene:1345,predicate:1,NCBIGene:28972,0.0
model_26.pt,NCBIGene:50834,predicate:1,NCBIGene:403277,NCBIGene:1345,predicate:1,NCBIGene:28972,-23.47146224975586
model_26.pt,CHEBI:3755,predicate:2,MONDO:0007263,NCBIGene:1345,predicate:1,NCBIGene:28972,0.0
model_26.pt,PUBCHEM.COMPOUND:131762323,predicate:5,NCBIGene:5407,NCBIGene:1345,predicate:1,NCBIGene:28972,0.0
model_26.pt,PUBCHEM.COMPOUND:54325967,predicate:0,NCBIGene:5468,NCBIGene:1345,predicate:1,NCBIGene:28972,0.0
model_26.pt,CHEBI:64354,predicate:0,NCBIGene:6559,NCBIGene:1345,predicate:1,NCBIGene:28972,0.0
model_26.pt,CHEBI:44423,predicate:7,NCBIGene:3162,NCBIGene:1345,predicate:1,NCBIGene:28972,0.0
model_26.pt,NCBIGene:113174,predicate:10,NCBIGene:100528017,NCBIGene:1345,predicate:1,NCBIGene:28972,0.0
model_26.pt,NCBIGene:4502,predicate:1,NCBIGene:10912,NCBIGene:1345,predicate:1,NCBIGene:28972,-26.394309997558594
model_26.pt,NCBIGene:5321,predicate:4,PUBCHEM.COMPOUND:53478731,NCBIGene:1345,predicate:1,NCBIGene:28972,0.0
model_26.pt,CHEBI:3755,predicate:7,NCBIGene:2100,NCBIGene:1345,predicate:1,NCBIGene:28972,0.0
model_26.pt,NCBIGene:51741,predicate:13,HP:0000253,NCBIGene:1345,predicate:1,NCBIGene:28972,0.0
model_26.pt,CHEBI:156122,predicate:5,NCBIGene:23761,NCBIGene:1345,predicate:1,NCBIGene:28972,0.0
model_26.pt,NCBIGene:245865,predicate:3,NCBIGene:194974,NCBIGene:1345,predicate:1,NCBIGene:28972,0.0
model_26.pt,PUBCHEM.COMPOUND:127036977,predicate:0,NCBIGene:135,NCBIGene:1345,predicate:1,NCBIGene:28972,0.0
model_26.pt,PUBCHEM.COMPOUND:44433263,predicate:0,NCBIGene:1576,NCBIGene:1345,predicate:1,NCBIGene:28972,0.0
model_26.pt,CHEBI:16469,predicate:7,NCBIGene:10587,NCBIGene:1345,predicate:1,NCBIGene:28972,0.0
model_26.pt,PUBCHEM.COMPOUND:44314087,predicate:0,NCBIGene:4313,NCBIGene:1345,predicate:1,NCBIGene:28972,0.0
model_26.pt,PUBCHEM.COMPOUND:25093440,predicate:0,NCBIGene:1147,NCBIGene:1345,predicate:1,NCBIGene:28972,0.0
model_26.pt,NCBIGene:20962,predicate:3,NCBIGene:219150,NCBIGene:1345,predicate:1,NCBIGene:28972,0.0
model_26.pt,NCBIGene:23051,predicate:15,MONDO:0005068,NCBIGene:1345,predicate:1,NCBIGene:28972,0.0
model_26.pt,NCBIGene:10565,predicate:6,NCBIGene:284369,NCBIGene:1345,predicate:1,NCBIGene:28972,0.0
model_26.pt,PUBCHEM.COMPOUND:59268935,predicate:0,NCBIGene:1137,NCBIGene:1345,predicate:1,NCBIGene:28972,0.0
model_26.pt,NCBIGene:5903,predicate:1,NCBIGene:402569,NCBIGene:1345,predicate:1,NCBIGene:28972,69.81788635253906
model_26.pt,PUBCHEM.COMPOUND:57395067,predicate:0,NCBIGene:6531,NCBIGene:1345,predicate:1,NCBIGene:28972,0.0
model_26.pt,NCBIGene:852585,predicate:3,NCBIGene:855469,NCBIGene:1345,predicate:1,NCBIGene:28972,0.0
model_26.pt,NCBIGene:3976,predicate:9,NCBIGene:2526,NCBIGene:1345,predicate:1,NCBIGene:28972,0.0
model_26.pt,NCBIGene:928,predicate:1,NCBIGene:29952,NCBIGene:1345,predicate:1,NCBIGene:28972,-6.233681678771973
model_26.pt,MONDO:0013171,predicate:13,MONDO:0001071,NCBIGene:1345,predicate:1,NCBIGene:28972,0.0
model_26.pt,NCBIGene:4634,predicate:1,NCBIGene:6445,NCBIGene:1345,predicate:1,NCBIGene:28972,30.801868438720703
model_26.pt,CHEBI:18293,predicate:12,HP:0001945,NCBIGene:1345,predicate:1,NCBIGene:28972,0.0
model_26.pt,UNII:5M691HL4BO,predicate:16,HP:0001288,NCBIGene:1345,predicate:1,NCBIGene:28972,0.0
model_26.pt,MONDO:0011122,predicate:10,NCBIGene:2673,NCBIGene:1345,predicate:1,NCBIGene:28972,0.0
model_26.pt,CHEBI:185383,predicate:5,NCBIGene:9514,NCBIGene:1345,predicate:1,NCBIGene:28972,0.0
model_26.pt,NCBIGene:4763,predicate:13,HP:0002857,NCBIGene:1345,predicate:1,NCBIGene:28972,0.0
model_26.pt,CHEBI:6121,predicate:7,NCBIGene:2335,NCBIGene:1345,predicate:1,NCBIGene:28972,0.0
model_26.pt,NCBIGene:4204,predicate:13,HP:0010864,NCBIGene:1345,predicate:1,NCBIGene:28972,0.0
model_26.pt,PUBCHEM.COMPOUND:5702107,predicate:23,NCBIGene:760,NCBIGene:1345,predicate:1,NCBIGene:28972,0.0
model_26.pt,NCBIGene:22976,predicate:9,NCBIGene:9519,NCBIGene:1345,predicate:1,NCBIGene:28972,0.0
model_26.pt,PUBCHEM.COMPOUND:9834864,predicate:14,NCBIGene:1137,NCBIGene:1345,predicate:1,NCBIGene:28972,0.0
model_26.pt,PUBCHEM.COMPOUND:44431492,predicate:10,NCBIGene:1815,NCBIGene:1345,predicate:1,NCBIGene:28972,0.0
model_26.pt,CHEBI:191001,predicate:18,NCBIGene:6422,NCBIGene:1345,predicate:1,NCBIGene:28972,0.0
model_26.pt,PUBCHEM.COMPOUND:25015107,predicate:0,NCBIGene:2260,NCBIGene:1345,predicate:1,NCBIGene:28972,0.0
model_26.pt,PUBCHEM.COMPOUND:131757266,predicate:5,NCBIGene:80168,NCBIGene:1345,predicate:1,NCBIGene:28972,0.0
model_26.pt,NCBIGene:23205,predicate:1,NCBIGene:11283,NCBIGene:1345,predicate:1,NCBIGene:28972,10.378923416137695
model_26.pt,NCBIGene:23054,predicate:1,NCBIGene:54617,NCBIGene:1345,predicate:1,NCBIGene:28972,-83.53997802734375
model_26.pt,NCBIGene:10008,predicate:3,NCBIGene:4751,NCBIGene:1345,predicate:1,NCBIGene:28972,0.0
model_26.pt,NCBIGene:27183,predicate:1,NCBIGene:4904,NCBIGene:1345,predicate:1,NCBIGene:28972,-4.609777450561523
model_26.pt,NCBIGene:5578,predicate:8,NCBIGene:85377,NCBIGene:1345,predicate:1,NCBIGene:28972,0.0
model_26.pt,NCBIGene:79165,predicate:1,NCBIGene:9704,NCBIGene:1345,predicate:1,NCBIGene:28972,-95.96173858642578
model_26.pt,NCBIGene:2170,predicate:9,NCBIGene:8611,NCBIGene:1345,predicate:1,NCBIGene:28972,0.0
model_26.pt,NCBIGene:91748,predicate:1,NCBIGene:59345,NCBIGene:1345,predicate:1,NCBIGene:28972,-3.0419392585754395
model_26.pt,PUBCHEM.COMPOUND:155512592,predicate:0,NCBIGene:142,NCBIGene:1345,predicate:1,NCBIGene:28972,0.0
model_26.pt,NCBIGene:5663,predicate:7,NCBIGene:7158,NCBIGene:1345,predicate:1,NCBIGene:28972,0.0
model_26.pt,NCBIGene:4140,predicate:21,NCBIGene:7534,NCBIGene:1345,predicate:1,NCBIGene:28972,0.0
model_26.pt,NCBIGene:2475,predicate:1,NCBIGene:23456,NCBIGene:1345,predicate:1,NCBIGene:28972,-13.207935333251953
model_26.pt,NCBIGene:3162,predicate:15,MONDO:0000831,NCBIGene:1345,predicate:1,NCBIGene:28972,0.0
model_26.pt,PUBCHEM.COMPOUND:10578760,predicate:0,NCBIGene:29580,NCBIGene:1345,predicate:1,NCBIGene:28972,0.0
model_26.pt,NCBIGene:56893,predicate:9,NCBIGene:7316,NCBIGene:1345,predicate:1,NCBIGene:28972,0.0
model_26.pt,CHEBI:93205,predicate:23,NCBIGene:8743,NCBIGene:1345,predicate:1,NCBIGene:28972,0.0
model_26.pt,NCBIGene:1147,predicate:1,NCBIGene:57162,NCBIGene:1345,predicate:1,NCBIGene:28972,6.950661659240723
model_26.pt,PUBCHEM.COMPOUND:137226420,predicate:0,NCBIGene:760,NCBIGene:1345,predicate:1,NCBIGene:28972,0.0
model_26.pt,MONDO:0010691,predicate:13,HP:0007957,NCBIGene:1345,predicate:1,NCBIGene:28972,0.0
model_26.pt,NCBIGene:51372,predicate:1,NCBIGene:6202,NCBIGene:1345,predicate:1,NCBIGene:28972,-37.81806182861328
model_26.pt,NCBIGene:25865,predicate:8,NCBIGene:23212,NCBIGene:1345,predicate:1,NCBIGene:28972,0.0
model_26.pt,PUBCHEM.COMPOUND:122196132,predicate:0,NCBIGene:7941,NCBIGene:1345,predicate:1,NCBIGene:28972,0.0
model_26.pt,NCBIGene:84283,predicate:1,NCBIGene:51458,NCBIGene:1345,predicate:1,NCBIGene:28972,-78.91959381103516
model_26.pt,NCBIGene:84365,predicate:1,NCBIGene:4236,NCBIGene:1345,predicate:1,NCBIGene:28972,7.769733428955078
model_26.pt,CHEBI:8499,predicate:16,MONDO:0001382,NCBIGene:1345,predicate:1,NCBIGene:28972,0.0
model_26.pt,NCBIGene:850551,predicate:3,NCBIGene:856863,NCBIGene:1345,predicate:1,NCBIGene:28972,0.0
model_26.pt,NCBIGene:181271,predicate:3,NCBIGene:190925,NCBIGene:1345,predicate:1,NCBIGene:28972,0.0
model_26.pt,NCBIGene:151056,predicate:4,PUBCHEM.COMPOUND:131761197,NCBIGene:1345,predicate:1,NCBIGene:28972,0.0
model_26.pt,CHEBI:18152,predicate:9,NCBIGene:54498,NCBIGene:1345,predicate:1,NCBIGene:28972,0.0
model_26.pt,NCBIGene:29949,predicate:15,MONDO:0005011,NCBIGene:1345,predicate:1,NCBIGene:28972,0.0
model_26.pt,NCBIGene:173731,predicate:19,CHEBI:31823,NCBIGene:1345,predicate:1,NCBIGene:28972,0.0
model_26.pt,PUBCHEM.COMPOUND:44176335,predicate:0,NCBIGene:331,NCBIGene:1345,predicate:1,NCBIGene:28972,0.0
model_26.pt,PUBCHEM.COMPOUND:49864838,predicate:10,NCBIGene:834,NCBIGene:1345,predicate:1,NCBIGene:28972,0.0
model_26.pt,NCBIGene:10221,predicate:8,NCBIGene:22908,NCBIGene:1345,predicate:1,NCBIGene:28972,0.0
model_26.pt,CHEBI:46345,predicate:7,NCBIGene:6581,NCBIGene:1345,predicate:1,NCBIGene:28972,0.0
model_26.pt,NCBIGene:375035,predicate:3,NCBIGene:80346,NCBIGene:1345,predicate:1,NCBIGene:28972,0.0
model_26.pt,MONDO:0012176,predicate:13,HP:0003028,NCBIGene:38726,predicate:37,CHEBI:5063,0.0
model_26.pt,CHEBI:6809,predicate:9,NCBIGene:8061,NCBIGene:38726,predicate:37,CHEBI:5063,0.0
model_26.pt,PUBCHEM.COMPOUND:1113514,predicate:0,NCBIGene:946552,NCBIGene:38726,predicate:37,CHEBI:5063,0.0
model_26.pt,PUBCHEM.COMPOUND:137636752,predicate:0,NCBIGene:3065,NCBIGene:38726,predicate:37,CHEBI:5063,0.0
model_26.pt,CHEBI:367163,predicate:16,MONDO:0015691,NCBIGene:38726,predicate:37,CHEBI:5063,0.0
model_26.pt,PUBCHEM.COMPOUND:130200977,predicate:10,NCBIGene:4988,NCBIGene:38726,predicate:37,CHEBI:5063,0.0
model_26.pt,NCBIGene:78987,predicate:3,NCBIGene:92255,NCBIGene:38726,predicate:37,CHEBI:5063,0.0
model_26.pt,NCBIGene:6352,predicate:36,NCBIGene:1234,NCBIGene:38726,predicate:37,CHEBI:5063,0.0
model_26.pt,CHEBI:6443,predicate:7,NCBIGene:8644,NCBIGene:38726,predicate:37,CHEBI:5063,0.0
model_26.pt,DRUGBANK:DB11158,predicate:12,MONDO:0005147,NCBIGene:38726,predicate:37,CHEBI:5063,0.0
model_26.pt,CHEBI:5000,predicate:12,MONDO:0001076,NCBIGene:38726,predicate:37,CHEBI:5063,0.0
model_26.pt,NCBIGene:8089,predicate:3,NCBIGene:26122,NCBIGene:38726,predicate:37,CHEBI:5063,0.0
model_26.pt,NCBIGene:10400,predicate:4,PUBCHEM.COMPOUND:52924335,NCBIGene:38726,predicate:37,CHEBI:5063,0.0
model_26.pt,NCBIGene:10618,predicate:3,NCBIGene:54887,NCBIGene:38726,predicate:37,CHEBI:5063,0.0
model_26.pt,NCBIGene:3308,predicate:15,MONDO:0005559,NCBIGene:38726,predicate:37,CHEBI:5063,0.0
model_26.pt,CHEBI:17351,predicate:7,NCBIGene:5315,NCBIGene:38726,predicate:37,CHEBI:5063,0.0
model_26.pt,CHEMBL.COMPOUND:CHEMBL4747062,predicate:0,NCBIGene:23028,NCBIGene:38726,predicate:37,CHEBI:5063,0.0
model_26.pt,CHEBI:16842,predicate:9,NCBIGene:3557,NCBIGene:38726,predicate:37,CHEBI:5063,0.0
model_26.pt,NCBIGene:4616,predicate:1,NCBIGene:2034,NCBIGene:38726,predicate:37,CHEBI:5063,0.0
model_26.pt,NCBIGene:10201,predicate:1,NCBIGene:6154,NCBIGene:38726,predicate:37,CHEBI:5063,0.0
model_26.pt,NCBIGene:794,predicate:6,NCBIGene:7135,NCBIGene:38726,predicate:37,CHEBI:5063,0.0
model_26.pt,NCBIGene:50834,predicate:1,NCBIGene:403277,NCBIGene:38726,predicate:37,CHEBI:5063,0.0
model_26.pt,CHEBI:3755,predicate:2,MONDO:0007263,NCBIGene:38726,predicate:37,CHEBI:5063,0.0
model_26.pt,PUBCHEM.COMPOUND:131762323,predicate:5,NCBIGene:5407,NCBIGene:38726,predicate:37,CHEBI:5063,0.0
model_26.pt,PUBCHEM.COMPOUND:54325967,predicate:0,NCBIGene:5468,NCBIGene:38726,predicate:37,CHEBI:5063,0.0
model_26.pt,CHEBI:64354,predicate:0,NCBIGene:6559,NCBIGene:38726,predicate:37,CHEBI:5063,0.0
model_26.pt,CHEBI:44423,predicate:7,NCBIGene:3162,NCBIGene:38726,predicate:37,CHEBI:5063,0.0
model_26.pt,NCBIGene:113174,predicate:10,NCBIGene:100528017,NCBIGene:38726,predicate:37,CHEBI:5063,0.0
model_26.pt,NCBIGene:4502,predicate:1,NCBIGene:10912,NCBIGene:38726,predicate:37,CHEBI:5063,0.0
model_26.pt,NCBIGene:5321,predicate:4,PUBCHEM.COMPOUND:53478731,NCBIGene:38726,predicate:37,CHEBI:5063,0.0
model_26.pt,CHEBI:3755,predicate:7,NCBIGene:2100,NCBIGene:38726,predicate:37,CHEBI:5063,0.0
model_26.pt,NCBIGene:51741,predicate:13,HP:0000253,NCBIGene:38726,predicate:37,CHEBI:5063,0.0
model_26.pt,CHEBI:156122,predicate:5,NCBIGene:23761,NCBIGene:38726,predicate:37,CHEBI:5063,0.0
model_26.pt,NCBIGene:245865,predicate:3,NCBIGene:194974,NCBIGene:38726,predicate:37,CHEBI:5063,0.0
model_26.pt,PUBCHEM.COMPOUND:127036977,predicate:0,NCBIGene:135,NCBIGene:38726,predicate:37,CHEBI:5063,0.0
model_26.pt,PUBCHEM.COMPOUND:44433263,predicate:0,NCBIGene:1576,NCBIGene:38726,predicate:37,CHEBI:5063,0.0
model_26.pt,CHEBI:16469,predicate:7,NCBIGene:10587,NCBIGene:38726,predicate:37,CHEBI:5063,0.0
model_26.pt,PUBCHEM.COMPOUND:44314087,predicate:0,NCBIGene:4313,NCBIGene:38726,predicate:37,CHEBI:5063,0.0
model_26.pt,PUBCHEM.COMPOUND:25093440,predicate:0,NCBIGene:1147,NCBIGene:38726,predicate:37,CHEBI:5063,0.0
model_26.pt,NCBIGene:20962,predicate:3,NCBIGene:219150,NCBIGene:38726,predicate:37,CHEBI:5063,0.0
model_26.pt,NCBIGene:23051,predicate:15,MONDO:0005068,NCBIGene:38726,predicate:37,CHEBI:5063,0.0
model_26.pt,NCBIGene:10565,predicate:6,NCBIGene:284369,NCBIGene:38726,predicate:37,CHEBI:5063,0.0
model_26.pt,PUBCHEM.COMPOUND:59268935,predicate:0,NCBIGene:1137,NCBIGene:38726,predicate:37,CHEBI:5063,0.0
model_26.pt,NCBIGene:5903,predicate:1,NCBIGene:402569,NCBIGene:38726,predicate:37,CHEBI:5063,0.0
model_26.pt,PUBCHEM.COMPOUND:57395067,predicate:0,NCBIGene:6531,NCBIGene:38726,predicate:37,CHEBI:5063,0.0
model_26.pt,NCBIGene:852585,predicate:3,NCBIGene:855469,NCBIGene:38726,predicate:37,CHEBI:5063,0.0
model_26.pt,NCBIGene:3976,predicate:9,NCBIGene:2526,NCBIGene:38726,predicate:37,CHEBI:5063,0.0
model_26.pt,NCBIGene:928,predicate:1,NCBIGene:29952,NCBIGene:38726,predicate:37,CHEBI:5063,0.0
model_26.pt,MONDO:0013171,predicate:13,MONDO:0001071,NCBIGene:38726,predicate:37,CHEBI:5063,0.0
model_26.pt,NCBIGene:4634,predicate:1,NCBIGene:6445,NCBIGene:38726,predicate:37,CHEBI:5063,0.0
model_26.pt,CHEBI:18293,predicate:12,HP:0001945,NCBIGene:38726,predicate:37,CHEBI:5063,0.0
model_26.pt,UNII:5M691HL4BO,predicate:16,HP:0001288,NCBIGene:38726,predicate:37,CHEBI:5063,0.0
model_26.pt,MONDO:0011122,predicate:10,NCBIGene:2673,NCBIGene:38726,predicate:37,CHEBI:5063,0.0
model_26.pt,CHEBI:185383,predicate:5,NCBIGene:9514,NCBIGene:38726,predicate:37,CHEBI:5063,0.0
model_26.pt,NCBIGene:4763,predicate:13,HP:0002857,NCBIGene:38726,predicate:37,CHEBI:5063,0.0
model_26.pt,CHEBI:6121,predicate:7,NCBIGene:2335,NCBIGene:38726,predicate:37,CHEBI:5063,0.0
model_26.pt,NCBIGene:4204,predicate:13,HP:0010864,NCBIGene:38726,predicate:37,CHEBI:5063,0.0
model_26.pt,PUBCHEM.COMPOUND:5702107,predicate:23,NCBIGene:760,NCBIGene:38726,predicate:37,CHEBI:5063,0.0
model_26.pt,NCBIGene:22976,predicate:9,NCBIGene:9519,NCBIGene:38726,predicate:37,CHEBI:5063,0.0
model_26.pt,PUBCHEM.COMPOUND:9834864,predicate:14,NCBIGene:1137,NCBIGene:38726,predicate:37,CHEBI:5063,0.0
model_26.pt,PUBCHEM.COMPOUND:44431492,predicate:10,NCBIGene:1815,NCBIGene:38726,predicate:37,CHEBI:5063,0.0
model_26.pt,CHEBI:191001,predicate:18,NCBIGene:6422,NCBIGene:38726,predicate:37,CHEBI:5063,0.0
model_26.pt,PUBCHEM.COMPOUND:25015107,predicate:0,NCBIGene:2260,NCBIGene:38726,predicate:37,CHEBI:5063,0.0
model_26.pt,PUBCHEM.COMPOUND:131757266,predicate:5,NCBIGene:80168,NCBIGene:38726,predicate:37,CHEBI:5063,0.0
model_26.pt,NCBIGene:23205,predicate:1,NCBIGene:11283,NCBIGene:38726,predicate:37,CHEBI:5063,0.0
model_26.pt,NCBIGene:23054,predicate:1,NCBIGene:54617,NCBIGene:38726,predicate:37,CHEBI:5063,0.0
model_26.pt,NCBIGene:10008,predicate:3,NCBIGene:4751,NCBIGene:38726,predicate:37,CHEBI:5063,0.0
model_26.pt,NCBIGene:27183,predicate:1,NCBIGene:4904,NCBIGene:38726,predicate:37,CHEBI:5063,0.0
model_26.pt,NCBIGene:5578,predicate:8,NCBIGene:85377,NCBIGene:38726,predicate:37,CHEBI:5063,0.0
model_26.pt,NCBIGene:79165,predicate:1,NCBIGene:9704,NCBIGene:38726,predicate:37,CHEBI:5063,0.0
model_26.pt,NCBIGene:2170,predicate:9,NCBIGene:8611,NCBIGene:38726,predicate:37,CHEBI:5063,0.0
model_26.pt,NCBIGene:91748,predicate:1,NCBIGene:59345,NCBIGene:38726,predicate:37,CHEBI:5063,0.0
model_26.pt,PUBCHEM.COMPOUND:155512592,predicate:0,NCBIGene:142,NCBIGene:38726,predicate:37,CHEBI:5063,0.0
model_26.pt,NCBIGene:5663,predicate:7,NCBIGene:7158,NCBIGene:38726,predicate:37,CHEBI:5063,0.0
model_26.pt,NCBIGene:4140,predicate:21,NCBIGene:7534,NCBIGene:38726,predicate:37,CHEBI:5063,0.0
model_26.pt,NCBIGene:2475,predicate:1,NCBIGene:23456,NCBIGene:38726,predicate:37,CHEBI:5063,0.0
model_26.pt,NCBIGene:3162,predicate:15,MONDO:0000831,NCBIGene:38726,predicate:37,CHEBI:5063,0.0
model_26.pt,PUBCHEM.COMPOUND:10578760,predicate:0,NCBIGene:29580,NCBIGene:38726,predicate:37,CHEBI:5063,0.0
model_26.pt,NCBIGene:56893,predicate:9,NCBIGene:7316,NCBIGene:38726,predicate:37,CHEBI:5063,0.0
model_26.pt,CHEBI:93205,predicate:23,NCBIGene:8743,NCBIGene:38726,predicate:37,CHEBI:5063,0.0
model_26.pt,NCBIGene:1147,predicate:1,NCBIGene:57162,NCBIGene:38726,predicate:37,CHEBI:5063,0.0
model_26.pt,PUBCHEM.COMPOUND:137226420,predicate:0,NCBIGene:760,NCBIGene:38726,predicate:37,CHEBI:5063,0.0
model_26.pt,MONDO:0010691,predicate:13,HP:0007957,NCBIGene:38726,predicate:37,CHEBI:5063,0.0
model_26.pt,NCBIGene:51372,predicate:1,NCBIGene:6202,NCBIGene:38726,predicate:37,CHEBI:5063,0.0
model_26.pt,NCBIGene:25865,predicate:8,NCBIGene:23212,NCBIGene:38726,predicate:37,CHEBI:5063,0.0
model_26.pt,PUBCHEM.COMPOUND:122196132,predicate:0,NCBIGene:7941,NCBIGene:38726,predicate:37,CHEBI:5063,0.0
model_26.pt,NCBIGene:84283,predicate:1,NCBIGene:51458,NCBIGene:38726,predicate:37,CHEBI:5063,0.0
model_26.pt,NCBIGene:84365,predicate:1,NCBIGene:4236,NCBIGene:38726,predicate:37,CHEBI:5063,0.0
model_26.pt,CHEBI:8499,predicate:16,MONDO:0001382,NCBIGene:38726,predicate:37,CHEBI:5063,0.0
model_26.pt,NCBIGene:850551,predicate:3,NCBIGene:856863,NCBIGene:38726,predicate:37,CHEBI:5063,0.0
model_26.pt,NCBIGene:181271,predicate:3,NCBIGene:190925,NCBIGene:38726,predicate:37,CHEBI:5063,0.0
model_26.pt,NCBIGene:151056,predicate:4,PUBCHEM.COMPOUND:131761197,NCBIGene:38726,predicate:37,CHEBI:5063,0.0
model_26.pt,CHEBI:18152,predicate:9,NCBIGene:54498,NCBIGene:38726,predicate:37,CHEBI:5063,0.0
model_26.pt,NCBIGene:29949,predicate:15,MONDO:0005011,NCBIGene:38726,predicate:37,CHEBI:5063,0.0
model_26.pt,NCBIGene:173731,predicate:19,CHEBI:31823,NCBIGene:38726,predicate:37,CHEBI:5063,0.0
model_26.pt,PUBCHEM.COMPOUND:44176335,predicate:0,NCBIGene:331,NCBIGene:38726,predicate:37,CHEBI:5063,0.0
model_26.pt,PUBCHEM.COMPOUND:49864838,predicate:10,NCBIGene:834,NCBIGene:38726,predicate:37,CHEBI:5063,0.0
model_26.pt,NCBIGene:10221,predicate:8,NCBIGene:22908,NCBIGene:38726,predicate:37,CHEBI:5063,0.0
model_26.pt,CHEBI:46345,predicate:7,NCBIGene:6581,NCBIGene:38726,predicate:37,CHEBI:5063,0.0
model_26.pt,NCBIGene:375035,predicate:3,NCBIGene:80346,NCBIGene:38726,predicate:37,CHEBI:5063,0.0
model_26.pt,MONDO:0012176,predicate:13,HP:0003028,CHEBI:16714,predicate:11,UMLS:C0233472,0.0
model_26.pt,CHEBI:6809,predicate:9,NCBIGene:8061,CHEBI:16714,predicate:11,UMLS:C0233472,0.0
model_26.pt,PUBCHEM.COMPOUND:1113514,predicate:0,NCBIGene:946552,CHEBI:16714,predicate:11,UMLS:C0233472,0.0
model_26.pt,PUBCHEM.COMPOUND:137636752,predicate:0,NCBIGene:3065,CHEBI:16714,predicate:11,UMLS:C0233472,0.0
model_26.pt,CHEBI:367163,predicate:16,MONDO:0015691,CHEBI:16714,predicate:11,UMLS:C0233472,0.0
model_26.pt,PUBCHEM.COMPOUND:130200977,predicate:10,NCBIGene:4988,CHEBI:16714,predicate:11,UMLS:C0233472,0.0
model_26.pt,NCBIGene:78987,predicate:3,NCBIGene:92255,CHEBI:16714,predicate:11,UMLS:C0233472,0.0
model_26.pt,NCBIGene:6352,predicate:36,NCBIGene:1234,CHEBI:16714,predicate:11,UMLS:C0233472,0.0
model_26.pt,CHEBI:6443,predicate:7,NCBIGene:8644,CHEBI:16714,predicate:11,UMLS:C0233472,0.0
model_26.pt,DRUGBANK:DB11158,predicate:12,MONDO:0005147,CHEBI:16714,predicate:11,UMLS:C0233472,0.0
model_26.pt,CHEBI:5000,predicate:12,MONDO:0001076,CHEBI:16714,predicate:11,UMLS:C0233472,0.0
model_26.pt,NCBIGene:8089,predicate:3,NCBIGene:26122,CHEBI:16714,predicate:11,UMLS:C0233472,0.0
model_26.pt,NCBIGene:10400,predicate:4,PUBCHEM.COMPOUND:52924335,CHEBI:16714,predicate:11,UMLS:C0233472,0.0
model_26.pt,NCBIGene:10618,predicate:3,NCBIGene:54887,CHEBI:16714,predicate:11,UMLS:C0233472,0.0
model_26.pt,NCBIGene:3308,predicate:15,MONDO:0005559,CHEBI:16714,predicate:11,UMLS:C0233472,0.0
model_26.pt,CHEBI:17351,predicate:7,NCBIGene:5315,CHEBI:16714,predicate:11,UMLS:C0233472,0.0
model_26.pt,CHEMBL.COMPOUND:CHEMBL4747062,predicate:0,NCBIGene:23028,CHEBI:16714,predicate:11,UMLS:C0233472,0.0
model_26.pt,CHEBI:16842,predicate:9,NCBIGene:3557,CHEBI:16714,predicate:11,UMLS:C0233472,0.0
model_26.pt,NCBIGene:4616,predicate:1,NCBIGene:2034,CHEBI:16714,predicate:11,UMLS:C0233472,0.0
model_26.pt,NCBIGene:10201,predicate:1,NCBIGene:6154,CHEBI:16714,predicate:11,UMLS:C0233472,0.0
model_26.pt,NCBIGene:794,predicate:6,NCBIGene:7135,CHEBI:16714,predicate:11,UMLS:C0233472,0.0
model_26.pt,NCBIGene:50834,predicate:1,NCBIGene:403277,CHEBI:16714,predicate:11,UMLS:C0233472,0.0
model_26.pt,CHEBI:3755,predicate:2,MONDO:0007263,CHEBI:16714,predicate:11,UMLS:C0233472,0.0
model_26.pt,PUBCHEM.COMPOUND:131762323,predicate:5,NCBIGene:5407,CHEBI:16714,predicate:11,UMLS:C0233472,0.0
model_26.pt,PUBCHEM.COMPOUND:54325967,predicate:0,NCBIGene:5468,CHEBI:16714,predicate:11,UMLS:C0233472,0.0
model_26.pt,CHEBI:64354,predicate:0,NCBIGene:6559,CHEBI:16714,predicate:11,UMLS:C0233472,0.0
model_26.pt,CHEBI:44423,predicate:7,NCBIGene:3162,CHEBI:16714,predicate:11,UMLS:C0233472,0.0
model_26.pt,NCBIGene:113174,predicate:10,NCBIGene:100528017,CHEBI:16714,predicate:11,UMLS:C0233472,0.0
model_26.pt,NCBIGene:4502,predicate:1,NCBIGene:10912,CHEBI:16714,predicate:11,UMLS:C0233472,0.0
model_26.pt,NCBIGene:5321,predicate:4,PUBCHEM.COMPOUND:53478731,CHEBI:16714,predicate:11,UMLS:C0233472,0.0
model_26.pt,CHEBI:3755,predicate:7,NCBIGene:2100,CHEBI:16714,predicate:11,UMLS:C0233472,0.0
model_26.pt,NCBIGene:51741,predicate:13,HP:0000253,CHEBI:16714,predicate:11,UMLS:C0233472,0.0
model_26.pt,CHEBI:156122,predicate:5,NCBIGene:23761,CHEBI:16714,predicate:11,UMLS:C0233472,0.0
model_26.pt,NCBIGene:245865,predicate:3,NCBIGene:194974,CHEBI:16714,predicate:11,UMLS:C0233472,0.0
model_26.pt,PUBCHEM.COMPOUND:127036977,predicate:0,NCBIGene:135,CHEBI:16714,predicate:11,UMLS:C0233472,0.0
model_26.pt,PUBCHEM.COMPOUND:44433263,predicate:0,NCBIGene:1576,CHEBI:16714,predicate:11,UMLS:C0233472,0.0
model_26.pt,CHEBI:16469,predicate:7,NCBIGene:10587,CHEBI:16714,predicate:11,UMLS:C0233472,0.0
model_26.pt,PUBCHEM.COMPOUND:44314087,predicate:0,NCBIGene:4313,CHEBI:16714,predicate:11,UMLS:C0233472,0.0
model_26.pt,PUBCHEM.COMPOUND:25093440,predicate:0,NCBIGene:1147,CHEBI:16714,predicate:11,UMLS:C0233472,0.0
model_26.pt,NCBIGene:20962,predicate:3,NCBIGene:219150,CHEBI:16714,predicate:11,UMLS:C0233472,0.0
model_26.pt,NCBIGene:23051,predicate:15,MONDO:0005068,CHEBI:16714,predicate:11,UMLS:C0233472,0.0
model_26.pt,NCBIGene:10565,predicate:6,NCBIGene:284369,CHEBI:16714,predicate:11,UMLS:C0233472,0.0
model_26.pt,PUBCHEM.COMPOUND:59268935,predicate:0,NCBIGene:1137,CHEBI:16714,predicate:11,UMLS:C0233472,0.0
model_26.pt,NCBIGene:5903,predicate:1,NCBIGene:402569,CHEBI:16714,predicate:11,UMLS:C0233472,0.0
model_26.pt,PUBCHEM.COMPOUND:57395067,predicate:0,NCBIGene:6531,CHEBI:16714,predicate:11,UMLS:C0233472,0.0
model_26.pt,NCBIGene:852585,predicate:3,NCBIGene:855469,CHEBI:16714,predicate:11,UMLS:C0233472,0.0
model_26.pt,NCBIGene:3976,predicate:9,NCBIGene:2526,CHEBI:16714,predicate:11,UMLS:C0233472,0.0
model_26.pt,NCBIGene:928,predicate:1,NCBIGene:29952,CHEBI:16714,predicate:11,UMLS:C0233472,0.0
model_26.pt,MONDO:0013171,predicate:13,MONDO:0001071,CHEBI:16714,predicate:11,UMLS:C0233472,0.0
model_26.pt,NCBIGene:4634,predicate:1,NCBIGene:6445,CHEBI:16714,predicate:11,UMLS:C0233472,0.0
model_26.pt,CHEBI:18293,predicate:12,HP:0001945,CHEBI:16714,predicate:11,UMLS:C0233472,0.0
model_26.pt,UNII:5M691HL4BO,predicate:16,HP:0001288,CHEBI:16714,predicate:11,UMLS:C0233472,0.0
model_26.pt,MONDO:0011122,predicate:10,NCBIGene:2673,CHEBI:16714,predicate:11,UMLS:C0233472,0.0
model_26.pt,CHEBI:185383,predicate:5,NCBIGene:9514,CHEBI:16714,predicate:11,UMLS:C0233472,0.0
model_26.pt,NCBIGene:4763,predicate:13,HP:0002857,CHEBI:16714,predicate:11,UMLS:C0233472,0.0
model_26.pt,CHEBI:6121,predicate:7,NCBIGene:2335,CHEBI:16714,predicate:11,UMLS:C0233472,0.0
model_26.pt,NCBIGene:4204,predicate:13,HP:0010864,CHEBI:16714,predicate:11,UMLS:C0233472,0.0
model_26.pt,PUBCHEM.COMPOUND:5702107,predicate:23,NCBIGene:760,CHEBI:16714,predicate:11,UMLS:C0233472,0.0
model_26.pt,NCBIGene:22976,predicate:9,NCBIGene:9519,CHEBI:16714,predicate:11,UMLS:C0233472,0.0
model_26.pt,PUBCHEM.COMPOUND:9834864,predicate:14,NCBIGene:1137,CHEBI:16714,predicate:11,UMLS:C0233472,0.0
model_26.pt,PUBCHEM.COMPOUND:44431492,predicate:10,NCBIGene:1815,CHEBI:16714,predicate:11,UMLS:C0233472,0.0
model_26.pt,CHEBI:191001,predicate:18,NCBIGene:6422,CHEBI:16714,predicate:11,UMLS:C0233472,0.0
model_26.pt,PUBCHEM.COMPOUND:25015107,predicate:0,NCBIGene:2260,CHEBI:16714,predicate:11,UMLS:C0233472,0.0
model_26.pt,PUBCHEM.COMPOUND:131757266,predicate:5,NCBIGene:80168,CHEBI:16714,predicate:11,UMLS:C0233472,0.0
model_26.pt,NCBIGene:23205,predicate:1,NCBIGene:11283,CHEBI:16714,predicate:11,UMLS:C0233472,0.0
model_26.pt,NCBIGene:23054,predicate:1,NCBIGene:54617,CHEBI:16714,predicate:11,UMLS:C0233472,0.0
model_26.pt,NCBIGene:10008,predicate:3,NCBIGene:4751,CHEBI:16714,predicate:11,UMLS:C0233472,0.0
model_26.pt,NCBIGene:27183,predicate:1,NCBIGene:4904,CHEBI:16714,predicate:11,UMLS:C0233472,0.0
model_26.pt,NCBIGene:5578,predicate:8,NCBIGene:85377,CHEBI:16714,predicate:11,UMLS:C0233472,0.0
model_26.pt,NCBIGene:79165,predicate:1,NCBIGene:9704,CHEBI:16714,predicate:11,UMLS:C0233472,0.0
model_26.pt,NCBIGene:2170,predicate:9,NCBIGene:8611,CHEBI:16714,predicate:11,UMLS:C0233472,0.0
model_26.pt,NCBIGene:91748,predicate:1,NCBIGene:59345,CHEBI:16714,predicate:11,UMLS:C0233472,0.0
model_26.pt,PUBCHEM.COMPOUND:155512592,predicate:0,NCBIGene:142,CHEBI:16714,predicate:11,UMLS:C0233472,0.0
model_26.pt,NCBIGene:5663,predicate:7,NCBIGene:7158,CHEBI:16714,predicate:11,UMLS:C0233472,0.0
model_26.pt,NCBIGene:4140,predicate:21,NCBIGene:7534,CHEBI:16714,predicate:11,UMLS:C0233472,0.0
model_26.pt,NCBIGene:2475,predicate:1,NCBIGene:23456,CHEBI:16714,predicate:11,UMLS:C0233472,0.0
model_26.pt,NCBIGene:3162,predicate:15,MONDO:0000831,CHEBI:16714,predicate:11,UMLS:C0233472,0.0
model_26.pt,PUBCHEM.COMPOUND:10578760,predicate:0,NCBIGene:29580,CHEBI:16714,predicate:11,UMLS:C0233472,0.0
model_26.pt,NCBIGene:56893,predicate:9,NCBIGene:7316,CHEBI:16714,predicate:11,UMLS:C0233472,0.0
model_26.pt,CHEBI:93205,predicate:23,NCBIGene:8743,CHEBI:16714,predicate:11,UMLS:C0233472,0.0
model_26.pt,NCBIGene:1147,predicate:1,NCBIGene:57162,CHEBI:16714,predicate:11,UMLS:C0233472,0.0
model_26.pt,PUBCHEM.COMPOUND:137226420,predicate:0,NCBIGene:760,CHEBI:16714,predicate:11,UMLS:C0233472,0.0
model_26.pt,MONDO:0010691,predicate:13,HP:0007957,CHEBI:16714,predicate:11,UMLS:C0233472,0.0
model_26.pt,NCBIGene:51372,predicate:1,NCBIGene:6202,CHEBI:16714,predicate:11,UMLS:C0233472,0.0
model_26.pt,NCBIGene:25865,predicate:8,NCBIGene:23212,CHEBI:16714,predicate:11,UMLS:C0233472,0.0
model_26.pt,PUBCHEM.COMPOUND:122196132,predicate:0,NCBIGene:7941,CHEBI:16714,predicate:11,UMLS:C0233472,0.0
model_26.pt,NCBIGene:84283,predicate:1,NCBIGene:51458,CHEBI:16714,predicate:11,UMLS:C0233472,0.0
model_26.pt,NCBIGene:84365,predicate:1,NCBIGene:4236,CHEBI:16714,predicate:11,UMLS:C0233472,0.0
model_26.pt,CHEBI:8499,predicate:16,MONDO:0001382,CHEBI:16714,predicate:11,UMLS:C0233472,0.0
model_26.pt,NCBIGene:850551,predicate:3,NCBIGene:856863,CHEBI:16714,predicate:11,UMLS:C0233472,0.0
model_26.pt,NCBIGene:181271,predicate:3,NCBIGene:190925,CHEBI:16714,predicate:11,UMLS:C0233472,0.0
model_26.pt,NCBIGene:151056,predicate:4,PUBCHEM.COMPOUND:131761197,CHEBI:16714,predicate:11,UMLS:C0233472,0.0
model_26.pt,CHEBI:18152,predicate:9,NCBIGene:54498,CHEBI:16714,predicate:11,UMLS:C0233472,0.0
model_26.pt,NCBIGene:29949,predicate:15,MONDO:0005011,CHEBI:16714,predicate:11,UMLS:C0233472,0.0
model_26.pt,NCBIGene:173731,predicate:19,CHEBI:31823,CHEBI:16714,predicate:11,UMLS:C0233472,0.0
model_26.pt,PUBCHEM.COMPOUND:44176335,predicate:0,NCBIGene:331,CHEBI:16714,predicate:11,UMLS:C0233472,0.0
model_26.pt,PUBCHEM.COMPOUND:49864838,predicate:10,NCBIGene:834,CHEBI:16714,predicate:11,UMLS:C0233472,0.0
model_26.pt,NCBIGene:10221,predicate:8,NCBIGene:22908,CHEBI:16714,predicate:11,UMLS:C0233472,0.0
model_26.pt,CHEBI:46345,predicate:7,NCBIGene:6581,CHEBI:16714,predicate:11,UMLS:C0233472,0.0
model_26.pt,NCBIGene:375035,predicate:3,NCBIGene:80346,CHEBI:16714,predicate:11,UMLS:C0233472,0.0
